core,group,op,workload,threads,n,ops_per_call,bytes_per_call,bytes_kind,ns_per_op_min,ns_per_op_p25,ns_per_op_median,ns_per_op_p75,ns_per_op_max,ns_per_op_mad,variation,cpu_ns_per_op_median,ops_per_s_median,bytes_per_s_median,entries_per_s_median,objects_per_s_median,max_rss_kib_max,item_bytes,items,content,entries,depth,width,shape,files,objects,workers,sweep,series
go,amberignore,amberignore.descend,8-subdirs,1,1,512,0,,5310.927734375,5310.927734375,5310.927734375,5310.927734375,5310.927734375,0.0,0.0,5255.859375,188291.01995259625,,,,637140.0,,,structured,512,1,,,,,1,,
go,amberignore,amberignore.ignored,mixed-names,1,1,1024,0,,205.8330078125,205.8330078125,205.8330078125,205.8330078125,205.8330078125,0.0,0.0,209.9609375,4858307.278446481,,,,637140.0,,,structured,1024,,,,,,1,,
go,amberignore,amberignore.ignored,nil-matcher,1,1,1024,0,,5.439453125,5.439453125,5.439453125,5.439453125,5.439453125,0.0,0.0,7.8125,183842010.77199283,,,,637140.0,,,structured,1024,,,,,,1,,
go,amberignore,amberignore.root,load-root,1,1,64,0,,7585.109375,7585.109375,7585.109375,7585.109375,7585.109375,0.0,0.0,7562.5,131837.25514834782,,,,637140.0,,,structured,64,,,,,,1,,
go,amberpack,amberpack.decode_payload,mixed-records/producer-go,1,1,64,1288865,encoded,16107.96875,16107.96875,16107.96875,16107.96875,16107.96875,0.0,0.0,16171.875,62081.074002580244,1250220678.8177435,,,637140.0,,64,structured,,,,,,64,1,,
go,amberpack,amberpack.decode_payload,mixed-records/producer-rust,1,1,64,1286787,encoded,14527.90625,14527.90625,14527.90625,14527.90625,14527.90625,0.0,0.0,14593.75,68833.04330243733,1383960395.1877098,,,637140.0,,64,structured,,,,,,64,1,,
go,amberpack,amberpack.encode_record,1MiB-duplicate,1,1,2,2097152,payload,603873.5,603873.5,603873.5,603873.5,603873.5,0.0,0.0,602000.0,1655.9759618529376,1736416650.175906,,,637140.0,1048576,2,duplicate,,,,,,,1,item_bytes,duplicate
go,amberpack,amberpack.encode_record,1MiB-random,1,1,1,1048576,payload,517950.0,517950.0,517950.0,517950.0,517950.0,0.0,0.0,518000.0,1930.6882903755188,2024473404.7688,,,637140.0,1048576,1,random,,,,,,,1,item_bytes,random
go,amberpack,amberpack.encode_record,1MiB-text,1,1,1,1048576,payload,3911182.0,3911182.0,3911182.0,3911182.0,3911182.0,0.0,0.0,3903000.0,255.67718403285758,268096958.92443767,,,637140.0,1048576,1,text,,,,,,,1,item_bytes,text
go,amberpack,amberpack.encode_record,4KiB-duplicate,1,1,256,1048576,payload,4002.375,4002.375,4002.375,4002.375,4002.375,0.0,0.0,3996.09375,249851.65058246665,1023392360.7857834,,,637140.0,4096,256,duplicate,,,,,,,1,item_bytes,duplicate
go,amberpack,amberpack.encode_record,4KiB-random,1,1,256,1048576,payload,9786.11328125,9786.11328125,9786.11328125,9786.11328125,9786.11328125,0.0,0.0,13593.75,102185.61458060988,418552277.32217807,,,637140.0,4096,256,random,,,,,,,1,item_bytes,random
go,amberpack,amberpack.encode_record,4KiB-text,1,1,256,1048576,payload,27117.38671875,27117.38671875,27117.38671875,27117.38671875,27117.38671875,0.0,0.0,28175.78125,36876.70977928569,151047003.25595418,,,637140.0,4096,256,text,,,,,,,1,item_bytes,text
go,amberpack,amberpack.encode_record,empty,1,1,800,0,payload,70.635,70.635,70.635,70.635,70.635,0.0,0.0,76.25,14157287.463721951,,,,637140.0,,800,empty,,,,,,,1,item_bytes,empty
go,amberpack,amberpack.encode_record,large-8MiB-duplicate,1,1,2,16777216,payload,14041824.0,14041824.0,14041824.0,14041824.0,14041824.0,0.0,0.0,14470500.0,71.21581925539019,597401591.1323202,,,637140.0,8388608,2,duplicate,,,,,,,1,item_bytes,duplicate
go,amberpack,amberpack.encode_record,large-8MiB-random,1,1,1,8388608,payload,6098109.0,6098109.0,6098109.0,6098109.0,6098109.0,0.0,0.0,7096000.0,163.985261660623,1375608077.8483953,,,637140.0,8388608,1,random,,,,,,,1,item_bytes,random
go,amberpack,amberpack.encode_record,large-8MiB-text,1,1,1,8388608,payload,26298307.0,26298307.0,26298307.0,26298307.0,26298307.0,0.0,0.0,27180000.0,38.02526147405611,318979012.60335886,,,637140.0,8388608,1,text,,,,,,,1,item_bytes,text
go,amberpack,amberpack.encode_record,tiny-64B-duplicate,1,1,16384,1048576,payload,503.26849365234375,503.26849365234375,503.26849365234375,503.26849365234375,503.26849365234375,0.0,0.0,566.7724609375,1987010.9347452947,127168699.82369886,,,637140.0,64,16384,duplicate,,,,,,,1,item_bytes,duplicate
go,amberpack,amberpack.encode_record,tiny-64B-random,1,1,16384,1048576,payload,562.8525390625,562.8525390625,562.8525390625,562.8525390625,562.8525390625,0.0,0.0,575.8056640625,1776664.2781173605,113706513.79951108,,,637140.0,64,16384,random,,,,,,,1,item_bytes,random
go,amberpack,amberpack.encode_record,tiny-64B-text,1,1,16384,1048576,payload,1152.1398315429688,1152.1398315429688,1152.1398315429688,1152.1398315429688,1152.1398315429688,0.0,0.0,1148.62060546875,867950.2024166458,55548812.95466533,,,637140.0,64,16384,text,,,,,,,1,item_bytes,text
go,amberpack,amberpack.parse_record,corrupt-crc/producer-go,1,1,256,0,,159.6015625,159.6015625,159.6015625,159.6015625,159.6015625,0.0,0.0,187.5,6265602.819521269,,,,637140.0,,256,structured,,,,,,,1,,
go,amberpack,amberpack.parse_record,corrupt-crc/producer-rust,1,1,256,0,,150.87109375,150.87109375,150.87109375,150.87109375,150.87109375,0.0,0.0,171.875,6628174.921678793,,,,637140.0,,256,structured,,,,,,,1,,
go,amberpack,amberpack.parse_record,mixed-records/producer-go,1,1,64,1288865,encoded,2208.75,2208.75,2208.75,2208.75,2208.75,0.0,0.0,2265.625,452744.7651386531,9117607526.88172,,,637140.0,,64,structured,,,,,,64,1,,
go,amberpack,amberpack.parse_record,mixed-records/producer-rust,1,1,64,1286787,encoded,2146.921875,2146.921875,2146.921875,2146.921875,2146.921875,0.0,0.0,2234.375,465783.13428382203,9365057531.494946,,,637140.0,,64,structured,,,,,,64,1,,
go,amberpack,amberpack.reader_all,mixed-objects/producer-go,1,1,64,1288865,encoded,17865.0625,17865.0625,17865.0625,17865.0625,17865.0625,0.0,0.0,17921.875,55975.17500988312,1127256936.5486407,,,637140.0,,64,structured,,,,,,64,1,,
go,amberpack,amberpack.reader_all,mixed-objects/producer-rust,1,1,64,1286787,encoded,17033.625,17033.625,17033.625,17033.625,17033.625,0.0,0.0,17000.0,58707.40960893527,1180373929.507078,,,637140.0,,64,structured,,,,,,64,1,,
go,amberpack,amberpack.reader_all,truncated-stream/producer-go,1,1,64,0,,968749.5,968749.5,968749.5,968749.5,968749.5,0.0,0.0,965078.125,1032.25859729476,,,,637140.0,644432,64,structured,,,,,,,1,,
go,amberpack,amberpack.reader_all,truncated-stream/producer-rust,1,1,64,0,,551543.125,551543.125,551543.125,551543.125,551543.125,0.0,0.0,549312.5,1813.0948509239417,,,,637140.0,643393,64,structured,,,,,,,1,,
go,amberpack,amberpack.reader_records,mixed-objects/producer-go,1,1,64,1288865,encoded,2595.28125,2595.28125,2595.28125,2595.28125,2595.28125,0.0,0.0,2609.375,385314.6937350239,7759665980.324868,,,637140.0,,64,structured,,,,,,64,1,,
go,amberpack,amberpack.reader_records,mixed-objects/producer-rust,1,1,64,1286787,encoded,1802.8125,1802.8125,1802.8125,1802.8125,1802.8125,0.0,0.0,1843.75,554688.8542208355,11152600104.00416,,,637140.0,,64,structured,,,,,,64,1,,
go,amberpack,amberpack.writer_add,mixed-objects,1,1,64,2170880,payload,92971.5,92971.5,92971.5,92971.5,92971.5,0.0,0.0,107687.5,10755.984360798739,364842989.51829326,,,637140.0,,64,structured,,,,,,64,1,,
go,amberpack,amberpack.writer_add_record,pre-encoded-records/producer-go,1,1,64,1288865,encoded,147.46875,147.46875,147.46875,147.46875,147.46875,0.0,0.0,203.125,6781097.690188599,136561241788.51451,,,637140.0,,64,structured,,,,,,64,1,,
go,amberpack,amberpack.writer_add_record,pre-encoded-records/producer-rust,1,1,64,1286787,encoded,141.984375,141.984375,141.984375,141.984375,141.984375,0.0,0.0,218.75,7043028.50225597,141607461208.31958,,,637140.0,,64,structured,,,,,,64,1,,
go,cbor,cbor.decode_xattrs,xattrs-3,1,1,64,4544,encoded,645.765625,645.765625,645.765625,645.765625,645.765625,0.0,0.0,468.75,1548549.4446998476,109947010.57368918,,,637140.0,71,64,structured,3,,,,,,1,,
go,cbor,cbor.decode_xattrs,xattrs-64,1,1,64,282752,encoded,9378.703125,9378.703125,9378.703125,9378.703125,9378.703125,0.0,0.0,9484.375,106624.54996942874,471067261.7649362,,,637140.0,4418,64,structured,64,,,,,,1,,
go,cbor,cbor.encode_xattrs,xattrs-3,1,1,64,4544,encoded,486.234375,486.234375,486.234375,486.234375,486.234375,0.0,0.0,531.25,2056621.3567274013,146020116.32764548,,,637140.0,71,64,structured,3,,,,,,1,,
go,cbor,cbor.encode_xattrs,xattrs-64,1,1,64,282752,encoded,25733.6875,25733.6875,25733.6875,25733.6875,25733.6875,0.0,0.0,26734.375,38859.568804509654,171681574.97832364,,,637140.0,4418,64,structured,64,,,,,,1,,
go,chunkers,chunkers.item_chunker,is_boundary/bits-7,1,1,200,0,,78.55,78.55,78.55,78.55,78.55,0.0,0.0,95.0,12730744.748567792,,,,637140.0,32,200,structured,,,,,,,1,,
go,chunkers,chunkers.new_item_chunker,bits-4..12,1,1,2304,0,,13.101996527777779,13.101996527777779,13.101996527777779,13.101996527777779,13.101996527777779,0.0,0.0,15.625,76324245.53615795,,,,637140.0,,2304,structured,,,,,,,1,,
go,chunkers,chunkers.split_bytes,compressible/4-16-64KiB,1,1,64,4194304,payload,54192.109375,54192.109375,54192.109375,54192.109375,54192.109375,0.0,0.0,54171.875,18452.870935142484,1209327349.6054978,,,637140.0,4194304,1,text,64,,,,,,1,,
go,chunkers,chunkers.split_bytes,compressible/default-sizes,1,1,4,4194304,payload,1337585.0,1337585.0,1337585.0,1337585.0,1337585.0,0.0,0.0,1333500.0,747.6160393545083,783932236.0821929,,,637140.0,4194304,1,text,4,,,,,,1,,
go,chunkers,chunkers.split_bytes,random/default-sizes,1,1,54,4194304,payload,51397.444444444445,51397.444444444445,51397.444444444445,51397.444444444445,51397.444444444445,0.0,0.0,51370.37037037037,19456.220261707782,1511209304.9733703,,,637140.0,4194304,1,random,54,,,,,,1,,
go,chunkers,chunkers.split_bytes,tiny-64KiB/default-sizes,1,1,1,65536,payload,50727.0,50727.0,50727.0,50727.0,50727.0,0.0,0.0,54000.0,19713.367634593018,1291935261.300688,,,637140.0,65536,1,text,1,,,,,,1,,
go,fstree,fstree.check_complete,incomplete/jobs-1,1,1,1,0,,52320.0,52320.0,52320.0,52320.0,52320.0,0.0,0.0,71000.0,19113.149847094803,,,19113.149847094803,637140.0,,,structured,16,,,wide,,,1,,
go,fstree,fstree.check_complete,widest/jobs-1,1,1,40257,0,,794.2471868246516,794.2471868246516,794.2471868246516,794.2471868246516,794.2471868246516,0.0,0.0,826.7133666194699,1259053.8771662947,,,1259053.8771662947,637140.0,,,structured,40000,,40000,wide,,40257,1,,
go,fstree,fstree.check_complete,widest/jobs-N,4,1,40257,0,,448.15197356981395,448.15197356981395,448.15197356981395,448.15197356981395,448.15197356981395,0.0,0.0,842.5367016916313,2231385.911422787,,,2231385.911422787,637140.0,,,structured,40000,,40000,wide,,40257,4,,
go,fstree,fstree.check_complete,width-16/jobs-1,1,1,17,0,,1898.9411764705883,1898.9411764705883,1898.9411764705883,1898.9411764705883,1898.9411764705883,0.0,0.0,2588.235294117647,526609.2559320984,,,526609.2559320984,637140.0,,,structured,16,,16,wide,,17,1,width,plain
go,fstree,fstree.check_complete,width-256/jobs-1,1,1,259,0,,762.4980694980695,762.4980694980695,762.4980694980695,762.4980694980695,762.4980694980695,0.0,0.0,826.2548262548263,1311478.7302455353,,,1311478.7302455353,637140.0,,,structured,256,,256,wide,,259,1,width,plain
go,fstree,fstree.check_complete,width-40000/jobs-1,1,1,40257,0,,740.9867600665723,740.9867600665723,740.9867600665723,740.9867600665723,740.9867600665723,0.0,0.0,769.8536900414834,1349551.7786446782,,,1349551.7786446782,637140.0,,,structured,40000,,40000,wide,,40257,1,width,plain
go,fstree,fstree.check_complete,width-4096/jobs-1,1,1,4122,0,,662.8794274623968,662.8794274623968,662.8794274623968,662.8794274623968,662.8794274623968,0.0,0.0,692.8675400291121,1508569.9730162872,,,1508569.9730162872,637140.0,,,structured,4096,,4096,wide,,4122,1,width,plain
go,fstree,fstree.child_keys,dir-leaf-128,1,1,64,0,,47398.515625,47398.515625,47398.515625,47398.515625,47398.515625,0.0,0.0,47375.0,21097.70710778456,,,,637140.0,,64,structured,128,,,,,,1,,
go,fstree,fstree.child_keys,dir-node-128,1,1,64,0,,21532.859375,21532.859375,21532.859375,21532.859375,21532.859375,0.0,0.0,23906.25,46440.650662541186,,,,637140.0,,64,structured,128,,,,,,1,,
go,fstree,fstree.child_keys,file-node-1024,1,1,64,0,,86016.65625,86016.65625,86016.65625,86016.65625,86016.65625,0.0,0.0,85953.125,11625.655350907691,,,,637140.0,,64,structured,1024,,,,,,1,,
go,fstree,fstree.collect_entries,width-16,1,1,16,0,,679.4375,679.4375,679.4375,679.4375,679.4375,0.0,0.0,875.0,1471805.7216447429,,1471805.7216447429,,637140.0,,,structured,16,1,16,wide,,17,1,width,plain
go,fstree,fstree.collect_entries,width-256,1,1,256,0,,392.078125,392.078125,392.078125,392.078125,392.078125,0.0,0.0,402.34375,2550512.0950065753,,2550512.0950065753,,637140.0,,,structured,256,1,256,wide,,259,1,width,plain
go,fstree,fstree.collect_entries,width-40000,1,1,40000,0,,633.165775,633.165775,633.165775,633.165775,633.165775,0.0,0.0,631.275,1579365.2144258744,,1579365.2144258744,,637140.0,,,structured,40000,1,40000,wide,,40257,1,width,plain
go,fstree,fstree.collect_entries,width-4096,1,1,4096,0,,367.440185546875,367.440185546875,367.440185546875,367.440185546875,367.440185546875,0.0,0.0,367.67578125,2721531.392957639,,2721531.392957639,,637140.0,,,structured,4096,1,4096,wide,,4122,1,width,plain
go,fstree,fstree.decode_dir_leaf,entries-1024,1,1,65536,4849856,encoded,365.75697326660156,365.75697326660156,365.75697326660156,365.75697326660156,365.75697326660156,0.0,0.0,378.41796875,2734055.8706753524,202328144.3592847,2734055.8706753524,,637140.0,75779,64,structured,1024,,,leaf,,,1,entries,plain
go,fstree,fstree.decode_dir_leaf,entries-128,1,1,8192,606336,encoded,361.43505859375,361.43505859375,361.43505859375,361.43505859375,361.43505859375,0.0,0.0,360.9619140625,2766748.759488746,204782638.6515342,2766748.759488746,,637140.0,9474,64,structured,128,,,leaf,,,1,entries,plain
go,fstree,fstree.decode_dir_leaf,entries-128-partial-change,1,1,8192,680064,encoded,383.3568115234375,383.3568115234375,383.3568115234375,383.3568115234375,383.3568115234375,0.0,0.0,444.7021484375,2608535.8859962826,216549236.91091016,2608535.8859962826,,637140.0,10626,64,partial-change,128,,,leaf,,,1,entries,partial-change
go,fstree,fstree.decode_dir_leaf,entries-128-with-xattrs,1,1,8192,680064,encoded,369.587890625,369.587890625,369.587890625,369.587890625,369.587890625,0.0,0.0,368.7744140625,2705716.354258597,224616734.22149882,2705716.354258597,,637140.0,10626,64,structured,128,,,leaf,,,1,entries,with-xattrs
go,fstree,fstree.decode_dir_leaf,entries-8,1,1,512,37952,encoded,375.58203125,375.58203125,375.58203125,375.58203125,375.58203125,0.0,0.0,380.859375,2662534.191723263,197360346.96148685,2662534.191723263,,637140.0,593,64,structured,8,,,leaf,,,1,entries,plain
go,fstree,fstree.decode_dir_node,pairs-1024,1,1,65536,3276992,encoded,175.43032836914062,175.43032836914062,175.43032836914062,175.43032836914062,175.43032836914062,0.0,0.0,182.2662353515625,5700268.643947353,285030132.20316046,5700268.643947353,,637140.0,51203,64,structured,1024,,,index,,,1,entries,plain
go,fstree,fstree.decode_dir_node,pairs-128,1,1,8192,409728,encoded,168.0040283203125,168.0040283203125,168.0040283203125,168.0040283203125,168.0040283203125,0.0,0.0,168.701171875,5952238.229034745,297704915.1740659,5952238.229034745,,637140.0,6402,64,structured,128,,,index,,,1,entries,plain
go,fstree,fstree.decode_dir_node,pairs-8,1,1,512,25664,encoded,189.150390625,189.150390625,189.150390625,189.150390625,189.150390625,0.0,0.0,195.3125,5286798.492436367,265000774.4333729,5286798.492436367,,637140.0,401,64,structured,8,,,index,,,1,entries,plain
go,fstree,fstree.decode_file_node,children-1024,1,1,65536,2228416,encoded,86.24400329589844,86.24400329589844,86.24400329589844,86.24400329589844,86.24400329589844,0.0,0.0,86.029052734375,11595009.064793235,394264277.9560895,11595009.064793235,,637140.0,34819,64,structured,1024,,,file-index,,,1,entries,plain
go,fstree,fstree.decode_file_node,children-128,1,1,8192,278656,encoded,88.74853515625,88.74853515625,88.74853515625,88.74853515625,88.74853515625,0.0,0.0,89.599609375,11267791.611877397,383280974.0477671,11267791.611877397,,637140.0,4354,64,structured,128,,,file-index,,,1,entries,plain
go,fstree,fstree.decode_file_node,children-65536,1,1,4194304,142606656,encoded,99.9363420009613,99.9363420009613,99.9363420009613,99.9363420009613,99.9363420009613,0.0,0.0,101.27997398376465,10006369.854825994,340217338.4895183,10006369.854825994,,637140.0,2228229,64,structured,65536,,,file-index,,,1,entries,plain
go,fstree,fstree.decode_file_node,children-8,1,1,512,17472,encoded,110.583984375,110.583984375,110.583984375,110.583984375,110.583984375,0.0,0.0,117.1875,9042900.793020012,308588989.5618079,9042900.793020012,,637140.0,273,64,structured,8,,,file-index,,,1,entries,plain
go,fstree,fstree.dir_builder,entries-16,1,1,16,0,,2263.6875,2263.6875,2263.6875,2263.6875,2263.6875,0.0,0.0,2625.0,441757.08882078464,,441757.08882078464,,637140.0,,,structured,16,1,16,wide,,,1,entries,plain
go,fstree,fstree.dir_builder,entries-256,1,1,256,0,,592.265625,592.265625,592.265625,592.265625,592.265625,0.0,0.0,589.84375,1688431.6053291121,,1688431.6053291121,,637140.0,,,structured,256,1,256,wide,,,1,entries,plain
go,fstree,fstree.dir_builder,entries-40000,1,1,40000,0,,507.1771,507.1771,507.1771,507.1771,507.1771,0.0,0.0,530.675,1971697.8546547154,,1971697.8546547154,,637140.0,,,structured,40000,1,40000,wide,,,1,entries,plain
go,fstree,fstree.dir_builder,entries-4096,1,1,4096,0,,485.11865234375,485.11865234375,485.11865234375,485.11865234375,485.11865234375,0.0,0.0,484.130859375,2061351.372841897,,2061351.372841897,,637140.0,,,structured,4096,1,4096,wide,,,1,entries,plain
go,fstree,fstree.encode_blob,1MiB-duplicate,1,1,2,2097152,payload,218302.0,218302.0,218302.0,218302.0,218302.0,0.0,0.0,219000.0,4580.810070452859,4803327500.435177,,,637140.0,1048576,2,duplicate,,,,,,,1,item_bytes,duplicate
go,fstree,fstree.encode_blob,1MiB-random,1,1,1,1048576,payload,246140.0,246140.0,246140.0,246140.0,246140.0,0.0,0.0,249000.0,4062.728528479727,4260079629.4791584,,,637140.0,1048576,1,random,,,,,,,1,item_bytes,random
go,fstree,fstree.encode_blob,1MiB-text,1,1,1,1048576,payload,262411.0,262411.0,262411.0,262411.0,262411.0,0.0,0.0,348000.0,3810.8158575669463,3995930048.6641183,,,637140.0,1048576,1,text,,,,,,,1,item_bytes,text
go,fstree,fstree.encode_blob,4KiB-duplicate,1,1,256,1048576,payload,1826.96875,1826.96875,1826.96875,1826.96875,1826.96875,0.0,0.0,1843.75,547354.737184202,2241965003.506491,,,637140.0,4096,256,duplicate,,,,,,,1,item_bytes,duplicate
go,fstree,fstree.encode_blob,4KiB-random,1,1,256,1048576,payload,1959.25,1959.25,1959.25,1959.25,1959.25,0.0,0.0,1972.65625,510399.387520735,2090595891.2849305,,,637140.0,4096,256,random,,,,,,,1,item_bytes,random
go,fstree,fstree.encode_blob,4KiB-text,1,1,256,1048576,payload,2129.76953125,2129.76953125,2129.76953125,2129.76953125,2129.76953125,0.0,0.0,2183.59375,469534.3723004066,1923212788.9424655,,,637140.0,4096,256,text,,,,,,,1,item_bytes,text
go,fstree,fstree.encode_blob,empty,1,1,800,0,payload,126.10375,126.10375,126.10375,126.10375,126.10375,0.0,0.0,135.0,7929978.291684426,,,,637140.0,,800,empty,,,,,,,1,item_bytes,empty
go,fstree,fstree.encode_blob,large-8MiB-duplicate,1,1,2,16777216,payload,1754837.5,1754837.5,1754837.5,1754837.5,1754837.5,0.0,0.0,2230500.0,569.8533339981623,4780276236.403656,,,637140.0,8388608,2,duplicate,,,,,,,1,item_bytes,duplicate
go,fstree,fstree.encode_blob,large-8MiB-random,1,1,1,8388608,payload,1922553.0,1922553.0,1922553.0,1922553.0,1922553.0,0.0,0.0,1921000.0,520.1417074067659,4363264887.886056,,,637140.0,8388608,1,random,,,,,,,1,item_bytes,random
go,fstree,fstree.encode_blob,large-8MiB-text,1,1,1,8388608,payload,1929526.0,1929526.0,1929526.0,1929526.0,1929526.0,0.0,0.0,1926000.0,518.2619980243852,4347496742.723342,,,637140.0,8388608,1,text,,,,,,,1,item_bytes,text
go,fstree,fstree.encode_blob,tiny-64B-duplicate,1,1,16384,1048576,payload,135.9921875,135.9921875,135.9921875,135.9921875,135.9921875,0.0,0.0,134.6435546875,7353363.589360602,470615269.71907854,,,637140.0,64,16384,duplicate,,,,,,,1,item_bytes,duplicate
go,fstree,fstree.encode_blob,tiny-64B-random,1,1,16384,1048576,payload,135.6522216796875,135.6522216796875,135.6522216796875,135.6522216796875,135.6522216796875,0.0,0.0,135.68115234375,7371792.275995871,471794705.66373575,,,637140.0,64,16384,random,,,,,,,1,item_bytes,random
go,fstree,fstree.encode_blob,tiny-64B-text,1,1,16384,1048576,payload,137.24578857421875,137.24578857421875,137.24578857421875,137.24578857421875,137.24578857421875,0.0,0.0,136.8408203125,7286198.071274351,466316676.5615585,,,637140.0,64,16384,text,,,,,,,1,item_bytes,text
go,fstree,fstree.encode_dir_leaf,entries-1024,1,1,65536,4849856,encoded,159.49490356445312,159.49490356445312,159.49490356445312,159.49490356445312,159.49490356445312,0.0,0.0,158.99658203125,6269792.812507594,463983036.6591923,6269792.812507594,,637140.0,75779,64,structured,1024,,,leaf,,,1,entries,plain
go,fstree,fstree.encode_dir_leaf,entries-128,1,1,8192,606336,encoded,164.9281005859375,164.9281005859375,164.9281005859375,164.9281005859375,164.9281005859375,0.0,0.0,164.6728515625,6063248.1453876905,448775101.01096076,6063248.1453876905,,637140.0,9474,64,structured,128,,,leaf,,,1,entries,plain
go,fstree,fstree.encode_dir_leaf,entries-128-partial-change,1,1,8192,680064,encoded,177.0838623046875,177.0838623046875,177.0838623046875,177.0838623046875,177.0838623046875,0.0,0.0,177.490234375,5647041.9550676895,468792717.3011662,5647041.9550676895,,637140.0,10626,64,partial-change,128,,,leaf,,,1,entries,partial-change
go,fstree,fstree.encode_dir_leaf,entries-128-with-xattrs,1,1,8192,680064,encoded,174.5277099609375,174.5277099609375,174.5277099609375,174.5277099609375,174.5277099609375,0.0,0.0,174.6826171875,5729749.162604714,475658707.8268569,5729749.162604714,,637140.0,10626,64,structured,128,,,leaf,,,1,entries,with-xattrs
go,fstree,fstree.encode_dir_leaf,entries-8,1,1,512,37952,encoded,248.873046875,248.873046875,248.873046875,248.873046875,248.873046875,0.0,0.0,265.625,4018112.899555025,297842618.67951626,4018112.899555025,,637140.0,593,64,structured,8,,,leaf,,,1,entries,plain
go,fstree,fstree.encode_dir_node,pairs-1024,1,1,65536,3276992,encoded,67.61665344238281,67.61665344238281,67.61665344238281,67.61665344238281,67.61665344238281,0.0,0.0,67.8863525390625,14789256.035158785,739506129.6564797,14789256.035158785,,637140.0,51203,64,structured,1024,,,index,,,1,entries,plain
go,fstree,fstree.encode_dir_node,pairs-128,1,1,8192,409728,encoded,71.277587890625,71.277587890625,71.277587890625,71.277587890625,71.277587890625,0.0,0.0,72.021484375,14029655.458241567,701701986.2786133,14029655.458241567,,637140.0,6402,64,structured,128,,,index,,,1,entries,plain
go,fstree,fstree.encode_dir_node,pairs-8,1,1,512,25664,encoded,136.70703125,136.70703125,136.70703125,136.70703125,136.70703125,0.0,0.0,140.625,7314912.70680344,366659999.42852247,7314912.70680344,,637140.0,401,64,structured,8,,,index,,,1,entries,plain
go,fstree,fstree.encode_file_node,children-1024,1,1,65536,2228416,encoded,39.01741027832031,39.01741027832031,39.01741027832031,39.01741027832031,39.01741027832031,0.0,0.0,38.75732421875,25629584.148890615,871480947.7345921,25629584.148890615,,637140.0,34819,64,structured,1024,,,file-index,,,1,entries,plain
go,fstree,fstree.encode_file_node,children-128,1,1,8192,278656,encoded,59.02392578125,59.02392578125,59.02392578125,59.02392578125,59.02392578125,0.0,0.0,59.6923828125,16942282.0790695,576302313.8458484,16942282.0790695,,637140.0,4354,64,structured,128,,,file-index,,,1,entries,plain
go,fstree,fstree.encode_file_node,children-65536,1,1,4194304,142606656,encoded,54.562743186950684,54.562743186950684,54.562743186950684,54.562743186950684,54.562743186950684,0.0,0.0,57.828664779663086,18327524.270062026,623137223.4612432,18327524.270062026,,637140.0,2228229,64,structured,65536,,,file-index,,,1,entries,plain
go,fstree,fstree.encode_file_node,children-8,1,1,512,17472,encoded,117.626953125,117.626953125,117.626953125,117.626953125,117.626953125,0.0,0.0,121.09375,8501452.885014528,290112079.7011208,8501452.885014528,,637140.0,273,64,structured,8,,,file-index,,,1,entries,plain
go,fstree,fstree.encode_xattr_set,xattrs-64,1,1,4096,0,,488.843994140625,488.843994140625,488.843994140625,488.843994140625,488.843994140625,0.0,0.0,487.3046875,2045642.3971372992,,,,637140.0,,64,structured,64,,,,,,1,,
go,fstree,fstree.index_builder_file,children-1024,1,1,1024,0,,136.6083984375,136.6083984375,136.6083984375,136.6083984375,136.6083984375,0.0,0.0,139.6484375,7320194.156712203,,7320194.156712203,,637140.0,,,structured,1024,,1024,file-index,,,1,entries,plain
go,fstree,fstree.index_builder_file,children-128,1,1,128,0,,220.890625,220.890625,220.890625,220.890625,220.890625,0.0,0.0,265.625,4527127.3961943835,,4527127.3961943835,,637140.0,,,structured,128,,128,file-index,,,1,entries,plain
go,fstree,fstree.index_builder_file,children-65536,1,1,65536,0,,128.35935974121094,128.35935974121094,128.35935974121094,128.35935974121094,128.35935974121094,0.0,0.0,127.8076171875,7790627.828123553,,7790627.828123553,,637140.0,,,structured,65536,,65536,file-index,,,1,entries,plain
go,fstree,fstree.index_builder_file,children-8,1,1,8,0,,1325.125,1325.125,1325.125,1325.125,1325.125,0.0,0.0,1750.0,754645.788133195,,754645.788133195,,637140.0,,,structured,8,,8,file-index,,,1,entries,plain
go,fstree,fstree.list_entries,widest/first-page-100,1,1,6400,0,,1385.5953125,1385.5953125,1385.5953125,1385.5953125,1385.5953125,0.0,0.0,1529.84375,721711.4484861539,,721711.4484861539,,637140.0,,64,structured,40000,1,40000,wide,,,1,,
go,fstree,fstree.list_entries,width-16/full-paging-100,1,1,16,0,,617.4375,617.4375,617.4375,617.4375,617.4375,0.0,0.0,750.0,1619597.1252151027,,1619597.1252151027,,637140.0,,,structured,16,1,16,wide,,17,1,width,plain
go,fstree,fstree.list_entries,width-256/full-paging-100,1,1,256,0,,692.4140625,692.4140625,692.4140625,692.4140625,692.4140625,0.0,0.0,707.03125,1444222.5456678965,,1444222.5456678965,,637140.0,,,structured,256,1,256,wide,,259,1,width,plain
go,fstree,fstree.list_entries,width-40000/full-paging-100,1,1,40000,0,,1357.1345,1357.1345,1357.1345,1357.1345,1357.1345,0.0,0.0,1384.0,736846.6426872207,,736846.6426872207,,637140.0,,,structured,40000,1,40000,wide,,40257,1,width,plain
go,fstree,fstree.list_entries,width-4096/full-paging-100,1,1,4096,0,,1150.708984375,1150.708984375,1150.708984375,1150.708984375,1150.708984375,0.0,0.0,1146.240234375,869029.4536486507,,869029.4536486507,,637140.0,,,structured,4096,1,4096,wide,,4122,1,width,plain
go,fstree,fstree.lookup_entry,width-16/hit,1,1,200,0,,5150.49,5150.49,5150.49,5150.49,5150.49,0.0,0.0,5140.0,194156.28415937125,,,,637140.0,,,structured,16,1,16,wide,,17,1,width,hit
go,fstree,fstree.lookup_entry,width-16/miss,1,1,200,0,,5566.935,5566.935,5566.935,5566.935,5566.935,0.0,0.0,5510.0,179632.05965221438,,,,637140.0,,,structured,16,1,16,wide,,17,1,width,miss
go,fstree,fstree.lookup_entry,width-256/hit,1,1,200,0,,40845.925,40845.925,40845.925,40845.925,40845.925,0.0,0.0,40700.0,24482.246393000038,,,,637140.0,,,structured,256,1,256,wide,,259,1,width,hit
go,fstree,fstree.lookup_entry,width-256/miss,1,1,200,0,,711.36,711.36,711.36,711.36,711.36,0.0,0.0,730.0,1405757.9847053532,,,,637140.0,,,structured,256,1,256,wide,,259,1,width,miss
go,fstree,fstree.lookup_entry,width-40000/hit,1,1,200,0,,103641.935,103641.935,103641.935,103641.935,103641.935,0.0,0.0,108015.0,9648.604109909758,,,,637140.0,,,structured,40000,1,40000,wide,,40257,1,width,hit
go,fstree,fstree.lookup_entry,width-40000/miss,1,1,200,0,,736.105,736.105,736.105,736.105,736.105,0.0,0.0,740.0,1358501.8441662535,,,,637140.0,,,structured,40000,1,40000,wide,,40257,1,width,miss
go,fstree,fstree.lookup_entry,width-4096/hit,1,1,200,0,,88838.005,88838.005,88838.005,88838.005,88838.005,0.0,0.0,88885.0,11256.443680832319,,,,637140.0,,,structured,4096,1,4096,wide,,4122,1,width,hit
go,fstree,fstree.lookup_entry,width-4096/miss,1,1,200,0,,3735.99,3735.99,3735.99,3735.99,3735.99,0.0,0.0,3740.0,267666.66934333334,,,,637140.0,,,structured,4096,1,4096,wide,,4122,1,width,miss
go,fstree,fstree.reachable_keys,deep,0,1,24,0,,5855.791666666667,5855.791666666667,5855.791666666667,5855.791666666667,5855.791666666667,0.0,0.0,7375.0,170771.10268324096,,,170771.10268324096,637140.0,,,structured,,24,,deep,,,,,
go,fstree,fstree.reachable_keys,file-corpus,0,1,4,0,,3872.5,3872.5,3872.5,3872.5,3872.5,0.0,0.0,5000.0,258231.11684958037,,,258231.11684958037,637140.0,,,text,4,,,file-index,,,,,
go,fstree,fstree.reachable_keys,width-16,0,1,17,0,,1475.764705882353,1475.764705882353,1475.764705882353,1475.764705882353,1475.764705882353,0.0,0.0,2117.6470588235293,677614.7959183673,,,677614.7959183673,637140.0,,,structured,16,1,16,wide,,17,,width,plain
go,fstree,fstree.reachable_keys,width-256,0,1,259,0,,485.4826254826255,485.4826254826255,485.4826254826255,485.4826254826255,485.4826254826255,0.0,0.0,563.7065637065637,2059805.9487832035,,,2059805.9487832035,637140.0,,,structured,256,1,256,wide,,259,,width,plain
go,fstree,fstree.reachable_keys,width-40000,0,1,40257,0,,227.55967906202648,227.55967906202648,227.55967906202648,227.55967906202648,227.55967906202648,0.0,0.0,519.5121345356088,4394451.618678139,,,4394451.618678139,637140.0,,,structured,40000,1,40000,wide,,40257,,width,plain
go,fstree,fstree.reachable_keys,width-4096,0,1,4122,0,,142.45293546821932,142.45293546821932,142.45293546821932,142.45293546821932,142.45293546821932,0.0,0.0,428.4327996118389,7019862.361650638,,,7019862.361650638,637140.0,,,structured,4096,1,4096,wide,,4122,,width,plain
go,fstree,fstree.resolve_entry,depth-1,1,1,256,0,,6068.34765625,6068.34765625,6068.34765625,6068.34765625,6068.34765625,0.0,0.0,6074.21875,164789.5039385335,,,,637140.0,,256,structured,,1,16,deep,,,1,depth,plain
go,fstree,fstree.resolve_entry,depth-12,1,1,256,0,,15842.17578125,15842.17578125,15842.17578125,15842.17578125,15842.17578125,0.0,0.0,15808.59375,63122.64260970703,,,,637140.0,,256,structured,,12,16,deep,,,1,depth,plain
go,fstree,fstree.resolve_entry,depth-24,1,1,256,0,,26880.09765625,26880.09765625,26880.09765625,26880.09765625,26880.09765625,0.0,0.0,26765.625,37202.245794947325,,,,637140.0,,256,structured,,24,16,deep,,,1,depth,plain
go,fstree,fstree.resolve_entry,depth-4,1,1,256,0,,8793.0859375,8793.0859375,8793.0859375,8793.0859375,8793.0859375,0.0,0.0,8796.875,113725.71667192352,,,,637140.0,,256,structured,,4,16,deep,,,1,depth,plain
go,fstree,fstree.resolve_path,depth-1,1,1,256,0,,907.43359375,907.43359375,907.43359375,907.43359375,907.43359375,0.0,0.0,945.3125,1102009.0140893573,,,,637140.0,,256,structured,,1,16,deep,,,1,depth,plain
go,fstree,fstree.resolve_path,depth-12,1,1,256,0,,10382.68359375,10382.68359375,10382.68359375,10382.68359375,10382.68359375,0.0,0.0,10371.09375,96314.2130808998,,,,637140.0,,256,structured,,12,16,deep,,,1,depth,plain
go,fstree,fstree.resolve_path,depth-24,1,1,256,0,,20648.703125,20648.703125,20648.703125,20648.703125,20648.703125,0.0,0.0,20582.03125,48429.19160328622,,,,637140.0,,256,structured,,24,16,deep,,,1,depth,plain
go,fstree,fstree.resolve_path,depth-4,1,1,256,0,,3445.41015625,3445.41015625,3445.41015625,3445.41015625,3445.41015625,0.0,0.0,3449.21875,290241.20631501375,,,,637140.0,,256,structured,,4,16,deep,,,1,depth,plain
go,fstree,fstree.write_content,file-corpus,1,1,4,4194304,payload,929.25,929.25,929.25,929.25,929.25,0.0,0.0,2500.0,1076136.6693570083,1128411084207.6943,,,637140.0,4194304,,text,4,,,file-index,,,1,,
go,gc,gc.begin_write,gate-span,4,1,4096,0,,32.26123046875,32.26123046875,32.26123046875,32.26123046875,32.26123046875,0.0,0.0,32.958984375,30996957.818104766,,,,637140.0,,4096,structured,,,,,335,1500,4,,
go,gc,gc.close,idle,4,1,1,0,,290.0,290.0,290.0,290.0,290.0,0.0,0.0,3000.0,3448275.8620689656,,,,637140.0,,1,structured,,,,,335,1500,4,,
go,gc,gc.open,populated,4,1,1,0,,45056.0,45056.0,45056.0,45056.0,45056.0,0.0,0.0,48000.0,22194.602272727272,,,,637140.0,,1,structured,,,,,335,1500,4,,
go,gc,gc.prepare_ref,missing-root,4,1,64,0,,2397.703125,2397.703125,2397.703125,2397.703125,2397.703125,0.0,0.0,2921.875,417065.81168175273,,,,637140.0,,64,structured,,,,,335,1500,4,,
go,gc,gc.prepare_ref,tree-root/abort,4,1,1,0,,423248.0,423248.0,423248.0,423248.0,423248.0,0.0,0.0,766000.0,2362.6809813631726,,,,637140.0,,1,structured,,,,,335,1500,4,,
go,gc,gc.prepare_ref,tree-root/commit,4,1,1,0,,343696.0,343696.0,343696.0,343696.0,343696.0,0.0,0.0,649000.0,2909.5479726269728,,,,637140.0,,1,structured,,,,,335,1500,4,,
go,gc,gc.release_ref,batch,4,1,4096,0,,6.479736328125,6.479736328125,6.479736328125,6.479736328125,6.479736328125,0.0,0.0,7.32421875,154327267.24690104,,,,637140.0,,4096,structured,,,,,335,1500,4,,
go,gc,gc.run,nothing-to-reclaim,4,1,1,0,,223097.0,223097.0,223097.0,223097.0,223097.0,0.0,0.0,228000.0,4482.35520872087,,,,637140.0,,1,structured,,,,,335,1500,4,,
go,gc,gc.run,reclaimable-packs,4,1,1,0,,1002686.0,1002686.0,1002686.0,1002686.0,1002686.0,0.0,0.0,823000.0,997.3211952695061,,,,637140.0,,1,structured,,,,,335,1500,4,,
go,gc,gc.status,mark+score,4,1,1,0,,352944.0,352944.0,352944.0,352944.0,352944.0,0.0,0.0,351000.0,2833.3106668479986,,,,637140.0,,1,structured,,,,,335,1500,4,,
go,gc,gc.why,live-root,4,1,1,0,,45687.0,45687.0,45687.0,45687.0,45687.0,0.0,0.0,52000.0,21888.064438461708,,,,637140.0,,1,structured,,,,,335,1500,4,,
go,gc,gc.wipe,store-reset,4,1,1,0,,463165.0,463165.0,463165.0,463165.0,463165.0,0.0,0.0,460000.0,2159.057787181674,,,,637140.0,,1,structured,,,,,335,1500,4,,
go,inbox,inbox.close,drained,4,1,1,0,,648609.0,648609.0,648609.0,648609.0,648609.0,0.0,0.0,2880000.0,1541.760906802095,,,,637140.0,,8,structured,,,,,,256,4,,
go,inbox,inbox.commit,packs/duplicate,4,1,8,0,,20510.375,20510.375,20510.375,20510.375,20510.375,0.0,0.0,20875.0,48755.81260703425,,,,637140.0,,8,structured,,,,,,256,4,,
go,inbox,inbox.discard,packs,4,1,8,0,,20138.375,20138.375,20138.375,20138.375,20138.375,0.0,0.0,20500.0,49656.4395091461,,,,637140.0,,8,structured,,,,,,256,4,,
go,inbox,inbox.drain,packs/new,4,1,8,2252288,payload,318093.875,318093.875,318093.875,318093.875,318093.875,0.0,0.0,1631875.0,3143.726046281149,885072056.1658095,,,637140.0,,8,structured,,,,,,256,4,,
go,inbox,inbox.open,empty,4,1,1,0,,65585.0,65585.0,65585.0,65585.0,65585.0,0.0,0.0,69000.0,15247.388884653503,,,,637140.0,,1,structured,,,,,,,4,,
go,inbox,inbox.open,sweeps-staged-tmp-files,4,1,8,0,,22857.5,22857.5,22857.5,22857.5,22857.5,0.0,0.0,22875.0,43749.31641693098,,,,637140.0,,8,structured,,,,,,256,4,,
go,inbox,inbox.stage,packs,4,1,8,2252288,payload,199155.375,199155.375,199155.375,199155.375,199155.375,0.0,0.0,98500.0,5021.2051771135975,1413650020.7438538,,,637140.0,,8,structured,,,,,,256,4,,
go,ingest,ingest.dir,single-file/jobs-1,1,1,1,524288,included,2738151.0,2738151.0,2738151.0,2738151.0,2738151.0,0.0,0.0,2597000.0,365.20995372424676,191475196.21817788,,,637140.0,524288,,text,,,,,1,,1,,
go,ingest,ingest.dir,tree/fresh-store/jobs-1,1,1,335,7196448,included,222120.55223880598,222120.55223880598,222120.55223880598,222120.55223880598,222120.55223880598,0.0,0.0,439785.0746268657,4502.059759534909,96712952.09667307,,,637140.0,,,tree,335,,,,335,,1,,
go,ingest,ingest.dir,tree/fresh-store/jobs-N,4,1,335,7196448,included,103985.83880597015,103985.83880597015,103985.83880597015,103985.83880597015,103985.83880597015,0.0,0.0,502504.4776119403,9616.69407568011,206585190.58967158,,,637140.0,,,tree,335,,,,335,,4,,
go,ingest,ingest.dir,tree/incremental-change/jobs-1,1,1,343,7228128,included,64412.05539358601,64412.05539358601,64412.05539358601,64412.05539358601,64412.05539358601,0.0,0.0,153915.45189504372,15525.044091351532,327163282.5012611,,,637140.0,,,tree,343,,,,343,,1,,
go,ingest,ingest.dir,tree/incremental-change/jobs-N,4,1,343,7228128,included,76083.73469387754,76083.73469387754,76083.73469387754,76083.73469387754,76083.73469387754,0.0,0.0,341962.09912536445,13143.413687872893,276974567.0346861,,,637140.0,,,tree,343,,,,343,,4,,
go,ingest,ingest.dir,tree/unchanged-repeat/jobs-1,1,1,335,7196448,included,82117.46268656716,82117.46268656716,82117.46268656716,82117.46268656716,82117.46268656716,0.0,0.0,218379.10447761195,12177.677771375915,261600074.15660495,,,637140.0,,,tree,335,,,,335,,1,,
go,ingest,ingest.dir,tree/unchanged-repeat/jobs-N,4,1,335,7196448,included,61239.82089552239,61239.82089552239,61239.82089552239,61239.82089552239,61239.82089552239,0.0,0.0,276522.3880597015,16329.244360561413,350783754.9852939,,,637140.0,,,tree,335,,,,335,,4,,
go,ingest,ingest.objects,tree/jobs-1,1,1,335,7196448,included,75703.36119402986,75703.36119402986,75703.36119402986,75703.36119402986,75703.36119402986,0.0,0.0,201226.8656716418,13209.453110502871,283764604.23334974,,,637140.0,,,tree,335,,,,335,,1,,
go,ingest,ingest.objects,tree/jobs-N,4,1,335,7196448,included,56080.3223880597,56080.3223880597,56080.3223880597,56080.3223880597,56080.3223880597,0.0,0.0,240561.19402985074,17831.566535589573,383056541.28928506,,,637140.0,,,tree,335,,,,335,,4,,
go,ingest,ingest.scan,filtered/jobs-1,1,1,335,7196448,logical-scanned,2693.1134328358207,2693.1134328358207,2693.1134328358207,2693.1134328358207,2693.1134328358207,0.0,0.0,3605.9701492537315,371317.4453803122,7976616976.633603,,,637140.0,,,tree,335,,,,335,,1,,
go,ingest,ingest.scan,filtered/jobs-N,4,1,335,7196448,logical-scanned,1410.3970149253732,1410.3970149253732,1410.3970149253732,1410.3970149253732,1410.3970149253732,0.0,0.0,3385.0746268656717,709020.2187168639,15231125775.953844,,,637140.0,,,tree,335,,,,335,,4,,
go,ingest,ingest.scan,unfiltered/jobs-1,1,1,355,7229312,logical-scanned,1427.5154929577466,1427.5154929577466,1427.5154929577466,1427.5154929577466,1427.5154929577466,0.0,0.0,2554.9295774647885,700517.7911786063,14265525842.199982,,,637140.0,,,tree,355,,,,355,,1,,
go,key,key.accessors,type+length+length_size+hash,1,1,800,0,,13.38875,13.38875,13.38875,13.38875,13.38875,0.0,0.0,17.5,74689571.4685837,,,,637140.0,32,200,structured,,,,,,,1,,
go,key,key.new,1MiB-duplicate,1,1,2,2097152,payload,219594.5,219594.5,219594.5,219594.5,219594.5,0.0,0.0,222000.0,4553.8481155038035,4775055841.562516,,,637140.0,1048576,2,duplicate,,,,,,,1,item_bytes,duplicate
go,key,key.new,1MiB-random,1,1,1,1048576,payload,257923.0,257923.0,257923.0,257923.0,257923.0,0.0,0.0,257000.0,3877.1261190355262,4065461397.393796,,,637140.0,1048576,1,random,,,,,,,1,item_bytes,random
go,key,key.new,1MiB-text,1,1,1,1048576,payload,249617.0,249617.0,249617.0,249617.0,249617.0,0.0,0.0,253000.0,4006.1374025006307,4200739532.9645014,,,637140.0,1048576,1,text,,,,,,,1,item_bytes,text
go,key,key.new,4KiB-duplicate,1,1,256,1048576,payload,1781.33203125,1781.33203125,1781.33203125,1781.33203125,1781.33203125,0.0,0.0,1800.78125,561377.6558535681,2299402878.376215,,,637140.0,4096,256,duplicate,,,,,,,1,item_bytes,duplicate
go,key,key.new,4KiB-random,1,1,256,1048576,payload,1889.5078125,1889.5078125,1889.5078125,1889.5078125,1889.5078125,0.0,0.0,1906.25,529238.3515879218,2167760288.104128,,,637140.0,4096,256,random,,,,,,,1,item_bytes,random
go,key,key.new,4KiB-text,1,1,256,1048576,payload,2087.07421875,2087.07421875,2087.07421875,2087.07421875,2087.07421875,0.0,0.0,2097.65625,479139.644875171,1962555985.4087005,,,637140.0,4096,256,text,,,,,,,1,item_bytes,text
go,key,key.new,empty,1,1,800,0,payload,113.17875,113.17875,113.17875,113.17875,113.17875,0.0,0.0,117.5,8835580.884220757,,,,637140.0,,800,empty,,,,,,,1,item_bytes,empty
go,key,key.new,large-8MiB-duplicate,1,1,2,16777216,payload,1927121.5,1927121.5,1927121.5,1927121.5,1927121.5,0.0,0.0,2406500.0,518.9086417229013,4352921183.225863,,,637140.0,8388608,2,duplicate,,,,,,,1,item_bytes,duplicate
go,key,key.new,large-8MiB-random,1,1,1,8388608,payload,1921480.0,1921480.0,1921480.0,1921480.0,1921480.0,0.0,0.0,1916000.0,520.43216687137,4365701438.474509,,,637140.0,8388608,1,random,,,,,,,1,item_bytes,random
go,key,key.new,large-8MiB-text,1,1,1,8388608,payload,1919246.0,1919246.0,1919246.0,1919246.0,1919246.0,0.0,0.0,1916000.0,521.0379492779978,4370783109.617006,,,637140.0,8388608,1,text,,,,,,,1,item_bytes,text
go,key,key.new,tiny-64B-duplicate,1,1,16384,1048576,payload,108.180908203125,108.180908203125,108.180908203125,108.180908203125,108.180908203125,0.0,0.0,133.9111328125,9243775.23363326,591601614.9525286,,,637140.0,64,16384,duplicate,,,,,,,1,item_bytes,duplicate
go,key,key.new,tiny-64B-random,1,1,16384,1048576,payload,106.7750244140625,106.7750244140625,106.7750244140625,106.7750244140625,106.7750244140625,0.0,0.0,106.689453125,9365486.034656415,599391106.2180105,,,637140.0,64,16384,random,,,,,,,1,item_bytes,random
go,key,key.new,tiny-64B-text,1,1,16384,1048576,payload,108.99359130859375,108.99359130859375,108.99359130859375,108.99359130859375,108.99359130859375,0.0,0.0,108.88671875,9174851.365055934,587190487.3635798,,,637140.0,64,16384,text,,,,,,,1,item_bytes,text
go,key,key.new_from_hash,batch,1,1,200,0,,42.98,42.98,42.98,42.98,42.98,0.0,0.0,55.0,23266635.64448581,,,,637140.0,32,200,structured,,,,,,,1,,
go,key,key.parse,canonical,1,1,200,0,,39.17,39.17,39.17,39.17,39.17,0.0,0.0,95.0,25529742.14960429,,,,637140.0,32,200,structured,,,,,,,1,,
go,key,key.parse,malformed,1,1,1024,0,,66.240234375,66.240234375,66.240234375,66.240234375,66.240234375,0.0,0.0,77.1484375,15096564.94176618,,,,637140.0,32,1024,structured,,,,,,,1,,
go,key,key.string,hex,1,1,200,0,,94.43,94.43,94.43,94.43,94.43,0.0,0.0,130.0,10589854.91898761,,,,637140.0,32,200,structured,,,,,,,1,,
go,key,key.type_string,names,1,1,200,0,,14.08,14.08,14.08,14.08,14.08,0.0,0.0,45.0,71022727.27272727,,,,637140.0,32,200,structured,,,,,,,1,,
go,key,key.validate,canonical,1,1,200,0,,7.365,7.365,7.365,7.365,7.365,0.0,0.0,15.0,135777325.18669382,,,,637140.0,32,200,structured,,,,,,,1,,
go,packstore,packstore.append_record,pre-encoded+sync,1,1,64,2170880,payload,12061.328125,12061.328125,12061.328125,12061.328125,12061.328125,0.0,0.0,9859.375,82909.60909414775,2812293940.4734917,,,637140.0,,64,structured,,,,,,64,1,,
go,packstore,packstore.barrier,begin+observe+abort,1,1,1500,0,,43.937333333333335,43.937333333333335,43.937333333333335,43.937333333333335,43.937333333333335,0.0,0.0,46.0,22759688.04054259,,,,637140.0,,1500,structured,,,,,,1500,1,,
go,packstore,packstore.close,populated,1,1,1,0,,368484.0,368484.0,368484.0,368484.0,368484.0,0.0,0.0,160000.0,2713.8220384060096,,,,637140.0,,1,structured,,,,,,1500,1,,
go,packstore,packstore.compact,90-percent-dead,1,1,1500,0,,843.6046666666666,843.6046666666666,843.6046666666666,843.6046666666666,843.6046666666666,0.0,0.0,878.6666666666666,1185389.3648446705,,,,637140.0,,150,structured,,,,,,1500,1,,
go,packstore,packstore.compact,nothing-dead,1,1,1500,0,,317.70666666666665,317.70666666666665,317.70666666666665,317.70666666666665,317.70666666666665,0.0,0.0,162.66666666666666,3147557.4953835825,,,,637140.0,,1500,structured,,,,,,1500,1,,
go,packstore,packstore.get,hit,1,1,200,0,,7986.205,7986.205,7986.205,7986.205,7986.205,0.0,0.0,8010.0,125215.91920067166,,,125215.91920067166,637140.0,,200,structured,,,,,,1500,1,,
go,packstore,packstore.get,miss,1,1,200,0,,53.905,53.905,53.905,53.905,53.905,0.0,0.0,70.0,18551154.809386883,,,18551154.809386883,637140.0,,200,structured,,,,,,1500,1,,
go,packstore,packstore.get_record,hit,1,1,200,0,,502.86,502.86,502.86,502.86,502.86,0.0,0.0,520.0,1988625.0646303147,,,,637140.0,,200,structured,,,,,,1500,1,,
go,packstore,packstore.has,hit,1,1,200,0,,61.02,61.02,61.02,61.02,61.02,0.0,0.0,75.0,16388069.485414619,,,16388069.485414619,637140.0,,200,structured,,,,,,1500,1,,
go,packstore,packstore.has,miss,1,1,200,0,,28.96,28.96,28.96,28.96,28.96,0.0,0.0,40.0,34530386.74033149,,,34530386.74033149,637140.0,,200,structured,,,,,,1500,1,,
go,packstore,packstore.has_outside,sealed-segment,1,1,200,0,,45.99,45.99,45.99,45.99,45.99,0.0,0.0,60.0,21743857.360295717,,,,637140.0,,200,structured,,,,,,1500,1,,
go,packstore,packstore.liveness,tenth-live,1,1,1,0,,32101.0,32101.0,32101.0,32101.0,32101.0,0.0,0.0,35000.0,31151.677517834334,,,,637140.0,,1,structured,,,,,,1500,1,,
go,packstore,packstore.mark_set_contains,all-keys,1,1,1500,0,,92.67666666666666,92.67666666666666,92.67666666666666,92.67666666666666,92.67666666666666,0.0,0.0,96.0,10790202.49613351,,,,637140.0,,1500,structured,,,,,,1500,1,,
go,packstore,packstore.mark_set_mark,all-keys,1,1,1500,0,,60.99,60.99,60.99,60.99,60.99,0.0,0.0,62.666666666666664,16396130.513198884,,,,637140.0,,1500,structured,,,,,,1500,1,,
go,packstore,packstore.missing,half-present,1,1,200,0,,105.4,105.4,105.4,105.4,105.4,0.0,0.0,290.0,9487666.034155598,,,,637140.0,,200,structured,,,,,,1500,1,,
go,packstore,packstore.new_mark_set,snapshot,1,1,16,0,,19247.375,19247.375,19247.375,19247.375,19247.375,0.0,0.0,19437.5,51955.13673942551,,,,637140.0,,16,structured,,,,,,1500,1,,
go,packstore,packstore.oldest_inflight_write,idle,1,1,4096,0,,13.986572265625,13.986572265625,13.986572265625,13.986572265625,13.986572265625,0.0,0.0,14.892578125,71497146.04897973,,,,637140.0,,4096,structured,,,,,,1500,1,,
go,packstore,packstore.open,empty,1,1,1,0,,23124.0,23124.0,23124.0,23124.0,23124.0,0.0,0.0,26000.0,43245.11330219685,,,,637140.0,,1,structured,,,,,,,1,,
go,packstore,packstore.open,populated-reopen,1,1,1,0,,209510.0,209510.0,209510.0,209510.0,209510.0,0.0,0.0,217000.0,4773.041859577109,,,,637140.0,,1,structured,,,,,,1500,1,,
go,packstore,packstore.put,1MiB-duplicate/sync-off,1,1,2,2097152,payload,723622.5,723622.5,723622.5,723622.5,723622.5,0.0,0.0,669000.0,1381.9360232718027,1449064947.5382538,,1381.9360232718027,637140.0,1048576,2,duplicate,,,,,,,1,item_bytes,duplicate
go,packstore,packstore.put,1MiB-random/sync-off,1,1,1,1048576,payload,1079562.0,1079562.0,1079562.0,1079562.0,1079562.0,0.0,0.0,978000.0,926.3015926829585,971297618.8491259,,926.3015926829585,637140.0,1048576,1,random,,,,,,,1,item_bytes,random
go,packstore,packstore.put,1MiB-text/sync-off,1,1,1,1048576,payload,4006864.0,4006864.0,4006864.0,4006864.0,4006864.0,0.0,0.0,3891000.0,249.5717349029066,261694931.4975502,,249.5717349029066,637140.0,1048576,1,text,,,,,,,1,item_bytes,text
go,packstore,packstore.put,4KiB-duplicate/sync-off,1,1,32,131072,payload,5467.65625,5467.65625,5467.65625,5467.65625,5467.65625,0.0,0.0,2500.0,182893.72160146316,749132683.6795931,,182893.72160146316,637140.0,4096,32,duplicate,,,,,,,1,item_bytes,duplicate
go,packstore,packstore.put,4KiB-random/already-present,1,1,32,131072,payload,136.84375,136.84375,136.84375,136.84375,136.84375,0.0,0.0,218.75,7307604.475907741,29931947933.318108,,7307604.475907741,637140.0,4096,32,random,,,,,,,1,item_bytes,random
go,packstore,packstore.put,4KiB-random/sync-off,1,1,32,131072,payload,17481.53125,17481.53125,17481.53125,17481.53125,17481.53125,0.0,0.0,14906.25,57203.22697704184,234304417.6979634,,57203.22697704184,637140.0,4096,32,random,,,,,,,1,item_bytes,random
go,packstore,packstore.put,4KiB-random/sync-on,1,1,32,131072,payload,96928.90625,96928.90625,96928.90625,96928.90625,96928.90625,0.0,0.0,28843.75,10316.839823001717,42257775.915015034,,10316.839823001717,637140.0,4096,32,random,,,,,,,1,item_bytes,random
go,packstore,packstore.put,4KiB-text/sync-off,1,1,32,131072,payload,54895.1875,54895.1875,54895.1875,54895.1875,54895.1875,0.0,0.0,51375.0,18216.533097732838,74614919.5683137,,18216.533097732838,637140.0,4096,32,text,,,,,,,1,item_bytes,text
go,packstore,packstore.put,empty/sync-off,1,1,800,0,payload,263.27875,263.27875,263.27875,263.27875,263.27875,0.0,0.0,163.75,3798255.651092236,,,3798255.651092236,637140.0,,800,empty,,,,,,,1,item_bytes,empty
go,packstore,packstore.put,large-8MiB-duplicate/sync-off,1,1,2,16777216,payload,8598255.0,8598255.0,8598255.0,8598255.0,8598255.0,0.0,0.0,8496000.0,116.30266839027222,975617494.4799846,,116.30266839027222,637140.0,8388608,2,duplicate,,,,,,,1,item_bytes,duplicate
go,packstore,packstore.put,large-8MiB-random/sync-off,1,1,1,8388608,payload,8767819.0,8767819.0,8767819.0,8767819.0,8767819.0,0.0,0.0,7590000.0,114.05344932417059,956749677.428332,,114.05344932417059,637140.0,8388608,1,random,,,,,,,1,item_bytes,random
go,packstore,packstore.put,large-8MiB-text/sync-off,1,1,1,8388608,payload,26966133.0,26966133.0,26966133.0,26966133.0,26966133.0,0.0,0.0,26733000.0,37.08355217264559,311079382.4238722,,37.08355217264559,637140.0,8388608,1,text,,,,,,,1,item_bytes,text
go,packstore,packstore.put,tiny-64B-duplicate/sync-off,1,1,2048,131072,payload,161.9794921875,161.9794921875,161.9794921875,161.9794921875,161.9794921875,0.0,0.0,115.72265625,6173621.033719787,395111746.1580664,,6173621.033719787,637140.0,64,2048,duplicate,,,,,,,1,item_bytes,duplicate
go,packstore,packstore.put,tiny-64B-random/sync-off,1,1,2048,131072,payload,2314.6171875,2314.6171875,2314.6171875,2314.6171875,2314.6171875,0.0,0.0,2714.35546875,432036.8851490696,27650360.649540454,,432036.8851490696,637140.0,64,2048,random,,,,,,,1,item_bytes,random
go,packstore,packstore.put,tiny-64B-text/sync-off,1,1,2048,131072,payload,2540.3115234375,2540.3115234375,2540.3115234375,2540.3115234375,2540.3115234375,0.0,0.0,2482.421875,393652.50709362584,25193760.453992054,,393652.50709362584,637140.0,64,2048,text,,,,,,,1,item_bytes,text
go,packstore,packstore.put_verified,already-intact,1,1,25,0,,81304.92,81304.92,81304.92,81304.92,81304.92,0.0,0.0,81200.0,12299.378684586369,,,,637140.0,,25,structured,,,,,,1500,1,,
go,packstore,packstore.record,by-location,1,1,200,0,,832.34,832.34,832.34,832.34,832.34,0.0,0.0,855.0,1201432.1070716295,,,,637140.0,,200,structured,,,,,,1500,1,,
go,packstore,packstore.remove,one-sealed-segment,1,1,1,0,,105471.0,105471.0,105471.0,105471.0,105471.0,0.0,0.0,112000.0,9481.279214191578,,,,637140.0,,1,structured,,,,,,1500,1,,
go,packstore,packstore.scan_index,all-segments,1,1,1500,0,,30.21066666666667,30.21066666666667,30.21066666666667,30.21066666666667,30.21066666666667,0.0,0.0,34.0,33100891.517344866,,,33100891.517344866,637140.0,,1500,structured,,,,,,1500,1,,
go,packstore,packstore.segments,list,1,1,64,0,,2790.5,2790.5,2790.5,2790.5,2790.5,0.0,0.0,2796.875,358358.71707579284,,,,637140.0,,64,structured,,,,,,1500,1,,
go,packstore,packstore.sort_by_location,scattered,1,1,200,0,,180.945,180.945,180.945,180.945,180.945,0.0,0.0,195.0,5526541.214181105,,,,637140.0,,200,structured,,,,,,1500,1,,
go,packstore,packstore.stored_size,hit,1,1,200,0,,72.44,72.44,72.44,72.44,72.44,0.0,0.0,100.0,13804527.885146327,,,,637140.0,,200,structured,,,,,,1500,1,,
go,packstore,packstore.verify,full-scrub,1,1,1500,0,,7755.154666666666,7755.154666666666,7755.154666666666,7755.154666666666,7755.154666666666,0.0,0.0,7726.666666666667,128946.4933946729,,,,637140.0,,1500,structured,,,,,,1500,1,,
go,packstore,packstore.wipe,populated,1,1,1,0,,245238.0,245238.0,245238.0,245238.0,245238.0,0.0,0.0,257000.0,4077.6714864743635,,,,637140.0,,1,structured,,,,,,1500,1,,
go,packstore,packstore.write_batch,mixed-objects,1,1,1500,13248000,payload,34313.60866666667,34313.60866666667,34313.60866666667,34313.60866666667,34313.60866666667,0.0,0.0,33546.0,29142.95636213372,257390590.590365,,,637140.0,,1500,structured,,,,,,1500,1,,
go,packstore,packstore.write_parallel,duplicate-stream/writers-N,4,1,1500,13248000,payload,273.08866666666665,273.08866666666665,273.08866666666665,273.08866666666665,273.08866666666665,0.0,0.0,382.0,3661814.3557770005,32341144390.22247,,,637140.0,,1500,duplicate,,,,,,1500,4,,
go,packstore,packstore.write_parallel,mixed-objects/writers-1/verify-false,1,1,1500,13248000,payload,34046.92533333333,34046.92533333333,34046.92533333333,34046.92533333333,34046.92533333333,0.0,0.0,35014.0,29371.227804261052,259406683.96723363,,,637140.0,,1500,structured,,,,,,1500,1,,
go,packstore,packstore.write_parallel,mixed-objects/writers-1/verify-true,1,1,1500,13248000,payload,35594.348,35594.348,35594.348,35594.348,35594.348,0.0,0.0,36054.666666666664,28094.348012780007,248129281.64887303,,,637140.0,,1500,structured,,,,,,1500,1,,
go,packstore,packstore.write_parallel,mixed-objects/writers-N/verify-false,4,1,1500,13248000,payload,11674.989333333333,11674.989333333333,11674.989333333333,11674.989333333333,11674.989333333333,0.0,0.0,34498.0,85653.18318063846,756488913.8513988,,,637140.0,,1500,structured,,,,,,1500,4,,
go,packstore,packstore.write_parallel,mixed-objects/writers-N/verify-true,4,1,1500,13248000,payload,12502.890666666666,12502.890666666666,12502.890666666666,12502.890666666666,12502.890666666666,0.0,0.0,36682.666666666664,79981.50401059254,706396643.4215533,,,637140.0,,1500,structured,,,,,,1500,4,,
go,reference,reference.decode,signed,1,1,256,81152,encoded,862.625,862.625,862.625,862.625,862.625,0.0,0.0,875.0,1159252.2822779308,367482973.48210406,,,637140.0,317,256,structured,,,,,,,1,,
go,reference,reference.encode,signed,1,1,256,81152,encoded,253.5703125,253.5703125,253.5703125,253.5703125,253.5703125,0.0,0.0,277.34375,3943679.329574514,1250146347.475121,,,637140.0,317,256,structured,,,,,,,1,,
go,reference,reference.signature_payload,signed,1,1,256,0,,249.69921875,249.69921875,249.69921875,249.69921875,249.69921875,0.0,0.0,261.71875,4004818.2970135943,,,,637140.0,,256,structured,,,,,,,1,,
go,reference,reference.validate_name,valid,1,1,256,0,,66.53125,66.53125,66.53125,66.53125,66.53125,0.0,0.0,78.125,15030530.765617661,,,,637140.0,,256,structured,,,,,,,1,,
go,reference,reference.validate_user,valid,1,1,256,0,,71.54296875,71.54296875,71.54296875,71.54296875,71.54296875,0.0,0.0,82.03125,13977613.977613978,,,,637140.0,,256,structured,,,,,,,1,,
go,refstore,refstore.all,records,1,1,200,0,,491.635,491.635,491.635,491.635,491.635,0.0,0.0,510.0,2034029.3103623623,,,,637140.0,,1,structured,200,,,,,,1,,
go,refstore,refstore.close,populated,1,1,1,0,,143855.0,143855.0,143855.0,143855.0,143855.0,0.0,0.0,82000.0,6951.444162524765,,,,637140.0,,1,structured,200,,,,,,1,,
go,refstore,refstore.delete,records,1,1,200,0,,1669.09,1669.09,1669.09,1669.09,1669.09,0.0,0.0,1680.0,599128.866627923,,,,637140.0,,200,structured,200,,,,,,1,,
go,refstore,refstore.get,hit,1,1,200,0,,1103.66,1103.66,1103.66,1103.66,1103.66,0.0,0.0,1135.0,906076.1466393636,,,,637140.0,,200,structured,200,,,,,,1,,
go,refstore,refstore.get,miss,1,1,200,0,,220.975,220.975,220.975,220.975,220.975,0.0,0.0,260.0,4525398.800769318,,,,637140.0,,200,structured,200,,,,,,1,,
go,refstore,refstore.open,empty,1,1,1,0,,722390.0,722390.0,722390.0,722390.0,722390.0,0.0,0.0,394000.0,1384.293802516646,,,,637140.0,,1,structured,,,,,,,1,,
go,refstore,refstore.open,populated-reopen,1,1,1,0,,1040328.0,1040328.0,1040328.0,1040328.0,1040328.0,0.0,0.0,760000.0,961.2353027122215,,,,637140.0,,1,structured,200,,,,,,1,,
go,refstore,refstore.put,records/sync-false,1,1,200,0,,381.525,381.525,381.525,381.525,381.525,0.0,0.0,395.0,2621060.2188585284,,,,637140.0,,200,structured,200,,,,,,1,,
go,refstore,refstore.put,records/sync-true,1,1,200,0,,60816.675,60816.675,60816.675,60816.675,60816.675,0.0,0.0,11480.0,16442.858804760373,,,,637140.0,,200,structured,200,,,,,,1,,
go,refstore,refstore.put_batch,records/sync-false,1,1,200,0,,100.645,100.645,100.645,100.645,100.645,0.0,0.0,130.0,9935913.35883551,,,,637140.0,,200,structured,200,,,,,,1,,
go,refstore,refstore.wipe,records,1,1,1,0,,137022.0,137022.0,137022.0,137022.0,137022.0,0.0,0.0,140000.0,7298.098115631066,,,,637140.0,,1,structured,200,,,,,,1,,
go,tar,tarexport.write,fixture-tree,1,1,335,7852032,encoded,2593.1313432835823,2593.1313432835823,2593.1313432835823,2593.1313432835823,2593.1313432835823,0.0,0.0,2608.955223880597,385634.14945798257,9038840841.304066,,,637140.0,,,tree,335,,,,335,,1,,
go,tar,tarextract.extract,fixture-tree,1,1,335,7852032,encoded,40966.49850746269,40966.49850746269,40966.49850746269,40966.49850746269,40966.49850746269,0.0,0.0,40797.014925373136,24410.18970214978,572148031.8428375,,,637140.0,,,tree,335,,,,335,,1,,
rust,amberignore,amberignore.descend,8-subdirs,1,1,512,0,,3280.759765625,3280.759765625,3280.759765625,3280.759765625,3280.759765625,0.0,0.0,3273.4375,304807.44444556895,,,,284624.0,,,structured,512,1,,,,,1,,
rust,amberignore,amberignore.ignored,mixed-names,1,1,1024,0,,111.443359375,111.443359375,111.443359375,111.443359375,111.443359375,0.0,0.0,112.3046875,8973168.124222295,,,,284624.0,,,structured,1024,,,,,,1,,
rust,amberignore,amberignore.ignored,nil-matcher,1,1,1024,0,,0.2158203125,0.2158203125,0.2158203125,0.2158203125,0.2158203125,0.0,0.0,0.9765625,4633484162.895927,,,,284624.0,,,structured,1024,,,,,,1,,
rust,amberignore,amberignore.root,load-root,1,1,64,0,,4452.578125,4452.578125,4452.578125,4452.578125,4452.578125,0.0,0.0,4406.25,224588.98461214534,,,,284624.0,,,structured,64,,,,,,1,,
rust,amberpack,amberpack.decode_payload,mixed-records/producer-go,1,1,64,1288865,encoded,10312.828125,10312.828125,10312.828125,10312.828125,10312.828125,0.0,0.0,10312.5,96966.6116684166,1952763624.1877153,,,284624.0,,64,structured,,,,,,64,1,,
rust,amberpack,amberpack.decode_payload,mixed-records/producer-rust,1,1,64,1286787,encoded,9411.421875,9411.421875,9411.421875,9411.421875,9411.421875,0.0,0.0,9437.5,106253.87038023943,2136345298.515268,,,284624.0,,64,structured,,,,,,64,1,,
rust,amberpack,amberpack.encode_record,1MiB-duplicate,1,1,2,2097152,payload,285535.5,285535.5,285535.5,285535.5,285535.5,0.0,0.0,286500.0,3502.1914963288277,3672313950.454497,,,284624.0,1048576,2,duplicate,,,,,,,1,item_bytes,duplicate
rust,amberpack,amberpack.encode_record,1MiB-random,1,1,1,1048576,payload,278252.0,278252.0,278252.0,278252.0,278252.0,0.0,0.0,265000.0,3593.8645544326723,3768440119.028794,,,284624.0,1048576,1,random,,,,,,,1,item_bytes,random
rust,amberpack,amberpack.encode_record,1MiB-text,1,1,1,1048576,payload,1803936.0,1803936.0,1803936.0,1803936.0,1803936.0,0.0,0.0,1789000.0,554.3433913398258,581271175.9175491,,,284624.0,1048576,1,text,,,,,,,1,item_bytes,text
rust,amberpack,amberpack.encode_record,4KiB-duplicate,1,1,256,1048576,payload,4133.8359375,4133.8359375,4133.8359375,4133.8359375,4133.8359375,0.0,0.0,4128.90625,241906.06862950762,990847257.1064632,,,284624.0,4096,256,duplicate,,,,,,,1,item_bytes,duplicate
rust,amberpack,amberpack.encode_record,4KiB-random,1,1,256,1048576,payload,4129.6484375,4129.6484375,4129.6484375,4129.6484375,4129.6484375,0.0,0.0,4125.0,242151.36352027545,991851984.9790483,,,284624.0,4096,256,random,,,,,,,1,item_bytes,random
rust,amberpack,amberpack.encode_record,4KiB-text,1,1,256,1048576,payload,13649.47265625,13649.47265625,13649.47265625,13649.47265625,13649.47265625,0.0,0.0,13621.09375,73262.90364354163,300084853.32394654,,,284624.0,4096,256,text,,,,,,,1,item_bytes,text
rust,amberpack,amberpack.encode_record,empty,1,1,800,0,payload,280.47375,280.47375,280.47375,280.47375,280.47375,0.0,0.0,281.25,3565396.048649829,,,,284624.0,,800,empty,,,,,,,1,item_bytes,empty
rust,amberpack,amberpack.encode_record,large-8MiB-duplicate,1,1,2,16777216,payload,5106434.5,5106434.5,5106434.5,5106434.5,5106434.5,0.0,0.0,5081000.0,195.8313574765328,1642752491.9785028,,,296472.0,8388608,2,duplicate,,,,,,,1,item_bytes,duplicate
rust,amberpack,amberpack.encode_record,large-8MiB-random,1,1,1,8388608,payload,6229390.0,6229390.0,6229390.0,6229390.0,6229390.0,0.0,0.0,6193000.0,160.52936162288762,1346617887.144648,,,296472.0,8388608,1,random,,,,,,,1,item_bytes,random
rust,amberpack,amberpack.encode_record,large-8MiB-text,1,1,1,8388608,payload,14160049.0,14160049.0,14160049.0,14160049.0,14160049.0,0.0,0.0,14090000.0,70.62122454519755,592413769.1896405,,,296472.0,8388608,1,text,,,,,,,1,item_bytes,text
rust,amberpack,amberpack.encode_record,tiny-64B-duplicate,1,1,16384,1048576,payload,597.295166015625,597.295166015625,597.295166015625,597.295166015625,597.295166015625,0.0,0.0,595.15380859375,1674214.1187424918,107149703.59951948,,,296472.0,64,16384,duplicate,,,,,,,1,item_bytes,duplicate
rust,amberpack,amberpack.encode_record,tiny-64B-random,1,1,16384,1048576,payload,628.5297241210938,628.5297241210938,628.5297241210938,628.5297241210938,628.5297241210938,0.0,0.0,626.3427734375,1591014.6515319585,101824937.69804534,,,296472.0,64,16384,random,,,,,,,1,item_bytes,random
rust,amberpack,amberpack.encode_record,tiny-64B-text,1,1,16384,1048576,payload,1172.2821044921875,1172.2821044921875,1172.2821044921875,1172.2821044921875,1172.2821044921875,0.0,0.0,1167.90771484375,853036.9918366901,54594367.47754817,,,296472.0,64,16384,text,,,,,,,1,item_bytes,text
rust,amberpack,amberpack.parse_record,corrupt-crc/producer-go,1,1,256,0,,105.16015625,105.16015625,105.16015625,105.16015625,105.16015625,0.0,0.0,105.46875,9509305.003528845,,,,296472.0,,256,structured,,,,,,,1,,
rust,amberpack,amberpack.parse_record,corrupt-crc/producer-rust,1,1,256,0,,101.9140625,101.9140625,101.9140625,101.9140625,101.9140625,0.0,0.0,101.5625,9812188.577999234,,,,296472.0,,256,structured,,,,,,,1,,
rust,amberpack,amberpack.parse_record,mixed-records/producer-go,1,1,64,1288865,encoded,2535.0,2535.0,2535.0,2535.0,2535.0,0.0,0.0,2546.875,394477.31755424064,7944187623.274161,,,296472.0,,64,structured,,,,,,64,1,,
rust,amberpack,amberpack.parse_record,mixed-records/producer-rust,1,1,64,1286787,encoded,2630.34375,2630.34375,2630.34375,2630.34375,2630.34375,0.0,0.0,2593.75,380178.44625821244,7643885661.332288,,,296472.0,,64,structured,,,,,,64,1,,
rust,amberpack,amberpack.reader_all,mixed-objects/producer-go,1,1,64,1288865,encoded,15391.4375,15391.4375,15391.4375,15391.4375,15391.4375,0.0,0.0,15171.875,64971.18933822783,1308423311.6627345,,,296472.0,,64,structured,,,,,,64,1,,
rust,amberpack,amberpack.reader_all,mixed-objects/producer-rust,1,1,64,1286787,encoded,13714.640625,13714.640625,13714.640625,13714.640625,13714.640625,0.0,0.0,13656.25,72914.77971191827,1466027978.7681277,,,296472.0,,64,structured,,,,,,64,1,,
rust,amberpack,amberpack.reader_all,truncated-stream/producer-go,1,1,64,0,,426292.625,426292.625,426292.625,426292.625,426292.625,0.0,0.0,424671.875,2345.806475070968,,,,296472.0,644432,64,structured,,,,,,,1,,
rust,amberpack,amberpack.reader_all,truncated-stream/producer-rust,1,1,64,0,,402468.046875,402468.046875,402468.046875,402468.046875,402468.046875,0.0,0.0,400796.875,2484.669299251435,,,,296472.0,643393,64,structured,,,,,,,1,,
rust,amberpack,amberpack.reader_records,mixed-objects/producer-go,1,1,64,1288865,encoded,2849.984375,2849.984375,2849.984375,2849.984375,2849.984375,0.0,0.0,2859.375,350879.1166618238,7066184573.380337,,,296472.0,,64,structured,,,,,,64,1,,
rust,amberpack,amberpack.reader_records,mixed-objects/producer-rust,1,1,64,1286787,encoded,2841.21875,2841.21875,2841.21875,2841.21875,2841.21875,0.0,0.0,2843.75,351961.6361816562,7076557155.270076,,,296472.0,,64,structured,,,,,,64,1,,
rust,amberpack,amberpack.writer_add,mixed-objects,1,1,64,2170880,payload,40903.921875,40903.921875,40903.921875,40903.921875,40903.921875,0.0,0.0,40796.875,24447.5334921659,829260336.0542674,,,296472.0,,64,structured,,,,,,64,1,,
rust,amberpack,amberpack.writer_add_record,pre-encoded-records/producer-go,1,1,64,1288865,encoded,18.9375,18.9375,18.9375,18.9375,18.9375,0.0,0.0,15.625,52805280.52805281,1063419966996.6997,,,296472.0,,64,structured,,,,,,64,1,,
rust,amberpack,amberpack.writer_add_record,pre-encoded-records/producer-rust,1,1,64,1286787,encoded,13.453125,13.453125,13.453125,13.453125,13.453125,0.0,0.0,15.625,74332171.8931475,1494526132404.1812,,,296472.0,,64,structured,,,,,,64,1,,
rust,binaryfuse,binaryfuse.contains,store-keys/rust-only,1,1,1500,0,,2.926,2.926,2.926,2.926,2.926,0.0,0.0,3.3333333333333335,341763499.6582365,,,,296472.0,,,,,,,,,,1,,
rust,binaryfuse,binaryfuse.new,store-keys/rust-only,1,1,1500,0,,16.050666666666668,16.050666666666668,16.050666666666668,16.050666666666668,16.050666666666668,0.0,0.0,16.666666666666668,62302708.09104502,,,,296472.0,,,,,,,,,,1,,
rust,binaryfuse,binaryfuse.parse_section,store-keys/rust-only,1,1,16,0,,139.0,139.0,139.0,139.0,139.0,0.0,0.0,187.5,7194244.604316547,,,,296472.0,,,,,,,,,,1,,
rust,binaryfuse,binaryfuse.section_bytes,store-keys/rust-only,1,1,16,0,,161.5625,161.5625,161.5625,161.5625,161.5625,0.0,0.0,187.5,6189555.125725338,,,,296472.0,,,,,,,,,,1,,
rust,cbor,cbor.decode_xattrs,xattrs-3,1,1,64,4544,encoded,195.6875,195.6875,195.6875,195.6875,195.6875,0.0,0.0,203.125,5110188.438198659,362823379.1121048,,,296472.0,71,64,structured,3,,,,,,1,,
rust,cbor,cbor.decode_xattrs,xattrs-64,1,1,64,282752,encoded,5599.453125,5599.453125,5599.453125,5599.453125,5599.453125,0.0,0.0,5609.375,178588.8688906562,789005622.758919,,,296472.0,4418,64,structured,64,,,,,,1,,
rust,cbor,cbor.encode_xattrs,xattrs-3,1,1,64,4544,encoded,274.125,274.125,274.125,274.125,274.125,0.0,0.0,281.25,3647970.81623347,259005927.95257637,,,296472.0,71,64,structured,3,,,,,,1,,
rust,cbor,cbor.encode_xattrs,xattrs-64,1,1,64,282752,encoded,4672.515625,4672.515625,4672.515625,4672.515625,4672.515625,0.0,0.0,4687.5,214017.47586451357,945529208.3694209,,,296472.0,4418,64,structured,64,,,,,,1,,
rust,cbor,cbor.head_primitives,append+read/rust-only,1,1,16384,0,,5.038330078125,5.038330078125,5.038330078125,5.038330078125,5.038330078125,0.0,0.0,5.06591796875,198478461.01662064,,,,296472.0,,,,,,,,,,1,,
rust,chunkers,chunkers.item_chunker,is_boundary/bits-7,1,1,200,0,,30.71,30.71,30.71,30.71,30.71,0.0,0.0,35.0,32562683.165092804,,,,296472.0,32,200,structured,,,,,,,1,,
rust,chunkers,chunkers.new_item_chunker,bits-4..12,1,1,2304,0,,12.88064236111111,12.88064236111111,12.88064236111111,12.88064236111111,12.88064236111111,0.0,0.0,13.020833333333334,77635879.63742965,,,,296472.0,,2304,structured,,,,,,,1,,
rust,chunkers,chunkers.split_bytes,compressible/4-16-64KiB,1,1,64,4194304,payload,42343.6875,42343.6875,42343.6875,42343.6875,42343.6875,0.0,0.0,42218.75,23616.27102032623,1547715937.5880997,,,296472.0,4194304,1,text,64,,,,,,1,,
rust,chunkers,chunkers.split_bytes,compressible/default-sizes,1,1,4,4194304,payload,666936.5,666936.5,666936.5,666936.5,666936.5,0.0,0.0,662000.0,1499.3931206344232,1572227640.862361,,,296472.0,4194304,1,text,4,,,,,,1,,
rust,chunkers,chunkers.split_bytes,random/default-sizes,1,1,54,4194304,payload,46135.166666666664,46135.166666666664,46135.166666666664,46135.166666666664,46135.166666666664,0.0,0.0,46037.03703703704,21675.439198586762,1683581135.784986,,,296472.0,4194304,1,random,54,,,,,,1,,
rust,chunkers,chunkers.split_bytes,tiny-64KiB/default-sizes,1,1,1,65536,payload,22383.0,22383.0,22383.0,22383.0,22383.0,0.0,0.0,23000.0,44676.76361524371,2927936380.288612,,,296472.0,65536,1,text,1,,,,,,1,,
rust,fstree,fstree.check_complete,incomplete/jobs-1,1,1,1,0,,15129.0,15129.0,15129.0,15129.0,15129.0,0.0,0.0,15000.0,66098.22195782933,,,66098.22195782933,296472.0,,,structured,16,,,wide,,,1,,
rust,fstree,fstree.check_complete,widest/jobs-1,1,1,40257,0,,355.3565342673324,355.3565342673324,355.3565342673324,355.3565342673324,355.3565342673324,0.0,0.0,354.12474849094565,2814075.1711848546,,,2814075.1711848546,296472.0,,,structured,40000,,40000,wide,,40257,1,,
rust,fstree,fstree.check_complete,widest/jobs-N,4,1,40257,0,,168.0008197332141,168.0008197332141,168.0008197332141,168.0008197332141,168.0008197332141,0.0,0.0,509.70017636684304,5952351.908687133,,,5952351.908687133,296472.0,,,structured,40000,,40000,wide,,40257,4,,
rust,fstree,fstree.check_complete,width-16/jobs-1,1,1,17,0,,580.4705882352941,580.4705882352941,580.4705882352941,580.4705882352941,580.4705882352941,0.0,0.0,588.2352941176471,1722740.170247264,,,1722740.170247264,296472.0,,,structured,16,,16,wide,,17,1,width,plain
rust,fstree,fstree.check_complete,width-256/jobs-1,1,1,259,0,,361.8494208494208,361.8494208494208,361.8494208494208,361.8494208494208,361.8494208494208,0.0,0.0,355.2123552123552,2763580.4906155635,,,2763580.4906155635,296472.0,,,structured,256,,256,wide,,259,1,width,plain
rust,fstree,fstree.check_complete,width-40000/jobs-1,1,1,40257,0,,272.24972054549517,272.24972054549517,272.24972054549517,272.24972054549517,272.24972054549517,0.0,0.0,271.2074918647689,3673098.352484412,,,3673098.352484412,296472.0,,,structured,40000,,40000,wide,,40257,1,width,plain
rust,fstree,fstree.check_complete,width-4096/jobs-1,1,1,4122,0,,314.82508491023776,314.82508491023776,314.82508491023776,314.82508491023776,314.82508491023776,0.0,0.0,314.1678796700631,3176366.9667082527,,,3176366.9667082527,296472.0,,,structured,4096,,4096,wide,,4122,1,width,plain
rust,fstree,fstree.child_keys,dir-leaf-128,1,1,64,0,,29508.40625,29508.40625,29508.40625,29508.40625,29508.40625,0.0,0.0,29421.875,33888.64825595249,,,,296472.0,,64,structured,128,,,,,,1,,
rust,fstree,fstree.child_keys,dir-node-128,1,1,64,0,,14652.203125,14652.203125,14652.203125,14652.203125,14652.203125,0.0,0.0,14625.0,68249.12209234746,,,,296472.0,,64,structured,128,,,,,,1,,
rust,fstree,fstree.child_keys,file-node-1024,1,1,64,0,,72422.71875,72422.71875,72422.71875,72422.71875,72422.71875,0.0,0.0,72296.875,13807.821872193937,,,,296472.0,,64,structured,1024,,,,,,1,,
rust,fstree,fstree.collect_entries,width-16,1,1,16,0,,735.125,735.125,735.125,735.125,735.125,0.0,0.0,750.0,1360312.871960551,,1360312.871960551,,296472.0,,,structured,16,1,16,wide,,17,1,width,plain
rust,fstree,fstree.collect_entries,width-256,1,1,256,0,,216.0390625,216.0390625,216.0390625,216.0390625,216.0390625,0.0,0.0,218.75,4628792.536072035,,4628792.536072035,,296472.0,,,structured,256,1,256,wide,,259,1,width,plain
rust,fstree,fstree.collect_entries,width-40000,1,1,40000,0,,217.318125,217.318125,217.318125,217.318125,217.318125,0.0,0.0,216.75,4601548.996430923,,4601548.996430923,,296472.0,,,structured,40000,1,40000,wide,,40257,1,width,plain
rust,fstree,fstree.collect_entries,width-4096,1,1,4096,0,,215.4140625,215.4140625,215.4140625,215.4140625,215.4140625,0.0,0.0,214.84375,4642222.464004642,,4642222.464004642,,296472.0,,,structured,4096,1,4096,wide,,4122,1,width,plain
rust,fstree,fstree.decode_dir_leaf,entries-1024,1,1,65536,4849856,encoded,213.4107666015625,213.4107666015625,213.4107666015625,213.4107666015625,213.4107666015625,0.0,0.0,212.677001953125,4685799.2027506195,346762868.9308976,4685799.2027506195,,296472.0,75779,64,structured,1024,,,leaf,,,1,entries,plain
rust,fstree,fstree.decode_dir_leaf,entries-128,1,1,8192,606336,encoded,212.428466796875,212.428466796875,212.428466796875,212.428466796875,212.428466796875,0.0,0.0,212.0361328125,4707467.0126777515,348426113.1102267,4707467.0126777515,,296472.0,9474,64,structured,128,,,leaf,,,1,entries,plain
rust,fstree,fstree.decode_dir_leaf,entries-128-partial-change,1,1,8192,680064,encoded,223.256103515625,223.256103515625,223.256103515625,223.256103515625,223.256103515625,0.0,0.0,222.7783203125,4479160.857208157,371840338.0366709,4479160.857208157,,296472.0,10626,64,partial-change,128,,,leaf,,,1,entries,partial-change
rust,fstree,fstree.decode_dir_leaf,entries-128-with-xattrs,1,1,8192,680064,encoded,221.885009765625,221.885009765625,221.885009765625,221.885009765625,221.885009765625,0.0,0.0,221.6796875,4506838.930021863,374138050.5500962,4506838.930021863,,296472.0,10626,64,structured,128,,,leaf,,,1,entries,with-xattrs
rust,fstree,fstree.decode_dir_leaf,entries-8,1,1,512,37952,encoded,216.33203125,216.33203125,216.33203125,216.33203125,216.33203125,0.0,0.0,212.890625,4622523.970314729,342644589.29957926,4622523.970314729,,296472.0,593,64,structured,8,,,leaf,,,1,entries,plain
rust,fstree,fstree.decode_dir_node,pairs-1024,1,1,65536,3276992,encoded,96.89117431640625,96.89117431640625,96.89117431640625,96.89117431640625,96.89117431640625,0.0,0.0,96.4813232421875,10320857.467723697,516073110.27329737,10320857.467723697,,296472.0,51203,64,structured,1024,,,index,,,1,entries,plain
rust,fstree,fstree.decode_dir_node,pairs-128,1,1,8192,409728,encoded,98.518310546875,98.518310546875,98.518310546875,98.518310546875,98.518310546875,0.0,0.0,98.388671875,10150397.367240682,507678468.3208973,10150397.367240682,,296472.0,6402,64,structured,128,,,index,,,1,entries,plain
rust,fstree,fstree.decode_dir_node,pairs-8,1,1,512,25664,encoded,87.7265625,87.7265625,87.7265625,87.7265625,87.7265625,0.0,0.0,89.84375,11399056.015673703,571377682.7856443,11399056.015673703,,296472.0,401,64,structured,8,,,index,,,1,entries,plain
rust,fstree,fstree.decode_file_node,children-1024,1,1,65536,2228416,encoded,69.43989562988281,69.43989562988281,69.43989562988281,69.43989562988281,69.43989562988281,0.0,0.0,69.1375732421875,14400943.303976674,489674262.5987928,14400943.303976674,,296472.0,34819,64,structured,1024,,,file-index,,,1,entries,plain
rust,fstree,fstree.decode_file_node,children-128,1,1,8192,278656,encoded,67.7943115234375,67.7943115234375,67.7943115234375,67.7943115234375,67.7943115234375,0.0,0.0,67.626953125,14750500.116138581,501747480.5130264,14750500.116138581,,296472.0,4354,64,structured,128,,,file-index,,,1,entries,plain
rust,fstree,fstree.decode_file_node,children-65536,1,1,4194304,142606656,encoded,70.11217331886292,70.11217331886292,70.11217331886292,70.11217331886292,70.11217331886292,0.0,0.0,69.80443000793457,14262858.397672305,484938273.69059694,14262858.397672305,,296472.0,2228229,64,structured,65536,,,file-index,,,1,entries,plain
rust,fstree,fstree.decode_file_node,children-8,1,1,512,17472,encoded,67.138671875,67.138671875,67.138671875,67.138671875,67.138671875,0.0,0.0,68.359375,14894545.454545455,508276363.6363636,14894545.454545455,,296472.0,273,64,structured,8,,,file-index,,,1,entries,plain
rust,fstree,fstree.dir_builder,entries-16,1,1,16,0,,557.9375,557.9375,557.9375,557.9375,557.9375,0.0,0.0,625.0,1792315.4475187634,,1792315.4475187634,,296472.0,,,structured,16,1,16,wide,,,1,entries,plain
rust,fstree,fstree.dir_builder,entries-256,1,1,256,0,,346.28515625,346.28515625,346.28515625,346.28515625,346.28515625,0.0,0.0,351.5625,2887793.4325260296,,2887793.4325260296,,296472.0,,,structured,256,1,256,wide,,,1,entries,plain
rust,fstree,fstree.dir_builder,entries-40000,1,1,40000,0,,320.6097,320.6097,320.6097,320.6097,320.6097,0.0,0.0,319.375,3119057.2212880645,,3119057.2212880645,,296472.0,,,structured,40000,1,40000,wide,,,1,entries,plain
rust,fstree,fstree.dir_builder,entries-4096,1,1,4096,0,,308.4677734375,308.4677734375,308.4677734375,308.4677734375,308.4677734375,0.0,0.0,308.10546875,3241829.734290264,,3241829.734290264,,296472.0,,,structured,4096,1,4096,wide,,,1,entries,plain
rust,fstree,fstree.encode_blob,1MiB-duplicate,1,1,2,2097152,payload,137688.0,137688.0,137688.0,137688.0,137688.0,0.0,0.0,138500.0,7262.797048399279,7615594677.822323,,,296472.0,1048576,2,duplicate,,,,,,,1,item_bytes,duplicate
rust,fstree,fstree.encode_blob,1MiB-random,1,1,1,1048576,payload,137152.0,137152.0,137152.0,137152.0,137152.0,0.0,0.0,138000.0,7291.180587960803,7645356976.201587,,,296472.0,1048576,1,random,,,,,,,1,item_bytes,random
rust,fstree,fstree.encode_blob,1MiB-text,1,1,1,1048576,payload,152752.0,152752.0,152752.0,152752.0,152752.0,0.0,0.0,138000.0,6546.559128522049,6864564784.749136,,,296472.0,1048576,1,text,,,,,,,1,item_bytes,text
rust,fstree,fstree.encode_blob,4KiB-duplicate,1,1,256,1048576,payload,1136.6640625,1136.6640625,1136.6640625,1136.6640625,1136.6640625,0.0,0.0,1136.71875,879767.4114905872,3603527317.465445,,,296472.0,4096,256,duplicate,,,,,,,1,item_bytes,duplicate
rust,fstree,fstree.encode_blob,4KiB-random,1,1,256,1048576,payload,1137.328125,1137.328125,1137.328125,1137.328125,1137.328125,0.0,0.0,1140.625,879253.733393782,3601423291.9809313,,,296472.0,4096,256,random,,,,,,,1,item_bytes,random
rust,fstree,fstree.encode_blob,4KiB-text,1,1,256,1048576,payload,1150.1640625,1150.1640625,1150.1640625,1150.1640625,1150.1640625,0.0,0.0,1144.53125,869441.1802664022,3561231074.3711834,,,296472.0,4096,256,text,,,,,,,1,item_bytes,text
rust,fstree,fstree.encode_blob,empty,1,1,800,0,payload,90.77375,90.77375,90.77375,90.77375,90.77375,0.0,0.0,91.25,11016400.66649224,,,,296472.0,,800,empty,,,,,,,1,item_bytes,empty
rust,fstree,fstree.encode_blob,large-8MiB-duplicate,1,1,2,16777216,payload,1149636.0,1149636.0,1149636.0,1149636.0,1149636.0,0.0,0.0,1145500.0,869.8405408320547,7296751319.5481,,,296472.0,8388608,2,duplicate,,,,,,,1,item_bytes,duplicate
rust,fstree,fstree.encode_blob,large-8MiB-random,1,1,1,8388608,payload,1091314.0,1091314.0,1091314.0,1091314.0,1091314.0,0.0,0.0,1089000.0,916.3265567930036,7686704284.926245,,,296472.0,8388608,1,random,,,,,,,1,item_bytes,random
rust,fstree,fstree.encode_blob,large-8MiB-text,1,1,1,8388608,payload,1092037.0,1092037.0,1092037.0,1092037.0,1092037.0,0.0,0.0,1090000.0,915.7198886118327,7681615183.368329,,,296472.0,8388608,1,text,,,,,,,1,item_bytes,text
rust,fstree,fstree.encode_blob,tiny-64B-duplicate,1,1,16384,1048576,payload,110.5970458984375,110.5970458984375,110.5970458984375,110.5970458984375,110.5970458984375,0.0,0.0,110.53466796875,9041832.825429272,578677300.8274734,,,296472.0,64,16384,duplicate,,,,,,,1,item_bytes,duplicate
rust,fstree,fstree.encode_blob,tiny-64B-random,1,1,16384,1048576,payload,110.361572265625,110.361572265625,110.361572265625,110.361572265625,110.361572265625,0.0,0.0,110.107421875,9061124.986450344,579911999.132822,,,296472.0,64,16384,random,,,,,,,1,item_bytes,random
rust,fstree,fstree.encode_blob,tiny-64B-text,1,1,16384,1048576,payload,111.374267578125,111.374267578125,111.374267578125,111.374267578125,111.374267578125,0.0,0.0,111.14501953125,8978734.691103907,574639020.2306501,,,296472.0,64,16384,text,,,,,,,1,item_bytes,text
rust,fstree,fstree.encode_dir_leaf,entries-1024,1,1,65536,4849856,encoded,46.68280029296875,46.68280029296875,46.68280029296875,46.68280029296875,46.68280029296875,0.0,0.0,46.5850830078125,21421165.69109539,1585229018.4624195,21421165.69109539,,296472.0,75779,64,structured,1024,,,leaf,,,1,entries,plain
rust,fstree,fstree.encode_dir_leaf,entries-128,1,1,8192,606336,encoded,58.916259765625,58.916259765625,58.916259765625,58.916259765625,58.916259765625,0.0,0.0,58.7158203125,16973243.10772788,1256285196.8954215,16973243.10772788,,296472.0,9474,64,structured,128,,,leaf,,,1,entries,plain
rust,fstree,fstree.encode_dir_leaf,entries-128-partial-change,1,1,8192,680064,encoded,66.366943359375,66.366943359375,66.366943359375,66.366943359375,66.366943359375,0.0,0.0,66.5283203125,15067742.303348674,1250858044.6514297,15067742.303348674,,296472.0,10626,64,partial-change,128,,,leaf,,,1,entries,partial-change
rust,fstree,fstree.encode_dir_leaf,entries-128-with-xattrs,1,1,8192,680064,encoded,68.60400390625,68.60400390625,68.60400390625,68.60400390625,68.60400390625,0.0,0.0,66.89453125,14576408.708834812,1210069679.219365,14576408.708834812,,296472.0,10626,64,structured,128,,,leaf,,,1,entries,with-xattrs
rust,fstree,fstree.encode_dir_leaf,entries-8,1,1,512,37952,encoded,132.166015625,132.166015625,132.166015625,132.166015625,132.166015625,0.0,0.0,132.8125,7566241.55817287,560847655.499564,7566241.55817287,,296472.0,593,64,structured,8,,,leaf,,,1,entries,plain
rust,fstree,fstree.encode_dir_node,pairs-1024,1,1,65536,3276992,encoded,30.90313720703125,30.90313720703125,30.90313720703125,30.90313720703125,30.90313720703125,0.0,0.0,30.8380126953125,32359174.193242572,1618053511.9302728,32359174.193242572,,296472.0,51203,64,structured,1024,,,index,,,1,entries,plain
rust,fstree,fstree.encode_dir_node,pairs-128,1,1,8192,409728,encoded,42.9898681640625,42.9898681640625,42.9898681640625,42.9898681640625,42.9898681640625,0.0,0.0,42.96875,23261294.87496202,1163428201.4805224,23261294.87496202,,296472.0,6402,64,structured,128,,,index,,,1,entries,plain
rust,fstree,fstree.encode_dir_node,pairs-8,1,1,512,25664,encoded,90.0546875,90.0546875,90.0546875,90.0546875,90.0546875,0.0,0.0,89.84375,11104363.667910123,556606228.853995,11104363.667910123,,296472.0,401,64,structured,8,,,index,,,1,entries,plain
rust,fstree,fstree.encode_file_node,children-1024,1,1,65536,2228416,encoded,13.270736694335938,13.270736694335938,13.270736694335938,13.270736694335938,13.270736694335938,0.0,0.0,13.24462890625,75353766.94097234,2562248838.982145,75353766.94097234,,296472.0,34819,64,structured,1024,,,file-index,,,1,entries,plain
rust,fstree,fstree.encode_file_node,children-128,1,1,8192,278656,encoded,19.185791015625,19.185791015625,19.185791015625,19.185791015625,19.185791015625,0.0,0.0,19.287109375,52121906.21619902,1772959216.1353948,52121906.21619902,,296472.0,4354,64,structured,128,,,file-index,,,1,entries,plain
rust,fstree,fstree.encode_file_node,children-65536,1,1,4194304,142606656,encoded,12.466405391693115,12.466405391693115,12.466405391693115,12.466405391693115,12.466405391693115,0.0,0.0,12.414932250976562,80215584.89236534,2727336006.3038683,80215584.89236534,,296472.0,2228229,64,structured,65536,,,file-index,,,1,entries,plain
rust,fstree,fstree.encode_file_node,children-8,1,1,512,17472,encoded,46.984375,46.984375,46.984375,46.984375,46.984375,0.0,0.0,46.875,21283671.433322247,726305287.6621218,21283671.433322247,,296472.0,273,64,structured,8,,,file-index,,,1,entries,plain
rust,fstree,fstree.encode_xattr_set,xattrs-64,1,1,4096,0,,99.947021484375,99.947021484375,99.947021484375,99.947021484375,99.947021484375,0.0,0.0,99.365234375,10005300.659773367,,,,296472.0,,64,structured,64,,,,,,1,,
rust,fstree,fstree.index_builder_file,children-1024,1,1,1024,0,,70.9169921875,70.9169921875,70.9169921875,70.9169921875,70.9169921875,0.0,0.0,71.2890625,14100992.853110068,,14100992.853110068,,296472.0,,,structured,1024,,1024,file-index,,,1,entries,plain
rust,fstree,fstree.index_builder_file,children-128,1,1,128,0,,70.6015625,70.6015625,70.6015625,70.6015625,70.6015625,0.0,0.0,78.125,14163992.475378998,,14163992.475378998,,296472.0,,,structured,128,,128,file-index,,,1,entries,plain
rust,fstree,fstree.index_builder_file,children-65536,1,1,65536,0,,69.30123901367188,69.30123901367188,69.30123901367188,69.30123901367188,69.30123901367188,0.0,0.0,69.15283203125,14429756.440613106,,14429756.440613106,,296472.0,,,structured,65536,,65536,file-index,,,1,entries,plain
rust,fstree,fstree.index_builder_file,children-8,1,1,8,0,,97.75,97.75,97.75,97.75,97.75,0.0,0.0,125.0,10230179.028132992,,10230179.028132992,,296472.0,,,structured,8,,8,file-index,,,1,entries,plain
rust,fstree,fstree.list_entries,widest/first-page-100,1,1,6400,0,,856.53,856.53,856.53,856.53,856.53,0.0,0.0,852.5,1167501.430189252,,1167501.430189252,,296472.0,,64,structured,40000,1,40000,wide,,,1,,
rust,fstree,fstree.list_entries,width-16/full-paging-100,1,1,16,0,,638.75,638.75,638.75,638.75,638.75,0.0,0.0,625.0,1565557.7299412915,,1565557.7299412915,,296472.0,,,structured,16,1,16,wide,,17,1,width,plain
rust,fstree,fstree.list_entries,width-256/full-paging-100,1,1,256,0,,402.76171875,402.76171875,402.76171875,402.76171875,402.76171875,0.0,0.0,402.34375,2482857.6139350384,,2482857.6139350384,,296472.0,,,structured,256,1,256,wide,,259,1,width,plain
rust,fstree,fstree.list_entries,width-40000/full-paging-100,1,1,40000,0,,832.148375,832.148375,832.148375,832.148375,832.148375,0.0,0.0,829.05,1201708.769785196,,1201708.769785196,,296472.0,,,structured,40000,1,40000,wide,,40257,1,width,plain
rust,fstree,fstree.list_entries,width-4096/full-paging-100,1,1,4096,0,,712.31787109375,712.31787109375,712.31787109375,712.31787109375,712.31787109375,0.0,0.0,710.9375,1403867.6278955627,,1403867.6278955627,,296472.0,,,structured,4096,1,4096,wide,,4122,1,width,plain
rust,fstree,fstree.lookup_entry,width-16/hit,1,1,200,0,,2908.555,2908.555,2908.555,2908.555,2908.555,0.0,0.0,2900.0,343813.33686315024,,,,296472.0,,,structured,16,1,16,wide,,17,1,width,hit
rust,fstree,fstree.lookup_entry,width-16/miss,1,1,200,0,,2909.005,2909.005,2909.005,2909.005,2909.005,0.0,0.0,2910.0,343760.1516669789,,,,296472.0,,,structured,16,1,16,wide,,17,1,width,miss
rust,fstree,fstree.lookup_entry,width-256/hit,1,1,200,0,,25566.54,25566.54,25566.54,25566.54,25566.54,0.0,0.0,25455.0,39113.62272720517,,,,296472.0,,,structured,256,1,256,wide,,259,1,width,hit
rust,fstree,fstree.lookup_entry,width-256/miss,1,1,200,0,,220.57,220.57,220.57,220.57,220.57,0.0,0.0,225.0,4533708.119871243,,,,296472.0,,,structured,256,1,256,wide,,259,1,width,miss
rust,fstree,fstree.lookup_entry,width-40000/hit,1,1,200,0,,64279.89,64279.89,64279.89,64279.89,64279.89,0.0,0.0,64030.0,15556.965016586058,,,,296472.0,,,structured,40000,1,40000,wide,,40257,1,width,hit
rust,fstree,fstree.lookup_entry,width-40000/miss,1,1,200,0,,220.275,220.275,220.275,220.275,220.275,0.0,0.0,225.0,4539779.820678697,,,,296472.0,,,structured,40000,1,40000,wide,,40257,1,width,miss
rust,fstree,fstree.lookup_entry,width-4096/hit,1,1,200,0,,52784.23,52784.23,52784.23,52784.23,52784.23,0.0,0.0,52585.0,18945.05233854884,,,,296472.0,,,structured,4096,1,4096,wide,,4122,1,width,hit
rust,fstree,fstree.lookup_entry,width-4096/miss,1,1,200,0,,2028.075,2028.075,2028.075,2028.075,2028.075,0.0,0.0,2030.0,493078.4117944356,,,,296472.0,,,structured,4096,1,4096,wide,,4122,1,width,miss
rust,fstree,fstree.reachable_keys,deep,0,1,24,0,,43238.416666666664,43238.416666666664,43238.416666666664,43238.416666666664,43238.416666666664,0.0,0.0,82000.0,23127.581375358717,,,23127.581375358717,296472.0,,,structured,,24,,deep,,,,,
rust,fstree,fstree.reachable_keys,file-corpus,0,1,4,0,,21057.75,21057.75,21057.75,21057.75,21057.75,0.0,0.0,30500.0,47488.454369531406,,,47488.454369531406,296472.0,,,text,4,,,file-index,,,,,
rust,fstree,fstree.reachable_keys,width-16,0,1,17,0,,6314.411764705882,6314.411764705882,6314.411764705882,6314.411764705882,6314.411764705882,0.0,0.0,12235.29411764706,158367.87926778145,,,158367.87926778145,296472.0,,,structured,16,1,16,wide,,17,,width,plain
rust,fstree,fstree.reachable_keys,width-256,0,1,259,0,,700.2162162162163,700.2162162162163,700.2162162162163,700.2162162162163,700.2162162162163,0.0,0.0,1285.7142857142858,1428130.3072410068,,,1428130.3072410068,296472.0,,,structured,256,1,256,wide,,259,,width,plain
rust,fstree,fstree.reachable_keys,width-40000,0,1,40257,0,,108.75234120774027,108.75234120774027,108.75234120774027,108.75234120774027,108.75234120774027,0.0,0.0,415.08309113942914,9195204.34130044,,,9195204.34130044,296472.0,,,structured,40000,1,40000,wide,,40257,,width,plain
rust,fstree,fstree.reachable_keys,width-4096,0,1,4122,0,,143.5177098495876,143.5177098495876,143.5177098495876,143.5177098495876,143.5177098495876,0.0,0.0,448.32605531295485,6967781.196118868,,,6967781.196118868,296472.0,,,structured,4096,1,4096,wide,,4122,,width,plain
rust,fstree,fstree.resolve_entry,depth-1,1,1,256,0,,3389.6796875,3389.6796875,3389.6796875,3389.6796875,3389.6796875,0.0,0.0,4105.46875,295013.12577930716,,,,296472.0,,256,structured,,1,16,deep,,,1,depth,plain
rust,fstree,fstree.resolve_entry,depth-12,1,1,256,0,,8207.828125,8207.828125,8207.828125,8207.828125,8207.828125,0.0,0.0,8187.5,121834.90988975845,,,,296472.0,,256,structured,,12,16,deep,,,1,depth,plain
rust,fstree,fstree.resolve_entry,depth-24,1,1,256,0,,13563.91796875,13563.91796875,13563.91796875,13563.91796875,13563.91796875,0.0,0.0,13542.96875,73725.01089315835,,,,296472.0,,256,structured,,24,16,deep,,,1,depth,plain
rust,fstree,fstree.resolve_entry,depth-4,1,1,256,0,,4663.20703125,4663.20703125,4663.20703125,4663.20703125,4663.20703125,0.0,0.0,4660.15625,214444.6929545704,,,,296472.0,,256,structured,,4,16,deep,,,1,depth,plain
rust,fstree,fstree.resolve_path,depth-1,1,1,256,0,,463.77734375,463.77734375,463.77734375,463.77734375,463.77734375,0.0,0.0,464.84375,2156207.0969535154,,,,296472.0,,256,structured,,1,16,deep,,,1,depth,plain
rust,fstree,fstree.resolve_path,depth-12,1,1,256,0,,5248.69921875,5248.69921875,5248.69921875,5248.69921875,5248.69921875,0.0,0.0,5230.46875,190523.39604976532,,,,296472.0,,256,structured,,12,16,deep,,,1,depth,plain
rust,fstree,fstree.resolve_path,depth-24,1,1,256,0,,10566.7890625,10566.7890625,10566.7890625,10566.7890625,10566.7890625,0.0,0.0,10539.0625,94636.12778538892,,,,296472.0,,256,structured,,24,16,deep,,,1,depth,plain
rust,fstree,fstree.resolve_path,depth-4,1,1,256,0,,1818.39453125,1818.39453125,1818.39453125,1818.39453125,1818.39453125,0.0,0.0,1812.5,549935.661823939,,,,296472.0,,256,structured,,4,16,deep,,,1,depth,plain
rust,fstree,fstree.write_content,file-corpus,1,1,4,4194304,payload,36547.5,36547.5,36547.5,36547.5,36547.5,0.0,0.0,36500.0,27361.652643819685,28690772282.64587,,,296472.0,4194304,,text,4,,,file-index,,,1,,
rust,gc,gc.close,idle,4,1,1,0,,1152.0,1152.0,1152.0,1152.0,1152.0,0.0,0.0,1000.0,868055.5555555555,,,,296472.0,,1,structured,,,,,335,1500,4,,
rust,gc,gc.open,populated,4,1,1,0,,31410.0,31410.0,31410.0,31410.0,31410.0,0.0,0.0,32000.0,31836.99458771092,,,,296472.0,,1,structured,,,,,335,1500,4,,
rust,gc,gc.prepare_ref,missing-root,4,1,64,0,,143.40625,143.40625,143.40625,143.40625,143.40625,0.0,0.0,156.25,6973196.774896491,,,,296472.0,,64,structured,,,,,335,1500,4,,
rust,gc,gc.prepare_ref,tree-root/abort,4,1,1,0,,420513.0,420513.0,420513.0,420513.0,420513.0,0.0,0.0,1238000.0,2378.0477654674173,,,,296472.0,,1,structured,,,,,335,1500,4,,
rust,gc,gc.prepare_ref,tree-root/commit,4,1,1,0,,375056.0,375056.0,375056.0,375056.0,375056.0,0.0,0.0,1032000.0,2666.2685039034172,,,,296472.0,,1,structured,,,,,335,1500,4,,
rust,gc,gc.release_ref,batch,4,1,4096,0,,0.87060546875,0.87060546875,0.87060546875,0.87060546875,0.87060546875,0.0,0.0,1.220703125,1148625911.3853056,,,,296472.0,,4096,structured,,,,,335,1500,4,,
rust,gc,gc.run,nothing-to-reclaim,4,1,1,0,,181607.0,181607.0,181607.0,181607.0,181607.0,0.0,0.0,183000.0,5506.395678580671,,,,296472.0,,1,structured,,,,,335,1500,4,,
rust,gc,gc.run,reclaimable-packs,4,1,1,0,,1013266.0,1013266.0,1013266.0,1013266.0,1013266.0,0.0,0.0,1220000.0,986.9076826815466,,,,296472.0,,1,structured,,,,,335,1500,4,,
rust,gc,gc.status,mark+score,4,1,1,0,,214660.0,214660.0,214660.0,214660.0,214660.0,0.0,0.0,217000.0,4658.529768005217,,,,296472.0,,1,structured,,,,,335,1500,4,,
rust,gc,gc.why,live-root,4,1,1,0,,5590.0,5590.0,5590.0,5590.0,5590.0,0.0,0.0,6000.0,178890.87656529518,,,,296472.0,,1,structured,,,,,335,1500,4,,
rust,gc,gc.wipe,store-reset,4,1,1,0,,430993.0,430993.0,430993.0,430993.0,430993.0,0.0,0.0,416000.0,2320.2232982902274,,,,296472.0,,1,structured,,,,,335,1500,4,,
rust,inbox,inbox.close,drained,4,1,1,0,,1613723.0,1613723.0,1613723.0,1613723.0,1613723.0,0.0,0.0,9575000.0,619.6850388821377,,,,296472.0,,8,structured,,,,,,256,4,,
rust,inbox,inbox.commit,packs/duplicate,4,1,8,0,,21283.125,21283.125,21283.125,21283.125,21283.125,0.0,0.0,21375.0,46985.581299738646,,,,296472.0,,8,structured,,,,,,256,4,,
rust,inbox,inbox.discard,packs,4,1,8,0,,18735.75,18735.75,18735.75,18735.75,18735.75,0.0,0.0,18750.0,53373.89749542986,,,,296472.0,,8,structured,,,,,,256,4,,
rust,inbox,inbox.drain,packs/new,4,1,8,2252288,payload,281259.75,281259.75,281259.75,281259.75,281259.75,0.0,0.0,1750625.0,3555.432300569136,1000982188.1730322,,,296472.0,,8,structured,,,,,,256,4,,
rust,inbox,inbox.open,empty,4,1,1,0,,84231.0,84231.0,84231.0,84231.0,84231.0,0.0,0.0,112000.0,11872.113592382851,,,,296472.0,,1,structured,,,,,,,4,,
rust,inbox,inbox.open,sweeps-staged-tmp-files,4,1,8,0,,27656.625,27656.625,27656.625,27656.625,27656.625,0.0,0.0,30875.0,36157.701816472545,,,,296472.0,,8,structured,,,,,,256,4,,
rust,inbox,inbox.stage,packs,4,1,8,2252288,payload,183064.625,183064.625,183064.625,183064.625,183064.625,0.0,0.0,93375.0,5462.551817425131,1537904988.4706016,,,296472.0,,8,structured,,,,,,256,4,,
rust,ingest,ingest.dir,single-file/jobs-1,1,1,1,524288,included,2162510.0,2162510.0,2162510.0,2162510.0,2162510.0,0.0,0.0,2075000.0,462.4256072804288,242444196.78984144,,,296472.0,524288,,text,,,,,1,,1,,
rust,ingest,ingest.dir,tree/fresh-store/jobs-1,1,1,335,7196448,included,43492.244776119405,43492.244776119405,43492.244776119405,43492.244776119405,43492.244776119405,0.0,0.0,67002.98507462686,22992.604891920342,493925628.3261205,,,301236.0,,,tree,335,,,,335,,1,,
rust,ingest,ingest.dir,tree/fresh-store/jobs-N,4,1,335,7196448,included,29693.829850746268,29693.829850746268,29693.829850746268,29693.829850746268,29693.829850746268,0.0,0.0,83211.94029850746,33677.03004383141,723447747.7757326,,,309172.0,,,tree,335,,,,335,,4,,
rust,ingest,ingest.dir,tree/incremental-change/jobs-1,1,1,343,7228128,included,20927.090379008747,20927.090379008747,20927.090379008747,20927.090379008747,20927.090379008747,0.0,0.0,32037.90087463557,47784.95155748293,1006984683.1815917,,,309188.0,,,tree,343,,,,343,,1,,
rust,ingest,ingest.dir,tree/incremental-change/jobs-N,4,1,343,7228128,included,19855.597667638485,19855.597667638485,19855.597667638485,19855.597667638485,19855.597667638485,0.0,0.0,46244.897959183676,50363.63129123247,1061325870.3143836,,,312004.0,,,tree,343,,,,343,,4,,
rust,ingest,ingest.dir,tree/unchanged-repeat/jobs-1,1,1,335,7196448,included,24786.2447761194,24786.2447761194,24786.2447761194,24786.2447761194,24786.2447761194,0.0,0.0,35173.13432835821,40344.95781964768,866687734.3620535,,,314308.0,,,tree,335,,,,335,,1,,
rust,ingest,ingest.dir,tree/unchanged-repeat/jobs-N,4,1,335,7196448,included,18799.943283582088,18799.943283582088,18799.943283582088,18799.943283582088,18799.943283582088,0.0,0.0,48247.76119402985,53191.64983190645,1142659528.5060403,,,315332.0,,,tree,335,,,,335,,4,,
rust,ingest,ingest.objects,tree/jobs-1,1,1,335,7196448,included,22607.2447761194,22607.2447761194,22607.2447761194,22607.2447761194,22607.2447761194,0.0,0.0,29662.68656716418,44233.6078501846,950223458.9440157,,,317100.0,,,tree,335,,,,335,,1,,
rust,ingest,ingest.objects,tree/jobs-N,4,1,335,7196448,included,19279.453731343285,19279.453731343285,19279.453731343285,19279.453731343285,19279.453731343285,0.0,0.0,46450.746268656716,51868.689535236415,1114239782.2939494,,,318124.0,,,tree,335,,,,335,,4,,
rust,ingest,ingest.scan,filtered/jobs-1,1,1,335,7196448,logical-scanned,2926.9940298507463,2926.9940298507463,2926.9940298507463,2926.9940298507463,2926.9940298507463,0.0,0.0,5570.149253731343,341647.4341257854,7339247743.34221,,,318124.0,,,tree,335,,,,335,,1,,
rust,ingest,ingest.scan,filtered/jobs-N,4,1,335,7196448,logical-scanned,3131.7432835820896,3131.7432835820896,3131.7432835820896,3131.7432835820896,3131.7432835820896,0.0,0.0,10074.626865671642,319310.9745752211,6859417386.148957,,,318124.0,,,tree,335,,,,335,,4,,
rust,ingest,ingest.scan,unfiltered/jobs-1,1,1,355,7229312,logical-scanned,1406.687323943662,1406.687323943662,1406.687323943662,1406.687323943662,1406.687323943662,0.0,0.0,2721.1267605633802,710890.0343229724,14476748889.60979,,,318124.0,,,tree,355,,,,355,,1,,
rust,key,key.accessors,type+length+length_size+hash,1,1,800,0,,9.2175,9.2175,9.2175,9.2175,9.2175,0.0,0.0,28.75,108489286.68294007,,,,318124.0,32,200,structured,,,,,,,1,,
rust,key,key.new,1MiB-duplicate,1,1,2,2097152,payload,175289.5,175289.5,175289.5,175289.5,175289.5,0.0,0.0,173500.0,5704.848265298264,5981966974.633392,,,318124.0,1048576,2,duplicate,,,,,,,1,item_bytes,duplicate
rust,key,key.new,1MiB-random,1,1,1,1048576,payload,171778.0,171778.0,171778.0,171778.0,171778.0,0.0,0.0,172000.0,5821.467242603826,6104250835.380549,,,318124.0,1048576,1,random,,,,,,,1,item_bytes,random
rust,key,key.new,1MiB-text,1,1,1,1048576,payload,172810.0,172810.0,172810.0,172810.0,172810.0,0.0,0.0,174000.0,5786.702158439905,6067797002.488282,,,318124.0,1048576,1,text,,,,,,,1,item_bytes,text
rust,key,key.new,4KiB-duplicate,1,1,256,1048576,payload,1328.671875,1328.671875,1328.671875,1328.671875,1328.671875,0.0,0.0,1328.125,752631.269477274,3082777679.7789145,,,318124.0,4096,256,duplicate,,,,,,,1,item_bytes,duplicate
rust,key,key.new,4KiB-random,1,1,256,1048576,payload,1330.078125,1330.078125,1330.078125,1330.078125,1330.078125,0.0,0.0,1316.40625,751835.5359765051,3079518355.359765,,,318124.0,4096,256,random,,,,,,,1,item_bytes,random
rust,key,key.new,4KiB-text,1,1,256,1048576,payload,1318.84765625,1318.84765625,1318.84765625,1318.84765625,1318.84765625,0.0,0.0,1324.21875,758237.6897445391,3105741577.193632,,,318124.0,4096,256,text,,,,,,,1,item_bytes,text
rust,key,key.new,empty,1,1,800,0,payload,79.13875,79.13875,79.13875,79.13875,79.13875,0.0,0.0,80.0,12636034.812275907,,,,318124.0,,800,empty,,,,,,,1,item_bytes,empty
rust,key,key.new,large-8MiB-duplicate,1,1,2,16777216,payload,1403806.5,1403806.5,1403806.5,1403806.5,1403806.5,0.0,0.0,1398500.0,712.348888539838,5975615585.196393,,,318124.0,8388608,2,duplicate,,,,,,,1,item_bytes,duplicate
rust,key,key.new,large-8MiB-random,1,1,1,8388608,payload,1338327.0,1338327.0,1338327.0,1338327.0,1338327.0,0.0,0.0,1337000.0,747.2015434195081,6267980844.741233,,,318124.0,8388608,1,random,,,,,,,1,item_bytes,random
rust,key,key.new,large-8MiB-text,1,1,1,8388608,payload,1481319.0,1481319.0,1481319.0,1481319.0,1481319.0,0.0,0.0,1391000.0,675.0740387451993,5662931482.010289,,,318124.0,8388608,1,text,,,,,,,1,item_bytes,text
rust,key,key.new,tiny-64B-duplicate,1,1,16384,1048576,payload,84.01971435546875,84.01971435546875,84.01971435546875,84.01971435546875,84.01971435546875,0.0,0.0,83.8623046875,11901968.57572286,761725988.846263,,,318124.0,64,16384,duplicate,,,,,,,1,item_bytes,duplicate
rust,key,key.new,tiny-64B-random,1,1,16384,1048576,payload,86.5361328125,86.5361328125,86.5361328125,86.5361328125,86.5361328125,0.0,0.0,86.42578125,11555866.520713665,739575457.3256745,,,318124.0,64,16384,random,,,,,,,1,item_bytes,random
rust,key,key.new,tiny-64B-text,1,1,16384,1048576,payload,86.4505615234375,86.4505615234375,86.4505615234375,86.4505615234375,86.4505615234375,0.0,0.0,85.99853515625,11567304.854681497,740307510.6996158,,,318124.0,64,16384,text,,,,,,,1,item_bytes,text
rust,key,key.new_from_hash,batch,1,1,200,0,,36.07,36.07,36.07,36.07,36.07,0.0,0.0,40.0,27723870.25228722,,,,318124.0,32,200,structured,,,,,,,1,,
rust,key,key.parse,canonical,1,1,200,0,,27.1,27.1,27.1,27.1,27.1,0.0,0.0,30.0,36900369.003690034,,,,318124.0,32,200,structured,,,,,,,1,,
rust,key,key.parse,malformed,1,1,1024,0,,1.0078125,1.0078125,1.0078125,1.0078125,1.0078125,0.0,0.0,1.953125,992248062.0155039,,,,318124.0,32,1024,structured,,,,,,,1,,
rust,key,key.string,hex,1,1,200,0,,464.435,464.435,464.435,464.435,464.435,0.0,0.0,470.0,2153153.8320755325,,,,318124.0,32,200,structured,,,,,,,1,,
rust,key,key.type_string,names,1,1,200,0,,15.73,15.73,15.73,15.73,15.73,0.0,0.0,20.0,63572790.84551812,,,,318124.0,32,200,structured,,,,,,,1,,
rust,key,key.validate,canonical,1,1,200,0,,1.155,1.155,1.155,1.155,1.155,0.0,0.0,5.0,865800865.8008658,,,,318124.0,32,200,structured,,,,,,,1,,
rust,packstore,packstore.append_record,pre-encoded+sync,1,1,64,2170880,payload,11375.796875,11375.796875,11375.796875,11375.796875,11375.796875,0.0,0.0,9515.625,87905.92966701508,2981769134.3051515,,,318124.0,,64,structured,,,,,,64,1,,
rust,packstore,packstore.barrier,begin+observe+abort,1,1,1500,0,,40.684666666666665,40.684666666666665,40.684666666666665,40.684666666666665,40.684666666666665,0.0,0.0,41.333333333333336,24579284.578956854,,,,318124.0,,1500,structured,,,,,,1500,1,,
rust,packstore,packstore.close,populated,1,1,1,0,,252442.0,252442.0,252442.0,252442.0,252442.0,0.0,0.0,92000.0,3961.305963349997,,,,318124.0,,1,structured,,,,,,1500,1,,
rust,packstore,packstore.compact,90-percent-dead,1,1,1500,0,,751.1013333333333,751.1013333333333,751.1013333333333,751.1013333333333,751.1013333333333,0.0,0.0,1114.6666666666667,1331378.278297114,,,,323016.0,,150,structured,,,,,,1500,1,,
rust,packstore,packstore.compact,nothing-dead,1,1,1500,0,,226.36533333333333,226.36533333333333,226.36533333333333,226.36533333333333,226.36533333333333,0.0,0.0,86.66666666666667,4417637.565233781,,,,323016.0,,1500,structured,,,,,,1500,1,,
rust,packstore,packstore.get,hit,1,1,200,0,,5064.07,5064.07,5064.07,5064.07,5064.07,0.0,0.0,5050.0,197469.62423505203,,,197469.62423505203,323016.0,,200,structured,,,,,,1500,1,,
rust,packstore,packstore.get,miss,1,1,200,0,,42.33,42.33,42.33,42.33,42.33,0.0,0.0,45.0,23623907.394283015,,,23623907.394283015,323016.0,,200,structured,,,,,,1500,1,,
rust,packstore,packstore.get_record,hit,1,1,200,0,,312.645,312.645,312.645,312.645,312.645,0.0,0.0,320.0,3198515.8886276768,,,,323016.0,,200,structured,,,,,,1500,1,,
rust,packstore,packstore.has,hit,1,1,200,0,,67.93,67.93,67.93,67.93,67.93,0.0,0.0,75.0,14721036.360959811,,,14721036.360959811,323016.0,,200,structured,,,,,,1500,1,,
rust,packstore,packstore.has,miss,1,1,200,0,,28.3,28.3,28.3,28.3,28.3,0.0,0.0,30.0,35335689.0459364,,,35335689.0459364,323016.0,,200,structured,,,,,,1500,1,,
rust,packstore,packstore.has_outside,sealed-segment,1,1,200,0,,37.22,37.22,37.22,37.22,37.22,0.0,0.0,40.0,26867275.658248253,,,,323016.0,,200,structured,,,,,,1500,1,,
rust,packstore,packstore.liveness,tenth-live,1,1,1,0,,30558.0,30558.0,30558.0,30558.0,30558.0,0.0,0.0,31000.0,32724.654754892337,,,,323016.0,,1,structured,,,,,,1500,1,,
rust,packstore,packstore.mark_set_contains,all-keys,1,1,1500,0,,86.30466666666666,86.30466666666666,86.30466666666666,86.30466666666666,86.30466666666666,0.0,0.0,84.0,11586858.957028203,,,,323016.0,,1500,structured,,,,,,1500,1,,
rust,packstore,packstore.mark_set_mark,all-keys,1,1,1500,0,,45.794,45.794,45.794,45.794,45.794,0.0,0.0,46.0,21836921.86749356,,,,323016.0,,1500,structured,,,,,,1500,1,,
rust,packstore,packstore.missing,half-present,1,1,200,0,,503.36,503.36,503.36,503.36,503.36,0.0,0.0,985.0,1986649.7139224412,,,,323016.0,,200,structured,,,,,,1500,1,,
rust,packstore,packstore.new_mark_set,snapshot,1,1,16,0,,12348.625,12348.625,12348.625,12348.625,12348.625,0.0,0.0,12375.0,80980.6759861928,,,,323016.0,,16,structured,,,,,,1500,1,,
rust,packstore,packstore.oldest_inflight_write,idle,1,1,4096,0,,3.209228515625,3.209228515625,3.209228515625,3.209228515625,3.209228515625,0.0,0.0,3.173828125,311601369.3419551,,,,323016.0,,4096,structured,,,,,,1500,1,,
rust,packstore,packstore.open,empty,1,1,1,0,,13787.0,13787.0,13787.0,13787.0,13787.0,0.0,0.0,14000.0,72532.09545223761,,,,323016.0,,1,structured,,,,,,,1,,
rust,packstore,packstore.open,populated-reopen,1,1,1,0,,253104.0,253104.0,253104.0,253104.0,253104.0,0.0,0.0,254000.0,3950.9450660598013,,,,323016.0,,1,structured,,,,,,1500,1,,
rust,packstore,packstore.put,1MiB-duplicate/sync-off,1,1,2,2097152,payload,275411.5,275411.5,275411.5,275411.5,275411.5,0.0,0.0,234000.0,3630.930444080948,3807306521.332624,,3630.930444080948,323016.0,1048576,2,duplicate,,,,,,,1,item_bytes,duplicate
rust,packstore,packstore.put,1MiB-random/sync-off,1,1,1,1048576,payload,513962.0,513962.0,513962.0,513962.0,513962.0,0.0,0.0,433000.0,1945.6691350722426,2040181958.977512,,1945.6691350722426,323016.0,1048576,1,random,,,,,,,1,item_bytes,random
rust,packstore,packstore.put,1MiB-text/sync-off,1,1,1,1048576,payload,1963571.0,1963571.0,1963571.0,1963571.0,1963571.0,0.0,0.0,1862000.0,509.27621155537537,534014812.8078893,,509.27621155537537,323016.0,1048576,1,text,,,,,,,1,item_bytes,text
rust,packstore,packstore.put,4KiB-duplicate/sync-off,1,1,32,131072,payload,3967.90625,3967.90625,3967.90625,3967.90625,3967.90625,0.0,0.0,1500.0,252022.083435061,1032282453.7500099,,252022.083435061,323016.0,4096,32,duplicate,,,,,,,1,item_bytes,duplicate
rust,packstore,packstore.put,4KiB-random/already-present,1,1,32,131072,payload,85.15625,85.15625,85.15625,85.15625,85.15625,0.0,0.0,93.75,11743119.266055046,48099816513.76147,,11743119.266055046,323016.0,4096,32,random,,,,,,,1,item_bytes,random
rust,packstore,packstore.put,4KiB-random/sync-off,1,1,32,131072,payload,10473.75,10473.75,10473.75,10473.75,10473.75,0.0,0.0,8000.0,95476.78720611052,391072920.3962287,,95476.78720611052,323016.0,4096,32,random,,,,,,,1,item_bytes,random
rust,packstore,packstore.put,4KiB-random/sync-on,1,1,32,131072,payload,91705.8125,91705.8125,91705.8125,91705.8125,91705.8125,0.0,0.0,22375.0,10904.434220022858,44664562.56521363,,10904.434220022858,323016.0,4096,32,random,,,,,,,1,item_bytes,random
rust,packstore,packstore.put,4KiB-text/sync-off,1,1,32,131072,payload,19492.53125,19492.53125,19492.53125,19492.53125,19492.53125,0.0,0.0,16656.25,51301.70049105347,210131765.211355,,51301.70049105347,323016.0,4096,32,text,,,,,,,1,item_bytes,text
rust,packstore,packstore.put,empty/sync-off,1,1,800,0,payload,215.62375,215.62375,215.62375,215.62375,215.62375,0.0,0.0,118.75,4637708.044684317,,,4637708.044684317,323016.0,,800,empty,,,,,,,1,item_bytes,empty
rust,packstore,packstore.put,large-8MiB-duplicate/sync-off,1,1,2,16777216,payload,2604475.0,2604475.0,2604475.0,2604475.0,2604475.0,0.0,0.0,2034000.0,383.95453978248975,3220844124.0557117,,383.95453978248975,323016.0,8388608,2,duplicate,,,,,,,1,item_bytes,duplicate
rust,packstore,packstore.put,large-8MiB-random/sync-off,1,1,1,8388608,payload,6964594.0,6964594.0,6964594.0,6964594.0,6964594.0,0.0,0.0,3643000.0,143.58338763178443,1204464754.155088,,143.58338763178443,323016.0,8388608,1,random,,,,,,,1,item_bytes,random
rust,packstore,packstore.put,large-8MiB-text/sync-off,1,1,1,8388608,payload,14796425.0,14796425.0,14796425.0,14796425.0,14796425.0,0.0,0.0,14627000.0,67.58389273084546,566934783.2331121,,67.58389273084546,323016.0,8388608,1,text,,,,,,,1,item_bytes,text
rust,packstore,packstore.put,tiny-64B-duplicate/sync-off,1,1,2048,131072,payload,150.05712890625,150.05712890625,150.05712890625,150.05712890625,150.05712890625,0.0,0.0,99.609375,6664128.570824263,426504228.5327528,,6664128.570824263,323016.0,64,2048,duplicate,,,,,,,1,item_bytes,duplicate
rust,packstore,packstore.put,tiny-64B-random/sync-off,1,1,2048,131072,payload,1762.6201171875,1762.6201171875,1762.6201171875,1762.6201171875,1762.6201171875,0.0,0.0,1722.65625,567337.2215878462,36309582.181622155,,567337.2215878462,323016.0,64,2048,random,,,,,,,1,item_bytes,random
rust,packstore,packstore.put,tiny-64B-text/sync-off,1,1,2048,131072,payload,2340.15380859375,2340.15380859375,2340.15380859375,2340.15380859375,2340.15380859375,0.0,0.0,2282.71484375,427322.3393811546,27348629.720393896,,427322.3393811546,323016.0,64,2048,text,,,,,,,1,item_bytes,text
rust,packstore,packstore.put_verified,already-intact,1,1,25,0,,52295.88,52295.88,52295.88,52295.88,52295.88,0.0,0.0,52040.0,19121.965248505236,,,,323016.0,,25,structured,,,,,,1500,1,,
rust,packstore,packstore.record,by-location,1,1,200,0,,824.275,824.275,824.275,824.275,824.275,0.0,0.0,835.0,1213187.3464559764,,,,323016.0,,200,structured,,,,,,1500,1,,
rust,packstore,packstore.remove,one-sealed-segment,1,1,1,0,,96865.0,96865.0,96865.0,96865.0,96865.0,0.0,0.0,99000.0,10323.646311877355,,,,323016.0,,1,structured,,,,,,1500,1,,
rust,packstore,packstore.scan_index,all-segments,1,1,1500,0,,23.218,23.218,23.218,23.218,23.218,0.0,0.0,24.0,43070031.87182359,,,43070031.87182359,323016.0,,1500,structured,,,,,,1500,1,,
rust,packstore,packstore.segments,list,1,1,64,0,,2089.453125,2089.453125,2089.453125,2089.453125,2089.453125,0.0,0.0,2093.75,478594.12974387733,,,,323016.0,,64,structured,,,,,,1500,1,,
rust,packstore,packstore.sort_by_location,scattered,1,1,200,0,,102.95,102.95,102.95,102.95,102.95,0.0,0.0,110.0,9713453.132588636,,,,323016.0,,200,structured,,,,,,1500,1,,
rust,packstore,packstore.stored_size,hit,1,1,200,0,,55.71,55.71,55.71,55.71,55.71,0.0,0.0,55.0,17950098.72554299,,,,323016.0,,200,structured,,,,,,1500,1,,
rust,packstore,packstore.verify,full-scrub,1,1,1500,0,,4828.690666666666,4828.690666666666,4828.690666666666,4828.690666666666,4828.690666666666,0.0,0.0,4816.666666666667,207095.47764224836,,,,323016.0,,1500,structured,,,,,,1500,1,,
rust,packstore,packstore.wipe,populated,1,1,1,0,,225431.0,225431.0,225431.0,225431.0,225431.0,0.0,0.0,226000.0,4435.947141253865,,,,323016.0,,1,structured,,,,,,1500,1,,
rust,packstore,packstore.write_batch,mixed-objects,1,1,1500,13248000,payload,22415.406,22415.406,22415.406,22415.406,22415.406,0.0,0.0,21669.333333333332,44612.17432332031,394014723.62356496,,,323016.0,,1500,structured,,,,,,1500,1,,
rust,packstore,packstore.write_parallel,duplicate-stream/writers-N,4,1,1500,13248000,payload,858.574,858.574,858.574,858.574,858.574,0.0,0.0,2073.3333333333335,1164721.969218728,10286824432.139805,,,323016.0,,1500,duplicate,,,,,,1500,4,,
rust,packstore,packstore.write_parallel,mixed-objects/writers-1/verify-false,1,1,1500,13248000,payload,22612.629333333334,22612.629333333334,22612.629333333334,22612.629333333334,22612.629333333334,0.0,0.0,23423.333333333332,44223.07486931197,390578197.2457633,,,323016.0,,1500,structured,,,,,,1500,1,,
rust,packstore,packstore.write_parallel,mixed-objects/writers-1/verify-true,1,1,1500,13248000,payload,24095.455333333335,24095.455333333335,24095.455333333335,24095.455333333335,24095.455333333335,0.0,0.0,24305.333333333332,41501.602114014146,366542149.87097293,,,323016.0,,1500,structured,,,,,,1500,1,,
rust,packstore,packstore.write_parallel,mixed-objects/writers-N/verify-false,4,1,1500,13248000,payload,7197.408666666666,7197.408666666666,7197.408666666666,7197.408666666666,7197.408666666666,0.0,0.0,24002.666666666668,138938.89402602584,1227108312.0378604,,,323016.0,,1500,structured,,,,,,1500,4,,
rust,packstore,packstore.write_parallel,mixed-objects/writers-N/verify-true,4,1,1500,13248000,payload,8110.0453333333335,8110.0453333333335,8110.0453333333335,8110.0453333333335,8110.0453333333335,0.0,0.0,25729.333333333332,123303.87302397324,1089019806.5477316,,,323016.0,,1500,structured,,,,,,1500,4,,
rust,reference,reference.decode,signed,1,1,256,81152,encoded,441.78125,441.78125,441.78125,441.78125,441.78125,0.0,0.0,445.3125,2263563.6980971918,717549692.2968098,,,323016.0,317,256,structured,,,,,,,1,,
rust,reference,reference.encode,signed,1,1,256,81152,encoded,171.7734375,171.7734375,171.7734375,171.7734375,171.7734375,0.0,0.0,175.78125,5821621.86746714,1845454131.9870832,,,323016.0,317,256,structured,,,,,,,1,,
rust,reference,reference.signature_payload,signed,1,1,256,0,,166.5703125,166.5703125,166.5703125,166.5703125,166.5703125,0.0,0.0,171.875,6003470.756531119,,,,323016.0,,256,structured,,,,,,,1,,
rust,reference,reference.validate_name,valid,1,1,256,0,,33.30859375,33.30859375,33.30859375,33.30859375,33.30859375,0.0,0.0,31.25,30022282.16254251,,,,323016.0,,256,structured,,,,,,,1,,
rust,reference,reference.validate_user,valid,1,1,256,0,,96.7109375,96.7109375,96.7109375,96.7109375,96.7109375,0.0,0.0,101.5625,10340092.091445189,,,,323016.0,,256,structured,,,,,,,1,,
rust,refstore,refstore.all,records,1,1,200,0,,189.36,189.36,189.36,189.36,189.36,0.0,0.0,195.0,5280946.345585129,,,,323016.0,,1,structured,200,,,,,,1,,
rust,refstore,refstore.close,populated,1,1,1,0,,959332.0,959332.0,959332.0,959332.0,959332.0,0.0,0.0,766000.0,1042.3919977651115,,,,323016.0,,1,structured,200,,,,,,1,,
rust,refstore,refstore.delete,records,1,1,200,0,,36458.245,36458.245,36458.245,36458.245,36458.245,0.0,0.0,20825.0,27428.637884242646,,,,323016.0,,200,structured,200,,,,,,1,,
rust,refstore,refstore.get,hit,1,1,200,0,,436.43,436.43,436.43,436.43,436.43,0.0,0.0,440.0,2291318.1953577893,,,,323016.0,,200,structured,200,,,,,,1,,
rust,refstore,refstore.get,miss,1,1,200,0,,322.115,322.115,322.115,322.115,322.115,0.0,0.0,325.0,3104481.318783664,,,,323016.0,,200,structured,200,,,,,,1,,
rust,refstore,refstore.open,empty,1,1,1,0,,1240851.0,1240851.0,1240851.0,1240851.0,1240851.0,0.0,0.0,996000.0,805.8985325393621,,,,323016.0,,1,structured,,,,,,,1,,
rust,refstore,refstore.open,populated-reopen,1,1,1,0,,756205.0,756205.0,756205.0,756205.0,756205.0,0.0,0.0,350000.0,1322.3927374190862,,,,323016.0,,1,structured,200,,,,,,1,,
rust,refstore,refstore.put,records/sync-false,1,1,200,0,,40186.165,40186.165,40186.165,40186.165,40186.165,0.0,0.0,21150.0,24884.18588835237,,,,323016.0,,200,structured,200,,,,,,1,,
rust,refstore,refstore.put,records/sync-true,1,1,200,0,,39553.555,39553.555,39553.555,39553.555,39553.555,0.0,0.0,21030.0,25282.17754383898,,,,323016.0,,200,structured,200,,,,,,1,,
rust,refstore,refstore.put_batch,records/sync-false,1,1,200,0,,1189.825,1189.825,1189.825,1189.825,1189.825,0.0,0.0,815.0,840459.7314731157,,,,323016.0,,200,structured,200,,,,,,1,,
rust,refstore,refstore.wipe,records,1,1,1,0,,354938.0,354938.0,354938.0,354938.0,354938.0,0.0,0.0,341000.0,2817.3934602663,,,,323016.0,,1,structured,200,,,,,,1,,
rust,tar,tarexport.write,fixture-tree,1,1,335,7852032,encoded,3438.4507462686565,3438.4507462686565,3438.4507462686565,3438.4507462686565,3438.4507462686565,0.0,0.0,3426.865671641791,290828.65330706903,6816704156.071677,,,323016.0,,,tree,335,,,,335,,1,,
rust,tar,tarextract.extract,fixture-tree,1,1,335,7852032,encoded,36819.17014925373,36819.17014925373,36819.17014925373,36819.17014925373,36819.17014925373,0.0,0.0,36558.20895522388,27159.76476238611,636595050.8260541,,,323016.0,,,tree,335,,,,335,,1,,
