core,op,workload,rep,name,value
go,amberignore.descend,8-subdirs,0,go.heap_alloc_bytes,601224
go,amberignore.descend,8-subdirs,0,go.mallocs,8962
go,amberignore.descend,8-subdirs,1,go.heap_alloc_bytes,601528
go,amberignore.descend,8-subdirs,1,go.mallocs,8966
go,amberignore.descend,8-subdirs,2,go.heap_alloc_bytes,601464
go,amberignore.descend,8-subdirs,2,go.mallocs,8965
go,amberignore.descend,8-subdirs,3,go.heap_alloc_bytes,601464
go,amberignore.descend,8-subdirs,3,go.mallocs,8965
go,amberignore.ignored,mixed-names,0,go.heap_alloc_bytes,16384
go,amberignore.ignored,mixed-names,0,go.mallocs,1024
go,amberignore.ignored,mixed-names,1,go.heap_alloc_bytes,16384
go,amberignore.ignored,mixed-names,1,go.mallocs,1024
go,amberignore.ignored,mixed-names,2,go.heap_alloc_bytes,16384
go,amberignore.ignored,mixed-names,2,go.mallocs,1024
go,amberignore.ignored,mixed-names,3,go.heap_alloc_bytes,16384
go,amberignore.ignored,mixed-names,3,go.mallocs,1024
go,amberignore.ignored,nil-matcher,0,go.heap_alloc_bytes,0
go,amberignore.ignored,nil-matcher,0,go.mallocs,0
go,amberignore.ignored,nil-matcher,1,go.heap_alloc_bytes,0
go,amberignore.ignored,nil-matcher,1,go.mallocs,0
go,amberignore.ignored,nil-matcher,2,go.heap_alloc_bytes,0
go,amberignore.ignored,nil-matcher,2,go.mallocs,0
go,amberignore.ignored,nil-matcher,3,go.heap_alloc_bytes,0
go,amberignore.ignored,nil-matcher,3,go.mallocs,0
go,amberignore.root,load-root,0,go.heap_alloc_bytes,119808
go,amberignore.root,load-root,0,go.mallocs,1664
go,amberignore.root,load-root,1,go.heap_alloc_bytes,119808
go,amberignore.root,load-root,1,go.mallocs,1664
go,amberignore.root,load-root,2,go.heap_alloc_bytes,119808
go,amberignore.root,load-root,2,go.mallocs,1664
go,amberignore.root,load-root,3,go.heap_alloc_bytes,119808
go,amberignore.root,load-root,3,go.mallocs,1664
go,amberpack.decode_payload,mixed-records/producer-go,0,go.heap_alloc_bytes,16962504
go,amberpack.decode_payload,mixed-records/producer-go,0,go.mallocs,506
go,amberpack.decode_payload,mixed-records/producer-go,1,go.heap_alloc_bytes,16962504
go,amberpack.decode_payload,mixed-records/producer-go,1,go.mallocs,506
go,amberpack.decode_payload,mixed-records/producer-go,2,go.heap_alloc_bytes,16962504
go,amberpack.decode_payload,mixed-records/producer-go,2,go.mallocs,506
go,amberpack.decode_payload,mixed-records/producer-go,3,go.heap_alloc_bytes,16962504
go,amberpack.decode_payload,mixed-records/producer-go,3,go.mallocs,506
go,amberpack.decode_payload,mixed-records/producer-rust,0,go.heap_alloc_bytes,16966888
go,amberpack.decode_payload,mixed-records/producer-rust,0,go.mallocs,511
go,amberpack.decode_payload,mixed-records/producer-rust,1,go.heap_alloc_bytes,16964840
go,amberpack.decode_payload,mixed-records/producer-rust,1,go.mallocs,509
go,amberpack.decode_payload,mixed-records/producer-rust,2,go.heap_alloc_bytes,16966888
go,amberpack.decode_payload,mixed-records/producer-rust,2,go.mallocs,511
go,amberpack.decode_payload,mixed-records/producer-rust,3,go.heap_alloc_bytes,16966888
go,amberpack.decode_payload,mixed-records/producer-rust,3,go.mallocs,511
go,amberpack.encode_record,1MiB-duplicate,0,go.heap_alloc_bytes,13697024
go,amberpack.encode_record,1MiB-duplicate,0,go.mallocs,12
go,amberpack.encode_record,1MiB-duplicate,1,go.heap_alloc_bytes,13697024
go,amberpack.encode_record,1MiB-duplicate,1,go.mallocs,12
go,amberpack.encode_record,1MiB-duplicate,2,go.heap_alloc_bytes,13697024
go,amberpack.encode_record,1MiB-duplicate,2,go.mallocs,12
go,amberpack.encode_record,1MiB-duplicate,3,go.heap_alloc_bytes,13697024
go,amberpack.encode_record,1MiB-duplicate,3,go.mallocs,12
go,amberpack.encode_record,1MiB-random,0,go.heap_alloc_bytes,13697024
go,amberpack.encode_record,1MiB-random,0,go.mallocs,12
go,amberpack.encode_record,1MiB-random,1,go.heap_alloc_bytes,13697024
go,amberpack.encode_record,1MiB-random,1,go.mallocs,12
go,amberpack.encode_record,1MiB-random,2,go.heap_alloc_bytes,13697024
go,amberpack.encode_record,1MiB-random,2,go.mallocs,12
go,amberpack.encode_record,1MiB-random,3,go.heap_alloc_bytes,13697024
go,amberpack.encode_record,1MiB-random,3,go.mallocs,12
go,amberpack.encode_record,1MiB-text,0,go.heap_alloc_bytes,5013504
go,amberpack.encode_record,1MiB-text,0,go.mallocs,8
go,amberpack.encode_record,1MiB-text,1,go.heap_alloc_bytes,5013504
go,amberpack.encode_record,1MiB-text,1,go.mallocs,8
go,amberpack.encode_record,1MiB-text,2,go.heap_alloc_bytes,5013504
go,amberpack.encode_record,1MiB-text,2,go.mallocs,8
go,amberpack.encode_record,1MiB-text,3,go.heap_alloc_bytes,5013504
go,amberpack.encode_record,1MiB-text,3,go.mallocs,8
go,amberpack.encode_record,4KiB-duplicate,0,go.heap_alloc_bytes,14680064
go,amberpack.encode_record,4KiB-duplicate,0,go.mallocs,3072
go,amberpack.encode_record,4KiB-duplicate,1,go.heap_alloc_bytes,14680064
go,amberpack.encode_record,4KiB-duplicate,1,go.mallocs,3072
go,amberpack.encode_record,4KiB-duplicate,2,go.heap_alloc_bytes,14680064
go,amberpack.encode_record,4KiB-duplicate,2,go.mallocs,3072
go,amberpack.encode_record,4KiB-duplicate,3,go.heap_alloc_bytes,14680064
go,amberpack.encode_record,4KiB-duplicate,3,go.mallocs,3072
go,amberpack.encode_record,4KiB-random,0,go.heap_alloc_bytes,14680064
go,amberpack.encode_record,4KiB-random,0,go.mallocs,3072
go,amberpack.encode_record,4KiB-random,1,go.heap_alloc_bytes,14680064
go,amberpack.encode_record,4KiB-random,1,go.mallocs,3072
go,amberpack.encode_record,4KiB-random,2,go.heap_alloc_bytes,14680064
go,amberpack.encode_record,4KiB-random,2,go.mallocs,3072
go,amberpack.encode_record,4KiB-random,3,go.heap_alloc_bytes,14680064
go,amberpack.encode_record,4KiB-random,3,go.mallocs,3072
go,amberpack.encode_record,4KiB-text,0,go.heap_alloc_bytes,5505024
go,amberpack.encode_record,4KiB-text,0,go.mallocs,2048
go,amberpack.encode_record,4KiB-text,1,go.heap_alloc_bytes,5505024
go,amberpack.encode_record,4KiB-text,1,go.mallocs,2048
go,amberpack.encode_record,4KiB-text,2,go.heap_alloc_bytes,5505024
go,amberpack.encode_record,4KiB-text,2,go.mallocs,2048
go,amberpack.encode_record,4KiB-text,3,go.heap_alloc_bytes,5505024
go,amberpack.encode_record,4KiB-text,3,go.mallocs,2048
go,amberpack.encode_record,empty,0,go.heap_alloc_bytes,384000
go,amberpack.encode_record,empty,0,go.mallocs,8000
go,amberpack.encode_record,empty,1,go.heap_alloc_bytes,384000
go,amberpack.encode_record,empty,1,go.mallocs,8000
go,amberpack.encode_record,empty,2,go.heap_alloc_bytes,384000
go,amberpack.encode_record,empty,2,go.mallocs,8000
go,amberpack.encode_record,empty,3,go.heap_alloc_bytes,384000
go,amberpack.encode_record,empty,3,go.mallocs,8000
go,amberpack.encode_record,large-8MiB-duplicate,0,go.heap_alloc_bytes,54558720
go,amberpack.encode_record,large-8MiB-duplicate,0,go.mallocs,6
go,amberpack.encode_record,large-8MiB-duplicate,1,go.heap_alloc_bytes,54558720
go,amberpack.encode_record,large-8MiB-duplicate,1,go.mallocs,6
go,amberpack.encode_record,large-8MiB-duplicate,2,go.heap_alloc_bytes,54558720
go,amberpack.encode_record,large-8MiB-duplicate,2,go.mallocs,6
go,amberpack.encode_record,large-8MiB-duplicate,3,go.heap_alloc_bytes,54558720
go,amberpack.encode_record,large-8MiB-duplicate,3,go.mallocs,6
go,amberpack.encode_record,large-8MiB-random,0,go.heap_alloc_bytes,27279360
go,amberpack.encode_record,large-8MiB-random,0,go.mallocs,3
go,amberpack.encode_record,large-8MiB-random,1,go.heap_alloc_bytes,27279360
go,amberpack.encode_record,large-8MiB-random,1,go.mallocs,3
go,amberpack.encode_record,large-8MiB-random,2,go.heap_alloc_bytes,27279360
go,amberpack.encode_record,large-8MiB-random,2,go.mallocs,3
go,amberpack.encode_record,large-8MiB-random,3,go.heap_alloc_bytes,27279360
go,amberpack.encode_record,large-8MiB-random,3,go.mallocs,3
go,amberpack.encode_record,large-8MiB-text,0,go.heap_alloc_bytes,10002432
go,amberpack.encode_record,large-8MiB-text,0,go.mallocs,2
go,amberpack.encode_record,large-8MiB-text,1,go.heap_alloc_bytes,10002432
go,amberpack.encode_record,large-8MiB-text,1,go.mallocs,2
go,amberpack.encode_record,large-8MiB-text,2,go.heap_alloc_bytes,10002432
go,amberpack.encode_record,large-8MiB-text,2,go.mallocs,2
go,amberpack.encode_record,large-8MiB-text,3,go.heap_alloc_bytes,10002432
go,amberpack.encode_record,large-8MiB-text,3,go.mallocs,2
go,amberpack.encode_record,tiny-64B-duplicate,0,go.heap_alloc_bytes,4980736
go,amberpack.encode_record,tiny-64B-duplicate,0,go.mallocs,49152
go,amberpack.encode_record,tiny-64B-duplicate,1,go.heap_alloc_bytes,4980736
go,amberpack.encode_record,tiny-64B-duplicate,1,go.mallocs,49152
go,amberpack.encode_record,tiny-64B-duplicate,2,go.heap_alloc_bytes,4980736
go,amberpack.encode_record,tiny-64B-duplicate,2,go.mallocs,49152
go,amberpack.encode_record,tiny-64B-duplicate,3,go.heap_alloc_bytes,4980736
go,amberpack.encode_record,tiny-64B-duplicate,3,go.mallocs,49152
go,amberpack.encode_record,tiny-64B-random,0,go.heap_alloc_bytes,4980736
go,amberpack.encode_record,tiny-64B-random,0,go.mallocs,49152
go,amberpack.encode_record,tiny-64B-random,1,go.heap_alloc_bytes,4980736
go,amberpack.encode_record,tiny-64B-random,1,go.mallocs,49152
go,amberpack.encode_record,tiny-64B-random,2,go.heap_alloc_bytes,4980736
go,amberpack.encode_record,tiny-64B-random,2,go.mallocs,49152
go,amberpack.encode_record,tiny-64B-random,3,go.heap_alloc_bytes,4980736
go,amberpack.encode_record,tiny-64B-random,3,go.mallocs,49152
go,amberpack.encode_record,tiny-64B-text,0,go.heap_alloc_bytes,4945136
go,amberpack.encode_record,tiny-64B-text,0,go.mallocs,48874
go,amberpack.encode_record,tiny-64B-text,1,go.heap_alloc_bytes,4945136
go,amberpack.encode_record,tiny-64B-text,1,go.mallocs,48874
go,amberpack.encode_record,tiny-64B-text,2,go.heap_alloc_bytes,4945136
go,amberpack.encode_record,tiny-64B-text,2,go.mallocs,48874
go,amberpack.encode_record,tiny-64B-text,3,go.heap_alloc_bytes,4945136
go,amberpack.encode_record,tiny-64B-text,3,go.mallocs,48874
go,amberpack.parse_record,corrupt-crc/producer-go,0,go.heap_alloc_bytes,26168
go,amberpack.parse_record,corrupt-crc/producer-go,0,go.mallocs,520
go,amberpack.parse_record,corrupt-crc/producer-go,1,go.heap_alloc_bytes,26136
go,amberpack.parse_record,corrupt-crc/producer-go,1,go.mallocs,519
go,amberpack.parse_record,corrupt-crc/producer-go,2,go.heap_alloc_bytes,25736
go,amberpack.parse_record,corrupt-crc/producer-go,2,go.mallocs,514
go,amberpack.parse_record,corrupt-crc/producer-go,3,go.heap_alloc_bytes,25736
go,amberpack.parse_record,corrupt-crc/producer-go,3,go.mallocs,514
go,amberpack.parse_record,corrupt-crc/producer-rust,0,go.heap_alloc_bytes,26056
go,amberpack.parse_record,corrupt-crc/producer-rust,0,go.mallocs,518
go,amberpack.parse_record,corrupt-crc/producer-rust,1,go.heap_alloc_bytes,26056
go,amberpack.parse_record,corrupt-crc/producer-rust,1,go.mallocs,518
go,amberpack.parse_record,corrupt-crc/producer-rust,2,go.heap_alloc_bytes,25736
go,amberpack.parse_record,corrupt-crc/producer-rust,2,go.mallocs,514
go,amberpack.parse_record,corrupt-crc/producer-rust,3,go.heap_alloc_bytes,25736
go,amberpack.parse_record,corrupt-crc/producer-rust,3,go.mallocs,514
go,amberpack.parse_record,mixed-records/producer-go,0,go.heap_alloc_bytes,0
go,amberpack.parse_record,mixed-records/producer-go,0,go.mallocs,0
go,amberpack.parse_record,mixed-records/producer-go,1,go.heap_alloc_bytes,0
go,amberpack.parse_record,mixed-records/producer-go,1,go.mallocs,0
go,amberpack.parse_record,mixed-records/producer-go,2,go.heap_alloc_bytes,0
go,amberpack.parse_record,mixed-records/producer-go,2,go.mallocs,0
go,amberpack.parse_record,mixed-records/producer-go,3,go.heap_alloc_bytes,0
go,amberpack.parse_record,mixed-records/producer-go,3,go.mallocs,0
go,amberpack.parse_record,mixed-records/producer-rust,0,go.heap_alloc_bytes,0
go,amberpack.parse_record,mixed-records/producer-rust,0,go.mallocs,0
go,amberpack.parse_record,mixed-records/producer-rust,1,go.heap_alloc_bytes,0
go,amberpack.parse_record,mixed-records/producer-rust,1,go.mallocs,0
go,amberpack.parse_record,mixed-records/producer-rust,2,go.heap_alloc_bytes,0
go,amberpack.parse_record,mixed-records/producer-rust,2,go.mallocs,0
go,amberpack.parse_record,mixed-records/producer-rust,3,go.heap_alloc_bytes,0
go,amberpack.parse_record,mixed-records/producer-rust,3,go.mallocs,0
go,amberpack.reader_all,mixed-objects/producer-go,0,go.heap_alloc_bytes,28134776
go,amberpack.reader_all,mixed-objects/producer-go,0,go.mallocs,1511
go,amberpack.reader_all,mixed-objects/producer-go,1,go.heap_alloc_bytes,28134776
go,amberpack.reader_all,mixed-objects/producer-go,1,go.mallocs,1511
go,amberpack.reader_all,mixed-objects/producer-go,2,go.heap_alloc_bytes,28134776
go,amberpack.reader_all,mixed-objects/producer-go,2,go.mallocs,1511
go,amberpack.reader_all,mixed-objects/producer-go,3,go.heap_alloc_bytes,28134776
go,amberpack.reader_all,mixed-objects/producer-go,3,go.mallocs,1511
go,amberpack.reader_all,mixed-objects/producer-rust,0,go.heap_alloc_bytes,28139160
go,amberpack.reader_all,mixed-objects/producer-rust,0,go.mallocs,1516
go,amberpack.reader_all,mixed-objects/producer-rust,1,go.heap_alloc_bytes,28137112
go,amberpack.reader_all,mixed-objects/producer-rust,1,go.mallocs,1514
go,amberpack.reader_all,mixed-objects/producer-rust,2,go.heap_alloc_bytes,28139160
go,amberpack.reader_all,mixed-objects/producer-rust,2,go.mallocs,1516
go,amberpack.reader_all,mixed-objects/producer-rust,3,go.heap_alloc_bytes,28139160
go,amberpack.reader_all,mixed-objects/producer-rust,3,go.mallocs,1516
go,amberpack.reader_all,truncated-stream/producer-go,0,go.heap_alloc_bytes,898325248
go,amberpack.reader_all,truncated-stream/producer-go,0,go.mallocs,48604
go,amberpack.reader_all,truncated-stream/producer-go,1,go.heap_alloc_bytes,898325424
go,amberpack.reader_all,truncated-stream/producer-go,1,go.mallocs,48606
go,amberpack.reader_all,truncated-stream/producer-go,2,go.heap_alloc_bytes,898330800
go,amberpack.reader_all,truncated-stream/producer-go,2,go.mallocs,48607
go,amberpack.reader_all,truncated-stream/producer-go,3,go.heap_alloc_bytes,898325424
go,amberpack.reader_all,truncated-stream/producer-go,3,go.mallocs,48606
go,amberpack.reader_all,truncated-stream/producer-rust,0,go.heap_alloc_bytes,898344832
go,amberpack.reader_all,truncated-stream/producer-rust,0,go.mallocs,48624
go,amberpack.reader_all,truncated-stream/producer-rust,1,go.heap_alloc_bytes,898338240
go,amberpack.reader_all,truncated-stream/producer-rust,1,go.mallocs,48613
go,amberpack.reader_all,truncated-stream/producer-rust,2,go.heap_alloc_bytes,898349360
go,amberpack.reader_all,truncated-stream/producer-rust,2,go.mallocs,48626
go,amberpack.reader_all,truncated-stream/producer-rust,3,go.heap_alloc_bytes,898342960
go,amberpack.reader_all,truncated-stream/producer-rust,3,go.mallocs,48624
go,amberpack.reader_records,mixed-objects/producer-go,0,go.heap_alloc_bytes,11172256
go,amberpack.reader_records,mixed-objects/producer-go,0,go.mallocs,1004
go,amberpack.reader_records,mixed-objects/producer-go,1,go.heap_alloc_bytes,11172256
go,amberpack.reader_records,mixed-objects/producer-go,1,go.mallocs,1004
go,amberpack.reader_records,mixed-objects/producer-go,2,go.heap_alloc_bytes,11172256
go,amberpack.reader_records,mixed-objects/producer-go,2,go.mallocs,1004
go,amberpack.reader_records,mixed-objects/producer-go,3,go.heap_alloc_bytes,11172256
go,amberpack.reader_records,mixed-objects/producer-go,3,go.mallocs,1004
go,amberpack.reader_records,mixed-objects/producer-rust,0,go.heap_alloc_bytes,11172256
go,amberpack.reader_records,mixed-objects/producer-rust,0,go.mallocs,1004
go,amberpack.reader_records,mixed-objects/producer-rust,1,go.heap_alloc_bytes,11172256
go,amberpack.reader_records,mixed-objects/producer-rust,1,go.mallocs,1004
go,amberpack.reader_records,mixed-objects/producer-rust,2,go.heap_alloc_bytes,11172256
go,amberpack.reader_records,mixed-objects/producer-rust,2,go.mallocs,1004
go,amberpack.reader_records,mixed-objects/producer-rust,3,go.heap_alloc_bytes,11172256
go,amberpack.reader_records,mixed-objects/producer-rust,3,go.mallocs,1004
go,amberpack.writer_add,mixed-objects,0,go.heap_alloc_bytes,39484112
go,amberpack.writer_add,mixed-objects,0,go.mallocs,1252
go,amberpack.writer_add,mixed-objects,1,go.heap_alloc_bytes,39484112
go,amberpack.writer_add,mixed-objects,1,go.mallocs,1252
go,amberpack.writer_add,mixed-objects,2,go.heap_alloc_bytes,39484112
go,amberpack.writer_add,mixed-objects,2,go.mallocs,1252
go,amberpack.writer_add,mixed-objects,3,go.heap_alloc_bytes,39484112
go,amberpack.writer_add,mixed-objects,3,go.mallocs,1252
go,amberpack.writer_add_record,pre-encoded-records/producer-go,0,go.heap_alloc_bytes,4112
go,amberpack.writer_add_record,pre-encoded-records/producer-go,0,go.mallocs,2
go,amberpack.writer_add_record,pre-encoded-records/producer-go,1,go.heap_alloc_bytes,4112
go,amberpack.writer_add_record,pre-encoded-records/producer-go,1,go.mallocs,2
go,amberpack.writer_add_record,pre-encoded-records/producer-go,2,go.heap_alloc_bytes,4112
go,amberpack.writer_add_record,pre-encoded-records/producer-go,2,go.mallocs,2
go,amberpack.writer_add_record,pre-encoded-records/producer-go,3,go.heap_alloc_bytes,4112
go,amberpack.writer_add_record,pre-encoded-records/producer-go,3,go.mallocs,2
go,amberpack.writer_add_record,pre-encoded-records/producer-rust,0,go.heap_alloc_bytes,4112
go,amberpack.writer_add_record,pre-encoded-records/producer-rust,0,go.mallocs,2
go,amberpack.writer_add_record,pre-encoded-records/producer-rust,1,go.heap_alloc_bytes,4112
go,amberpack.writer_add_record,pre-encoded-records/producer-rust,1,go.mallocs,2
go,amberpack.writer_add_record,pre-encoded-records/producer-rust,2,go.heap_alloc_bytes,4112
go,amberpack.writer_add_record,pre-encoded-records/producer-rust,2,go.mallocs,2
go,amberpack.writer_add_record,pre-encoded-records/producer-rust,3,go.heap_alloc_bytes,4112
go,amberpack.writer_add_record,pre-encoded-records/producer-rust,3,go.mallocs,2
go,cbor.decode_xattrs,xattrs-3,0,go.heap_alloc_bytes,36352
go,cbor.decode_xattrs,xattrs-3,0,go.mallocs,768
go,cbor.decode_xattrs,xattrs-3,1,go.heap_alloc_bytes,36352
go,cbor.decode_xattrs,xattrs-3,1,go.mallocs,768
go,cbor.decode_xattrs,xattrs-3,2,go.heap_alloc_bytes,36352
go,cbor.decode_xattrs,xattrs-3,2,go.mallocs,768
go,cbor.decode_xattrs,xattrs-3,3,go.heap_alloc_bytes,36352
go,cbor.decode_xattrs,xattrs-3,3,go.mallocs,768
go,cbor.decode_xattrs,xattrs-64,0,go.heap_alloc_bytes,816640
go,cbor.decode_xattrs,xattrs-64,0,go.mallocs,12608
go,cbor.decode_xattrs,xattrs-64,1,go.heap_alloc_bytes,816640
go,cbor.decode_xattrs,xattrs-64,1,go.mallocs,12608
go,cbor.decode_xattrs,xattrs-64,2,go.heap_alloc_bytes,816640
go,cbor.decode_xattrs,xattrs-64,2,go.mallocs,12608
go,cbor.decode_xattrs,xattrs-64,3,go.heap_alloc_bytes,816640
go,cbor.decode_xattrs,xattrs-64,3,go.mallocs,12608
go,cbor.encode_xattrs,xattrs-3,0,go.heap_alloc_bytes,26048
go,cbor.encode_xattrs,xattrs-3,0,go.mallocs,1168
go,cbor.encode_xattrs,xattrs-3,1,go.heap_alloc_bytes,26336
go,cbor.encode_xattrs,xattrs-3,1,go.mallocs,1192
go,cbor.encode_xattrs,xattrs-3,2,go.heap_alloc_bytes,26240
go,cbor.encode_xattrs,xattrs-3,2,go.mallocs,1184
go,cbor.encode_xattrs,xattrs-3,3,go.heap_alloc_bytes,26384
go,cbor.encode_xattrs,xattrs-3,3,go.mallocs,1196
go,cbor.encode_xattrs,xattrs-64,0,go.heap_alloc_bytes,2816576
go,cbor.encode_xattrs,xattrs-64,0,go.mallocs,97604
go,cbor.encode_xattrs,xattrs-64,1,go.heap_alloc_bytes,2814912
go,cbor.encode_xattrs,xattrs-64,1,go.mallocs,97500
go,cbor.encode_xattrs,xattrs-64,2,go.heap_alloc_bytes,2804416
go,cbor.encode_xattrs,xattrs-64,2,go.mallocs,96844
go,cbor.encode_xattrs,xattrs-64,3,go.heap_alloc_bytes,2813312
go,cbor.encode_xattrs,xattrs-64,3,go.mallocs,97400
go,chunkers.item_chunker,is_boundary/bits-7,0,go.heap_alloc_bytes,0
go,chunkers.item_chunker,is_boundary/bits-7,0,go.mallocs,0
go,chunkers.item_chunker,is_boundary/bits-7,1,go.heap_alloc_bytes,0
go,chunkers.item_chunker,is_boundary/bits-7,1,go.mallocs,0
go,chunkers.item_chunker,is_boundary/bits-7,2,go.heap_alloc_bytes,0
go,chunkers.item_chunker,is_boundary/bits-7,2,go.mallocs,0
go,chunkers.item_chunker,is_boundary/bits-7,3,go.heap_alloc_bytes,0
go,chunkers.item_chunker,is_boundary/bits-7,3,go.mallocs,0
go,chunkers.new_item_chunker,bits-4..12,0,go.heap_alloc_bytes,0
go,chunkers.new_item_chunker,bits-4..12,0,go.mallocs,0
go,chunkers.new_item_chunker,bits-4..12,1,go.heap_alloc_bytes,0
go,chunkers.new_item_chunker,bits-4..12,1,go.mallocs,0
go,chunkers.new_item_chunker,bits-4..12,2,go.heap_alloc_bytes,0
go,chunkers.new_item_chunker,bits-4..12,2,go.mallocs,0
go,chunkers.new_item_chunker,bits-4..12,3,go.heap_alloc_bytes,0
go,chunkers.new_item_chunker,bits-4..12,3,go.mallocs,0
go,chunkers.split_bytes,compressible/4-16-64KiB,0,go.heap_alloc_bytes,67240224
go,chunkers.split_bytes,compressible/4-16-64KiB,0,go.mallocs,1030
go,chunkers.split_bytes,compressible/4-16-64KiB,1,go.heap_alloc_bytes,67240224
go,chunkers.split_bytes,compressible/4-16-64KiB,1,go.mallocs,1030
go,chunkers.split_bytes,compressible/4-16-64KiB,2,go.heap_alloc_bytes,67240224
go,chunkers.split_bytes,compressible/4-16-64KiB,2,go.mallocs,1030
go,chunkers.split_bytes,compressible/4-16-64KiB,3,go.heap_alloc_bytes,67240224
go,chunkers.split_bytes,compressible/4-16-64KiB,3,go.mallocs,1030
go,chunkers.split_bytes,compressible/default-sizes,0,go.heap_alloc_bytes,69206304
go,chunkers.split_bytes,compressible/default-sizes,0,go.mallocs,70
go,chunkers.split_bytes,compressible/default-sizes,1,go.heap_alloc_bytes,69206304
go,chunkers.split_bytes,compressible/default-sizes,1,go.mallocs,70
go,chunkers.split_bytes,compressible/default-sizes,2,go.heap_alloc_bytes,69206304
go,chunkers.split_bytes,compressible/default-sizes,2,go.mallocs,70
go,chunkers.split_bytes,compressible/default-sizes,3,go.heap_alloc_bytes,69206304
go,chunkers.split_bytes,compressible/default-sizes,3,go.mallocs,70
go,chunkers.split_bytes,random/default-sizes,0,go.heap_alloc_bytes,72802592
go,chunkers.split_bytes,random/default-sizes,0,go.mallocs,887
go,chunkers.split_bytes,random/default-sizes,1,go.heap_alloc_bytes,72802592
go,chunkers.split_bytes,random/default-sizes,1,go.mallocs,887
go,chunkers.split_bytes,random/default-sizes,2,go.heap_alloc_bytes,72802592
go,chunkers.split_bytes,random/default-sizes,2,go.mallocs,887
go,chunkers.split_bytes,random/default-sizes,3,go.heap_alloc_bytes,72802592
go,chunkers.split_bytes,random/default-sizes,3,go.mallocs,887
go,chunkers.split_bytes,tiny-64KiB/default-sizes,0,go.heap_alloc_bytes,2162976
go,chunkers.split_bytes,tiny-64KiB/default-sizes,0,go.mallocs,7
go,chunkers.split_bytes,tiny-64KiB/default-sizes,1,go.heap_alloc_bytes,2162976
go,chunkers.split_bytes,tiny-64KiB/default-sizes,1,go.mallocs,7
go,chunkers.split_bytes,tiny-64KiB/default-sizes,2,go.heap_alloc_bytes,2162976
go,chunkers.split_bytes,tiny-64KiB/default-sizes,2,go.mallocs,7
go,chunkers.split_bytes,tiny-64KiB/default-sizes,3,go.heap_alloc_bytes,2162976
go,chunkers.split_bytes,tiny-64KiB/default-sizes,3,go.mallocs,7
go,fstree.check_complete,incomplete/jobs-1,0,go.heap_alloc_bytes,12496
go,fstree.check_complete,incomplete/jobs-1,0,go.mallocs,98
go,fstree.check_complete,incomplete/jobs-1,1,go.heap_alloc_bytes,12496
go,fstree.check_complete,incomplete/jobs-1,1,go.mallocs,98
go,fstree.check_complete,incomplete/jobs-1,2,go.heap_alloc_bytes,12496
go,fstree.check_complete,incomplete/jobs-1,2,go.mallocs,98
go,fstree.check_complete,incomplete/jobs-1,3,go.heap_alloc_bytes,12496
go,fstree.check_complete,incomplete/jobs-1,3,go.mallocs,98
go,fstree.check_complete,widest/jobs-1,0,go.heap_alloc_bytes,36575656
go,fstree.check_complete,widest/jobs-1,0,go.mallocs,164019
go,fstree.check_complete,widest/jobs-1,1,go.heap_alloc_bytes,36575656
go,fstree.check_complete,widest/jobs-1,1,go.mallocs,164019
go,fstree.check_complete,widest/jobs-1,2,go.heap_alloc_bytes,36575656
go,fstree.check_complete,widest/jobs-1,2,go.mallocs,164019
go,fstree.check_complete,widest/jobs-1,3,go.heap_alloc_bytes,36575656
go,fstree.check_complete,widest/jobs-1,3,go.mallocs,164019
go,fstree.check_complete,widest/jobs-N,0,go.heap_alloc_bytes,36575656
go,fstree.check_complete,widest/jobs-N,0,go.mallocs,164019
go,fstree.check_complete,widest/jobs-N,1,go.heap_alloc_bytes,36575656
go,fstree.check_complete,widest/jobs-N,1,go.mallocs,164019
go,fstree.check_complete,widest/jobs-N,2,go.heap_alloc_bytes,36575656
go,fstree.check_complete,widest/jobs-N,2,go.mallocs,164019
go,fstree.check_complete,widest/jobs-N,3,go.heap_alloc_bytes,36575656
go,fstree.check_complete,widest/jobs-N,3,go.mallocs,164019
go,fstree.check_complete,width-16/jobs-1,0,go.heap_alloc_bytes,12456
go,fstree.check_complete,width-16/jobs-1,0,go.mallocs,96
go,fstree.check_complete,width-16/jobs-1,1,go.heap_alloc_bytes,12456
go,fstree.check_complete,width-16/jobs-1,1,go.mallocs,96
go,fstree.check_complete,width-16/jobs-1,2,go.heap_alloc_bytes,12456
go,fstree.check_complete,width-16/jobs-1,2,go.mallocs,96
go,fstree.check_complete,width-16/jobs-1,3,go.heap_alloc_bytes,12456
go,fstree.check_complete,width-16/jobs-1,3,go.mallocs,96
go,fstree.check_complete,width-256/jobs-1,0,go.heap_alloc_bytes,207224
go,fstree.check_complete,width-256/jobs-1,0,go.mallocs,1103
go,fstree.check_complete,width-256/jobs-1,1,go.heap_alloc_bytes,207224
go,fstree.check_complete,width-256/jobs-1,1,go.mallocs,1103
go,fstree.check_complete,width-256/jobs-1,2,go.heap_alloc_bytes,207224
go,fstree.check_complete,width-256/jobs-1,2,go.mallocs,1103
go,fstree.check_complete,width-256/jobs-1,3,go.heap_alloc_bytes,207224
go,fstree.check_complete,width-256/jobs-1,3,go.mallocs,1103
go,fstree.check_complete,width-40000/jobs-1,0,go.heap_alloc_bytes,36575656
go,fstree.check_complete,width-40000/jobs-1,0,go.mallocs,164019
go,fstree.check_complete,width-40000/jobs-1,1,go.heap_alloc_bytes,36575656
go,fstree.check_complete,width-40000/jobs-1,1,go.mallocs,164019
go,fstree.check_complete,width-40000/jobs-1,2,go.heap_alloc_bytes,36575656
go,fstree.check_complete,width-40000/jobs-1,2,go.mallocs,164019
go,fstree.check_complete,width-40000/jobs-1,3,go.heap_alloc_bytes,36575656
go,fstree.check_complete,width-40000/jobs-1,3,go.mallocs,164019
go,fstree.check_complete,width-4096/jobs-1,0,go.heap_alloc_bytes,3597088
go,fstree.check_complete,width-4096/jobs-1,0,go.mallocs,16846
go,fstree.check_complete,width-4096/jobs-1,1,go.heap_alloc_bytes,3597088
go,fstree.check_complete,width-4096/jobs-1,1,go.mallocs,16846
go,fstree.check_complete,width-4096/jobs-1,2,go.heap_alloc_bytes,3597088
go,fstree.check_complete,width-4096/jobs-1,2,go.mallocs,16846
go,fstree.check_complete,width-4096/jobs-1,3,go.heap_alloc_bytes,3597088
go,fstree.check_complete,width-4096/jobs-1,3,go.mallocs,16846
go,fstree.child_keys,dir-leaf-128,0,go.heap_alloc_bytes,2571264
go,fstree.child_keys,dir-leaf-128,0,go.mallocs,18048
go,fstree.child_keys,dir-leaf-128,1,go.heap_alloc_bytes,2571264
go,fstree.child_keys,dir-leaf-128,1,go.mallocs,18048
go,fstree.child_keys,dir-leaf-128,2,go.heap_alloc_bytes,2571264
go,fstree.child_keys,dir-leaf-128,2,go.mallocs,18048
go,fstree.child_keys,dir-leaf-128,3,go.heap_alloc_bytes,2571264
go,fstree.child_keys,dir-leaf-128,3,go.mallocs,18048
go,fstree.child_keys,dir-node-128,0,go.heap_alloc_bytes,1076224
go,fstree.child_keys,dir-node-128,0,go.mallocs,16640
go,fstree.child_keys,dir-node-128,1,go.heap_alloc_bytes,1076224
go,fstree.child_keys,dir-node-128,1,go.mallocs,16640
go,fstree.child_keys,dir-node-128,2,go.heap_alloc_bytes,1076224
go,fstree.child_keys,dir-node-128,2,go.mallocs,16640
go,fstree.child_keys,dir-node-128,3,go.heap_alloc_bytes,1076224
go,fstree.child_keys,dir-node-128,3,go.mallocs,16640
go,fstree.child_keys,file-node-1024,0,go.heap_alloc_bytes,5942272
go,fstree.child_keys,file-node-1024,0,go.mallocs,65792
go,fstree.child_keys,file-node-1024,1,go.heap_alloc_bytes,5942272
go,fstree.child_keys,file-node-1024,1,go.mallocs,65792
go,fstree.child_keys,file-node-1024,2,go.heap_alloc_bytes,5942272
go,fstree.child_keys,file-node-1024,2,go.mallocs,65792
go,fstree.child_keys,file-node-1024,3,go.heap_alloc_bytes,5942272
go,fstree.child_keys,file-node-1024,3,go.mallocs,65792
go,fstree.collect_entries,width-16,0,go.heap_alloc_bytes,9792
go,fstree.collect_entries,width-16,0,go.mallocs,40
go,fstree.collect_entries,width-16,1,go.heap_alloc_bytes,9792
go,fstree.collect_entries,width-16,1,go.mallocs,40
go,fstree.collect_entries,width-16,2,go.heap_alloc_bytes,9792
go,fstree.collect_entries,width-16,2,go.mallocs,40
go,fstree.collect_entries,width-16,3,go.heap_alloc_bytes,9792
go,fstree.collect_entries,width-16,3,go.mallocs,40
go,fstree.collect_entries,width-256,0,go.heap_alloc_bytes,156384
go,fstree.collect_entries,width-256,0,go.mallocs,534
go,fstree.collect_entries,width-256,1,go.heap_alloc_bytes,156384
go,fstree.collect_entries,width-256,1,go.mallocs,534
go,fstree.collect_entries,width-256,2,go.heap_alloc_bytes,156384
go,fstree.collect_entries,width-256,2,go.mallocs,534
go,fstree.collect_entries,width-256,3,go.heap_alloc_bytes,156384
go,fstree.collect_entries,width-256,3,go.mallocs,534
go,fstree.collect_entries,width-40000,0,go.heap_alloc_bytes,42204320
go,fstree.collect_entries,width-40000,0,go.mallocs,81308
go,fstree.collect_entries,width-40000,1,go.heap_alloc_bytes,42204320
go,fstree.collect_entries,width-40000,1,go.mallocs,81308
go,fstree.collect_entries,width-40000,2,go.heap_alloc_bytes,42204320
go,fstree.collect_entries,width-40000,2,go.mallocs,81308
go,fstree.collect_entries,width-40000,3,go.heap_alloc_bytes,42204320
go,fstree.collect_entries,width-40000,3,go.mallocs,81308
go,fstree.collect_entries,width-4096,0,go.heap_alloc_bytes,3820704
go,fstree.collect_entries,width-4096,0,go.mallocs,8336
go,fstree.collect_entries,width-4096,1,go.heap_alloc_bytes,3820704
go,fstree.collect_entries,width-4096,1,go.mallocs,8336
go,fstree.collect_entries,width-4096,2,go.heap_alloc_bytes,3820704
go,fstree.collect_entries,width-4096,2,go.mallocs,8336
go,fstree.collect_entries,width-4096,3,go.heap_alloc_bytes,3820704
go,fstree.collect_entries,width-4096,3,go.mallocs,8336
go,fstree.decode_dir_leaf,entries-1024,0,go.heap_alloc_bytes,14683136
go,fstree.decode_dir_leaf,entries-1024,0,go.mallocs,131264
go,fstree.decode_dir_leaf,entries-1024,1,go.heap_alloc_bytes,14683136
go,fstree.decode_dir_leaf,entries-1024,1,go.mallocs,131264
go,fstree.decode_dir_leaf,entries-1024,2,go.heap_alloc_bytes,14683136
go,fstree.decode_dir_leaf,entries-1024,2,go.mallocs,131264
go,fstree.decode_dir_leaf,entries-1024,3,go.heap_alloc_bytes,14683136
go,fstree.decode_dir_leaf,entries-1024,3,go.mallocs,131264
go,fstree.decode_dir_leaf,entries-128,0,go.heap_alloc_bytes,1969152
go,fstree.decode_dir_leaf,entries-128,0,go.mallocs,16576
go,fstree.decode_dir_leaf,entries-128,1,go.heap_alloc_bytes,1969152
go,fstree.decode_dir_leaf,entries-128,1,go.mallocs,16576
go,fstree.decode_dir_leaf,entries-128,2,go.heap_alloc_bytes,1969152
go,fstree.decode_dir_leaf,entries-128,2,go.mallocs,16576
go,fstree.decode_dir_leaf,entries-128,3,go.heap_alloc_bytes,1969152
go,fstree.decode_dir_leaf,entries-128,3,go.mallocs,16576
go,fstree.decode_dir_leaf,entries-128-partial-change,0,go.heap_alloc_bytes,2051072
go,fstree.decode_dir_leaf,entries-128-partial-change,0,go.mallocs,17600
go,fstree.decode_dir_leaf,entries-128-partial-change,1,go.heap_alloc_bytes,2051072
go,fstree.decode_dir_leaf,entries-128-partial-change,1,go.mallocs,17600
go,fstree.decode_dir_leaf,entries-128-partial-change,2,go.heap_alloc_bytes,2051072
go,fstree.decode_dir_leaf,entries-128-partial-change,2,go.mallocs,17600
go,fstree.decode_dir_leaf,entries-128-partial-change,3,go.heap_alloc_bytes,2051072
go,fstree.decode_dir_leaf,entries-128-partial-change,3,go.mallocs,17600
go,fstree.decode_dir_leaf,entries-128-with-xattrs,0,go.heap_alloc_bytes,2051072
go,fstree.decode_dir_leaf,entries-128-with-xattrs,0,go.mallocs,17600
go,fstree.decode_dir_leaf,entries-128-with-xattrs,1,go.heap_alloc_bytes,2051072
go,fstree.decode_dir_leaf,entries-128-with-xattrs,1,go.mallocs,17600
go,fstree.decode_dir_leaf,entries-128-with-xattrs,2,go.heap_alloc_bytes,2051072
go,fstree.decode_dir_leaf,entries-128-with-xattrs,2,go.mallocs,17600
go,fstree.decode_dir_leaf,entries-128-with-xattrs,3,go.heap_alloc_bytes,2051072
go,fstree.decode_dir_leaf,entries-128-with-xattrs,3,go.mallocs,17600
go,fstree.decode_dir_leaf,entries-8,0,go.heap_alloc_bytes,125952
go,fstree.decode_dir_leaf,entries-8,0,go.mallocs,1216
go,fstree.decode_dir_leaf,entries-8,1,go.heap_alloc_bytes,125952
go,fstree.decode_dir_leaf,entries-8,1,go.mallocs,1216
go,fstree.decode_dir_leaf,entries-8,2,go.heap_alloc_bytes,125952
go,fstree.decode_dir_leaf,entries-8,2,go.mallocs,1216
go,fstree.decode_dir_leaf,entries-8,3,go.heap_alloc_bytes,125952
go,fstree.decode_dir_leaf,entries-8,3,go.mallocs,1216
go,fstree.decode_dir_node,pairs-1024,0,go.heap_alloc_bytes,6294528
go,fstree.decode_dir_node,pairs-1024,0,go.mallocs,131264
go,fstree.decode_dir_node,pairs-1024,1,go.heap_alloc_bytes,6294528
go,fstree.decode_dir_node,pairs-1024,1,go.mallocs,131264
go,fstree.decode_dir_node,pairs-1024,2,go.heap_alloc_bytes,6294528
go,fstree.decode_dir_node,pairs-1024,2,go.mallocs,131264
go,fstree.decode_dir_node,pairs-1024,3,go.heap_alloc_bytes,6294528
go,fstree.decode_dir_node,pairs-1024,3,go.mallocs,131264
go,fstree.decode_dir_node,pairs-128,0,go.heap_alloc_bytes,814080
go,fstree.decode_dir_node,pairs-128,0,go.mallocs,16576
go,fstree.decode_dir_node,pairs-128,1,go.heap_alloc_bytes,814080
go,fstree.decode_dir_node,pairs-128,1,go.mallocs,16576
go,fstree.decode_dir_node,pairs-128,2,go.heap_alloc_bytes,814080
go,fstree.decode_dir_node,pairs-128,2,go.mallocs,16576
go,fstree.decode_dir_node,pairs-128,3,go.heap_alloc_bytes,814080
go,fstree.decode_dir_node,pairs-128,3,go.mallocs,16576
go,fstree.decode_dir_node,pairs-8,0,go.heap_alloc_bytes,52224
go,fstree.decode_dir_node,pairs-8,0,go.mallocs,1216
go,fstree.decode_dir_node,pairs-8,1,go.heap_alloc_bytes,52224
go,fstree.decode_dir_node,pairs-8,1,go.mallocs,1216
go,fstree.decode_dir_node,pairs-8,2,go.heap_alloc_bytes,52224
go,fstree.decode_dir_node,pairs-8,2,go.mallocs,1216
go,fstree.decode_dir_node,pairs-8,3,go.heap_alloc_bytes,52224
go,fstree.decode_dir_node,pairs-8,3,go.mallocs,1216
go,fstree.decode_file_node,children-1024,0,go.heap_alloc_bytes,5942272
go,fstree.decode_file_node,children-1024,0,go.mallocs,65792
go,fstree.decode_file_node,children-1024,1,go.heap_alloc_bytes,5942272
go,fstree.decode_file_node,children-1024,1,go.mallocs,65792
go,fstree.decode_file_node,children-1024,2,go.heap_alloc_bytes,5942272
go,fstree.decode_file_node,children-1024,2,go.mallocs,65792
go,fstree.decode_file_node,children-1024,3,go.heap_alloc_bytes,5942272
go,fstree.decode_file_node,children-1024,3,go.mallocs,65792
go,fstree.decode_file_node,children-128,0,go.heap_alloc_bytes,732160
go,fstree.decode_file_node,children-128,0,go.mallocs,8448
go,fstree.decode_file_node,children-128,1,go.heap_alloc_bytes,732160
go,fstree.decode_file_node,children-128,1,go.mallocs,8448
go,fstree.decode_file_node,children-128,2,go.heap_alloc_bytes,732160
go,fstree.decode_file_node,children-128,2,go.mallocs,8448
go,fstree.decode_file_node,children-128,3,go.heap_alloc_bytes,732160
go,fstree.decode_file_node,children-128,3,go.mallocs,8448
go,fstree.decode_file_node,children-65536,0,go.heap_alloc_bytes,369101824
go,fstree.decode_file_node,children-65536,0,go.mallocs,4194560
go,fstree.decode_file_node,children-65536,1,go.heap_alloc_bytes,369101824
go,fstree.decode_file_node,children-65536,1,go.mallocs,4194560
go,fstree.decode_file_node,children-65536,2,go.heap_alloc_bytes,369101824
go,fstree.decode_file_node,children-65536,2,go.mallocs,4194560
go,fstree.decode_file_node,children-65536,3,go.heap_alloc_bytes,369101824
go,fstree.decode_file_node,children-65536,3,go.mallocs,4194560
go,fstree.decode_file_node,children-8,0,go.heap_alloc_bytes,48128
go,fstree.decode_file_node,children-8,0,go.mallocs,768
go,fstree.decode_file_node,children-8,1,go.heap_alloc_bytes,48128
go,fstree.decode_file_node,children-8,1,go.mallocs,768
go,fstree.decode_file_node,children-8,2,go.heap_alloc_bytes,48128
go,fstree.decode_file_node,children-8,2,go.mallocs,768
go,fstree.decode_file_node,children-8,3,go.heap_alloc_bytes,48128
go,fstree.decode_file_node,children-8,3,go.mallocs,768
go,fstree.dir_builder,entries-16,0,go.heap_alloc_bytes,16880
go,fstree.dir_builder,entries-16,0,go.mallocs,56
go,fstree.dir_builder,entries-16,1,go.heap_alloc_bytes,12800
go,fstree.dir_builder,entries-16,1,go.mallocs,49
go,fstree.dir_builder,entries-16,2,go.heap_alloc_bytes,16880
go,fstree.dir_builder,entries-16,2,go.mallocs,56
go,fstree.dir_builder,entries-16,3,go.heap_alloc_bytes,16880
go,fstree.dir_builder,entries-16,3,go.mallocs,56
go,fstree.dir_builder,entries-256,0,go.heap_alloc_bytes,263704
go,fstree.dir_builder,entries-256,0,go.mallocs,567
go,fstree.dir_builder,entries-256,1,go.heap_alloc_bytes,263704
go,fstree.dir_builder,entries-256,1,go.mallocs,567
go,fstree.dir_builder,entries-256,2,go.heap_alloc_bytes,263704
go,fstree.dir_builder,entries-256,2,go.mallocs,567
go,fstree.dir_builder,entries-256,3,go.heap_alloc_bytes,263704
go,fstree.dir_builder,entries-256,3,go.mallocs,567
go,fstree.dir_builder,entries-40000,0,go.heap_alloc_bytes,32885040
go,fstree.dir_builder,entries-40000,0,go.mallocs,83454
go,fstree.dir_builder,entries-40000,1,go.heap_alloc_bytes,32885040
go,fstree.dir_builder,entries-40000,1,go.mallocs,83454
go,fstree.dir_builder,entries-40000,2,go.heap_alloc_bytes,32885040
go,fstree.dir_builder,entries-40000,2,go.mallocs,83454
go,fstree.dir_builder,entries-40000,3,go.heap_alloc_bytes,32753984
go,fstree.dir_builder,entries-40000,3,go.mallocs,83442
go,fstree.dir_builder,entries-4096,0,go.heap_alloc_bytes,3488128
go,fstree.dir_builder,entries-4096,0,go.mallocs,8540
go,fstree.dir_builder,entries-4096,1,go.heap_alloc_bytes,3357072
go,fstree.dir_builder,entries-4096,1,go.mallocs,8528
go,fstree.dir_builder,entries-4096,2,go.heap_alloc_bytes,3488128
go,fstree.dir_builder,entries-4096,2,go.mallocs,8540
go,fstree.dir_builder,entries-4096,3,go.heap_alloc_bytes,3488128
go,fstree.dir_builder,entries-4096,3,go.mallocs,8540
go,fstree.encode_blob,1MiB-duplicate,0,go.heap_alloc_bytes,0
go,fstree.encode_blob,1MiB-duplicate,0,go.mallocs,0
go,fstree.encode_blob,1MiB-duplicate,1,go.heap_alloc_bytes,0
go,fstree.encode_blob,1MiB-duplicate,1,go.mallocs,0
go,fstree.encode_blob,1MiB-duplicate,2,go.heap_alloc_bytes,0
go,fstree.encode_blob,1MiB-duplicate,2,go.mallocs,0
go,fstree.encode_blob,1MiB-duplicate,3,go.heap_alloc_bytes,0
go,fstree.encode_blob,1MiB-duplicate,3,go.mallocs,0
go,fstree.encode_blob,1MiB-random,0,go.heap_alloc_bytes,0
go,fstree.encode_blob,1MiB-random,0,go.mallocs,0
go,fstree.encode_blob,1MiB-random,1,go.heap_alloc_bytes,0
go,fstree.encode_blob,1MiB-random,1,go.mallocs,0
go,fstree.encode_blob,1MiB-random,2,go.heap_alloc_bytes,0
go,fstree.encode_blob,1MiB-random,2,go.mallocs,0
go,fstree.encode_blob,1MiB-random,3,go.heap_alloc_bytes,0
go,fstree.encode_blob,1MiB-random,3,go.mallocs,0
go,fstree.encode_blob,1MiB-text,0,go.heap_alloc_bytes,0
go,fstree.encode_blob,1MiB-text,0,go.mallocs,0
go,fstree.encode_blob,1MiB-text,1,go.heap_alloc_bytes,0
go,fstree.encode_blob,1MiB-text,1,go.mallocs,0
go,fstree.encode_blob,1MiB-text,2,go.heap_alloc_bytes,0
go,fstree.encode_blob,1MiB-text,2,go.mallocs,0
go,fstree.encode_blob,1MiB-text,3,go.heap_alloc_bytes,0
go,fstree.encode_blob,1MiB-text,3,go.mallocs,0
go,fstree.encode_blob,4KiB-duplicate,0,go.heap_alloc_bytes,0
go,fstree.encode_blob,4KiB-duplicate,0,go.mallocs,0
go,fstree.encode_blob,4KiB-duplicate,1,go.heap_alloc_bytes,0
go,fstree.encode_blob,4KiB-duplicate,1,go.mallocs,0
go,fstree.encode_blob,4KiB-duplicate,2,go.heap_alloc_bytes,0
go,fstree.encode_blob,4KiB-duplicate,2,go.mallocs,0
go,fstree.encode_blob,4KiB-duplicate,3,go.heap_alloc_bytes,0
go,fstree.encode_blob,4KiB-duplicate,3,go.mallocs,0
go,fstree.encode_blob,4KiB-random,0,go.heap_alloc_bytes,0
go,fstree.encode_blob,4KiB-random,0,go.mallocs,0
go,fstree.encode_blob,4KiB-random,1,go.heap_alloc_bytes,0
go,fstree.encode_blob,4KiB-random,1,go.mallocs,0
go,fstree.encode_blob,4KiB-random,2,go.heap_alloc_bytes,0
go,fstree.encode_blob,4KiB-random,2,go.mallocs,0
go,fstree.encode_blob,4KiB-random,3,go.heap_alloc_bytes,0
go,fstree.encode_blob,4KiB-random,3,go.mallocs,0
go,fstree.encode_blob,4KiB-text,0,go.heap_alloc_bytes,0
go,fstree.encode_blob,4KiB-text,0,go.mallocs,0
go,fstree.encode_blob,4KiB-text,1,go.heap_alloc_bytes,0
go,fstree.encode_blob,4KiB-text,1,go.mallocs,0
go,fstree.encode_blob,4KiB-text,2,go.heap_alloc_bytes,0
go,fstree.encode_blob,4KiB-text,2,go.mallocs,0
go,fstree.encode_blob,4KiB-text,3,go.heap_alloc_bytes,0
go,fstree.encode_blob,4KiB-text,3,go.mallocs,0
go,fstree.encode_blob,empty,0,go.heap_alloc_bytes,0
go,fstree.encode_blob,empty,0,go.mallocs,0
go,fstree.encode_blob,empty,1,go.heap_alloc_bytes,0
go,fstree.encode_blob,empty,1,go.mallocs,0
go,fstree.encode_blob,empty,2,go.heap_alloc_bytes,0
go,fstree.encode_blob,empty,2,go.mallocs,0
go,fstree.encode_blob,empty,3,go.heap_alloc_bytes,0
go,fstree.encode_blob,empty,3,go.mallocs,0
go,fstree.encode_blob,large-8MiB-duplicate,0,go.heap_alloc_bytes,0
go,fstree.encode_blob,large-8MiB-duplicate,0,go.mallocs,0
go,fstree.encode_blob,large-8MiB-duplicate,1,go.heap_alloc_bytes,0
go,fstree.encode_blob,large-8MiB-duplicate,1,go.mallocs,0
go,fstree.encode_blob,large-8MiB-duplicate,2,go.heap_alloc_bytes,0
go,fstree.encode_blob,large-8MiB-duplicate,2,go.mallocs,0
go,fstree.encode_blob,large-8MiB-duplicate,3,go.heap_alloc_bytes,0
go,fstree.encode_blob,large-8MiB-duplicate,3,go.mallocs,0
go,fstree.encode_blob,large-8MiB-random,0,go.heap_alloc_bytes,0
go,fstree.encode_blob,large-8MiB-random,0,go.mallocs,0
go,fstree.encode_blob,large-8MiB-random,1,go.heap_alloc_bytes,0
go,fstree.encode_blob,large-8MiB-random,1,go.mallocs,0
go,fstree.encode_blob,large-8MiB-random,2,go.heap_alloc_bytes,0
go,fstree.encode_blob,large-8MiB-random,2,go.mallocs,0
go,fstree.encode_blob,large-8MiB-random,3,go.heap_alloc_bytes,0
go,fstree.encode_blob,large-8MiB-random,3,go.mallocs,0
go,fstree.encode_blob,large-8MiB-text,0,go.heap_alloc_bytes,0
go,fstree.encode_blob,large-8MiB-text,0,go.mallocs,0
go,fstree.encode_blob,large-8MiB-text,1,go.heap_alloc_bytes,0
go,fstree.encode_blob,large-8MiB-text,1,go.mallocs,0
go,fstree.encode_blob,large-8MiB-text,2,go.heap_alloc_bytes,0
go,fstree.encode_blob,large-8MiB-text,2,go.mallocs,0
go,fstree.encode_blob,large-8MiB-text,3,go.heap_alloc_bytes,0
go,fstree.encode_blob,large-8MiB-text,3,go.mallocs,0
go,fstree.encode_blob,tiny-64B-duplicate,0,go.heap_alloc_bytes,0
go,fstree.encode_blob,tiny-64B-duplicate,0,go.mallocs,0
go,fstree.encode_blob,tiny-64B-duplicate,1,go.heap_alloc_bytes,0
go,fstree.encode_blob,tiny-64B-duplicate,1,go.mallocs,0
go,fstree.encode_blob,tiny-64B-duplicate,2,go.heap_alloc_bytes,0
go,fstree.encode_blob,tiny-64B-duplicate,2,go.mallocs,0
go,fstree.encode_blob,tiny-64B-duplicate,3,go.heap_alloc_bytes,0
go,fstree.encode_blob,tiny-64B-duplicate,3,go.mallocs,0
go,fstree.encode_blob,tiny-64B-random,0,go.heap_alloc_bytes,0
go,fstree.encode_blob,tiny-64B-random,0,go.mallocs,0
go,fstree.encode_blob,tiny-64B-random,1,go.heap_alloc_bytes,0
go,fstree.encode_blob,tiny-64B-random,1,go.mallocs,0
go,fstree.encode_blob,tiny-64B-random,2,go.heap_alloc_bytes,0
go,fstree.encode_blob,tiny-64B-random,2,go.mallocs,0
go,fstree.encode_blob,tiny-64B-random,3,go.heap_alloc_bytes,0
go,fstree.encode_blob,tiny-64B-random,3,go.mallocs,0
go,fstree.encode_blob,tiny-64B-text,0,go.heap_alloc_bytes,0
go,fstree.encode_blob,tiny-64B-text,0,go.mallocs,0
go,fstree.encode_blob,tiny-64B-text,1,go.heap_alloc_bytes,0
go,fstree.encode_blob,tiny-64B-text,1,go.mallocs,0
go,fstree.encode_blob,tiny-64B-text,2,go.heap_alloc_bytes,0
go,fstree.encode_blob,tiny-64B-text,2,go.mallocs,0
go,fstree.encode_blob,tiny-64B-text,3,go.heap_alloc_bytes,0
go,fstree.encode_blob,tiny-64B-text,3,go.mallocs,0
go,fstree.encode_dir_leaf,entries-1024,0,go.heap_alloc_bytes,5245576
go,fstree.encode_dir_leaf,entries-1024,0,go.mallocs,130
go,fstree.encode_dir_leaf,entries-1024,1,go.heap_alloc_bytes,5507704
go,fstree.encode_dir_leaf,entries-1024,1,go.mallocs,143
go,fstree.encode_dir_leaf,entries-1024,2,go.heap_alloc_bytes,5507704
go,fstree.encode_dir_leaf,entries-1024,2,go.mallocs,143
go,fstree.encode_dir_leaf,entries-1024,3,go.heap_alloc_bytes,5507704
go,fstree.encode_dir_leaf,entries-1024,3,go.mallocs,143
go,fstree.encode_dir_leaf,entries-128,0,go.heap_alloc_bytes,658040
go,fstree.encode_dir_leaf,entries-128,0,go.mallocs,140
go,fstree.encode_dir_leaf,entries-128,1,go.heap_alloc_bytes,625288
go,fstree.encode_dir_leaf,entries-128,1,go.mallocs,130
go,fstree.encode_dir_leaf,entries-128,2,go.heap_alloc_bytes,658040
go,fstree.encode_dir_leaf,entries-128,2,go.mallocs,140
go,fstree.encode_dir_leaf,entries-128,3,go.heap_alloc_bytes,658040
go,fstree.encode_dir_leaf,entries-128,3,go.mallocs,140
go,fstree.encode_dir_leaf,entries-128-partial-change,0,go.heap_alloc_bytes,756344
go,fstree.encode_dir_leaf,entries-128-partial-change,0,go.mallocs,1164
go,fstree.encode_dir_leaf,entries-128-partial-change,1,go.heap_alloc_bytes,723592
go,fstree.encode_dir_leaf,entries-128-partial-change,1,go.mallocs,1154
go,fstree.encode_dir_leaf,entries-128-partial-change,2,go.heap_alloc_bytes,756344
go,fstree.encode_dir_leaf,entries-128-partial-change,2,go.mallocs,1164
go,fstree.encode_dir_leaf,entries-128-partial-change,3,go.heap_alloc_bytes,756344
go,fstree.encode_dir_leaf,entries-128-partial-change,3,go.mallocs,1164
go,fstree.encode_dir_leaf,entries-128-with-xattrs,0,go.heap_alloc_bytes,756344
go,fstree.encode_dir_leaf,entries-128-with-xattrs,0,go.mallocs,1164
go,fstree.encode_dir_leaf,entries-128-with-xattrs,1,go.heap_alloc_bytes,756344
go,fstree.encode_dir_leaf,entries-128-with-xattrs,1,go.mallocs,1164
go,fstree.encode_dir_leaf,entries-128-with-xattrs,2,go.heap_alloc_bytes,756344
go,fstree.encode_dir_leaf,entries-128-with-xattrs,2,go.mallocs,1164
go,fstree.encode_dir_leaf,entries-128-with-xattrs,3,go.heap_alloc_bytes,756344
go,fstree.encode_dir_leaf,entries-128-with-xattrs,3,go.mallocs,1164
go,fstree.encode_dir_leaf,entries-8,0,go.heap_alloc_bytes,43656
go,fstree.encode_dir_leaf,entries-8,0,go.mallocs,130
go,fstree.encode_dir_leaf,entries-8,1,go.heap_alloc_bytes,43656
go,fstree.encode_dir_leaf,entries-8,1,go.mallocs,130
go,fstree.encode_dir_leaf,entries-8,2,go.heap_alloc_bytes,45688
go,fstree.encode_dir_leaf,entries-8,2,go.mallocs,136
go,fstree.encode_dir_leaf,entries-8,3,go.heap_alloc_bytes,45688
go,fstree.encode_dir_leaf,entries-8,3,go.mallocs,136
go,fstree.encode_dir_node,pairs-1024,0,go.heap_alloc_bytes,3803768
go,fstree.encode_dir_node,pairs-1024,0,go.mallocs,142
go,fstree.encode_dir_node,pairs-1024,1,go.heap_alloc_bytes,3803768
go,fstree.encode_dir_node,pairs-1024,1,go.mallocs,142
go,fstree.encode_dir_node,pairs-1024,2,go.heap_alloc_bytes,3803768
go,fstree.encode_dir_node,pairs-1024,2,go.mallocs,142
go,fstree.encode_dir_node,pairs-1024,3,go.heap_alloc_bytes,3803768
go,fstree.encode_dir_node,pairs-1024,3,go.mallocs,142
go,fstree.encode_dir_node,pairs-128,0,go.heap_alloc_bytes,420488
go,fstree.encode_dir_node,pairs-128,0,go.mallocs,130
go,fstree.encode_dir_node,pairs-128,1,go.heap_alloc_bytes,420488
go,fstree.encode_dir_node,pairs-128,1,go.mallocs,130
go,fstree.encode_dir_node,pairs-128,2,go.heap_alloc_bytes,436856
go,fstree.encode_dir_node,pairs-128,2,go.mallocs,139
go,fstree.encode_dir_node,pairs-128,3,go.heap_alloc_bytes,436856
go,fstree.encode_dir_node,pairs-128,3,go.mallocs,139
go,fstree.encode_dir_node,pairs-8,0,go.heap_alloc_bytes,30328
go,fstree.encode_dir_node,pairs-8,0,go.mallocs,135
go,fstree.encode_dir_node,pairs-8,1,go.heap_alloc_bytes,30328
go,fstree.encode_dir_node,pairs-8,1,go.mallocs,135
go,fstree.encode_dir_node,pairs-8,2,go.heap_alloc_bytes,30328
go,fstree.encode_dir_node,pairs-8,2,go.mallocs,135
go,fstree.encode_dir_node,pairs-8,3,go.heap_alloc_bytes,30328
go,fstree.encode_dir_node,pairs-8,3,go.mallocs,135
go,fstree.encode_file_node,children-1024,0,go.heap_alloc_bytes,6466184
go,fstree.encode_file_node,children-1024,0,go.mallocs,65730
go,fstree.encode_file_node,children-1024,1,go.heap_alloc_bytes,6466184
go,fstree.encode_file_node,children-1024,1,go.mallocs,65730
go,fstree.encode_file_node,children-1024,2,go.heap_alloc_bytes,6597240
go,fstree.encode_file_node,children-1024,2,go.mallocs,65742
go,fstree.encode_file_node,children-1024,3,go.heap_alloc_bytes,6597240
go,fstree.encode_file_node,children-1024,3,go.mallocs,65742
go,fstree.encode_file_node,children-128,0,go.heap_alloc_bytes,797304
go,fstree.encode_file_node,children-128,0,go.mallocs,8395
go,fstree.encode_file_node,children-128,1,go.heap_alloc_bytes,797304
go,fstree.encode_file_node,children-128,1,go.mallocs,8395
go,fstree.encode_file_node,children-128,2,go.heap_alloc_bytes,780936
go,fstree.encode_file_node,children-128,2,go.mallocs,8386
go,fstree.encode_file_node,children-128,3,go.heap_alloc_bytes,780936
go,fstree.encode_file_node,children-128,3,go.mallocs,8386
go,fstree.encode_file_node,children-65536,0,go.heap_alloc_bytes,386402936
go,fstree.encode_file_node,children-65536,0,go.mallocs,4194516
go,fstree.encode_file_node,children-65536,1,go.heap_alloc_bytes,378014344
go,fstree.encode_file_node,children-65536,1,go.mallocs,4194498
go,fstree.encode_file_node,children-65536,2,go.heap_alloc_bytes,386402936
go,fstree.encode_file_node,children-65536,2,go.mallocs,4194516
go,fstree.encode_file_node,children-65536,3,go.heap_alloc_bytes,386402936
go,fstree.encode_file_node,children-65536,3,go.mallocs,4194516
go,fstree.encode_file_node,children-8,0,go.heap_alloc_bytes,50808
go,fstree.encode_file_node,children-8,0,go.mallocs,711
go,fstree.encode_file_node,children-8,1,go.heap_alloc_bytes,50808
go,fstree.encode_file_node,children-8,1,go.mallocs,711
go,fstree.encode_file_node,children-8,2,go.heap_alloc_bytes,50808
go,fstree.encode_file_node,children-8,2,go.mallocs,711
go,fstree.encode_file_node,children-8,3,go.heap_alloc_bytes,50808
go,fstree.encode_file_node,children-8,3,go.mallocs,711
go,fstree.encode_xattr_set,xattrs-64,0,go.heap_alloc_bytes,2807232
go,fstree.encode_xattr_set,xattrs-64,0,go.mallocs,97020
go,fstree.encode_xattr_set,xattrs-64,1,go.heap_alloc_bytes,2811520
go,fstree.encode_xattr_set,xattrs-64,1,go.mallocs,97288
go,fstree.encode_xattr_set,xattrs-64,2,go.heap_alloc_bytes,2807872
go,fstree.encode_xattr_set,xattrs-64,2,go.mallocs,97060
go,fstree.encode_xattr_set,xattrs-64,3,go.heap_alloc_bytes,2817728
go,fstree.encode_xattr_set,xattrs-64,3,go.mallocs,97676
go,fstree.index_builder_file,children-1024,0,go.heap_alloc_bytes,261712
go,fstree.index_builder_file,children-1024,0,go.mallocs,2170
go,fstree.index_builder_file,children-1024,1,go.heap_alloc_bytes,261712
go,fstree.index_builder_file,children-1024,1,go.mallocs,2170
go,fstree.index_builder_file,children-1024,2,go.heap_alloc_bytes,261712
go,fstree.index_builder_file,children-1024,2,go.mallocs,2170
go,fstree.index_builder_file,children-1024,3,go.heap_alloc_bytes,261712
go,fstree.index_builder_file,children-1024,3,go.mallocs,2170
go,fstree.index_builder_file,children-128,0,go.heap_alloc_bytes,38296
go,fstree.index_builder_file,children-128,0,go.mallocs,304
go,fstree.index_builder_file,children-128,1,go.heap_alloc_bytes,38296
go,fstree.index_builder_file,children-128,1,go.mallocs,304
go,fstree.index_builder_file,children-128,2,go.heap_alloc_bytes,30120
go,fstree.index_builder_file,children-128,2,go.mallocs,296
go,fstree.index_builder_file,children-128,3,go.heap_alloc_bytes,38296
go,fstree.index_builder_file,children-128,3,go.mallocs,304
go,fstree.index_builder_file,children-65536,0,go.heap_alloc_bytes,14238536
go,fstree.index_builder_file,children-65536,0,go.mallocs,137225
go,fstree.index_builder_file,children-65536,1,go.heap_alloc_bytes,14238536
go,fstree.index_builder_file,children-65536,1,go.mallocs,137225
go,fstree.index_builder_file,children-65536,2,go.heap_alloc_bytes,14238536
go,fstree.index_builder_file,children-65536,2,go.mallocs,137225
go,fstree.index_builder_file,children-65536,3,go.heap_alloc_bytes,14238536
go,fstree.index_builder_file,children-65536,3,go.mallocs,137225
go,fstree.index_builder_file,children-8,0,go.heap_alloc_bytes,3880
go,fstree.index_builder_file,children-8,0,go.mallocs,36
go,fstree.index_builder_file,children-8,1,go.heap_alloc_bytes,3880
go,fstree.index_builder_file,children-8,1,go.mallocs,36
go,fstree.index_builder_file,children-8,2,go.heap_alloc_bytes,3880
go,fstree.index_builder_file,children-8,2,go.mallocs,36
go,fstree.index_builder_file,children-8,3,go.heap_alloc_bytes,3880
go,fstree.index_builder_file,children-8,3,go.mallocs,36
go,fstree.list_entries,widest/first-page-100,0,go.heap_alloc_bytes,9703424
go,fstree.list_entries,widest/first-page-100,0,go.mallocs,72320
go,fstree.list_entries,widest/first-page-100,1,go.heap_alloc_bytes,9703424
go,fstree.list_entries,widest/first-page-100,1,go.mallocs,72320
go,fstree.list_entries,widest/first-page-100,2,go.heap_alloc_bytes,9703424
go,fstree.list_entries,widest/first-page-100,2,go.mallocs,72320
go,fstree.list_entries,widest/first-page-100,3,go.heap_alloc_bytes,9703424
go,fstree.list_entries,widest/first-page-100,3,go.mallocs,72320
go,fstree.list_entries,width-16/full-paging-100,0,go.heap_alloc_bytes,9792
go,fstree.list_entries,width-16/full-paging-100,0,go.mallocs,40
go,fstree.list_entries,width-16/full-paging-100,1,go.heap_alloc_bytes,9792
go,fstree.list_entries,width-16/full-paging-100,1,go.mallocs,40
go,fstree.list_entries,width-16/full-paging-100,2,go.heap_alloc_bytes,9792
go,fstree.list_entries,width-16/full-paging-100,2,go.mallocs,40
go,fstree.list_entries,width-16/full-paging-100,3,go.heap_alloc_bytes,9792
go,fstree.list_entries,width-16/full-paging-100,3,go.mallocs,40
go,fstree.list_entries,width-256/full-paging-100,0,go.heap_alloc_bytes,239040
go,fstree.list_entries,width-256/full-paging-100,0,go.mallocs,1080
go,fstree.list_entries,width-256/full-paging-100,1,go.heap_alloc_bytes,239040
go,fstree.list_entries,width-256/full-paging-100,1,go.mallocs,1080
go,fstree.list_entries,width-256/full-paging-100,2,go.heap_alloc_bytes,239040
go,fstree.list_entries,width-256/full-paging-100,2,go.mallocs,1080
go,fstree.list_entries,width-256/full-paging-100,3,go.heap_alloc_bytes,239040
go,fstree.list_entries,width-256/full-paging-100,3,go.mallocs,1080
go,fstree.list_entries,width-40000/full-paging-100,0,go.heap_alloc_bytes,59303408
go,fstree.list_entries,width-40000/full-paging-100,0,go.mallocs,428472
go,fstree.list_entries,width-40000/full-paging-100,1,go.heap_alloc_bytes,59303408
go,fstree.list_entries,width-40000/full-paging-100,1,go.mallocs,428472
go,fstree.list_entries,width-40000/full-paging-100,2,go.heap_alloc_bytes,59303408
go,fstree.list_entries,width-40000/full-paging-100,2,go.mallocs,428472
go,fstree.list_entries,width-40000/full-paging-100,3,go.heap_alloc_bytes,59303408
go,fstree.list_entries,width-40000/full-paging-100,3,go.mallocs,428472
go,fstree.list_entries,width-4096/full-paging-100,0,go.heap_alloc_bytes,5467520
go,fstree.list_entries,width-4096/full-paging-100,0,go.mallocs,31676
go,fstree.list_entries,width-4096/full-paging-100,1,go.heap_alloc_bytes,5467520
go,fstree.list_entries,width-4096/full-paging-100,1,go.mallocs,31676
go,fstree.list_entries,width-4096/full-paging-100,2,go.heap_alloc_bytes,5467520
go,fstree.list_entries,width-4096/full-paging-100,2,go.mallocs,31676
go,fstree.list_entries,width-4096/full-paging-100,3,go.heap_alloc_bytes,5467520
go,fstree.list_entries,width-4096/full-paging-100,3,go.mallocs,31676
go,fstree.lookup_entry,width-16/hit,0,go.heap_alloc_bytes,7776000
go,fstree.lookup_entry,width-16/hit,0,go.mallocs,70000
go,fstree.lookup_entry,width-16/hit,1,go.heap_alloc_bytes,7776000
go,fstree.lookup_entry,width-16/hit,1,go.mallocs,70000
go,fstree.lookup_entry,width-16/hit,2,go.heap_alloc_bytes,7776000
go,fstree.lookup_entry,width-16/hit,2,go.mallocs,70000
go,fstree.lookup_entry,width-16/hit,3,go.heap_alloc_bytes,7776000
go,fstree.lookup_entry,width-16/hit,3,go.mallocs,70000
go,fstree.lookup_entry,width-16/miss,0,go.heap_alloc_bytes,7985456
go,fstree.lookup_entry,width-16/miss,0,go.mallocs,76007
go,fstree.lookup_entry,width-16/miss,1,go.heap_alloc_bytes,7985456
go,fstree.lookup_entry,width-16/miss,1,go.mallocs,76007
go,fstree.lookup_entry,width-16/miss,2,go.heap_alloc_bytes,7985456
go,fstree.lookup_entry,width-16/miss,2,go.mallocs,76007
go,fstree.lookup_entry,width-16/miss,3,go.heap_alloc_bytes,7985456
go,fstree.lookup_entry,width-16/miss,3,go.mallocs,76007
go,fstree.lookup_entry,width-256/hit,0,go.heap_alloc_bytes,60870912
go,fstree.lookup_entry,width-256/hit,0,go.mallocs,553216
go,fstree.lookup_entry,width-256/hit,1,go.heap_alloc_bytes,60870912
go,fstree.lookup_entry,width-256/hit,1,go.mallocs,553216
go,fstree.lookup_entry,width-256/hit,2,go.heap_alloc_bytes,60870912
go,fstree.lookup_entry,width-256/hit,2,go.mallocs,553216
go,fstree.lookup_entry,width-256/hit,3,go.heap_alloc_bytes,60870912
go,fstree.lookup_entry,width-256/hit,3,go.mallocs,553216
go,fstree.lookup_entry,width-256/miss,0,go.heap_alloc_bytes,689456
go,fstree.lookup_entry,width-256/miss,0,go.mallocs,20007
go,fstree.lookup_entry,width-256/miss,1,go.heap_alloc_bytes,689456
go,fstree.lookup_entry,width-256/miss,1,go.mallocs,20007
go,fstree.lookup_entry,width-256/miss,2,go.heap_alloc_bytes,689456
go,fstree.lookup_entry,width-256/miss,2,go.mallocs,20007
go,fstree.lookup_entry,width-256/miss,3,go.heap_alloc_bytes,689160
go,fstree.lookup_entry,width-256/miss,3,go.mallocs,20002
go,fstree.lookup_entry,width-40000/hit,0,go.heap_alloc_bytes,153632960
go,fstree.lookup_entry,width-40000/hit,0,go.mallocs,1737400
go,fstree.lookup_entry,width-40000/hit,1,go.heap_alloc_bytes,153632960
go,fstree.lookup_entry,width-40000/hit,1,go.mallocs,1737400
go,fstree.lookup_entry,width-40000/hit,2,go.heap_alloc_bytes,153632960
go,fstree.lookup_entry,width-40000/hit,2,go.mallocs,1737400
go,fstree.lookup_entry,width-40000/hit,3,go.heap_alloc_bytes,153632960
go,fstree.lookup_entry,width-40000/hit,3,go.mallocs,1737400
go,fstree.lookup_entry,width-40000/miss,0,go.heap_alloc_bytes,689456
go,fstree.lookup_entry,width-40000/miss,0,go.mallocs,20007
go,fstree.lookup_entry,width-40000/miss,1,go.heap_alloc_bytes,689160
go,fstree.lookup_entry,width-40000/miss,1,go.mallocs,20002
go,fstree.lookup_entry,width-40000/miss,2,go.heap_alloc_bytes,689456
go,fstree.lookup_entry,width-40000/miss,2,go.mallocs,20007
go,fstree.lookup_entry,width-40000/miss,3,go.heap_alloc_bytes,689456
go,fstree.lookup_entry,width-40000/miss,3,go.mallocs,20007
go,fstree.lookup_entry,width-4096/hit,0,go.heap_alloc_bytes,119309840
go,fstree.lookup_entry,width-4096/hit,0,go.mallocs,1101270
go,fstree.lookup_entry,width-4096/hit,1,go.heap_alloc_bytes,119309840
go,fstree.lookup_entry,width-4096/hit,1,go.mallocs,1101270
go,fstree.lookup_entry,width-4096/hit,2,go.heap_alloc_bytes,119309840
go,fstree.lookup_entry,width-4096/hit,2,go.mallocs,1101270
go,fstree.lookup_entry,width-4096/hit,3,go.heap_alloc_bytes,119309840
go,fstree.lookup_entry,width-4096/hit,3,go.mallocs,1101270
go,fstree.lookup_entry,width-4096/miss,0,go.heap_alloc_bytes,5265456
go,fstree.lookup_entry,width-4096/miss,0,go.mallocs,112007
go,fstree.lookup_entry,width-4096/miss,1,go.heap_alloc_bytes,5265456
go,fstree.lookup_entry,width-4096/miss,1,go.mallocs,112007
go,fstree.lookup_entry,width-4096/miss,2,go.heap_alloc_bytes,5265160
go,fstree.lookup_entry,width-4096/miss,2,go.mallocs,112002
go,fstree.lookup_entry,width-4096/miss,3,go.heap_alloc_bytes,5265160
go,fstree.lookup_entry,width-4096/miss,3,go.mallocs,112002
go,fstree.reachable_keys,deep,0,go.heap_alloc_bytes,47304
go,fstree.reachable_keys,deep,0,go.mallocs,429
go,fstree.reachable_keys,deep,1,go.heap_alloc_bytes,47304
go,fstree.reachable_keys,deep,1,go.mallocs,429
go,fstree.reachable_keys,deep,2,go.heap_alloc_bytes,47304
go,fstree.reachable_keys,deep,2,go.mallocs,429
go,fstree.reachable_keys,deep,3,go.heap_alloc_bytes,47304
go,fstree.reachable_keys,deep,3,go.mallocs,429
go,fstree.reachable_keys,file-corpus,0,go.heap_alloc_bytes,30184
go,fstree.reachable_keys,file-corpus,0,go.mallocs,119
go,fstree.reachable_keys,file-corpus,1,go.heap_alloc_bytes,30184
go,fstree.reachable_keys,file-corpus,1,go.mallocs,119
go,fstree.reachable_keys,file-corpus,2,go.heap_alloc_bytes,30184
go,fstree.reachable_keys,file-corpus,2,go.mallocs,119
go,fstree.reachable_keys,file-corpus,3,go.heap_alloc_bytes,30184
go,fstree.reachable_keys,file-corpus,3,go.mallocs,119
go,fstree.reachable_keys,width-16,0,go.heap_alloc_bytes,10504
go,fstree.reachable_keys,width-16,0,go.mallocs,63
go,fstree.reachable_keys,width-16,1,go.heap_alloc_bytes,10504
go,fstree.reachable_keys,width-16,1,go.mallocs,63
go,fstree.reachable_keys,width-16,2,go.heap_alloc_bytes,10504
go,fstree.reachable_keys,width-16,2,go.mallocs,63
go,fstree.reachable_keys,width-16,3,go.heap_alloc_bytes,10504
go,fstree.reachable_keys,width-16,3,go.mallocs,63
go,fstree.reachable_keys,width-256,0,go.heap_alloc_bytes,176440
go,fstree.reachable_keys,width-256,0,go.mallocs,590
go,fstree.reachable_keys,width-256,1,go.heap_alloc_bytes,176440
go,fstree.reachable_keys,width-256,1,go.mallocs,590
go,fstree.reachable_keys,width-256,2,go.heap_alloc_bytes,176440
go,fstree.reachable_keys,width-256,2,go.mallocs,590
go,fstree.reachable_keys,width-256,3,go.heap_alloc_bytes,176440
go,fstree.reachable_keys,width-256,3,go.mallocs,590
go,fstree.reachable_keys,width-40000,0,go.heap_alloc_bytes,31771528
go,fstree.reachable_keys,width-40000,0,go.mallocs,84018
go,fstree.reachable_keys,width-40000,1,go.heap_alloc_bytes,31771528
go,fstree.reachable_keys,width-40000,1,go.mallocs,84018
go,fstree.reachable_keys,width-40000,2,go.heap_alloc_bytes,31771528
go,fstree.reachable_keys,width-40000,2,go.mallocs,84018
go,fstree.reachable_keys,width-40000,3,go.heap_alloc_bytes,31771528
go,fstree.reachable_keys,width-40000,3,go.mallocs,84018
go,fstree.reachable_keys,width-4096,0,go.heap_alloc_bytes,3105136
go,fstree.reachable_keys,width-4096,0,go.mallocs,8653
go,fstree.reachable_keys,width-4096,1,go.heap_alloc_bytes,3105136
go,fstree.reachable_keys,width-4096,1,go.mallocs,8653
go,fstree.reachable_keys,width-4096,2,go.heap_alloc_bytes,3105136
go,fstree.reachable_keys,width-4096,2,go.mallocs,8653
go,fstree.reachable_keys,width-4096,3,go.heap_alloc_bytes,3105136
go,fstree.reachable_keys,width-4096,3,go.mallocs,8653
go,fstree.resolve_entry,depth-1,0,go.heap_alloc_bytes,1222656
go,fstree.resolve_entry,depth-1,0,go.mallocs,12032
go,fstree.resolve_entry,depth-1,1,go.heap_alloc_bytes,1222656
go,fstree.resolve_entry,depth-1,1,go.mallocs,12032
go,fstree.resolve_entry,depth-1,2,go.heap_alloc_bytes,1222656
go,fstree.resolve_entry,depth-1,2,go.mallocs,12032
go,fstree.resolve_entry,depth-1,3,go.heap_alloc_bytes,1222656
go,fstree.resolve_entry,depth-1,3,go.mallocs,12032
go,fstree.resolve_entry,depth-12,0,go.heap_alloc_bytes,3141632
go,fstree.resolve_entry,depth-12,0,go.mallocs,37376
go,fstree.resolve_entry,depth-12,1,go.heap_alloc_bytes,3141632
go,fstree.resolve_entry,depth-12,1,go.mallocs,37376
go,fstree.resolve_entry,depth-12,2,go.heap_alloc_bytes,3141632
go,fstree.resolve_entry,depth-12,2,go.mallocs,37376
go,fstree.resolve_entry,depth-12,3,go.heap_alloc_bytes,3141632
go,fstree.resolve_entry,depth-12,3,go.mallocs,37376
go,fstree.resolve_entry,depth-24,0,go.heap_alloc_bytes,5234688
go,fstree.resolve_entry,depth-24,0,go.mallocs,65024
go,fstree.resolve_entry,depth-24,1,go.heap_alloc_bytes,5234688
go,fstree.resolve_entry,depth-24,1,go.mallocs,65024
go,fstree.resolve_entry,depth-24,2,go.heap_alloc_bytes,5234688
go,fstree.resolve_entry,depth-24,2,go.mallocs,65024
go,fstree.resolve_entry,depth-24,3,go.heap_alloc_bytes,5234688
go,fstree.resolve_entry,depth-24,3,go.mallocs,65024
go,fstree.resolve_entry,depth-4,0,go.heap_alloc_bytes,1748992
go,fstree.resolve_entry,depth-4,0,go.mallocs,18944
go,fstree.resolve_entry,depth-4,1,go.heap_alloc_bytes,1748992
go,fstree.resolve_entry,depth-4,1,go.mallocs,18944
go,fstree.resolve_entry,depth-4,2,go.heap_alloc_bytes,1748992
go,fstree.resolve_entry,depth-4,2,go.mallocs,18944
go,fstree.resolve_entry,depth-4,3,go.heap_alloc_bytes,1748992
go,fstree.resolve_entry,depth-4,3,go.mallocs,18944
go,fstree.resolve_path,depth-1,0,go.heap_alloc_bytes,126976
go,fstree.resolve_path,depth-1,0,go.mallocs,2048
go,fstree.resolve_path,depth-1,1,go.heap_alloc_bytes,126976
go,fstree.resolve_path,depth-1,1,go.mallocs,2048
go,fstree.resolve_path,depth-1,2,go.heap_alloc_bytes,126976
go,fstree.resolve_path,depth-1,2,go.mallocs,2048
go,fstree.resolve_path,depth-1,3,go.heap_alloc_bytes,126976
go,fstree.resolve_path,depth-1,3,go.mallocs,2048
go,fstree.resolve_path,depth-12,0,go.heap_alloc_bytes,1523712
go,fstree.resolve_path,depth-12,0,go.mallocs,24576
go,fstree.resolve_path,depth-12,1,go.heap_alloc_bytes,1523712
go,fstree.resolve_path,depth-12,1,go.mallocs,24576
go,fstree.resolve_path,depth-12,2,go.heap_alloc_bytes,1523712
go,fstree.resolve_path,depth-12,2,go.mallocs,24576
go,fstree.resolve_path,depth-12,3,go.heap_alloc_bytes,1523712
go,fstree.resolve_path,depth-12,3,go.mallocs,24576
go,fstree.resolve_path,depth-24,0,go.heap_alloc_bytes,3047424
go,fstree.resolve_path,depth-24,0,go.mallocs,49152
go,fstree.resolve_path,depth-24,1,go.heap_alloc_bytes,3047424
go,fstree.resolve_path,depth-24,1,go.mallocs,49152
go,fstree.resolve_path,depth-24,2,go.heap_alloc_bytes,3047424
go,fstree.resolve_path,depth-24,2,go.mallocs,49152
go,fstree.resolve_path,depth-24,3,go.heap_alloc_bytes,3047424
go,fstree.resolve_path,depth-24,3,go.mallocs,49152
go,fstree.resolve_path,depth-4,0,go.heap_alloc_bytes,507904
go,fstree.resolve_path,depth-4,0,go.mallocs,8192
go,fstree.resolve_path,depth-4,1,go.heap_alloc_bytes,507904
go,fstree.resolve_path,depth-4,1,go.mallocs,8192
go,fstree.resolve_path,depth-4,2,go.heap_alloc_bytes,507904
go,fstree.resolve_path,depth-4,2,go.mallocs,8192
go,fstree.resolve_path,depth-4,3,go.heap_alloc_bytes,507904
go,fstree.resolve_path,depth-4,3,go.mallocs,8192
go,fstree.write_content,file-corpus,0,go.heap_alloc_bytes,6160
go,fstree.write_content,file-corpus,0,go.mallocs,79
go,fstree.write_content,file-corpus,1,go.heap_alloc_bytes,6160
go,fstree.write_content,file-corpus,1,go.mallocs,79
go,fstree.write_content,file-corpus,2,go.heap_alloc_bytes,6160
go,fstree.write_content,file-corpus,2,go.mallocs,79
go,fstree.write_content,file-corpus,3,go.heap_alloc_bytes,6160
go,fstree.write_content,file-corpus,3,go.mallocs,79
go,gc.begin_write,gate-span,0,go.heap_alloc_bytes,163840
go,gc.begin_write,gate-span,0,go.mallocs,8192
go,gc.begin_write,gate-span,1,go.heap_alloc_bytes,163840
go,gc.begin_write,gate-span,1,go.mallocs,8192
go,gc.begin_write,gate-span,2,go.heap_alloc_bytes,163840
go,gc.begin_write,gate-span,2,go.mallocs,8192
go,gc.begin_write,gate-span,3,go.heap_alloc_bytes,163840
go,gc.begin_write,gate-span,3,go.mallocs,8192
go,gc.close,idle,0,go.heap_alloc_bytes,0
go,gc.close,idle,0,go.mallocs,0
go,gc.close,idle,1,go.heap_alloc_bytes,0
go,gc.close,idle,1,go.mallocs,0
go,gc.close,idle,2,go.heap_alloc_bytes,0
go,gc.close,idle,2,go.mallocs,0
go,gc.close,idle,3,go.heap_alloc_bytes,0
go,gc.close,idle,3,go.mallocs,0
go,gc.open,populated,0,go.heap_alloc_bytes,2416
go,gc.open,populated,0,go.mallocs,14
go,gc.open,populated,1,go.heap_alloc_bytes,2416
go,gc.open,populated,1,go.mallocs,14
go,gc.open,populated,2,go.heap_alloc_bytes,2416
go,gc.open,populated,2,go.mallocs,14
go,gc.open,populated,3,go.heap_alloc_bytes,10632
go,gc.open,populated,3,go.mallocs,16
go,gc.prepare_ref,missing-root,0,go.heap_alloc_bytes,70304
go,gc.prepare_ref,missing-root,0,go.mallocs,1159
go,gc.prepare_ref,missing-root,1,go.heap_alloc_bytes,70248
go,gc.prepare_ref,missing-root,1,go.mallocs,1158
go,gc.prepare_ref,missing-root,2,go.heap_alloc_bytes,70024
go,gc.prepare_ref,missing-root,2,go.mallocs,1156
go,gc.prepare_ref,missing-root,3,go.heap_alloc_bytes,69768
go,gc.prepare_ref,missing-root,3,go.mallocs,1154
go,gc.prepare_ref,tree-root/abort,0,go.heap_alloc_bytes,5050288
go,gc.prepare_ref,tree-root/abort,0,go.mallocs,24274
go,gc.prepare_ref,tree-root/abort,1,go.heap_alloc_bytes,5050272
go,gc.prepare_ref,tree-root/abort,1,go.mallocs,24274
go,gc.prepare_ref,tree-root/abort,2,go.heap_alloc_bytes,5050288
go,gc.prepare_ref,tree-root/abort,2,go.mallocs,24274
go,gc.prepare_ref,tree-root/abort,3,go.heap_alloc_bytes,5050384
go,gc.prepare_ref,tree-root/abort,3,go.mallocs,24275
go,gc.prepare_ref,tree-root/commit,0,go.heap_alloc_bytes,5050272
go,gc.prepare_ref,tree-root/commit,0,go.mallocs,24274
go,gc.prepare_ref,tree-root/commit,1,go.heap_alloc_bytes,5050096
go,gc.prepare_ref,tree-root/commit,1,go.mallocs,24272
go,gc.prepare_ref,tree-root/commit,2,go.heap_alloc_bytes,5050272
go,gc.prepare_ref,tree-root/commit,2,go.mallocs,24274
go,gc.prepare_ref,tree-root/commit,3,go.heap_alloc_bytes,5050256
go,gc.prepare_ref,tree-root/commit,3,go.mallocs,24274
go,gc.release_ref,batch,0,go.heap_alloc_bytes,0
go,gc.release_ref,batch,0,go.mallocs,0
go,gc.release_ref,batch,1,go.heap_alloc_bytes,0
go,gc.release_ref,batch,1,go.mallocs,0
go,gc.release_ref,batch,2,go.heap_alloc_bytes,0
go,gc.release_ref,batch,2,go.mallocs,0
go,gc.release_ref,batch,3,go.heap_alloc_bytes,0
go,gc.release_ref,batch,3,go.mallocs,0
go,gc.run,nothing-to-reclaim,0,go.heap_alloc_bytes,2592056
go,gc.run,nothing-to-reclaim,0,go.mallocs,12847
go,gc.run,nothing-to-reclaim,1,go.heap_alloc_bytes,2814904
go,gc.run,nothing-to-reclaim,1,go.mallocs,12903
go,gc.run,nothing-to-reclaim,2,go.heap_alloc_bytes,2798264
go,gc.run,nothing-to-reclaim,2,go.mallocs,12892
go,gc.run,nothing-to-reclaim,3,go.heap_alloc_bytes,2797704
go,gc.run,nothing-to-reclaim,3,go.mallocs,12887
go,gc.run,reclaimable-packs,0,go.heap_alloc_bytes,5404120
go,gc.run,reclaimable-packs,0,go.mallocs,13080
go,gc.run,reclaimable-packs,1,go.heap_alloc_bytes,5404344
go,gc.run,reclaimable-packs,1,go.mallocs,13082
go,gc.run,reclaimable-packs,2,go.heap_alloc_bytes,5404120
go,gc.run,reclaimable-packs,2,go.mallocs,13080
go,gc.run,reclaimable-packs,3,go.heap_alloc_bytes,5404056
go,gc.run,reclaimable-packs,3,go.mallocs,13078
go,gc.status,mark+score,0,go.heap_alloc_bytes,4337048
go,gc.status,mark+score,0,go.mallocs,12994
go,gc.status,mark+score,1,go.heap_alloc_bytes,4354400
go,gc.status,mark+score,1,go.mallocs,13016
go,gc.status,mark+score,2,go.heap_alloc_bytes,4354624
go,gc.status,mark+score,2,go.mallocs,13018
go,gc.status,mark+score,3,go.heap_alloc_bytes,4337048
go,gc.status,mark+score,3,go.mallocs,12994
go,gc.why,live-root,0,go.heap_alloc_bytes,36144
go,gc.why,live-root,0,go.mallocs,103
go,gc.why,live-root,1,go.heap_alloc_bytes,18568
go,gc.why,live-root,1,go.mallocs,79
go,gc.why,live-root,2,go.heap_alloc_bytes,35920
go,gc.why,live-root,2,go.mallocs,101
go,gc.why,live-root,3,go.heap_alloc_bytes,36144
go,gc.why,live-root,3,go.mallocs,103
go,gc.wipe,store-reset,0,go.heap_alloc_bytes,37816
go,gc.wipe,store-reset,0,go.mallocs,101
go,gc.wipe,store-reset,1,go.heap_alloc_bytes,19072
go,gc.wipe,store-reset,1,go.mallocs,78
go,gc.wipe,store-reset,2,go.heap_alloc_bytes,37592
go,gc.wipe,store-reset,2,go.mallocs,99
go,gc.wipe,store-reset,3,go.heap_alloc_bytes,37816
go,gc.wipe,store-reset,3,go.mallocs,101
go,inbox.close,drained,0,go.heap_alloc_bytes,21706160
go,inbox.close,drained,0,go.mallocs,11452
go,inbox.close,drained,1,go.heap_alloc_bytes,6819776
go,inbox.close,drained,1,go.mallocs,3624
go,inbox.close,drained,2,go.heap_alloc_bytes,27748672
go,inbox.close,drained,2,go.mallocs,14881
go,inbox.close,drained,3,go.heap_alloc_bytes,21198720
go,inbox.close,drained,3,go.mallocs,11310
go,inbox.commit,packs/duplicate,0,go.heap_alloc_bytes,43008
go,inbox.commit,packs/duplicate,0,go.mallocs,336
go,inbox.commit,packs/duplicate,1,go.heap_alloc_bytes,43008
go,inbox.commit,packs/duplicate,1,go.mallocs,336
go,inbox.commit,packs/duplicate,2,go.heap_alloc_bytes,43008
go,inbox.commit,packs/duplicate,2,go.mallocs,336
go,inbox.commit,packs/duplicate,3,go.heap_alloc_bytes,43008
go,inbox.commit,packs/duplicate,3,go.mallocs,336
go,inbox.discard,packs,0,go.heap_alloc_bytes,6128
go,inbox.discard,packs,0,go.mallocs,48
go,inbox.discard,packs,1,go.heap_alloc_bytes,6112
go,inbox.discard,packs,1,go.mallocs,48
go,inbox.discard,packs,2,go.heap_alloc_bytes,6112
go,inbox.discard,packs,2,go.mallocs,48
go,inbox.discard,packs,3,go.heap_alloc_bytes,6128
go,inbox.discard,packs,3,go.mallocs,48
go,inbox.drain,packs/new,0,go.heap_alloc_bytes,46047376
go,inbox.drain,packs/new,0,go.mallocs,25411
go,inbox.drain,packs/new,1,go.heap_alloc_bytes,46046336
go,inbox.drain,packs/new,1,go.mallocs,25422
go,inbox.drain,packs/new,2,go.heap_alloc_bytes,46044000
go,inbox.drain,packs/new,2,go.mallocs,25389
go,inbox.drain,packs/new,3,go.heap_alloc_bytes,46048544
go,inbox.drain,packs/new,3,go.mallocs,25422
go,inbox.open,empty,0,go.heap_alloc_bytes,4248
go,inbox.open,empty,0,go.mallocs,44
go,inbox.open,empty,1,go.heap_alloc_bytes,4248
go,inbox.open,empty,1,go.mallocs,44
go,inbox.open,empty,2,go.heap_alloc_bytes,12464
go,inbox.open,empty,2,go.mallocs,46
go,inbox.open,empty,3,go.heap_alloc_bytes,12464
go,inbox.open,empty,3,go.mallocs,46
go,inbox.open,sweeps-staged-tmp-files,0,go.heap_alloc_bytes,21480
go,inbox.open,sweeps-staged-tmp-files,0,go.mallocs,235
go,inbox.open,sweeps-staged-tmp-files,1,go.heap_alloc_bytes,29728
go,inbox.open,sweeps-staged-tmp-files,1,go.mallocs,237
go,inbox.open,sweeps-staged-tmp-files,2,go.heap_alloc_bytes,29680
go,inbox.open,sweeps-staged-tmp-files,2,go.mallocs,237
go,inbox.open,sweeps-staged-tmp-files,3,go.heap_alloc_bytes,29696
go,inbox.open,sweeps-staged-tmp-files,3,go.mallocs,237
go,inbox.stage,packs,0,go.heap_alloc_bytes,566256
go,inbox.stage,packs,0,go.mallocs,786
go,inbox.stage,packs,1,go.heap_alloc_bytes,566368
go,inbox.stage,packs,1,go.mallocs,788
go,inbox.stage,packs,2,go.heap_alloc_bytes,566256
go,inbox.stage,packs,2,go.mallocs,786
go,inbox.stage,packs,3,go.heap_alloc_bytes,566592
go,inbox.stage,packs,3,go.mallocs,790
go,ingest.dir,single-file/jobs-1,0,go.heap_alloc_bytes,20541984
go,ingest.dir,single-file/jobs-1,0,go.mallocs,380
go,ingest.dir,single-file/jobs-1,1,go.heap_alloc_bytes,20542992
go,ingest.dir,single-file/jobs-1,1,go.mallocs,385
go,ingest.dir,single-file/jobs-1,2,go.heap_alloc_bytes,20541984
go,ingest.dir,single-file/jobs-1,2,go.mallocs,380
go,ingest.dir,single-file/jobs-1,3,go.heap_alloc_bytes,20543248
go,ingest.dir,single-file/jobs-1,3,go.mallocs,388
go,ingest.dir,tree/fresh-store/jobs-1,0,go.heap_alloc_bytes,11342957784
go,ingest.dir,tree/fresh-store/jobs-1,0,go.mallocs,160894
go,ingest.dir,tree/fresh-store/jobs-1,1,go.heap_alloc_bytes,11342994040
go,ingest.dir,tree/fresh-store/jobs-1,1,go.mallocs,160921
go,ingest.dir,tree/fresh-store/jobs-1,2,go.heap_alloc_bytes,11342924904
go,ingest.dir,tree/fresh-store/jobs-1,2,go.mallocs,160861
go,ingest.dir,tree/fresh-store/jobs-1,3,go.heap_alloc_bytes,11342967704
go,ingest.dir,tree/fresh-store/jobs-1,3,go.mallocs,161015
go,ingest.dir,tree/fresh-store/jobs-N,0,go.heap_alloc_bytes,11343599128
go,ingest.dir,tree/fresh-store/jobs-N,0,go.mallocs,166184
go,ingest.dir,tree/fresh-store/jobs-N,1,go.heap_alloc_bytes,11343542624
go,ingest.dir,tree/fresh-store/jobs-N,1,go.mallocs,166240
go,ingest.dir,tree/fresh-store/jobs-N,2,go.heap_alloc_bytes,11343710904
go,ingest.dir,tree/fresh-store/jobs-N,2,go.mallocs,166324
go,ingest.dir,tree/fresh-store/jobs-N,3,go.heap_alloc_bytes,11343453096
go,ingest.dir,tree/fresh-store/jobs-N,3,go.mallocs,166059
go,ingest.dir,tree/incremental-change/jobs-1,0,go.heap_alloc_bytes,11250428592
go,ingest.dir,tree/incremental-change/jobs-1,0,go.mallocs,144941
go,ingest.dir,tree/incremental-change/jobs-1,1,go.heap_alloc_bytes,11250449352
go,ingest.dir,tree/incremental-change/jobs-1,1,go.mallocs,144973
go,ingest.dir,tree/incremental-change/jobs-1,2,go.heap_alloc_bytes,11250509448
go,ingest.dir,tree/incremental-change/jobs-1,2,go.mallocs,145034
go,ingest.dir,tree/incremental-change/jobs-1,3,go.heap_alloc_bytes,11250436592
go,ingest.dir,tree/incremental-change/jobs-1,3,go.mallocs,144918
go,ingest.dir,tree/incremental-change/jobs-N,0,go.heap_alloc_bytes,11250676968
go,ingest.dir,tree/incremental-change/jobs-N,0,go.mallocs,150537
go,ingest.dir,tree/incremental-change/jobs-N,1,go.heap_alloc_bytes,11250789000
go,ingest.dir,tree/incremental-change/jobs-N,1,go.mallocs,150562
go,ingest.dir,tree/incremental-change/jobs-N,2,go.heap_alloc_bytes,11250736712
go,ingest.dir,tree/incremental-change/jobs-N,2,go.mallocs,150596
go,ingest.dir,tree/incremental-change/jobs-N,3,go.heap_alloc_bytes,11250870568
go,ingest.dir,tree/incremental-change/jobs-N,3,go.mallocs,150678
go,ingest.dir,tree/unchanged-repeat/jobs-1,0,go.heap_alloc_bytes,11233115768
go,ingest.dir,tree/unchanged-repeat/jobs-1,0,go.mallocs,144707
go,ingest.dir,tree/unchanged-repeat/jobs-1,1,go.heap_alloc_bytes,11233087592
go,ingest.dir,tree/unchanged-repeat/jobs-1,1,go.mallocs,144683
go,ingest.dir,tree/unchanged-repeat/jobs-1,2,go.heap_alloc_bytes,11233060880
go,ingest.dir,tree/unchanged-repeat/jobs-1,2,go.mallocs,144678
go,ingest.dir,tree/unchanged-repeat/jobs-1,3,go.heap_alloc_bytes,11233079712
go,ingest.dir,tree/unchanged-repeat/jobs-1,3,go.mallocs,144671
go,ingest.dir,tree/unchanged-repeat/jobs-N,0,go.heap_alloc_bytes,11233476896
go,ingest.dir,tree/unchanged-repeat/jobs-N,0,go.mallocs,150288
go,ingest.dir,tree/unchanged-repeat/jobs-N,1,go.heap_alloc_bytes,11233394720
go,ingest.dir,tree/unchanged-repeat/jobs-N,1,go.mallocs,150260
go,ingest.dir,tree/unchanged-repeat/jobs-N,2,go.heap_alloc_bytes,11233472088
go,ingest.dir,tree/unchanged-repeat/jobs-N,2,go.mallocs,150184
go,ingest.dir,tree/unchanged-repeat/jobs-N,3,go.heap_alloc_bytes,11233367752
go,ingest.dir,tree/unchanged-repeat/jobs-N,3,go.mallocs,150275
go,ingest.objects,tree/jobs-1,0,go.heap_alloc_bytes,11232508240
go,ingest.objects,tree/jobs-1,0,go.mallocs,142842
go,ingest.objects,tree/jobs-1,1,go.heap_alloc_bytes,11232429968
go,ingest.objects,tree/jobs-1,1,go.mallocs,142814
go,ingest.objects,tree/jobs-1,2,go.heap_alloc_bytes,11232530976
go,ingest.objects,tree/jobs-1,2,go.mallocs,142868
go,ingest.objects,tree/jobs-1,3,go.heap_alloc_bytes,11232497496
go,ingest.objects,tree/jobs-1,3,go.mallocs,142864
go,ingest.objects,tree/jobs-N,0,go.heap_alloc_bytes,11232858288
go,ingest.objects,tree/jobs-N,0,go.mallocs,148424
go,ingest.objects,tree/jobs-N,1,go.heap_alloc_bytes,11232919240
go,ingest.objects,tree/jobs-N,1,go.mallocs,148422
go,ingest.objects,tree/jobs-N,2,go.heap_alloc_bytes,11232787568
go,ingest.objects,tree/jobs-N,2,go.mallocs,148481
go,ingest.objects,tree/jobs-N,3,go.heap_alloc_bytes,11232781000
go,ingest.objects,tree/jobs-N,3,go.mallocs,148387
go,ingest.scan,filtered/jobs-1,0,go.heap_alloc_bytes,3398144
go,ingest.scan,filtered/jobs-1,0,go.mallocs,41488
go,ingest.scan,filtered/jobs-1,1,go.heap_alloc_bytes,3394208
go,ingest.scan,filtered/jobs-1,1,go.mallocs,41390
go,ingest.scan,filtered/jobs-1,2,go.heap_alloc_bytes,3421832
go,ingest.scan,filtered/jobs-1,2,go.mallocs,41470
go,ingest.scan,filtered/jobs-1,3,go.heap_alloc_bytes,3391248
go,ingest.scan,filtered/jobs-1,3,go.mallocs,41316
go,ingest.scan,filtered/jobs-N,0,go.heap_alloc_bytes,3632288
go,ingest.scan,filtered/jobs-N,0,go.mallocs,47334
go,ingest.scan,filtered/jobs-N,1,go.heap_alloc_bytes,3616896
go,ingest.scan,filtered/jobs-N,1,go.mallocs,46955
go,ingest.scan,filtered/jobs-N,2,go.heap_alloc_bytes,3611200
go,ingest.scan,filtered/jobs-N,2,go.mallocs,46814
go,ingest.scan,filtered/jobs-N,3,go.heap_alloc_bytes,3624720
go,ingest.scan,filtered/jobs-N,3,go.mallocs,47152
go,ingest.scan,unfiltered/jobs-1,0,go.heap_alloc_bytes,3174872
go,ingest.scan,unfiltered/jobs-1,0,go.mallocs,35376
go,ingest.scan,unfiltered/jobs-1,1,go.heap_alloc_bytes,3191544
go,ingest.scan,unfiltered/jobs-1,1,go.mallocs,35386
go,ingest.scan,unfiltered/jobs-1,2,go.heap_alloc_bytes,3203040
go,ingest.scan,unfiltered/jobs-1,2,go.mallocs,35470
go,ingest.scan,unfiltered/jobs-1,3,go.heap_alloc_bytes,3194904
go,ingest.scan,unfiltered/jobs-1,3,go.mallocs,35470
go,key.accessors,type+length+length_size+hash,0,go.heap_alloc_bytes,0
go,key.accessors,type+length+length_size+hash,0,go.mallocs,0
go,key.accessors,type+length+length_size+hash,1,go.heap_alloc_bytes,0
go,key.accessors,type+length+length_size+hash,1,go.mallocs,0
go,key.accessors,type+length+length_size+hash,2,go.heap_alloc_bytes,0
go,key.accessors,type+length+length_size+hash,2,go.mallocs,0
go,key.accessors,type+length+length_size+hash,3,go.heap_alloc_bytes,0
go,key.accessors,type+length+length_size+hash,3,go.mallocs,0
go,key.new,1MiB-duplicate,0,go.heap_alloc_bytes,0
go,key.new,1MiB-duplicate,0,go.mallocs,0
go,key.new,1MiB-duplicate,1,go.heap_alloc_bytes,0
go,key.new,1MiB-duplicate,1,go.mallocs,0
go,key.new,1MiB-duplicate,2,go.heap_alloc_bytes,0
go,key.new,1MiB-duplicate,2,go.mallocs,0
go,key.new,1MiB-duplicate,3,go.heap_alloc_bytes,0
go,key.new,1MiB-duplicate,3,go.mallocs,0
go,key.new,1MiB-random,0,go.heap_alloc_bytes,0
go,key.new,1MiB-random,0,go.mallocs,0
go,key.new,1MiB-random,1,go.heap_alloc_bytes,0
go,key.new,1MiB-random,1,go.mallocs,0
go,key.new,1MiB-random,2,go.heap_alloc_bytes,0
go,key.new,1MiB-random,2,go.mallocs,0
go,key.new,1MiB-random,3,go.heap_alloc_bytes,0
go,key.new,1MiB-random,3,go.mallocs,0
go,key.new,1MiB-text,0,go.heap_alloc_bytes,0
go,key.new,1MiB-text,0,go.mallocs,0
go,key.new,1MiB-text,1,go.heap_alloc_bytes,0
go,key.new,1MiB-text,1,go.mallocs,0
go,key.new,1MiB-text,2,go.heap_alloc_bytes,0
go,key.new,1MiB-text,2,go.mallocs,0
go,key.new,1MiB-text,3,go.heap_alloc_bytes,0
go,key.new,1MiB-text,3,go.mallocs,0
go,key.new,4KiB-duplicate,0,go.heap_alloc_bytes,0
go,key.new,4KiB-duplicate,0,go.mallocs,0
go,key.new,4KiB-duplicate,1,go.heap_alloc_bytes,0
go,key.new,4KiB-duplicate,1,go.mallocs,0
go,key.new,4KiB-duplicate,2,go.heap_alloc_bytes,0
go,key.new,4KiB-duplicate,2,go.mallocs,0
go,key.new,4KiB-duplicate,3,go.heap_alloc_bytes,0
go,key.new,4KiB-duplicate,3,go.mallocs,0
go,key.new,4KiB-random,0,go.heap_alloc_bytes,0
go,key.new,4KiB-random,0,go.mallocs,0
go,key.new,4KiB-random,1,go.heap_alloc_bytes,0
go,key.new,4KiB-random,1,go.mallocs,0
go,key.new,4KiB-random,2,go.heap_alloc_bytes,0
go,key.new,4KiB-random,2,go.mallocs,0
go,key.new,4KiB-random,3,go.heap_alloc_bytes,0
go,key.new,4KiB-random,3,go.mallocs,0
go,key.new,4KiB-text,0,go.heap_alloc_bytes,0
go,key.new,4KiB-text,0,go.mallocs,0
go,key.new,4KiB-text,1,go.heap_alloc_bytes,0
go,key.new,4KiB-text,1,go.mallocs,0
go,key.new,4KiB-text,2,go.heap_alloc_bytes,0
go,key.new,4KiB-text,2,go.mallocs,0
go,key.new,4KiB-text,3,go.heap_alloc_bytes,0
go,key.new,4KiB-text,3,go.mallocs,0
go,key.new,empty,0,go.heap_alloc_bytes,0
go,key.new,empty,0,go.mallocs,0
go,key.new,empty,1,go.heap_alloc_bytes,0
go,key.new,empty,1,go.mallocs,0
go,key.new,empty,2,go.heap_alloc_bytes,0
go,key.new,empty,2,go.mallocs,0
go,key.new,empty,3,go.heap_alloc_bytes,0
go,key.new,empty,3,go.mallocs,0
go,key.new,large-8MiB-duplicate,0,go.heap_alloc_bytes,0
go,key.new,large-8MiB-duplicate,0,go.mallocs,0
go,key.new,large-8MiB-duplicate,1,go.heap_alloc_bytes,0
go,key.new,large-8MiB-duplicate,1,go.mallocs,0
go,key.new,large-8MiB-duplicate,2,go.heap_alloc_bytes,0
go,key.new,large-8MiB-duplicate,2,go.mallocs,0
go,key.new,large-8MiB-duplicate,3,go.heap_alloc_bytes,0
go,key.new,large-8MiB-duplicate,3,go.mallocs,0
go,key.new,large-8MiB-random,0,go.heap_alloc_bytes,0
go,key.new,large-8MiB-random,0,go.mallocs,0
go,key.new,large-8MiB-random,1,go.heap_alloc_bytes,0
go,key.new,large-8MiB-random,1,go.mallocs,0
go,key.new,large-8MiB-random,2,go.heap_alloc_bytes,0
go,key.new,large-8MiB-random,2,go.mallocs,0
go,key.new,large-8MiB-random,3,go.heap_alloc_bytes,0
go,key.new,large-8MiB-random,3,go.mallocs,0
go,key.new,large-8MiB-text,0,go.heap_alloc_bytes,0
go,key.new,large-8MiB-text,0,go.mallocs,0
go,key.new,large-8MiB-text,1,go.heap_alloc_bytes,0
go,key.new,large-8MiB-text,1,go.mallocs,0
go,key.new,large-8MiB-text,2,go.heap_alloc_bytes,0
go,key.new,large-8MiB-text,2,go.mallocs,0
go,key.new,large-8MiB-text,3,go.heap_alloc_bytes,0
go,key.new,large-8MiB-text,3,go.mallocs,0
go,key.new,tiny-64B-duplicate,0,go.heap_alloc_bytes,0
go,key.new,tiny-64B-duplicate,0,go.mallocs,0
go,key.new,tiny-64B-duplicate,1,go.heap_alloc_bytes,0
go,key.new,tiny-64B-duplicate,1,go.mallocs,0
go,key.new,tiny-64B-duplicate,2,go.heap_alloc_bytes,0
go,key.new,tiny-64B-duplicate,2,go.mallocs,0
go,key.new,tiny-64B-duplicate,3,go.heap_alloc_bytes,0
go,key.new,tiny-64B-duplicate,3,go.mallocs,0
go,key.new,tiny-64B-random,0,go.heap_alloc_bytes,0
go,key.new,tiny-64B-random,0,go.mallocs,0
go,key.new,tiny-64B-random,1,go.heap_alloc_bytes,0
go,key.new,tiny-64B-random,1,go.mallocs,0
go,key.new,tiny-64B-random,2,go.heap_alloc_bytes,0
go,key.new,tiny-64B-random,2,go.mallocs,0
go,key.new,tiny-64B-random,3,go.heap_alloc_bytes,0
go,key.new,tiny-64B-random,3,go.mallocs,0
go,key.new,tiny-64B-text,0,go.heap_alloc_bytes,0
go,key.new,tiny-64B-text,0,go.mallocs,0
go,key.new,tiny-64B-text,1,go.heap_alloc_bytes,0
go,key.new,tiny-64B-text,1,go.mallocs,0
go,key.new,tiny-64B-text,2,go.heap_alloc_bytes,0
go,key.new,tiny-64B-text,2,go.mallocs,0
go,key.new,tiny-64B-text,3,go.heap_alloc_bytes,0
go,key.new,tiny-64B-text,3,go.mallocs,0
go,key.new_from_hash,batch,0,go.heap_alloc_bytes,0
go,key.new_from_hash,batch,0,go.mallocs,0
go,key.new_from_hash,batch,1,go.heap_alloc_bytes,0
go,key.new_from_hash,batch,1,go.mallocs,0
go,key.new_from_hash,batch,2,go.heap_alloc_bytes,0
go,key.new_from_hash,batch,2,go.mallocs,0
go,key.new_from_hash,batch,3,go.heap_alloc_bytes,0
go,key.new_from_hash,batch,3,go.mallocs,0
go,key.parse,canonical,0,go.heap_alloc_bytes,0
go,key.parse,canonical,0,go.mallocs,0
go,key.parse,canonical,1,go.heap_alloc_bytes,0
go,key.parse,canonical,1,go.mallocs,0
go,key.parse,canonical,2,go.heap_alloc_bytes,0
go,key.parse,canonical,2,go.mallocs,0
go,key.parse,canonical,3,go.heap_alloc_bytes,0
go,key.parse,canonical,3,go.mallocs,0
go,key.parse,malformed,0,go.heap_alloc_bytes,38344
go,key.parse,malformed,0,go.mallocs,1030
go,key.parse,malformed,1,go.heap_alloc_bytes,38344
go,key.parse,malformed,1,go.mallocs,1030
go,key.parse,malformed,2,go.heap_alloc_bytes,38344
go,key.parse,malformed,2,go.mallocs,1030
go,key.parse,malformed,3,go.heap_alloc_bytes,38344
go,key.parse,malformed,3,go.mallocs,1030
go,key.string,hex,0,go.heap_alloc_bytes,256000
go,key.string,hex,0,go.mallocs,4000
go,key.string,hex,1,go.heap_alloc_bytes,256000
go,key.string,hex,1,go.mallocs,4000
go,key.string,hex,2,go.heap_alloc_bytes,256000
go,key.string,hex,2,go.mallocs,4000
go,key.string,hex,3,go.heap_alloc_bytes,256000
go,key.string,hex,3,go.mallocs,4000
go,key.type_string,names,0,go.heap_alloc_bytes,0
go,key.type_string,names,0,go.mallocs,0
go,key.type_string,names,1,go.heap_alloc_bytes,0
go,key.type_string,names,1,go.mallocs,0
go,key.type_string,names,2,go.heap_alloc_bytes,0
go,key.type_string,names,2,go.mallocs,0
go,key.type_string,names,3,go.heap_alloc_bytes,0
go,key.type_string,names,3,go.mallocs,0
go,key.validate,canonical,0,go.heap_alloc_bytes,0
go,key.validate,canonical,0,go.mallocs,0
go,key.validate,canonical,1,go.heap_alloc_bytes,0
go,key.validate,canonical,1,go.mallocs,0
go,key.validate,canonical,2,go.heap_alloc_bytes,0
go,key.validate,canonical,2,go.mallocs,0
go,key.validate,canonical,3,go.heap_alloc_bytes,0
go,key.validate,canonical,3,go.mallocs,0
go,packstore.append_record,pre-encoded+sync,0,go.heap_alloc_bytes,132408
go,packstore.append_record,pre-encoded+sync,0,go.mallocs,25
go,packstore.append_record,pre-encoded+sync,1,go.heap_alloc_bytes,132664
go,packstore.append_record,pre-encoded+sync,1,go.mallocs,28
go,packstore.append_record,pre-encoded+sync,2,go.heap_alloc_bytes,132664
go,packstore.append_record,pre-encoded+sync,2,go.mallocs,28
go,packstore.append_record,pre-encoded+sync,3,go.heap_alloc_bytes,132408
go,packstore.append_record,pre-encoded+sync,3,go.mallocs,25
go,packstore.barrier,begin+observe+abort,0,go.heap_alloc_bytes,4834408
go,packstore.barrier,begin+observe+abort,0,go.mallocs,255
go,packstore.barrier,begin+observe+abort,1,go.heap_alloc_bytes,4998376
go,packstore.barrier,begin+observe+abort,1,go.mallocs,263
go,packstore.barrier,begin+observe+abort,2,go.heap_alloc_bytes,4916392
go,packstore.barrier,begin+observe+abort,2,go.mallocs,259
go,packstore.barrier,begin+observe+abort,3,go.heap_alloc_bytes,4916392
go,packstore.barrier,begin+observe+abort,3,go.mallocs,259
go,packstore.close,populated,0,go.heap_alloc_bytes,0
go,packstore.close,populated,0,go.mallocs,0
go,packstore.close,populated,1,go.heap_alloc_bytes,0
go,packstore.close,populated,1,go.mallocs,0
go,packstore.close,populated,2,go.heap_alloc_bytes,0
go,packstore.close,populated,2,go.mallocs,0
go,packstore.close,populated,3,go.heap_alloc_bytes,0
go,packstore.close,populated,3,go.mallocs,0
go,packstore.compact,90-percent-dead,0,go.heap_alloc_bytes,1530216
go,packstore.compact,90-percent-dead,0,go.mallocs,3124
go,packstore.compact,90-percent-dead,1,go.heap_alloc_bytes,1530216
go,packstore.compact,90-percent-dead,1,go.mallocs,3124
go,packstore.compact,90-percent-dead,2,go.heap_alloc_bytes,1530072
go,packstore.compact,90-percent-dead,2,go.mallocs,3122
go,packstore.compact,90-percent-dead,3,go.heap_alloc_bytes,1529960
go,packstore.compact,90-percent-dead,3,go.mallocs,3121
go,packstore.compact,nothing-dead,0,go.heap_alloc_bytes,448312
go,packstore.compact,nothing-dead,0,go.mallocs,29
go,packstore.compact,nothing-dead,1,go.heap_alloc_bytes,448312
go,packstore.compact,nothing-dead,1,go.mallocs,29
go,packstore.compact,nothing-dead,2,go.heap_alloc_bytes,448312
go,packstore.compact,nothing-dead,2,go.mallocs,29
go,packstore.compact,nothing-dead,3,go.heap_alloc_bytes,448312
go,packstore.compact,nothing-dead,3,go.mallocs,29
go,packstore.get,hit,0,go.heap_alloc_bytes,18108552
go,packstore.get,hit,0,go.mallocs,2128
go,packstore.get,hit,1,go.heap_alloc_bytes,18108552
go,packstore.get,hit,1,go.mallocs,2128
go,packstore.get,hit,2,go.heap_alloc_bytes,18108552
go,packstore.get,hit,2,go.mallocs,2128
go,packstore.get,hit,3,go.heap_alloc_bytes,18108552
go,packstore.get,hit,3,go.mallocs,2128
go,packstore.get,miss,0,go.heap_alloc_bytes,0
go,packstore.get,miss,0,go.mallocs,0
go,packstore.get,miss,1,go.heap_alloc_bytes,0
go,packstore.get,miss,1,go.mallocs,0
go,packstore.get,miss,2,go.heap_alloc_bytes,0
go,packstore.get,miss,2,go.mallocs,0
go,packstore.get,miss,3,go.heap_alloc_bytes,0
go,packstore.get,miss,3,go.mallocs,0
go,packstore.get_record,hit,0,go.heap_alloc_bytes,8158944
go,packstore.get_record,hit,0,go.mallocs,2000
go,packstore.get_record,hit,1,go.heap_alloc_bytes,8158944
go,packstore.get_record,hit,1,go.mallocs,2000
go,packstore.get_record,hit,2,go.heap_alloc_bytes,8158944
go,packstore.get_record,hit,2,go.mallocs,2000
go,packstore.get_record,hit,3,go.heap_alloc_bytes,8158944
go,packstore.get_record,hit,3,go.mallocs,2000
go,packstore.has,hit,0,go.heap_alloc_bytes,0
go,packstore.has,hit,0,go.mallocs,0
go,packstore.has,hit,1,go.heap_alloc_bytes,0
go,packstore.has,hit,1,go.mallocs,0
go,packstore.has,hit,2,go.heap_alloc_bytes,0
go,packstore.has,hit,2,go.mallocs,0
go,packstore.has,hit,3,go.heap_alloc_bytes,0
go,packstore.has,hit,3,go.mallocs,0
go,packstore.has,miss,0,go.heap_alloc_bytes,0
go,packstore.has,miss,0,go.mallocs,0
go,packstore.has,miss,1,go.heap_alloc_bytes,0
go,packstore.has,miss,1,go.mallocs,0
go,packstore.has,miss,2,go.heap_alloc_bytes,0
go,packstore.has,miss,2,go.mallocs,0
go,packstore.has,miss,3,go.heap_alloc_bytes,0
go,packstore.has,miss,3,go.mallocs,0
go,packstore.has_outside,sealed-segment,0,go.heap_alloc_bytes,0
go,packstore.has_outside,sealed-segment,0,go.mallocs,0
go,packstore.has_outside,sealed-segment,1,go.heap_alloc_bytes,0
go,packstore.has_outside,sealed-segment,1,go.mallocs,0
go,packstore.has_outside,sealed-segment,2,go.heap_alloc_bytes,0
go,packstore.has_outside,sealed-segment,2,go.mallocs,0
go,packstore.has_outside,sealed-segment,3,go.heap_alloc_bytes,0
go,packstore.has_outside,sealed-segment,3,go.mallocs,0
go,packstore.liveness,tenth-live,0,go.heap_alloc_bytes,164720
go,packstore.liveness,tenth-live,0,go.mallocs,13
go,packstore.liveness,tenth-live,1,go.heap_alloc_bytes,164720
go,packstore.liveness,tenth-live,1,go.mallocs,13
go,packstore.liveness,tenth-live,2,go.heap_alloc_bytes,164720
go,packstore.liveness,tenth-live,2,go.mallocs,13
go,packstore.liveness,tenth-live,3,go.heap_alloc_bytes,164720
go,packstore.liveness,tenth-live,3,go.mallocs,13
go,packstore.mark_set_contains,all-keys,0,go.heap_alloc_bytes,1613576
go,packstore.mark_set_contains,all-keys,0,go.mallocs,58
go,packstore.mark_set_contains,all-keys,1,go.heap_alloc_bytes,1613576
go,packstore.mark_set_contains,all-keys,1,go.mallocs,58
go,packstore.mark_set_contains,all-keys,2,go.heap_alloc_bytes,1613576
go,packstore.mark_set_contains,all-keys,2,go.mallocs,58
go,packstore.mark_set_contains,all-keys,3,go.heap_alloc_bytes,1613576
go,packstore.mark_set_contains,all-keys,3,go.mallocs,58
go,packstore.mark_set_mark,all-keys,0,go.heap_alloc_bytes,1613576
go,packstore.mark_set_mark,all-keys,0,go.mallocs,58
go,packstore.mark_set_mark,all-keys,1,go.heap_alloc_bytes,1613576
go,packstore.mark_set_mark,all-keys,1,go.mallocs,58
go,packstore.mark_set_mark,all-keys,2,go.heap_alloc_bytes,1613576
go,packstore.mark_set_mark,all-keys,2,go.mallocs,58
go,packstore.mark_set_mark,all-keys,3,go.heap_alloc_bytes,1613576
go,packstore.mark_set_mark,all-keys,3,go.mallocs,58
go,packstore.missing,half-present,0,go.heap_alloc_bytes,163120
go,packstore.missing,half-present,0,go.mallocs,80
go,packstore.missing,half-present,1,go.heap_alloc_bytes,163120
go,packstore.missing,half-present,1,go.mallocs,80
go,packstore.missing,half-present,2,go.heap_alloc_bytes,163120
go,packstore.missing,half-present,2,go.mallocs,80
go,packstore.missing,half-present,3,go.heap_alloc_bytes,163120
go,packstore.missing,half-present,3,go.mallocs,80
go,packstore.new_mark_set,snapshot,0,go.heap_alloc_bytes,25653248
go,packstore.new_mark_set,snapshot,0,go.mallocs,920
go,packstore.new_mark_set,snapshot,1,go.heap_alloc_bytes,25571264
go,packstore.new_mark_set,snapshot,1,go.mallocs,916
go,packstore.new_mark_set,snapshot,2,go.heap_alloc_bytes,25653248
go,packstore.new_mark_set,snapshot,2,go.mallocs,920
go,packstore.new_mark_set,snapshot,3,go.heap_alloc_bytes,25653248
go,packstore.new_mark_set,snapshot,3,go.mallocs,920
go,packstore.oldest_inflight_write,idle,0,go.heap_alloc_bytes,0
go,packstore.oldest_inflight_write,idle,0,go.mallocs,0
go,packstore.oldest_inflight_write,idle,1,go.heap_alloc_bytes,0
go,packstore.oldest_inflight_write,idle,1,go.mallocs,0
go,packstore.oldest_inflight_write,idle,2,go.heap_alloc_bytes,0
go,packstore.oldest_inflight_write,idle,2,go.mallocs,0
go,packstore.oldest_inflight_write,idle,3,go.heap_alloc_bytes,0
go,packstore.oldest_inflight_write,idle,3,go.mallocs,0
go,packstore.open,empty,0,go.heap_alloc_bytes,10480
go,packstore.open,empty,0,go.mallocs,17
go,packstore.open,empty,1,go.heap_alloc_bytes,10480
go,packstore.open,empty,1,go.mallocs,17
go,packstore.open,empty,2,go.heap_alloc_bytes,10480
go,packstore.open,empty,2,go.mallocs,17
go,packstore.open,empty,3,go.heap_alloc_bytes,10480
go,packstore.open,empty,3,go.mallocs,17
go,packstore.open,populated-reopen,0,go.heap_alloc_bytes,7283136
go,packstore.open,populated-reopen,0,go.mallocs,162
go,packstore.open,populated-reopen,1,go.heap_alloc_bytes,7283136
go,packstore.open,populated-reopen,1,go.mallocs,162
go,packstore.open,populated-reopen,2,go.heap_alloc_bytes,7283136
go,packstore.open,populated-reopen,2,go.mallocs,162
go,packstore.open,populated-reopen,3,go.heap_alloc_bytes,7274600
go,packstore.open,populated-reopen,3,go.mallocs,156
go,packstore.put,1MiB-duplicate/sync-off,0,go.heap_alloc_bytes,3426688
go,packstore.put,1MiB-duplicate/sync-off,0,go.mallocs,16
go,packstore.put,1MiB-duplicate/sync-off,1,go.heap_alloc_bytes,3426688
go,packstore.put,1MiB-duplicate/sync-off,1,go.mallocs,16
go,packstore.put,1MiB-duplicate/sync-off,2,go.heap_alloc_bytes,3426944
go,packstore.put,1MiB-duplicate/sync-off,2,go.mallocs,19
go,packstore.put,1MiB-duplicate/sync-off,3,go.heap_alloc_bytes,3426944
go,packstore.put,1MiB-duplicate/sync-off,3,go.mallocs,19
go,packstore.put,1MiB-random/sync-off,0,go.heap_alloc_bytes,3426944
go,packstore.put,1MiB-random/sync-off,0,go.mallocs,18
go,packstore.put,1MiB-random/sync-off,1,go.heap_alloc_bytes,3426944
go,packstore.put,1MiB-random/sync-off,1,go.mallocs,18
go,packstore.put,1MiB-random/sync-off,2,go.heap_alloc_bytes,3426944
go,packstore.put,1MiB-random/sync-off,2,go.mallocs,18
go,packstore.put,1MiB-random/sync-off,3,go.heap_alloc_bytes,3426944
go,packstore.put,1MiB-random/sync-off,3,go.mallocs,18
go,packstore.put,1MiB-text/sync-off,0,go.heap_alloc_bytes,1256064
go,packstore.put,1MiB-text/sync-off,0,go.mallocs,17
go,packstore.put,1MiB-text/sync-off,1,go.heap_alloc_bytes,1256064
go,packstore.put,1MiB-text/sync-off,1,go.mallocs,17
go,packstore.put,1MiB-text/sync-off,2,go.heap_alloc_bytes,1256064
go,packstore.put,1MiB-text/sync-off,2,go.mallocs,17
go,packstore.put,1MiB-text/sync-off,3,go.heap_alloc_bytes,1256064
go,packstore.put,1MiB-text/sync-off,3,go.mallocs,17
go,packstore.put,4KiB-duplicate/sync-off,0,go.heap_alloc_bytes,17008
go,packstore.put,4KiB-duplicate/sync-off,0,go.mallocs,270
go,packstore.put,4KiB-duplicate/sync-off,1,go.heap_alloc_bytes,17264
go,packstore.put,4KiB-duplicate/sync-off,1,go.mallocs,273
go,packstore.put,4KiB-duplicate/sync-off,2,go.heap_alloc_bytes,17264
go,packstore.put,4KiB-duplicate/sync-off,2,go.mallocs,273
go,packstore.put,4KiB-duplicate/sync-off,3,go.heap_alloc_bytes,17264
go,packstore.put,4KiB-duplicate/sync-off,3,go.mallocs,273
go,packstore.put,4KiB-random/already-present,0,go.heap_alloc_bytes,256
go,packstore.put,4KiB-random/already-present,0,go.mallocs,256
go,packstore.put,4KiB-random/already-present,1,go.heap_alloc_bytes,256
go,packstore.put,4KiB-random/already-present,1,go.mallocs,256
go,packstore.put,4KiB-random/already-present,2,go.heap_alloc_bytes,256
go,packstore.put,4KiB-random/already-present,2,go.mallocs,256
go,packstore.put,4KiB-random/already-present,3,go.heap_alloc_bytes,256
go,packstore.put,4KiB-random/already-present,3,go.mallocs,256
go,packstore.put,4KiB-random/sync-off,0,go.heap_alloc_bytes,3737400
go,packstore.put,4KiB-random/sync-off,0,go.mallocs,1048
go,packstore.put,4KiB-random/sync-off,1,go.heap_alloc_bytes,3737656
go,packstore.put,4KiB-random/sync-off,1,go.mallocs,1051
go,packstore.put,4KiB-random/sync-off,2,go.heap_alloc_bytes,3737656
go,packstore.put,4KiB-random/sync-off,2,go.mallocs,1051
go,packstore.put,4KiB-random/sync-off,3,go.heap_alloc_bytes,3737400
go,packstore.put,4KiB-random/sync-off,3,go.mallocs,1048
go,packstore.put,4KiB-random/sync-on,0,go.heap_alloc_bytes,3737400
go,packstore.put,4KiB-random/sync-on,0,go.mallocs,1048
go,packstore.put,4KiB-random/sync-on,1,go.heap_alloc_bytes,3737656
go,packstore.put,4KiB-random/sync-on,1,go.mallocs,1051
go,packstore.put,4KiB-random/sync-on,2,go.heap_alloc_bytes,3737400
go,packstore.put,4KiB-random/sync-on,2,go.mallocs,1048
go,packstore.put,4KiB-random/sync-on,3,go.heap_alloc_bytes,3737656
go,packstore.put,4KiB-random/sync-on,3,go.mallocs,1051
go,packstore.put,4KiB-text/sync-off,0,go.heap_alloc_bytes,1443640
go,packstore.put,4KiB-text/sync-off,0,go.mallocs,792
go,packstore.put,4KiB-text/sync-off,1,go.heap_alloc_bytes,1443896
go,packstore.put,4KiB-text/sync-off,1,go.mallocs,795
go,packstore.put,4KiB-text/sync-off,2,go.heap_alloc_bytes,1443896
go,packstore.put,4KiB-text/sync-off,2,go.mallocs,795
go,packstore.put,4KiB-text/sync-off,3,go.heap_alloc_bytes,1443896
go,packstore.put,4KiB-text/sync-off,3,go.mallocs,795
go,packstore.put,empty/sync-off,0,go.heap_alloc_bytes,10720
go,packstore.put,empty/sync-off,0,go.mallocs,8015
go,packstore.put,empty/sync-off,1,go.heap_alloc_bytes,10464
go,packstore.put,empty/sync-off,1,go.mallocs,8012
go,packstore.put,empty/sync-off,2,go.heap_alloc_bytes,10464
go,packstore.put,empty/sync-off,2,go.mallocs,8012
go,packstore.put,empty/sync-off,3,go.heap_alloc_bytes,10720
go,packstore.put,empty/sync-off,3,go.mallocs,8015
go,packstore.put,large-8MiB-duplicate/sync-off,0,go.heap_alloc_bytes,27282048
go,packstore.put,large-8MiB-duplicate/sync-off,0,go.mallocs,19
go,packstore.put,large-8MiB-duplicate/sync-off,1,go.heap_alloc_bytes,27282048
go,packstore.put,large-8MiB-duplicate/sync-off,1,go.mallocs,19
go,packstore.put,large-8MiB-duplicate/sync-off,2,go.heap_alloc_bytes,27281792
go,packstore.put,large-8MiB-duplicate/sync-off,2,go.mallocs,16
go,packstore.put,large-8MiB-duplicate/sync-off,3,go.heap_alloc_bytes,27282048
go,packstore.put,large-8MiB-duplicate/sync-off,3,go.mallocs,19
go,packstore.put,large-8MiB-random/sync-off,0,go.heap_alloc_bytes,27282048
go,packstore.put,large-8MiB-random/sync-off,0,go.mallocs,18
go,packstore.put,large-8MiB-random/sync-off,1,go.heap_alloc_bytes,27282048
go,packstore.put,large-8MiB-random/sync-off,1,go.mallocs,18
go,packstore.put,large-8MiB-random/sync-off,2,go.heap_alloc_bytes,27282048
go,packstore.put,large-8MiB-random/sync-off,2,go.mallocs,18
go,packstore.put,large-8MiB-random/sync-off,3,go.heap_alloc_bytes,27282048
go,packstore.put,large-8MiB-random/sync-off,3,go.mallocs,18
go,packstore.put,large-8MiB-text/sync-off,0,go.heap_alloc_bytes,10004864
go,packstore.put,large-8MiB-text/sync-off,0,go.mallocs,14
go,packstore.put,large-8MiB-text/sync-off,1,go.heap_alloc_bytes,10004864
go,packstore.put,large-8MiB-text/sync-off,1,go.mallocs,14
go,packstore.put,large-8MiB-text/sync-off,2,go.heap_alloc_bytes,10005120
go,packstore.put,large-8MiB-text/sync-off,2,go.mallocs,17
go,packstore.put,large-8MiB-text/sync-off,3,go.heap_alloc_bytes,10005120
go,packstore.put,large-8MiB-text/sync-off,3,go.mallocs,17
go,packstore.put,tiny-64B-duplicate/sync-off,0,go.heap_alloc_bytes,19360
go,packstore.put,tiny-64B-duplicate/sync-off,0,go.mallocs,16401
go,packstore.put,tiny-64B-duplicate/sync-off,1,go.heap_alloc_bytes,19360
go,packstore.put,tiny-64B-duplicate/sync-off,1,go.mallocs,16401
go,packstore.put,tiny-64B-duplicate/sync-off,2,go.heap_alloc_bytes,19360
go,packstore.put,tiny-64B-duplicate/sync-off,2,go.mallocs,16401
go,packstore.put,tiny-64B-duplicate/sync-off,3,go.heap_alloc_bytes,19360
go,packstore.put,tiny-64B-duplicate/sync-off,3,go.mallocs,16401
go,packstore.put,tiny-64B-random/sync-off,0,go.heap_alloc_bytes,9195528
go,packstore.put,tiny-64B-random/sync-off,0,go.mallocs,65691
go,packstore.put,tiny-64B-random/sync-off,1,go.heap_alloc_bytes,9195784
go,packstore.put,tiny-64B-random/sync-off,1,go.mallocs,65694
go,packstore.put,tiny-64B-random/sync-off,2,go.heap_alloc_bytes,9195784
go,packstore.put,tiny-64B-random/sync-off,2,go.mallocs,65694
go,packstore.put,tiny-64B-random/sync-off,3,go.heap_alloc_bytes,9195784
go,packstore.put,tiny-64B-random/sync-off,3,go.mallocs,65694
go,packstore.put,tiny-64B-text/sync-off,0,go.heap_alloc_bytes,9159928
go,packstore.put,tiny-64B-text/sync-off,0,go.mallocs,65413
go,packstore.put,tiny-64B-text/sync-off,1,go.heap_alloc_bytes,9160184
go,packstore.put,tiny-64B-text/sync-off,1,go.mallocs,65416
go,packstore.put,tiny-64B-text/sync-off,2,go.heap_alloc_bytes,9159928
go,packstore.put,tiny-64B-text/sync-off,2,go.mallocs,65413
go,packstore.put,tiny-64B-text/sync-off,3,go.heap_alloc_bytes,9160184
go,packstore.put,tiny-64B-text/sync-off,3,go.mallocs,65416
go,packstore.put_verified,already-intact,0,go.heap_alloc_bytes,19589984
go,packstore.put_verified,already-intact,0,go.mallocs,876
go,packstore.put_verified,already-intact,1,go.heap_alloc_bytes,19589984
go,packstore.put_verified,already-intact,1,go.mallocs,876
go,packstore.put_verified,already-intact,2,go.heap_alloc_bytes,19721120
go,packstore.put_verified,already-intact,2,go.mallocs,880
go,packstore.put_verified,already-intact,3,go.heap_alloc_bytes,19589984
go,packstore.put_verified,already-intact,3,go.mallocs,876
go,packstore.record,by-location,0,go.heap_alloc_bytes,8131008
go,packstore.record,by-location,0,go.mallocs,2000
go,packstore.record,by-location,1,go.heap_alloc_bytes,8131008
go,packstore.record,by-location,1,go.mallocs,2000
go,packstore.record,by-location,2,go.heap_alloc_bytes,8131008
go,packstore.record,by-location,2,go.mallocs,2000
go,packstore.record,by-location,3,go.heap_alloc_bytes,8131008
go,packstore.record,by-location,3,go.mallocs,2000
go,packstore.remove,one-sealed-segment,0,go.heap_alloc_bytes,4208
go,packstore.remove,one-sealed-segment,0,go.mallocs,26
go,packstore.remove,one-sealed-segment,1,go.heap_alloc_bytes,4208
go,packstore.remove,one-sealed-segment,1,go.mallocs,26
go,packstore.remove,one-sealed-segment,2,go.heap_alloc_bytes,4208
go,packstore.remove,one-sealed-segment,2,go.mallocs,26
go,packstore.remove,one-sealed-segment,3,go.heap_alloc_bytes,4208
go,packstore.remove,one-sealed-segment,3,go.mallocs,26
go,packstore.scan_index,all-segments,0,go.heap_alloc_bytes,2208
go,packstore.scan_index,all-segments,0,go.mallocs,13
go,packstore.scan_index,all-segments,1,go.heap_alloc_bytes,2208
go,packstore.scan_index,all-segments,1,go.mallocs,13
go,packstore.scan_index,all-segments,2,go.heap_alloc_bytes,2208
go,packstore.scan_index,all-segments,2,go.mallocs,13
go,packstore.scan_index,all-segments,3,go.heap_alloc_bytes,2208
go,packstore.scan_index,all-segments,3,go.mallocs,13
go,packstore.segments,list,0,go.heap_alloc_bytes,141312
go,packstore.segments,list,0,go.mallocs,832
go,packstore.segments,list,1,go.heap_alloc_bytes,141312
go,packstore.segments,list,1,go.mallocs,832
go,packstore.segments,list,2,go.heap_alloc_bytes,141312
go,packstore.segments,list,2,go.mallocs,832
go,packstore.segments,list,3,go.heap_alloc_bytes,141312
go,packstore.segments,list,3,go.mallocs,832
go,packstore.sort_by_location,scattered,0,go.heap_alloc_bytes,180224
go,packstore.sort_by_location,scattered,0,go.mallocs,2
go,packstore.sort_by_location,scattered,1,go.heap_alloc_bytes,180224
go,packstore.sort_by_location,scattered,1,go.mallocs,2
go,packstore.sort_by_location,scattered,2,go.heap_alloc_bytes,180224
go,packstore.sort_by_location,scattered,2,go.mallocs,2
go,packstore.sort_by_location,scattered,3,go.heap_alloc_bytes,180224
go,packstore.sort_by_location,scattered,3,go.mallocs,2
go,packstore.stored_size,hit,0,go.heap_alloc_bytes,0
go,packstore.stored_size,hit,0,go.mallocs,0
go,packstore.stored_size,hit,1,go.heap_alloc_bytes,0
go,packstore.stored_size,hit,1,go.mallocs,0
go,packstore.stored_size,hit,2,go.heap_alloc_bytes,0
go,packstore.stored_size,hit,2,go.mallocs,0
go,packstore.stored_size,hit,3,go.heap_alloc_bytes,0
go,packstore.stored_size,hit,3,go.mallocs,0
go,packstore.verify,full-scrub,0,go.heap_alloc_bytes,256131800
go,packstore.verify,full-scrub,0,go.mallocs,28257
go,packstore.verify,full-scrub,1,go.heap_alloc_bytes,256131800
go,packstore.verify,full-scrub,1,go.mallocs,28257
go,packstore.verify,full-scrub,2,go.heap_alloc_bytes,256131800
go,packstore.verify,full-scrub,2,go.mallocs,28257
go,packstore.verify,full-scrub,3,go.heap_alloc_bytes,256131800
go,packstore.verify,full-scrub,3,go.mallocs,28257
go,packstore.wipe,populated,0,go.heap_alloc_bytes,800
go,packstore.wipe,populated,0,go.mallocs,7
go,packstore.wipe,populated,1,go.heap_alloc_bytes,800
go,packstore.wipe,populated,1,go.mallocs,7
go,packstore.wipe,populated,2,go.heap_alloc_bytes,800
go,packstore.wipe,populated,2,go.mallocs,7
go,packstore.wipe,populated,3,go.heap_alloc_bytes,800
go,packstore.wipe,populated,3,go.mallocs,7
go,packstore.write_batch,mixed-objects,0,go.heap_alloc_bytes,129912920
go,packstore.write_batch,mixed-objects,0,go.mallocs,21016
go,packstore.write_batch,mixed-objects,1,go.heap_alloc_bytes,129912664
go,packstore.write_batch,mixed-objects,1,go.mallocs,21013
go,packstore.write_batch,mixed-objects,2,go.heap_alloc_bytes,129912920
go,packstore.write_batch,mixed-objects,2,go.mallocs,21016
go,packstore.write_batch,mixed-objects,3,go.heap_alloc_bytes,129912920
go,packstore.write_batch,mixed-objects,3,go.mallocs,21016
go,packstore.write_parallel,duplicate-stream/writers-N,0,go.heap_alloc_bytes,973288
go,packstore.write_parallel,duplicate-stream/writers-N,0,go.mallocs,2186
go,packstore.write_parallel,duplicate-stream/writers-N,1,go.heap_alloc_bytes,972952
go,packstore.write_parallel,duplicate-stream/writers-N,1,go.mallocs,2183
go,packstore.write_parallel,duplicate-stream/writers-N,2,go.heap_alloc_bytes,973400
go,packstore.write_parallel,duplicate-stream/writers-N,2,go.mallocs,2187
go,packstore.write_parallel,duplicate-stream/writers-N,3,go.heap_alloc_bytes,973064
go,packstore.write_parallel,duplicate-stream/writers-N,3,go.mallocs,2184
go,packstore.write_parallel,mixed-objects/writers-1/verify-false,0,go.heap_alloc_bytes,129574840
go,packstore.write_parallel,mixed-objects/writers-1/verify-false,0,go.mallocs,23095
go,packstore.write_parallel,mixed-objects/writers-1/verify-false,1,go.heap_alloc_bytes,129574584
go,packstore.write_parallel,mixed-objects/writers-1/verify-false,1,go.mallocs,23092
go,packstore.write_parallel,mixed-objects/writers-1/verify-false,2,go.heap_alloc_bytes,129574584
go,packstore.write_parallel,mixed-objects/writers-1/verify-false,2,go.mallocs,23092
go,packstore.write_parallel,mixed-objects/writers-1/verify-false,3,go.heap_alloc_bytes,129574840
go,packstore.write_parallel,mixed-objects/writers-1/verify-false,3,go.mallocs,23095
go,packstore.write_parallel,mixed-objects/writers-1/verify-true,0,go.heap_alloc_bytes,129574584
go,packstore.write_parallel,mixed-objects/writers-1/verify-true,0,go.mallocs,23092
go,packstore.write_parallel,mixed-objects/writers-1/verify-true,1,go.heap_alloc_bytes,129574840
go,packstore.write_parallel,mixed-objects/writers-1/verify-true,1,go.mallocs,23095
go,packstore.write_parallel,mixed-objects/writers-1/verify-true,2,go.heap_alloc_bytes,129574584
go,packstore.write_parallel,mixed-objects/writers-1/verify-true,2,go.mallocs,23092
go,packstore.write_parallel,mixed-objects/writers-1/verify-true,3,go.heap_alloc_bytes,129574840
go,packstore.write_parallel,mixed-objects/writers-1/verify-true,3,go.mallocs,23095
go,packstore.write_parallel,mixed-objects/writers-N/verify-false,0,go.heap_alloc_bytes,129577040
go,packstore.write_parallel,mixed-objects/writers-N/verify-false,0,go.mallocs,23109
go,packstore.write_parallel,mixed-objects/writers-N/verify-false,1,go.heap_alloc_bytes,129578160
go,packstore.write_parallel,mixed-objects/writers-N/verify-false,1,go.mallocs,23119
go,packstore.write_parallel,mixed-objects/writers-N/verify-false,2,go.heap_alloc_bytes,129577488
go,packstore.write_parallel,mixed-objects/writers-N/verify-false,2,go.mallocs,23113
go,packstore.write_parallel,mixed-objects/writers-N/verify-false,3,go.heap_alloc_bytes,129577040
go,packstore.write_parallel,mixed-objects/writers-N/verify-false,3,go.mallocs,23109
go,packstore.write_parallel,mixed-objects/writers-N/verify-true,0,go.heap_alloc_bytes,129577296
go,packstore.write_parallel,mixed-objects/writers-N/verify-true,0,go.mallocs,23112
go,packstore.write_parallel,mixed-objects/writers-N/verify-true,1,go.heap_alloc_bytes,129576784
go,packstore.write_parallel,mixed-objects/writers-N/verify-true,1,go.mallocs,23106
go,packstore.write_parallel,mixed-objects/writers-N/verify-true,2,go.heap_alloc_bytes,129577040
go,packstore.write_parallel,mixed-objects/writers-N/verify-true,2,go.mallocs,23109
go,packstore.write_parallel,mixed-objects/writers-N/verify-true,3,go.heap_alloc_bytes,129578640
go,packstore.write_parallel,mixed-objects/writers-N/verify-true,3,go.mallocs,23124
go,reference.decode,signed,0,go.heap_alloc_bytes,219256
go,reference.decode,signed,0,go.mallocs,2055
go,reference.decode,signed,1,go.heap_alloc_bytes,219256
go,reference.decode,signed,1,go.mallocs,2055
go,reference.decode,signed,2,go.heap_alloc_bytes,219256
go,reference.decode,signed,2,go.mallocs,2055
go,reference.decode,signed,3,go.heap_alloc_bytes,218248
go,reference.decode,signed,3,go.mallocs,2050
go,reference.encode,signed,0,go.heap_alloc_bytes,111752
go,reference.encode,signed,0,go.mallocs,514
go,reference.encode,signed,1,go.heap_alloc_bytes,112760
go,reference.encode,signed,1,go.mallocs,519
go,reference.encode,signed,2,go.heap_alloc_bytes,112760
go,reference.encode,signed,2,go.mallocs,519
go,reference.encode,signed,3,go.heap_alloc_bytes,112760
go,reference.encode,signed,3,go.mallocs,519
go,reference.signature_payload,signed,0,go.heap_alloc_bytes,79480
go,reference.signature_payload,signed,0,go.mallocs,518
go,reference.signature_payload,signed,1,go.heap_alloc_bytes,79480
go,reference.signature_payload,signed,1,go.mallocs,518
go,reference.signature_payload,signed,2,go.heap_alloc_bytes,79480
go,reference.signature_payload,signed,2,go.mallocs,518
go,reference.signature_payload,signed,3,go.heap_alloc_bytes,78984
go,reference.signature_payload,signed,3,go.mallocs,514
go,reference.validate_name,valid,0,go.heap_alloc_bytes,0
go,reference.validate_name,valid,0,go.mallocs,0
go,reference.validate_name,valid,1,go.heap_alloc_bytes,0
go,reference.validate_name,valid,1,go.mallocs,0
go,reference.validate_name,valid,2,go.heap_alloc_bytes,0
go,reference.validate_name,valid,2,go.mallocs,0
go,reference.validate_name,valid,3,go.heap_alloc_bytes,0
go,reference.validate_name,valid,3,go.mallocs,0
go,reference.validate_user,valid,0,go.heap_alloc_bytes,15920
go,reference.validate_user,valid,0,go.mallocs,229
go,reference.validate_user,valid,1,go.heap_alloc_bytes,15920
go,reference.validate_user,valid,1,go.mallocs,229
go,reference.validate_user,valid,2,go.heap_alloc_bytes,15920
go,reference.validate_user,valid,2,go.mallocs,229
go,reference.validate_user,valid,3,go.heap_alloc_bytes,15920
go,reference.validate_user,valid,3,go.mallocs,229
go,refstore.all,records,0,go.heap_alloc_bytes,1323936
go,refstore.all,records,0,go.mallocs,10027
go,refstore.all,records,1,go.heap_alloc_bytes,1307448
go,refstore.all,records,1,go.mallocs,10020
go,refstore.all,records,2,go.heap_alloc_bytes,1323936
go,refstore.all,records,2,go.mallocs,10027
go,refstore.all,records,3,go.heap_alloc_bytes,1323936
go,refstore.all,records,3,go.mallocs,10027
go,refstore.close,populated,0,go.heap_alloc_bytes,416
go,refstore.close,populated,0,go.mallocs,4
go,refstore.close,populated,1,go.heap_alloc_bytes,416
go,refstore.close,populated,1,go.mallocs,4
go,refstore.close,populated,2,go.heap_alloc_bytes,416
go,refstore.close,populated,2,go.mallocs,4
go,refstore.close,populated,3,go.heap_alloc_bytes,416
go,refstore.close,populated,3,go.mallocs,4
go,refstore.delete,records,0,go.heap_alloc_bytes,1569472
go,refstore.delete,records,0,go.mallocs,10736
go,refstore.delete,records,1,go.heap_alloc_bytes,1510944
go,refstore.delete,records,1,go.mallocs,10591
go,refstore.delete,records,2,go.heap_alloc_bytes,1510944
go,refstore.delete,records,2,go.mallocs,10591
go,refstore.delete,records,3,go.heap_alloc_bytes,1569472
go,refstore.delete,records,3,go.mallocs,10736
go,refstore.get,hit,0,go.heap_alloc_bytes,231664
go,refstore.get,hit,0,go.mallocs,4010
go,refstore.get,hit,1,go.heap_alloc_bytes,231664
go,refstore.get,hit,1,go.mallocs,4010
go,refstore.get,hit,2,go.heap_alloc_bytes,231664
go,refstore.get,hit,2,go.mallocs,4010
go,refstore.get,hit,3,go.heap_alloc_bytes,226328
go,refstore.get,hit,3,go.mallocs,4004
go,refstore.get,miss,0,go.heap_alloc_bytes,49160
go,refstore.get,miss,0,go.mallocs,2002
go,refstore.get,miss,1,go.heap_alloc_bytes,49160
go,refstore.get,miss,1,go.mallocs,2002
go,refstore.get,miss,2,go.heap_alloc_bytes,49160
go,refstore.get,miss,2,go.mallocs,2002
go,refstore.get,miss,3,go.heap_alloc_bytes,52360
go,refstore.get,miss,3,go.mallocs,2003
go,refstore.open,empty,0,go.heap_alloc_bytes,561496
go,refstore.open,empty,0,go.mallocs,534
go,refstore.open,empty,1,go.heap_alloc_bytes,561448
go,refstore.open,empty,1,go.mallocs,533
go,refstore.open,empty,2,go.heap_alloc_bytes,561448
go,refstore.open,empty,2,go.mallocs,533
go,refstore.open,empty,3,go.heap_alloc_bytes,561448
go,refstore.open,empty,3,go.mallocs,533
go,refstore.open,populated-reopen,0,go.heap_alloc_bytes,10365600
go,refstore.open,populated-reopen,0,go.mallocs,1262
go,refstore.open,populated-reopen,1,go.heap_alloc_bytes,10365440
go,refstore.open,populated-reopen,1,go.mallocs,1261
go,refstore.open,populated-reopen,2,go.heap_alloc_bytes,10365552
go,refstore.open,populated-reopen,2,go.mallocs,1262
go,refstore.open,populated-reopen,3,go.heap_alloc_bytes,10365664
go,refstore.open,populated-reopen,3,go.mallocs,1263
go,refstore.put,records/sync-false,0,go.heap_alloc_bytes,687776
go,refstore.put,records/sync-false,0,go.mallocs,54
go,refstore.put,records/sync-false,1,go.heap_alloc_bytes,687776
go,refstore.put,records/sync-false,1,go.mallocs,54
go,refstore.put,records/sync-false,2,go.heap_alloc_bytes,687664
go,refstore.put,records/sync-false,2,go.mallocs,53
go,refstore.put,records/sync-false,3,go.heap_alloc_bytes,687664
go,refstore.put,records/sync-false,3,go.mallocs,53
go,refstore.put,records/sync-true,0,go.heap_alloc_bytes,686256
go,refstore.put,records/sync-true,0,go.mallocs,51
go,refstore.put,records/sync-true,1,go.heap_alloc_bytes,687664
go,refstore.put,records/sync-true,1,go.mallocs,53
go,refstore.put,records/sync-true,2,go.heap_alloc_bytes,687664
go,refstore.put,records/sync-true,2,go.mallocs,53
go,refstore.put,records/sync-true,3,go.heap_alloc_bytes,728624
go,refstore.put,records/sync-true,3,go.mallocs,54
go,refstore.put_batch,records/sync-false,0,go.heap_alloc_bytes,3348032
go,refstore.put_batch,records/sync-false,0,go.mallocs,63
go,refstore.put_batch,records/sync-false,1,go.heap_alloc_bytes,3307072
go,refstore.put_batch,records/sync-false,1,go.mallocs,62
go,refstore.put_batch,records/sync-false,2,go.heap_alloc_bytes,3307072
go,refstore.put_batch,records/sync-false,2,go.mallocs,62
go,refstore.put_batch,records/sync-false,3,go.heap_alloc_bytes,3307072
go,refstore.put_batch,records/sync-false,3,go.mallocs,62
go,refstore.wipe,records,0,go.heap_alloc_bytes,1038720
go,refstore.wipe,records,0,go.mallocs,5690
go,refstore.wipe,records,1,go.heap_alloc_bytes,1402128
go,refstore.wipe,records,1,go.mallocs,5752
go,refstore.wipe,records,2,go.heap_alloc_bytes,1072160
go,refstore.wipe,records,2,go.mallocs,5597
go,refstore.wipe,records,3,go.heap_alloc_bytes,1401968
go,refstore.wipe,records,3,go.mallocs,5751
go,tarexport.write,fixture-tree,0,go.heap_alloc_bytes,9167696
go,tarexport.write,fixture-tree,0,go.mallocs,149575
go,tarexport.write,fixture-tree,1,go.heap_alloc_bytes,9167440
go,tarexport.write,fixture-tree,1,go.mallocs,149572
go,tarexport.write,fixture-tree,2,go.heap_alloc_bytes,9167440
go,tarexport.write,fixture-tree,2,go.mallocs,149572
go,tarexport.write,fixture-tree,3,go.heap_alloc_bytes,9167440
go,tarexport.write,fixture-tree,3,go.mallocs,149572
go,tarextract.extract,fixture-tree,0,go.heap_alloc_bytes,195419048
go,tarextract.extract,fixture-tree,0,go.mallocs,274510
go,tarextract.extract,fixture-tree,1,go.heap_alloc_bytes,195410848
go,tarextract.extract,fixture-tree,1,go.mallocs,274508
go,tarextract.extract,fixture-tree,2,go.heap_alloc_bytes,195427280
go,tarextract.extract,fixture-tree,2,go.mallocs,274512
go,tarextract.extract,fixture-tree,3,go.heap_alloc_bytes,195427280
go,tarextract.extract,fixture-tree,3,go.mallocs,274512
go,amberignore.descend,8-subdirs,4,go.heap_alloc_bytes,601224
go,amberignore.descend,8-subdirs,4,go.mallocs,8962
go,amberignore.descend,8-subdirs,5,go.heap_alloc_bytes,601224
go,amberignore.descend,8-subdirs,5,go.mallocs,8962
go,amberignore.descend,8-subdirs,6,go.heap_alloc_bytes,601304
go,amberignore.descend,8-subdirs,6,go.mallocs,8963
go,amberignore.ignored,mixed-names,4,go.heap_alloc_bytes,16384
go,amberignore.ignored,mixed-names,4,go.mallocs,1024
go,amberignore.ignored,mixed-names,5,go.heap_alloc_bytes,16384
go,amberignore.ignored,mixed-names,5,go.mallocs,1024
go,amberignore.ignored,mixed-names,6,go.heap_alloc_bytes,16384
go,amberignore.ignored,mixed-names,6,go.mallocs,1024
go,amberignore.ignored,nil-matcher,4,go.heap_alloc_bytes,0
go,amberignore.ignored,nil-matcher,4,go.mallocs,0
go,amberignore.ignored,nil-matcher,5,go.heap_alloc_bytes,0
go,amberignore.ignored,nil-matcher,5,go.mallocs,0
go,amberignore.ignored,nil-matcher,6,go.heap_alloc_bytes,0
go,amberignore.ignored,nil-matcher,6,go.mallocs,0
go,amberignore.root,load-root,4,go.heap_alloc_bytes,119808
go,amberignore.root,load-root,4,go.mallocs,1664
go,amberignore.root,load-root,5,go.heap_alloc_bytes,119808
go,amberignore.root,load-root,5,go.mallocs,1664
go,amberignore.root,load-root,6,go.heap_alloc_bytes,119808
go,amberignore.root,load-root,6,go.mallocs,1664
go,amberpack.decode_payload,mixed-records/producer-go,4,go.heap_alloc_bytes,16962504
go,amberpack.decode_payload,mixed-records/producer-go,4,go.mallocs,506
go,amberpack.decode_payload,mixed-records/producer-go,5,go.heap_alloc_bytes,16962504
go,amberpack.decode_payload,mixed-records/producer-go,5,go.mallocs,506
go,amberpack.decode_payload,mixed-records/producer-go,6,go.heap_alloc_bytes,16962504
go,amberpack.decode_payload,mixed-records/producer-go,6,go.mallocs,506
go,amberpack.decode_payload,mixed-records/producer-rust,4,go.heap_alloc_bytes,16966888
go,amberpack.decode_payload,mixed-records/producer-rust,4,go.mallocs,511
go,amberpack.decode_payload,mixed-records/producer-rust,5,go.heap_alloc_bytes,16966888
go,amberpack.decode_payload,mixed-records/producer-rust,5,go.mallocs,511
go,amberpack.decode_payload,mixed-records/producer-rust,6,go.heap_alloc_bytes,16964840
go,amberpack.decode_payload,mixed-records/producer-rust,6,go.mallocs,509
go,amberpack.encode_record,1MiB-duplicate,4,go.heap_alloc_bytes,13697024
go,amberpack.encode_record,1MiB-duplicate,4,go.mallocs,12
go,amberpack.encode_record,1MiB-duplicate,5,go.heap_alloc_bytes,13697024
go,amberpack.encode_record,1MiB-duplicate,5,go.mallocs,12
go,amberpack.encode_record,1MiB-duplicate,6,go.heap_alloc_bytes,13697024
go,amberpack.encode_record,1MiB-duplicate,6,go.mallocs,12
go,amberpack.encode_record,1MiB-random,4,go.heap_alloc_bytes,13697024
go,amberpack.encode_record,1MiB-random,4,go.mallocs,12
go,amberpack.encode_record,1MiB-random,5,go.heap_alloc_bytes,13697024
go,amberpack.encode_record,1MiB-random,5,go.mallocs,12
go,amberpack.encode_record,1MiB-random,6,go.heap_alloc_bytes,13697024
go,amberpack.encode_record,1MiB-random,6,go.mallocs,12
go,amberpack.encode_record,1MiB-text,4,go.heap_alloc_bytes,5013504
go,amberpack.encode_record,1MiB-text,4,go.mallocs,8
go,amberpack.encode_record,1MiB-text,5,go.heap_alloc_bytes,5013504
go,amberpack.encode_record,1MiB-text,5,go.mallocs,8
go,amberpack.encode_record,1MiB-text,6,go.heap_alloc_bytes,5013504
go,amberpack.encode_record,1MiB-text,6,go.mallocs,8
go,amberpack.encode_record,4KiB-duplicate,4,go.heap_alloc_bytes,14680064
go,amberpack.encode_record,4KiB-duplicate,4,go.mallocs,3072
go,amberpack.encode_record,4KiB-duplicate,5,go.heap_alloc_bytes,14680064
go,amberpack.encode_record,4KiB-duplicate,5,go.mallocs,3072
go,amberpack.encode_record,4KiB-duplicate,6,go.heap_alloc_bytes,14680064
go,amberpack.encode_record,4KiB-duplicate,6,go.mallocs,3072
go,amberpack.encode_record,4KiB-random,4,go.heap_alloc_bytes,14680064
go,amberpack.encode_record,4KiB-random,4,go.mallocs,3072
go,amberpack.encode_record,4KiB-random,5,go.heap_alloc_bytes,14680064
go,amberpack.encode_record,4KiB-random,5,go.mallocs,3072
go,amberpack.encode_record,4KiB-random,6,go.heap_alloc_bytes,14680064
go,amberpack.encode_record,4KiB-random,6,go.mallocs,3072
go,amberpack.encode_record,4KiB-text,4,go.heap_alloc_bytes,5505024
go,amberpack.encode_record,4KiB-text,4,go.mallocs,2048
go,amberpack.encode_record,4KiB-text,5,go.heap_alloc_bytes,5505024
go,amberpack.encode_record,4KiB-text,5,go.mallocs,2048
go,amberpack.encode_record,4KiB-text,6,go.heap_alloc_bytes,5505024
go,amberpack.encode_record,4KiB-text,6,go.mallocs,2048
go,amberpack.encode_record,empty,4,go.heap_alloc_bytes,384000
go,amberpack.encode_record,empty,4,go.mallocs,8000
go,amberpack.encode_record,empty,5,go.heap_alloc_bytes,384000
go,amberpack.encode_record,empty,5,go.mallocs,8000
go,amberpack.encode_record,empty,6,go.heap_alloc_bytes,384000
go,amberpack.encode_record,empty,6,go.mallocs,8000
go,amberpack.encode_record,large-8MiB-duplicate,4,go.heap_alloc_bytes,54558720
go,amberpack.encode_record,large-8MiB-duplicate,4,go.mallocs,6
go,amberpack.encode_record,large-8MiB-duplicate,5,go.heap_alloc_bytes,54558720
go,amberpack.encode_record,large-8MiB-duplicate,5,go.mallocs,6
go,amberpack.encode_record,large-8MiB-duplicate,6,go.heap_alloc_bytes,54558720
go,amberpack.encode_record,large-8MiB-duplicate,6,go.mallocs,6
go,amberpack.encode_record,large-8MiB-random,4,go.heap_alloc_bytes,27279360
go,amberpack.encode_record,large-8MiB-random,4,go.mallocs,3
go,amberpack.encode_record,large-8MiB-random,5,go.heap_alloc_bytes,27279360
go,amberpack.encode_record,large-8MiB-random,5,go.mallocs,3
go,amberpack.encode_record,large-8MiB-random,6,go.heap_alloc_bytes,27279360
go,amberpack.encode_record,large-8MiB-random,6,go.mallocs,3
go,amberpack.encode_record,large-8MiB-text,4,go.heap_alloc_bytes,10002432
go,amberpack.encode_record,large-8MiB-text,4,go.mallocs,2
go,amberpack.encode_record,large-8MiB-text,5,go.heap_alloc_bytes,10002432
go,amberpack.encode_record,large-8MiB-text,5,go.mallocs,2
go,amberpack.encode_record,large-8MiB-text,6,go.heap_alloc_bytes,10002432
go,amberpack.encode_record,large-8MiB-text,6,go.mallocs,2
go,amberpack.encode_record,tiny-64B-duplicate,4,go.heap_alloc_bytes,4980736
go,amberpack.encode_record,tiny-64B-duplicate,4,go.mallocs,49152
go,amberpack.encode_record,tiny-64B-duplicate,5,go.heap_alloc_bytes,4980736
go,amberpack.encode_record,tiny-64B-duplicate,5,go.mallocs,49152
go,amberpack.encode_record,tiny-64B-duplicate,6,go.heap_alloc_bytes,4980736
go,amberpack.encode_record,tiny-64B-duplicate,6,go.mallocs,49152
go,amberpack.encode_record,tiny-64B-random,4,go.heap_alloc_bytes,4980736
go,amberpack.encode_record,tiny-64B-random,4,go.mallocs,49152
go,amberpack.encode_record,tiny-64B-random,5,go.heap_alloc_bytes,4980736
go,amberpack.encode_record,tiny-64B-random,5,go.mallocs,49152
go,amberpack.encode_record,tiny-64B-random,6,go.heap_alloc_bytes,4980736
go,amberpack.encode_record,tiny-64B-random,6,go.mallocs,49152
go,amberpack.encode_record,tiny-64B-text,4,go.heap_alloc_bytes,4945136
go,amberpack.encode_record,tiny-64B-text,4,go.mallocs,48874
go,amberpack.encode_record,tiny-64B-text,5,go.heap_alloc_bytes,4945136
go,amberpack.encode_record,tiny-64B-text,5,go.mallocs,48874
go,amberpack.encode_record,tiny-64B-text,6,go.heap_alloc_bytes,4945136
go,amberpack.encode_record,tiny-64B-text,6,go.mallocs,48874
go,amberpack.parse_record,corrupt-crc/producer-go,4,go.heap_alloc_bytes,26104
go,amberpack.parse_record,corrupt-crc/producer-go,4,go.mallocs,519
go,amberpack.parse_record,corrupt-crc/producer-go,5,go.heap_alloc_bytes,26056
go,amberpack.parse_record,corrupt-crc/producer-go,5,go.mallocs,518
go,amberpack.parse_record,corrupt-crc/producer-go,6,go.heap_alloc_bytes,26056
go,amberpack.parse_record,corrupt-crc/producer-go,6,go.mallocs,518
go,amberpack.parse_record,corrupt-crc/producer-rust,4,go.heap_alloc_bytes,26056
go,amberpack.parse_record,corrupt-crc/producer-rust,4,go.mallocs,518
go,amberpack.parse_record,corrupt-crc/producer-rust,5,go.heap_alloc_bytes,26056
go,amberpack.parse_record,corrupt-crc/producer-rust,5,go.mallocs,518
go,amberpack.parse_record,corrupt-crc/producer-rust,6,go.heap_alloc_bytes,26056
go,amberpack.parse_record,corrupt-crc/producer-rust,6,go.mallocs,518
go,amberpack.parse_record,mixed-records/producer-go,4,go.heap_alloc_bytes,0
go,amberpack.parse_record,mixed-records/producer-go,4,go.mallocs,0
go,amberpack.parse_record,mixed-records/producer-go,5,go.heap_alloc_bytes,0
go,amberpack.parse_record,mixed-records/producer-go,5,go.mallocs,0
go,amberpack.parse_record,mixed-records/producer-go,6,go.heap_alloc_bytes,0
go,amberpack.parse_record,mixed-records/producer-go,6,go.mallocs,0
go,amberpack.parse_record,mixed-records/producer-rust,4,go.heap_alloc_bytes,0
go,amberpack.parse_record,mixed-records/producer-rust,4,go.mallocs,0
go,amberpack.parse_record,mixed-records/producer-rust,5,go.heap_alloc_bytes,0
go,amberpack.parse_record,mixed-records/producer-rust,5,go.mallocs,0
go,amberpack.parse_record,mixed-records/producer-rust,6,go.heap_alloc_bytes,0
go,amberpack.parse_record,mixed-records/producer-rust,6,go.mallocs,0
go,amberpack.reader_all,mixed-objects/producer-go,4,go.heap_alloc_bytes,28134776
go,amberpack.reader_all,mixed-objects/producer-go,4,go.mallocs,1511
go,amberpack.reader_all,mixed-objects/producer-go,5,go.heap_alloc_bytes,28134776
go,amberpack.reader_all,mixed-objects/producer-go,5,go.mallocs,1511
go,amberpack.reader_all,mixed-objects/producer-go,6,go.heap_alloc_bytes,28134776
go,amberpack.reader_all,mixed-objects/producer-go,6,go.mallocs,1511
go,amberpack.reader_all,mixed-objects/producer-rust,4,go.heap_alloc_bytes,28139160
go,amberpack.reader_all,mixed-objects/producer-rust,4,go.mallocs,1516
go,amberpack.reader_all,mixed-objects/producer-rust,5,go.heap_alloc_bytes,28139160
go,amberpack.reader_all,mixed-objects/producer-rust,5,go.mallocs,1516
go,amberpack.reader_all,mixed-objects/producer-rust,6,go.heap_alloc_bytes,28139160
go,amberpack.reader_all,mixed-objects/producer-rust,6,go.mallocs,1516
go,amberpack.reader_all,truncated-stream/producer-go,4,go.heap_alloc_bytes,898325424
go,amberpack.reader_all,truncated-stream/producer-go,4,go.mallocs,48606
go,amberpack.reader_all,truncated-stream/producer-go,5,go.heap_alloc_bytes,898325424
go,amberpack.reader_all,truncated-stream/producer-go,5,go.mallocs,48606
go,amberpack.reader_all,truncated-stream/producer-go,6,go.heap_alloc_bytes,898330624
go,amberpack.reader_all,truncated-stream/producer-go,6,go.mallocs,48605
go,amberpack.reader_all,truncated-stream/producer-rust,4,go.heap_alloc_bytes,898342960
go,amberpack.reader_all,truncated-stream/producer-rust,4,go.mallocs,48624
go,amberpack.reader_all,truncated-stream/producer-rust,5,go.heap_alloc_bytes,898345264
go,amberpack.reader_all,truncated-stream/producer-rust,5,go.mallocs,48629
go,amberpack.reader_all,truncated-stream/producer-rust,6,go.heap_alloc_bytes,898348160
go,amberpack.reader_all,truncated-stream/producer-rust,6,go.mallocs,48623
go,amberpack.reader_records,mixed-objects/producer-go,4,go.heap_alloc_bytes,11172256
go,amberpack.reader_records,mixed-objects/producer-go,4,go.mallocs,1004
go,amberpack.reader_records,mixed-objects/producer-go,5,go.heap_alloc_bytes,11172256
go,amberpack.reader_records,mixed-objects/producer-go,5,go.mallocs,1004
go,amberpack.reader_records,mixed-objects/producer-go,6,go.heap_alloc_bytes,11172256
go,amberpack.reader_records,mixed-objects/producer-go,6,go.mallocs,1004
go,amberpack.reader_records,mixed-objects/producer-rust,4,go.heap_alloc_bytes,11172256
go,amberpack.reader_records,mixed-objects/producer-rust,4,go.mallocs,1004
go,amberpack.reader_records,mixed-objects/producer-rust,5,go.heap_alloc_bytes,11172256
go,amberpack.reader_records,mixed-objects/producer-rust,5,go.mallocs,1004
go,amberpack.reader_records,mixed-objects/producer-rust,6,go.heap_alloc_bytes,11172256
go,amberpack.reader_records,mixed-objects/producer-rust,6,go.mallocs,1004
go,amberpack.writer_add,mixed-objects,4,go.heap_alloc_bytes,39484112
go,amberpack.writer_add,mixed-objects,4,go.mallocs,1252
go,amberpack.writer_add,mixed-objects,5,go.heap_alloc_bytes,39484112
go,amberpack.writer_add,mixed-objects,5,go.mallocs,1252
go,amberpack.writer_add,mixed-objects,6,go.heap_alloc_bytes,39484112
go,amberpack.writer_add,mixed-objects,6,go.mallocs,1252
go,amberpack.writer_add_record,pre-encoded-records/producer-go,4,go.heap_alloc_bytes,4112
go,amberpack.writer_add_record,pre-encoded-records/producer-go,4,go.mallocs,2
go,amberpack.writer_add_record,pre-encoded-records/producer-go,5,go.heap_alloc_bytes,4112
go,amberpack.writer_add_record,pre-encoded-records/producer-go,5,go.mallocs,2
go,amberpack.writer_add_record,pre-encoded-records/producer-go,6,go.heap_alloc_bytes,4112
go,amberpack.writer_add_record,pre-encoded-records/producer-go,6,go.mallocs,2
go,amberpack.writer_add_record,pre-encoded-records/producer-rust,4,go.heap_alloc_bytes,4112
go,amberpack.writer_add_record,pre-encoded-records/producer-rust,4,go.mallocs,2
go,amberpack.writer_add_record,pre-encoded-records/producer-rust,5,go.heap_alloc_bytes,4112
go,amberpack.writer_add_record,pre-encoded-records/producer-rust,5,go.mallocs,2
go,amberpack.writer_add_record,pre-encoded-records/producer-rust,6,go.heap_alloc_bytes,4112
go,amberpack.writer_add_record,pre-encoded-records/producer-rust,6,go.mallocs,2
go,cbor.decode_xattrs,xattrs-3,4,go.heap_alloc_bytes,36352
go,cbor.decode_xattrs,xattrs-3,4,go.mallocs,768
go,cbor.decode_xattrs,xattrs-3,5,go.heap_alloc_bytes,36352
go,cbor.decode_xattrs,xattrs-3,5,go.mallocs,768
go,cbor.decode_xattrs,xattrs-3,6,go.heap_alloc_bytes,36352
go,cbor.decode_xattrs,xattrs-3,6,go.mallocs,768
go,cbor.decode_xattrs,xattrs-64,4,go.heap_alloc_bytes,816640
go,cbor.decode_xattrs,xattrs-64,4,go.mallocs,12608
go,cbor.decode_xattrs,xattrs-64,5,go.heap_alloc_bytes,816640
go,cbor.decode_xattrs,xattrs-64,5,go.mallocs,12608
go,cbor.decode_xattrs,xattrs-64,6,go.heap_alloc_bytes,816640
go,cbor.decode_xattrs,xattrs-64,6,go.mallocs,12608
go,cbor.encode_xattrs,xattrs-3,4,go.heap_alloc_bytes,26240
go,cbor.encode_xattrs,xattrs-3,4,go.mallocs,1184
go,cbor.encode_xattrs,xattrs-3,5,go.heap_alloc_bytes,26144
go,cbor.encode_xattrs,xattrs-3,5,go.mallocs,1176
go,cbor.encode_xattrs,xattrs-3,6,go.heap_alloc_bytes,26192
go,cbor.encode_xattrs,xattrs-3,6,go.mallocs,1180
go,cbor.encode_xattrs,xattrs-64,4,go.heap_alloc_bytes,2834112
go,cbor.encode_xattrs,xattrs-64,4,go.mallocs,98700
go,cbor.encode_xattrs,xattrs-64,5,go.heap_alloc_bytes,2828096
go,cbor.encode_xattrs,xattrs-64,5,go.mallocs,98324
go,cbor.encode_xattrs,xattrs-64,6,go.heap_alloc_bytes,2829248
go,cbor.encode_xattrs,xattrs-64,6,go.mallocs,98396
go,chunkers.item_chunker,is_boundary/bits-7,4,go.heap_alloc_bytes,0
go,chunkers.item_chunker,is_boundary/bits-7,4,go.mallocs,0
go,chunkers.item_chunker,is_boundary/bits-7,5,go.heap_alloc_bytes,0
go,chunkers.item_chunker,is_boundary/bits-7,5,go.mallocs,0
go,chunkers.item_chunker,is_boundary/bits-7,6,go.heap_alloc_bytes,0
go,chunkers.item_chunker,is_boundary/bits-7,6,go.mallocs,0
go,chunkers.new_item_chunker,bits-4..12,4,go.heap_alloc_bytes,0
go,chunkers.new_item_chunker,bits-4..12,4,go.mallocs,0
go,chunkers.new_item_chunker,bits-4..12,5,go.heap_alloc_bytes,0
go,chunkers.new_item_chunker,bits-4..12,5,go.mallocs,0
go,chunkers.new_item_chunker,bits-4..12,6,go.heap_alloc_bytes,0
go,chunkers.new_item_chunker,bits-4..12,6,go.mallocs,0
go,chunkers.split_bytes,compressible/4-16-64KiB,4,go.heap_alloc_bytes,67240224
go,chunkers.split_bytes,compressible/4-16-64KiB,4,go.mallocs,1030
go,chunkers.split_bytes,compressible/4-16-64KiB,5,go.heap_alloc_bytes,67240224
go,chunkers.split_bytes,compressible/4-16-64KiB,5,go.mallocs,1030
go,chunkers.split_bytes,compressible/4-16-64KiB,6,go.heap_alloc_bytes,67240224
go,chunkers.split_bytes,compressible/4-16-64KiB,6,go.mallocs,1030
go,chunkers.split_bytes,compressible/default-sizes,4,go.heap_alloc_bytes,69206304
go,chunkers.split_bytes,compressible/default-sizes,4,go.mallocs,70
go,chunkers.split_bytes,compressible/default-sizes,5,go.heap_alloc_bytes,69206304
go,chunkers.split_bytes,compressible/default-sizes,5,go.mallocs,70
go,chunkers.split_bytes,compressible/default-sizes,6,go.heap_alloc_bytes,69206304
go,chunkers.split_bytes,compressible/default-sizes,6,go.mallocs,70
go,chunkers.split_bytes,random/default-sizes,4,go.heap_alloc_bytes,72802592
go,chunkers.split_bytes,random/default-sizes,4,go.mallocs,887
go,chunkers.split_bytes,random/default-sizes,5,go.heap_alloc_bytes,72802592
go,chunkers.split_bytes,random/default-sizes,5,go.mallocs,887
go,chunkers.split_bytes,random/default-sizes,6,go.heap_alloc_bytes,72802592
go,chunkers.split_bytes,random/default-sizes,6,go.mallocs,887
go,chunkers.split_bytes,tiny-64KiB/default-sizes,4,go.heap_alloc_bytes,2162976
go,chunkers.split_bytes,tiny-64KiB/default-sizes,4,go.mallocs,7
go,chunkers.split_bytes,tiny-64KiB/default-sizes,5,go.heap_alloc_bytes,2162976
go,chunkers.split_bytes,tiny-64KiB/default-sizes,5,go.mallocs,7
go,chunkers.split_bytes,tiny-64KiB/default-sizes,6,go.heap_alloc_bytes,2162976
go,chunkers.split_bytes,tiny-64KiB/default-sizes,6,go.mallocs,7
go,fstree.check_complete,incomplete/jobs-1,4,go.heap_alloc_bytes,12496
go,fstree.check_complete,incomplete/jobs-1,4,go.mallocs,98
go,fstree.check_complete,incomplete/jobs-1,5,go.heap_alloc_bytes,12496
go,fstree.check_complete,incomplete/jobs-1,5,go.mallocs,98
go,fstree.check_complete,incomplete/jobs-1,6,go.heap_alloc_bytes,12496
go,fstree.check_complete,incomplete/jobs-1,6,go.mallocs,98
go,fstree.check_complete,widest/jobs-1,4,go.heap_alloc_bytes,36575656
go,fstree.check_complete,widest/jobs-1,4,go.mallocs,164019
go,fstree.check_complete,widest/jobs-1,5,go.heap_alloc_bytes,36575656
go,fstree.check_complete,widest/jobs-1,5,go.mallocs,164019
go,fstree.check_complete,widest/jobs-1,6,go.heap_alloc_bytes,36575656
go,fstree.check_complete,widest/jobs-1,6,go.mallocs,164019
go,fstree.check_complete,widest/jobs-N,4,go.heap_alloc_bytes,36575656
go,fstree.check_complete,widest/jobs-N,4,go.mallocs,164019
go,fstree.check_complete,widest/jobs-N,5,go.heap_alloc_bytes,36575656
go,fstree.check_complete,widest/jobs-N,5,go.mallocs,164019
go,fstree.check_complete,widest/jobs-N,6,go.heap_alloc_bytes,36575656
go,fstree.check_complete,widest/jobs-N,6,go.mallocs,164019
go,fstree.check_complete,width-16/jobs-1,4,go.heap_alloc_bytes,12456
go,fstree.check_complete,width-16/jobs-1,4,go.mallocs,96
go,fstree.check_complete,width-16/jobs-1,5,go.heap_alloc_bytes,12456
go,fstree.check_complete,width-16/jobs-1,5,go.mallocs,96
go,fstree.check_complete,width-16/jobs-1,6,go.heap_alloc_bytes,12456
go,fstree.check_complete,width-16/jobs-1,6,go.mallocs,96
go,fstree.check_complete,width-256/jobs-1,4,go.heap_alloc_bytes,207224
go,fstree.check_complete,width-256/jobs-1,4,go.mallocs,1103
go,fstree.check_complete,width-256/jobs-1,5,go.heap_alloc_bytes,207224
go,fstree.check_complete,width-256/jobs-1,5,go.mallocs,1103
go,fstree.check_complete,width-256/jobs-1,6,go.heap_alloc_bytes,207224
go,fstree.check_complete,width-256/jobs-1,6,go.mallocs,1103
go,fstree.check_complete,width-40000/jobs-1,4,go.heap_alloc_bytes,36575656
go,fstree.check_complete,width-40000/jobs-1,4,go.mallocs,164019
go,fstree.check_complete,width-40000/jobs-1,5,go.heap_alloc_bytes,36575656
go,fstree.check_complete,width-40000/jobs-1,5,go.mallocs,164019
go,fstree.check_complete,width-40000/jobs-1,6,go.heap_alloc_bytes,36575656
go,fstree.check_complete,width-40000/jobs-1,6,go.mallocs,164019
go,fstree.check_complete,width-4096/jobs-1,4,go.heap_alloc_bytes,3597088
go,fstree.check_complete,width-4096/jobs-1,4,go.mallocs,16846
go,fstree.check_complete,width-4096/jobs-1,5,go.heap_alloc_bytes,3597088
go,fstree.check_complete,width-4096/jobs-1,5,go.mallocs,16846
go,fstree.check_complete,width-4096/jobs-1,6,go.heap_alloc_bytes,3597088
go,fstree.check_complete,width-4096/jobs-1,6,go.mallocs,16846
go,fstree.child_keys,dir-leaf-128,4,go.heap_alloc_bytes,2571312
go,fstree.child_keys,dir-leaf-128,4,go.mallocs,18049
go,fstree.child_keys,dir-leaf-128,5,go.heap_alloc_bytes,2571264
go,fstree.child_keys,dir-leaf-128,5,go.mallocs,18048
go,fstree.child_keys,dir-leaf-128,6,go.heap_alloc_bytes,2571264
go,fstree.child_keys,dir-leaf-128,6,go.mallocs,18048
go,fstree.child_keys,dir-node-128,4,go.heap_alloc_bytes,1076224
go,fstree.child_keys,dir-node-128,4,go.mallocs,16640
go,fstree.child_keys,dir-node-128,5,go.heap_alloc_bytes,1076224
go,fstree.child_keys,dir-node-128,5,go.mallocs,16640
go,fstree.child_keys,dir-node-128,6,go.heap_alloc_bytes,1076224
go,fstree.child_keys,dir-node-128,6,go.mallocs,16640
go,fstree.child_keys,file-node-1024,4,go.heap_alloc_bytes,5942272
go,fstree.child_keys,file-node-1024,4,go.mallocs,65792
go,fstree.child_keys,file-node-1024,5,go.heap_alloc_bytes,5942272
go,fstree.child_keys,file-node-1024,5,go.mallocs,65792
go,fstree.child_keys,file-node-1024,6,go.heap_alloc_bytes,5942272
go,fstree.child_keys,file-node-1024,6,go.mallocs,65792
go,fstree.collect_entries,width-16,4,go.heap_alloc_bytes,9792
go,fstree.collect_entries,width-16,4,go.mallocs,40
go,fstree.collect_entries,width-16,5,go.heap_alloc_bytes,9792
go,fstree.collect_entries,width-16,5,go.mallocs,40
go,fstree.collect_entries,width-16,6,go.heap_alloc_bytes,9792
go,fstree.collect_entries,width-16,6,go.mallocs,40
go,fstree.collect_entries,width-256,4,go.heap_alloc_bytes,156384
go,fstree.collect_entries,width-256,4,go.mallocs,534
go,fstree.collect_entries,width-256,5,go.heap_alloc_bytes,156384
go,fstree.collect_entries,width-256,5,go.mallocs,534
go,fstree.collect_entries,width-256,6,go.heap_alloc_bytes,156384
go,fstree.collect_entries,width-256,6,go.mallocs,534
go,fstree.collect_entries,width-40000,4,go.heap_alloc_bytes,42204320
go,fstree.collect_entries,width-40000,4,go.mallocs,81308
go,fstree.collect_entries,width-40000,5,go.heap_alloc_bytes,42204320
go,fstree.collect_entries,width-40000,5,go.mallocs,81308
go,fstree.collect_entries,width-40000,6,go.heap_alloc_bytes,42204320
go,fstree.collect_entries,width-40000,6,go.mallocs,81308
go,fstree.collect_entries,width-4096,4,go.heap_alloc_bytes,3820704
go,fstree.collect_entries,width-4096,4,go.mallocs,8336
go,fstree.collect_entries,width-4096,5,go.heap_alloc_bytes,3820704
go,fstree.collect_entries,width-4096,5,go.mallocs,8336
go,fstree.collect_entries,width-4096,6,go.heap_alloc_bytes,3820704
go,fstree.collect_entries,width-4096,6,go.mallocs,8336
go,fstree.decode_dir_leaf,entries-1024,4,go.heap_alloc_bytes,14683136
go,fstree.decode_dir_leaf,entries-1024,4,go.mallocs,131264
go,fstree.decode_dir_leaf,entries-1024,5,go.heap_alloc_bytes,14683136
go,fstree.decode_dir_leaf,entries-1024,5,go.mallocs,131264
go,fstree.decode_dir_leaf,entries-1024,6,go.heap_alloc_bytes,14683136
go,fstree.decode_dir_leaf,entries-1024,6,go.mallocs,131264
go,fstree.decode_dir_leaf,entries-128,4,go.heap_alloc_bytes,1969152
go,fstree.decode_dir_leaf,entries-128,4,go.mallocs,16576
go,fstree.decode_dir_leaf,entries-128,5,go.heap_alloc_bytes,1969152
go,fstree.decode_dir_leaf,entries-128,5,go.mallocs,16576
go,fstree.decode_dir_leaf,entries-128,6,go.heap_alloc_bytes,1969152
go,fstree.decode_dir_leaf,entries-128,6,go.mallocs,16576
go,fstree.decode_dir_leaf,entries-128-partial-change,4,go.heap_alloc_bytes,2051072
go,fstree.decode_dir_leaf,entries-128-partial-change,4,go.mallocs,17600
go,fstree.decode_dir_leaf,entries-128-partial-change,5,go.heap_alloc_bytes,2051072
go,fstree.decode_dir_leaf,entries-128-partial-change,5,go.mallocs,17600
go,fstree.decode_dir_leaf,entries-128-partial-change,6,go.heap_alloc_bytes,2051072
go,fstree.decode_dir_leaf,entries-128-partial-change,6,go.mallocs,17600
go,fstree.decode_dir_leaf,entries-128-with-xattrs,4,go.heap_alloc_bytes,2051072
go,fstree.decode_dir_leaf,entries-128-with-xattrs,4,go.mallocs,17600
go,fstree.decode_dir_leaf,entries-128-with-xattrs,5,go.heap_alloc_bytes,2051072
go,fstree.decode_dir_leaf,entries-128-with-xattrs,5,go.mallocs,17600
go,fstree.decode_dir_leaf,entries-128-with-xattrs,6,go.heap_alloc_bytes,2051072
go,fstree.decode_dir_leaf,entries-128-with-xattrs,6,go.mallocs,17600
go,fstree.decode_dir_leaf,entries-8,4,go.heap_alloc_bytes,125952
go,fstree.decode_dir_leaf,entries-8,4,go.mallocs,1216
go,fstree.decode_dir_leaf,entries-8,5,go.heap_alloc_bytes,125952
go,fstree.decode_dir_leaf,entries-8,5,go.mallocs,1216
go,fstree.decode_dir_leaf,entries-8,6,go.heap_alloc_bytes,125952
go,fstree.decode_dir_leaf,entries-8,6,go.mallocs,1216
go,fstree.decode_dir_node,pairs-1024,4,go.heap_alloc_bytes,6294528
go,fstree.decode_dir_node,pairs-1024,4,go.mallocs,131264
go,fstree.decode_dir_node,pairs-1024,5,go.heap_alloc_bytes,6294528
go,fstree.decode_dir_node,pairs-1024,5,go.mallocs,131264
go,fstree.decode_dir_node,pairs-1024,6,go.heap_alloc_bytes,6294528
go,fstree.decode_dir_node,pairs-1024,6,go.mallocs,131264
go,fstree.decode_dir_node,pairs-128,4,go.heap_alloc_bytes,814080
go,fstree.decode_dir_node,pairs-128,4,go.mallocs,16576
go,fstree.decode_dir_node,pairs-128,5,go.heap_alloc_bytes,814080
go,fstree.decode_dir_node,pairs-128,5,go.mallocs,16576
go,fstree.decode_dir_node,pairs-128,6,go.heap_alloc_bytes,814080
go,fstree.decode_dir_node,pairs-128,6,go.mallocs,16576
go,fstree.decode_dir_node,pairs-8,4,go.heap_alloc_bytes,52224
go,fstree.decode_dir_node,pairs-8,4,go.mallocs,1216
go,fstree.decode_dir_node,pairs-8,5,go.heap_alloc_bytes,52224
go,fstree.decode_dir_node,pairs-8,5,go.mallocs,1216
go,fstree.decode_dir_node,pairs-8,6,go.heap_alloc_bytes,52224
go,fstree.decode_dir_node,pairs-8,6,go.mallocs,1216
go,fstree.decode_file_node,children-1024,4,go.heap_alloc_bytes,5942272
go,fstree.decode_file_node,children-1024,4,go.mallocs,65792
go,fstree.decode_file_node,children-1024,5,go.heap_alloc_bytes,5942272
go,fstree.decode_file_node,children-1024,5,go.mallocs,65792
go,fstree.decode_file_node,children-1024,6,go.heap_alloc_bytes,5942272
go,fstree.decode_file_node,children-1024,6,go.mallocs,65792
go,fstree.decode_file_node,children-128,4,go.heap_alloc_bytes,732160
go,fstree.decode_file_node,children-128,4,go.mallocs,8448
go,fstree.decode_file_node,children-128,5,go.heap_alloc_bytes,732160
go,fstree.decode_file_node,children-128,5,go.mallocs,8448
go,fstree.decode_file_node,children-128,6,go.heap_alloc_bytes,732160
go,fstree.decode_file_node,children-128,6,go.mallocs,8448
go,fstree.decode_file_node,children-65536,4,go.heap_alloc_bytes,369101824
go,fstree.decode_file_node,children-65536,4,go.mallocs,4194560
go,fstree.decode_file_node,children-65536,5,go.heap_alloc_bytes,369101824
go,fstree.decode_file_node,children-65536,5,go.mallocs,4194560
go,fstree.decode_file_node,children-65536,6,go.heap_alloc_bytes,369101824
go,fstree.decode_file_node,children-65536,6,go.mallocs,4194560
go,fstree.decode_file_node,children-8,4,go.heap_alloc_bytes,48128
go,fstree.decode_file_node,children-8,4,go.mallocs,768
go,fstree.decode_file_node,children-8,5,go.heap_alloc_bytes,48128
go,fstree.decode_file_node,children-8,5,go.mallocs,768
go,fstree.decode_file_node,children-8,6,go.heap_alloc_bytes,48128
go,fstree.decode_file_node,children-8,6,go.mallocs,768
go,fstree.dir_builder,entries-16,4,go.heap_alloc_bytes,16880
go,fstree.dir_builder,entries-16,4,go.mallocs,56
go,fstree.dir_builder,entries-16,5,go.heap_alloc_bytes,16880
go,fstree.dir_builder,entries-16,5,go.mallocs,56
go,fstree.dir_builder,entries-16,6,go.heap_alloc_bytes,12800
go,fstree.dir_builder,entries-16,6,go.mallocs,49
go,fstree.dir_builder,entries-256,4,go.heap_alloc_bytes,263704
go,fstree.dir_builder,entries-256,4,go.mallocs,567
go,fstree.dir_builder,entries-256,5,go.heap_alloc_bytes,263704
go,fstree.dir_builder,entries-256,5,go.mallocs,567
go,fstree.dir_builder,entries-256,6,go.heap_alloc_bytes,263704
go,fstree.dir_builder,entries-256,6,go.mallocs,567
go,fstree.dir_builder,entries-40000,4,go.heap_alloc_bytes,32885040
go,fstree.dir_builder,entries-40000,4,go.mallocs,83454
go,fstree.dir_builder,entries-40000,5,go.heap_alloc_bytes,32885040
go,fstree.dir_builder,entries-40000,5,go.mallocs,83454
go,fstree.dir_builder,entries-40000,6,go.heap_alloc_bytes,32885040
go,fstree.dir_builder,entries-40000,6,go.mallocs,83454
go,fstree.dir_builder,entries-4096,4,go.heap_alloc_bytes,3488128
go,fstree.dir_builder,entries-4096,4,go.mallocs,8540
go,fstree.dir_builder,entries-4096,5,go.heap_alloc_bytes,3488128
go,fstree.dir_builder,entries-4096,5,go.mallocs,8540
go,fstree.dir_builder,entries-4096,6,go.heap_alloc_bytes,3488128
go,fstree.dir_builder,entries-4096,6,go.mallocs,8540
go,fstree.encode_blob,1MiB-duplicate,4,go.heap_alloc_bytes,0
go,fstree.encode_blob,1MiB-duplicate,4,go.mallocs,0
go,fstree.encode_blob,1MiB-duplicate,5,go.heap_alloc_bytes,0
go,fstree.encode_blob,1MiB-duplicate,5,go.mallocs,0
go,fstree.encode_blob,1MiB-duplicate,6,go.heap_alloc_bytes,0
go,fstree.encode_blob,1MiB-duplicate,6,go.mallocs,0
go,fstree.encode_blob,1MiB-random,4,go.heap_alloc_bytes,0
go,fstree.encode_blob,1MiB-random,4,go.mallocs,0
go,fstree.encode_blob,1MiB-random,5,go.heap_alloc_bytes,0
go,fstree.encode_blob,1MiB-random,5,go.mallocs,0
go,fstree.encode_blob,1MiB-random,6,go.heap_alloc_bytes,0
go,fstree.encode_blob,1MiB-random,6,go.mallocs,0
go,fstree.encode_blob,1MiB-text,4,go.heap_alloc_bytes,0
go,fstree.encode_blob,1MiB-text,4,go.mallocs,0
go,fstree.encode_blob,1MiB-text,5,go.heap_alloc_bytes,0
go,fstree.encode_blob,1MiB-text,5,go.mallocs,0
go,fstree.encode_blob,1MiB-text,6,go.heap_alloc_bytes,0
go,fstree.encode_blob,1MiB-text,6,go.mallocs,0
go,fstree.encode_blob,4KiB-duplicate,4,go.heap_alloc_bytes,0
go,fstree.encode_blob,4KiB-duplicate,4,go.mallocs,0
go,fstree.encode_blob,4KiB-duplicate,5,go.heap_alloc_bytes,0
go,fstree.encode_blob,4KiB-duplicate,5,go.mallocs,0
go,fstree.encode_blob,4KiB-duplicate,6,go.heap_alloc_bytes,0
go,fstree.encode_blob,4KiB-duplicate,6,go.mallocs,0
go,fstree.encode_blob,4KiB-random,4,go.heap_alloc_bytes,0
go,fstree.encode_blob,4KiB-random,4,go.mallocs,0
go,fstree.encode_blob,4KiB-random,5,go.heap_alloc_bytes,0
go,fstree.encode_blob,4KiB-random,5,go.mallocs,0
go,fstree.encode_blob,4KiB-random,6,go.heap_alloc_bytes,0
go,fstree.encode_blob,4KiB-random,6,go.mallocs,0
go,fstree.encode_blob,4KiB-text,4,go.heap_alloc_bytes,0
go,fstree.encode_blob,4KiB-text,4,go.mallocs,0
go,fstree.encode_blob,4KiB-text,5,go.heap_alloc_bytes,0
go,fstree.encode_blob,4KiB-text,5,go.mallocs,0
go,fstree.encode_blob,4KiB-text,6,go.heap_alloc_bytes,0
go,fstree.encode_blob,4KiB-text,6,go.mallocs,0
go,fstree.encode_blob,empty,4,go.heap_alloc_bytes,0
go,fstree.encode_blob,empty,4,go.mallocs,0
go,fstree.encode_blob,empty,5,go.heap_alloc_bytes,0
go,fstree.encode_blob,empty,5,go.mallocs,0
go,fstree.encode_blob,empty,6,go.heap_alloc_bytes,0
go,fstree.encode_blob,empty,6,go.mallocs,0
go,fstree.encode_blob,large-8MiB-duplicate,4,go.heap_alloc_bytes,0
go,fstree.encode_blob,large-8MiB-duplicate,4,go.mallocs,0
go,fstree.encode_blob,large-8MiB-duplicate,5,go.heap_alloc_bytes,0
go,fstree.encode_blob,large-8MiB-duplicate,5,go.mallocs,0
go,fstree.encode_blob,large-8MiB-duplicate,6,go.heap_alloc_bytes,0
go,fstree.encode_blob,large-8MiB-duplicate,6,go.mallocs,0
go,fstree.encode_blob,large-8MiB-random,4,go.heap_alloc_bytes,0
go,fstree.encode_blob,large-8MiB-random,4,go.mallocs,0
go,fstree.encode_blob,large-8MiB-random,5,go.heap_alloc_bytes,0
go,fstree.encode_blob,large-8MiB-random,5,go.mallocs,0
go,fstree.encode_blob,large-8MiB-random,6,go.heap_alloc_bytes,0
go,fstree.encode_blob,large-8MiB-random,6,go.mallocs,0
go,fstree.encode_blob,large-8MiB-text,4,go.heap_alloc_bytes,0
go,fstree.encode_blob,large-8MiB-text,4,go.mallocs,0
go,fstree.encode_blob,large-8MiB-text,5,go.heap_alloc_bytes,0
go,fstree.encode_blob,large-8MiB-text,5,go.mallocs,0
go,fstree.encode_blob,large-8MiB-text,6,go.heap_alloc_bytes,0
go,fstree.encode_blob,large-8MiB-text,6,go.mallocs,0
go,fstree.encode_blob,tiny-64B-duplicate,4,go.heap_alloc_bytes,0
go,fstree.encode_blob,tiny-64B-duplicate,4,go.mallocs,0
go,fstree.encode_blob,tiny-64B-duplicate,5,go.heap_alloc_bytes,0
go,fstree.encode_blob,tiny-64B-duplicate,5,go.mallocs,0
go,fstree.encode_blob,tiny-64B-duplicate,6,go.heap_alloc_bytes,0
go,fstree.encode_blob,tiny-64B-duplicate,6,go.mallocs,0
go,fstree.encode_blob,tiny-64B-random,4,go.heap_alloc_bytes,0
go,fstree.encode_blob,tiny-64B-random,4,go.mallocs,0
go,fstree.encode_blob,tiny-64B-random,5,go.heap_alloc_bytes,0
go,fstree.encode_blob,tiny-64B-random,5,go.mallocs,0
go,fstree.encode_blob,tiny-64B-random,6,go.heap_alloc_bytes,0
go,fstree.encode_blob,tiny-64B-random,6,go.mallocs,0
go,fstree.encode_blob,tiny-64B-text,4,go.heap_alloc_bytes,0
go,fstree.encode_blob,tiny-64B-text,4,go.mallocs,0
go,fstree.encode_blob,tiny-64B-text,5,go.heap_alloc_bytes,0
go,fstree.encode_blob,tiny-64B-text,5,go.mallocs,0
go,fstree.encode_blob,tiny-64B-text,6,go.heap_alloc_bytes,0
go,fstree.encode_blob,tiny-64B-text,6,go.mallocs,0
go,fstree.encode_dir_leaf,entries-1024,4,go.heap_alloc_bytes,5507704
go,fstree.encode_dir_leaf,entries-1024,4,go.mallocs,143
go,fstree.encode_dir_leaf,entries-1024,5,go.heap_alloc_bytes,5507704
go,fstree.encode_dir_leaf,entries-1024,5,go.mallocs,143
go,fstree.encode_dir_leaf,entries-1024,6,go.heap_alloc_bytes,5245576
go,fstree.encode_dir_leaf,entries-1024,6,go.mallocs,130
go,fstree.encode_dir_leaf,entries-128,4,go.heap_alloc_bytes,658040
go,fstree.encode_dir_leaf,entries-128,4,go.mallocs,140
go,fstree.encode_dir_leaf,entries-128,5,go.heap_alloc_bytes,658040
go,fstree.encode_dir_leaf,entries-128,5,go.mallocs,140
go,fstree.encode_dir_leaf,entries-128,6,go.heap_alloc_bytes,658040
go,fstree.encode_dir_leaf,entries-128,6,go.mallocs,140
go,fstree.encode_dir_leaf,entries-128-partial-change,4,go.heap_alloc_bytes,756344
go,fstree.encode_dir_leaf,entries-128-partial-change,4,go.mallocs,1164
go,fstree.encode_dir_leaf,entries-128-partial-change,5,go.heap_alloc_bytes,756344
go,fstree.encode_dir_leaf,entries-128-partial-change,5,go.mallocs,1164
go,fstree.encode_dir_leaf,entries-128-partial-change,6,go.heap_alloc_bytes,723592
go,fstree.encode_dir_leaf,entries-128-partial-change,6,go.mallocs,1154
go,fstree.encode_dir_leaf,entries-128-with-xattrs,4,go.heap_alloc_bytes,723592
go,fstree.encode_dir_leaf,entries-128-with-xattrs,4,go.mallocs,1154
go,fstree.encode_dir_leaf,entries-128-with-xattrs,5,go.heap_alloc_bytes,723592
go,fstree.encode_dir_leaf,entries-128-with-xattrs,5,go.mallocs,1154
go,fstree.encode_dir_leaf,entries-128-with-xattrs,6,go.heap_alloc_bytes,756344
go,fstree.encode_dir_leaf,entries-128-with-xattrs,6,go.mallocs,1164
go,fstree.encode_dir_leaf,entries-8,4,go.heap_alloc_bytes,43656
go,fstree.encode_dir_leaf,entries-8,4,go.mallocs,130
go,fstree.encode_dir_leaf,entries-8,5,go.heap_alloc_bytes,43656
go,fstree.encode_dir_leaf,entries-8,5,go.mallocs,130
go,fstree.encode_dir_leaf,entries-8,6,go.heap_alloc_bytes,45688
go,fstree.encode_dir_leaf,entries-8,6,go.mallocs,136
go,fstree.encode_dir_node,pairs-1024,4,go.heap_alloc_bytes,3803768
go,fstree.encode_dir_node,pairs-1024,4,go.mallocs,142
go,fstree.encode_dir_node,pairs-1024,5,go.heap_alloc_bytes,3803768
go,fstree.encode_dir_node,pairs-1024,5,go.mallocs,142
go,fstree.encode_dir_node,pairs-1024,6,go.heap_alloc_bytes,3803768
go,fstree.encode_dir_node,pairs-1024,6,go.mallocs,142
go,fstree.encode_dir_node,pairs-128,4,go.heap_alloc_bytes,436856
go,fstree.encode_dir_node,pairs-128,4,go.mallocs,139
go,fstree.encode_dir_node,pairs-128,5,go.heap_alloc_bytes,436856
go,fstree.encode_dir_node,pairs-128,5,go.mallocs,139
go,fstree.encode_dir_node,pairs-128,6,go.heap_alloc_bytes,436856
go,fstree.encode_dir_node,pairs-128,6,go.mallocs,139
go,fstree.encode_dir_node,pairs-8,4,go.heap_alloc_bytes,30328
go,fstree.encode_dir_node,pairs-8,4,go.mallocs,135
go,fstree.encode_dir_node,pairs-8,5,go.heap_alloc_bytes,30328
go,fstree.encode_dir_node,pairs-8,5,go.mallocs,135
go,fstree.encode_dir_node,pairs-8,6,go.heap_alloc_bytes,29320
go,fstree.encode_dir_node,pairs-8,6,go.mallocs,130
go,fstree.encode_file_node,children-1024,4,go.heap_alloc_bytes,6597240
go,fstree.encode_file_node,children-1024,4,go.mallocs,65742
go,fstree.encode_file_node,children-1024,5,go.heap_alloc_bytes,6466184
go,fstree.encode_file_node,children-1024,5,go.mallocs,65730
go,fstree.encode_file_node,children-1024,6,go.heap_alloc_bytes,6597240
go,fstree.encode_file_node,children-1024,6,go.mallocs,65742
go,fstree.encode_file_node,children-128,4,go.heap_alloc_bytes,780936
go,fstree.encode_file_node,children-128,4,go.mallocs,8386
go,fstree.encode_file_node,children-128,5,go.heap_alloc_bytes,797304
go,fstree.encode_file_node,children-128,5,go.mallocs,8395
go,fstree.encode_file_node,children-128,6,go.heap_alloc_bytes,797304
go,fstree.encode_file_node,children-128,6,go.mallocs,8395
go,fstree.encode_file_node,children-65536,4,go.heap_alloc_bytes,386402936
go,fstree.encode_file_node,children-65536,4,go.mallocs,4194516
go,fstree.encode_file_node,children-65536,5,go.heap_alloc_bytes,386402936
go,fstree.encode_file_node,children-65536,5,go.mallocs,4194516
go,fstree.encode_file_node,children-65536,6,go.heap_alloc_bytes,378014344
go,fstree.encode_file_node,children-65536,6,go.mallocs,4194498
go,fstree.encode_file_node,children-8,4,go.heap_alloc_bytes,50808
go,fstree.encode_file_node,children-8,4,go.mallocs,711
go,fstree.encode_file_node,children-8,5,go.heap_alloc_bytes,50808
go,fstree.encode_file_node,children-8,5,go.mallocs,711
go,fstree.encode_file_node,children-8,6,go.heap_alloc_bytes,50808
go,fstree.encode_file_node,children-8,6,go.mallocs,711
go,fstree.encode_xattr_set,xattrs-64,4,go.heap_alloc_bytes,2852608
go,fstree.encode_xattr_set,xattrs-64,4,go.mallocs,99856
go,fstree.encode_xattr_set,xattrs-64,5,go.heap_alloc_bytes,2830656
go,fstree.encode_xattr_set,xattrs-64,5,go.mallocs,98484
go,fstree.encode_xattr_set,xattrs-64,6,go.heap_alloc_bytes,2810432
go,fstree.encode_xattr_set,xattrs-64,6,go.mallocs,97220
go,fstree.index_builder_file,children-1024,4,go.heap_alloc_bytes,261712
go,fstree.index_builder_file,children-1024,4,go.mallocs,2170
go,fstree.index_builder_file,children-1024,5,go.heap_alloc_bytes,261712
go,fstree.index_builder_file,children-1024,5,go.mallocs,2170
go,fstree.index_builder_file,children-1024,6,go.heap_alloc_bytes,228960
go,fstree.index_builder_file,children-1024,6,go.mallocs,2160
go,fstree.index_builder_file,children-128,4,go.heap_alloc_bytes,38296
go,fstree.index_builder_file,children-128,4,go.mallocs,304
go,fstree.index_builder_file,children-128,5,go.heap_alloc_bytes,38296
go,fstree.index_builder_file,children-128,5,go.mallocs,304
go,fstree.index_builder_file,children-128,6,go.heap_alloc_bytes,38296
go,fstree.index_builder_file,children-128,6,go.mallocs,304
go,fstree.index_builder_file,children-65536,4,go.heap_alloc_bytes,14173016
go,fstree.index_builder_file,children-65536,4,go.mallocs,137214
go,fstree.index_builder_file,children-65536,5,go.heap_alloc_bytes,14238536
go,fstree.index_builder_file,children-65536,5,go.mallocs,137225
go,fstree.index_builder_file,children-65536,6,go.heap_alloc_bytes,14238536
go,fstree.index_builder_file,children-65536,6,go.mallocs,137225
go,fstree.index_builder_file,children-8,4,go.heap_alloc_bytes,3880
go,fstree.index_builder_file,children-8,4,go.mallocs,36
go,fstree.index_builder_file,children-8,5,go.heap_alloc_bytes,2872
go,fstree.index_builder_file,children-8,5,go.mallocs,31
go,fstree.index_builder_file,children-8,6,go.heap_alloc_bytes,2872
go,fstree.index_builder_file,children-8,6,go.mallocs,31
go,fstree.list_entries,widest/first-page-100,4,go.heap_alloc_bytes,9703424
go,fstree.list_entries,widest/first-page-100,4,go.mallocs,72320
go,fstree.list_entries,widest/first-page-100,5,go.heap_alloc_bytes,9703424
go,fstree.list_entries,widest/first-page-100,5,go.mallocs,72320
go,fstree.list_entries,widest/first-page-100,6,go.heap_alloc_bytes,9703424
go,fstree.list_entries,widest/first-page-100,6,go.mallocs,72320
go,fstree.list_entries,width-16/full-paging-100,4,go.heap_alloc_bytes,9792
go,fstree.list_entries,width-16/full-paging-100,4,go.mallocs,40
go,fstree.list_entries,width-16/full-paging-100,5,go.heap_alloc_bytes,9792
go,fstree.list_entries,width-16/full-paging-100,5,go.mallocs,40
go,fstree.list_entries,width-16/full-paging-100,6,go.heap_alloc_bytes,9792
go,fstree.list_entries,width-16/full-paging-100,6,go.mallocs,40
go,fstree.list_entries,width-256/full-paging-100,4,go.heap_alloc_bytes,239040
go,fstree.list_entries,width-256/full-paging-100,4,go.mallocs,1080
go,fstree.list_entries,width-256/full-paging-100,5,go.heap_alloc_bytes,239040
go,fstree.list_entries,width-256/full-paging-100,5,go.mallocs,1080
go,fstree.list_entries,width-256/full-paging-100,6,go.heap_alloc_bytes,239040
go,fstree.list_entries,width-256/full-paging-100,6,go.mallocs,1080
go,fstree.list_entries,width-40000/full-paging-100,4,go.heap_alloc_bytes,59303408
go,fstree.list_entries,width-40000/full-paging-100,4,go.mallocs,428472
go,fstree.list_entries,width-40000/full-paging-100,5,go.heap_alloc_bytes,59303408
go,fstree.list_entries,width-40000/full-paging-100,5,go.mallocs,428472
go,fstree.list_entries,width-40000/full-paging-100,6,go.heap_alloc_bytes,59303408
go,fstree.list_entries,width-40000/full-paging-100,6,go.mallocs,428472
go,fstree.list_entries,width-4096/full-paging-100,4,go.heap_alloc_bytes,5467520
go,fstree.list_entries,width-4096/full-paging-100,4,go.mallocs,31676
go,fstree.list_entries,width-4096/full-paging-100,5,go.heap_alloc_bytes,5467520
go,fstree.list_entries,width-4096/full-paging-100,5,go.mallocs,31676
go,fstree.list_entries,width-4096/full-paging-100,6,go.heap_alloc_bytes,5467520
go,fstree.list_entries,width-4096/full-paging-100,6,go.mallocs,31676
go,fstree.lookup_entry,width-16/hit,4,go.heap_alloc_bytes,7776000
go,fstree.lookup_entry,width-16/hit,4,go.mallocs,70000
go,fstree.lookup_entry,width-16/hit,5,go.heap_alloc_bytes,7776000
go,fstree.lookup_entry,width-16/hit,5,go.mallocs,70000
go,fstree.lookup_entry,width-16/hit,6,go.heap_alloc_bytes,7776000
go,fstree.lookup_entry,width-16/hit,6,go.mallocs,70000
go,fstree.lookup_entry,width-16/miss,4,go.heap_alloc_bytes,7985456
go,fstree.lookup_entry,width-16/miss,4,go.mallocs,76007
go,fstree.lookup_entry,width-16/miss,5,go.heap_alloc_bytes,7985600
go,fstree.lookup_entry,width-16/miss,5,go.mallocs,76008
go,fstree.lookup_entry,width-16/miss,6,go.heap_alloc_bytes,7985456
go,fstree.lookup_entry,width-16/miss,6,go.mallocs,76007
go,fstree.lookup_entry,width-256/hit,4,go.heap_alloc_bytes,60870912
go,fstree.lookup_entry,width-256/hit,4,go.mallocs,553216
go,fstree.lookup_entry,width-256/hit,5,go.heap_alloc_bytes,60870912
go,fstree.lookup_entry,width-256/hit,5,go.mallocs,553216
go,fstree.lookup_entry,width-256/hit,6,go.heap_alloc_bytes,60870912
go,fstree.lookup_entry,width-256/hit,6,go.mallocs,553216
go,fstree.lookup_entry,width-256/miss,4,go.heap_alloc_bytes,689456
go,fstree.lookup_entry,width-256/miss,4,go.mallocs,20007
go,fstree.lookup_entry,width-256/miss,5,go.heap_alloc_bytes,689160
go,fstree.lookup_entry,width-256/miss,5,go.mallocs,20002
go,fstree.lookup_entry,width-256/miss,6,go.heap_alloc_bytes,689160
go,fstree.lookup_entry,width-256/miss,6,go.mallocs,20002
go,fstree.lookup_entry,width-40000/hit,4,go.heap_alloc_bytes,153632960
go,fstree.lookup_entry,width-40000/hit,4,go.mallocs,1737400
go,fstree.lookup_entry,width-40000/hit,5,go.heap_alloc_bytes,153632960
go,fstree.lookup_entry,width-40000/hit,5,go.mallocs,1737400
go,fstree.lookup_entry,width-40000/hit,6,go.heap_alloc_bytes,153632960
go,fstree.lookup_entry,width-40000/hit,6,go.mallocs,1737400
go,fstree.lookup_entry,width-40000/miss,4,go.heap_alloc_bytes,689160
go,fstree.lookup_entry,width-40000/miss,4,go.mallocs,20002
go,fstree.lookup_entry,width-40000/miss,5,go.heap_alloc_bytes,689456
go,fstree.lookup_entry,width-40000/miss,5,go.mallocs,20007
go,fstree.lookup_entry,width-40000/miss,6,go.heap_alloc_bytes,689456
go,fstree.lookup_entry,width-40000/miss,6,go.mallocs,20007
go,fstree.lookup_entry,width-4096/hit,4,go.heap_alloc_bytes,119309840
go,fstree.lookup_entry,width-4096/hit,4,go.mallocs,1101270
go,fstree.lookup_entry,width-4096/hit,5,go.heap_alloc_bytes,119309840
go,fstree.lookup_entry,width-4096/hit,5,go.mallocs,1101270
go,fstree.lookup_entry,width-4096/hit,6,go.heap_alloc_bytes,119309840
go,fstree.lookup_entry,width-4096/hit,6,go.mallocs,1101270
go,fstree.lookup_entry,width-4096/miss,4,go.heap_alloc_bytes,5265160
go,fstree.lookup_entry,width-4096/miss,4,go.mallocs,112002
go,fstree.lookup_entry,width-4096/miss,5,go.heap_alloc_bytes,5265456
go,fstree.lookup_entry,width-4096/miss,5,go.mallocs,112007
go,fstree.lookup_entry,width-4096/miss,6,go.heap_alloc_bytes,5265456
go,fstree.lookup_entry,width-4096/miss,6,go.mallocs,112007
go,fstree.reachable_keys,deep,4,go.heap_alloc_bytes,47304
go,fstree.reachable_keys,deep,4,go.mallocs,429
go,fstree.reachable_keys,deep,5,go.heap_alloc_bytes,47304
go,fstree.reachable_keys,deep,5,go.mallocs,429
go,fstree.reachable_keys,deep,6,go.heap_alloc_bytes,47304
go,fstree.reachable_keys,deep,6,go.mallocs,429
go,fstree.reachable_keys,file-corpus,4,go.heap_alloc_bytes,30184
go,fstree.reachable_keys,file-corpus,4,go.mallocs,119
go,fstree.reachable_keys,file-corpus,5,go.heap_alloc_bytes,30184
go,fstree.reachable_keys,file-corpus,5,go.mallocs,119
go,fstree.reachable_keys,file-corpus,6,go.heap_alloc_bytes,30184
go,fstree.reachable_keys,file-corpus,6,go.mallocs,119
go,fstree.reachable_keys,width-16,4,go.heap_alloc_bytes,10504
go,fstree.reachable_keys,width-16,4,go.mallocs,63
go,fstree.reachable_keys,width-16,5,go.heap_alloc_bytes,10504
go,fstree.reachable_keys,width-16,5,go.mallocs,63
go,fstree.reachable_keys,width-16,6,go.heap_alloc_bytes,10504
go,fstree.reachable_keys,width-16,6,go.mallocs,63
go,fstree.reachable_keys,width-256,4,go.heap_alloc_bytes,176440
go,fstree.reachable_keys,width-256,4,go.mallocs,590
go,fstree.reachable_keys,width-256,5,go.heap_alloc_bytes,176440
go,fstree.reachable_keys,width-256,5,go.mallocs,590
go,fstree.reachable_keys,width-256,6,go.heap_alloc_bytes,176440
go,fstree.reachable_keys,width-256,6,go.mallocs,590
go,fstree.reachable_keys,width-40000,4,go.heap_alloc_bytes,31771528
go,fstree.reachable_keys,width-40000,4,go.mallocs,84018
go,fstree.reachable_keys,width-40000,5,go.heap_alloc_bytes,31771528
go,fstree.reachable_keys,width-40000,5,go.mallocs,84018
go,fstree.reachable_keys,width-40000,6,go.heap_alloc_bytes,31771528
go,fstree.reachable_keys,width-40000,6,go.mallocs,84018
go,fstree.reachable_keys,width-4096,4,go.heap_alloc_bytes,3105136
go,fstree.reachable_keys,width-4096,4,go.mallocs,8653
go,fstree.reachable_keys,width-4096,5,go.heap_alloc_bytes,3105136
go,fstree.reachable_keys,width-4096,5,go.mallocs,8653
go,fstree.reachable_keys,width-4096,6,go.heap_alloc_bytes,3105136
go,fstree.reachable_keys,width-4096,6,go.mallocs,8653
go,fstree.resolve_entry,depth-1,4,go.heap_alloc_bytes,1222656
go,fstree.resolve_entry,depth-1,4,go.mallocs,12032
go,fstree.resolve_entry,depth-1,5,go.heap_alloc_bytes,1222656
go,fstree.resolve_entry,depth-1,5,go.mallocs,12032
go,fstree.resolve_entry,depth-1,6,go.heap_alloc_bytes,1222656
go,fstree.resolve_entry,depth-1,6,go.mallocs,12032
go,fstree.resolve_entry,depth-12,4,go.heap_alloc_bytes,3141632
go,fstree.resolve_entry,depth-12,4,go.mallocs,37376
go,fstree.resolve_entry,depth-12,5,go.heap_alloc_bytes,3141632
go,fstree.resolve_entry,depth-12,5,go.mallocs,37376
go,fstree.resolve_entry,depth-12,6,go.heap_alloc_bytes,3141632
go,fstree.resolve_entry,depth-12,6,go.mallocs,37376
go,fstree.resolve_entry,depth-24,4,go.heap_alloc_bytes,5234688
go,fstree.resolve_entry,depth-24,4,go.mallocs,65024
go,fstree.resolve_entry,depth-24,5,go.heap_alloc_bytes,5234688
go,fstree.resolve_entry,depth-24,5,go.mallocs,65024
go,fstree.resolve_entry,depth-24,6,go.heap_alloc_bytes,5234688
go,fstree.resolve_entry,depth-24,6,go.mallocs,65024
go,fstree.resolve_entry,depth-4,4,go.heap_alloc_bytes,1748992
go,fstree.resolve_entry,depth-4,4,go.mallocs,18944
go,fstree.resolve_entry,depth-4,5,go.heap_alloc_bytes,1748992
go,fstree.resolve_entry,depth-4,5,go.mallocs,18944
go,fstree.resolve_entry,depth-4,6,go.heap_alloc_bytes,1748992
go,fstree.resolve_entry,depth-4,6,go.mallocs,18944
go,fstree.resolve_path,depth-1,4,go.heap_alloc_bytes,126976
go,fstree.resolve_path,depth-1,4,go.mallocs,2048
go,fstree.resolve_path,depth-1,5,go.heap_alloc_bytes,126976
go,fstree.resolve_path,depth-1,5,go.mallocs,2048
go,fstree.resolve_path,depth-1,6,go.heap_alloc_bytes,126976
go,fstree.resolve_path,depth-1,6,go.mallocs,2048
go,fstree.resolve_path,depth-12,4,go.heap_alloc_bytes,1523712
go,fstree.resolve_path,depth-12,4,go.mallocs,24576
go,fstree.resolve_path,depth-12,5,go.heap_alloc_bytes,1523712
go,fstree.resolve_path,depth-12,5,go.mallocs,24576
go,fstree.resolve_path,depth-12,6,go.heap_alloc_bytes,1523712
go,fstree.resolve_path,depth-12,6,go.mallocs,24576
go,fstree.resolve_path,depth-24,4,go.heap_alloc_bytes,3047424
go,fstree.resolve_path,depth-24,4,go.mallocs,49152
go,fstree.resolve_path,depth-24,5,go.heap_alloc_bytes,3047424
go,fstree.resolve_path,depth-24,5,go.mallocs,49152
go,fstree.resolve_path,depth-24,6,go.heap_alloc_bytes,3047424
go,fstree.resolve_path,depth-24,6,go.mallocs,49152
go,fstree.resolve_path,depth-4,4,go.heap_alloc_bytes,507904
go,fstree.resolve_path,depth-4,4,go.mallocs,8192
go,fstree.resolve_path,depth-4,5,go.heap_alloc_bytes,507904
go,fstree.resolve_path,depth-4,5,go.mallocs,8192
go,fstree.resolve_path,depth-4,6,go.heap_alloc_bytes,507904
go,fstree.resolve_path,depth-4,6,go.mallocs,8192
go,fstree.write_content,file-corpus,4,go.heap_alloc_bytes,6160
go,fstree.write_content,file-corpus,4,go.mallocs,79
go,fstree.write_content,file-corpus,5,go.heap_alloc_bytes,6160
go,fstree.write_content,file-corpus,5,go.mallocs,79
go,fstree.write_content,file-corpus,6,go.heap_alloc_bytes,6160
go,fstree.write_content,file-corpus,6,go.mallocs,79
go,gc.begin_write,gate-span,4,go.heap_alloc_bytes,163840
go,gc.begin_write,gate-span,4,go.mallocs,8192
go,gc.begin_write,gate-span,5,go.heap_alloc_bytes,163840
go,gc.begin_write,gate-span,5,go.mallocs,8192
go,gc.begin_write,gate-span,6,go.heap_alloc_bytes,163840
go,gc.begin_write,gate-span,6,go.mallocs,8192
go,gc.close,idle,4,go.heap_alloc_bytes,0
go,gc.close,idle,4,go.mallocs,0
go,gc.close,idle,5,go.heap_alloc_bytes,0
go,gc.close,idle,5,go.mallocs,0
go,gc.close,idle,6,go.heap_alloc_bytes,0
go,gc.close,idle,6,go.mallocs,0
go,gc.open,populated,4,go.heap_alloc_bytes,2416
go,gc.open,populated,4,go.mallocs,14
go,gc.open,populated,5,go.heap_alloc_bytes,10632
go,gc.open,populated,5,go.mallocs,16
go,gc.open,populated,6,go.heap_alloc_bytes,2416
go,gc.open,populated,6,go.mallocs,14
go,gc.prepare_ref,missing-root,4,go.heap_alloc_bytes,69768
go,gc.prepare_ref,missing-root,4,go.mallocs,1154
go,gc.prepare_ref,missing-root,5,go.heap_alloc_bytes,70264
go,gc.prepare_ref,missing-root,5,go.mallocs,1157
go,gc.prepare_ref,missing-root,6,go.heap_alloc_bytes,70168
go,gc.prepare_ref,missing-root,6,go.mallocs,1157
go,gc.prepare_ref,tree-root/abort,4,go.heap_alloc_bytes,5050288
go,gc.prepare_ref,tree-root/abort,4,go.mallocs,24274
go,gc.prepare_ref,tree-root/abort,5,go.heap_alloc_bytes,5050288
go,gc.prepare_ref,tree-root/abort,5,go.mallocs,24274
go,gc.prepare_ref,tree-root/abort,6,go.heap_alloc_bytes,5050288
go,gc.prepare_ref,tree-root/abort,6,go.mallocs,24274
go,gc.prepare_ref,tree-root/commit,4,go.heap_alloc_bytes,5050256
go,gc.prepare_ref,tree-root/commit,4,go.mallocs,24274
go,gc.prepare_ref,tree-root/commit,5,go.heap_alloc_bytes,5050272
go,gc.prepare_ref,tree-root/commit,5,go.mallocs,24274
go,gc.prepare_ref,tree-root/commit,6,go.heap_alloc_bytes,5050256
go,gc.prepare_ref,tree-root/commit,6,go.mallocs,24274
go,gc.release_ref,batch,4,go.heap_alloc_bytes,0
go,gc.release_ref,batch,4,go.mallocs,0
go,gc.release_ref,batch,5,go.heap_alloc_bytes,0
go,gc.release_ref,batch,5,go.mallocs,0
go,gc.release_ref,batch,6,go.heap_alloc_bytes,0
go,gc.release_ref,batch,6,go.mallocs,0
go,gc.run,nothing-to-reclaim,4,go.heap_alloc_bytes,2805896
go,gc.run,nothing-to-reclaim,4,go.mallocs,12887
go,gc.run,nothing-to-reclaim,5,go.heap_alloc_bytes,2616664
go,gc.run,nothing-to-reclaim,5,go.mallocs,12856
go,gc.run,nothing-to-reclaim,6,go.heap_alloc_bytes,2822312
go,gc.run,nothing-to-reclaim,6,go.mallocs,12896
go,gc.run,reclaimable-packs,4,go.heap_alloc_bytes,5395120
go,gc.run,reclaimable-packs,4,go.mallocs,13060
go,gc.run,reclaimable-packs,5,go.heap_alloc_bytes,5395080
go,gc.run,reclaimable-packs,5,go.mallocs,13059
go,gc.run,reclaimable-packs,6,go.heap_alloc_bytes,5412656
go,gc.run,reclaimable-packs,6,go.mallocs,13083
go,gc.status,mark+score,4,go.heap_alloc_bytes,4362816
go,gc.status,mark+score,4,go.mallocs,13018
go,gc.status,mark+score,5,go.heap_alloc_bytes,4362592
go,gc.status,mark+score,5,go.mallocs,13016
go,gc.status,mark+score,6,go.heap_alloc_bytes,4362816
go,gc.status,mark+score,6,go.mallocs,13018
go,gc.why,live-root,4,go.heap_alloc_bytes,18568
go,gc.why,live-root,4,go.mallocs,79
go,gc.why,live-root,5,go.heap_alloc_bytes,36144
go,gc.why,live-root,5,go.mallocs,103
go,gc.why,live-root,6,go.heap_alloc_bytes,36144
go,gc.why,live-root,6,go.mallocs,103
go,gc.wipe,store-reset,4,go.heap_alloc_bytes,37816
go,gc.wipe,store-reset,4,go.mallocs,101
go,gc.wipe,store-reset,5,go.heap_alloc_bytes,37816
go,gc.wipe,store-reset,5,go.mallocs,101
go,gc.wipe,store-reset,6,go.heap_alloc_bytes,37816
go,gc.wipe,store-reset,6,go.mallocs,101
go,inbox.close,drained,4,go.heap_alloc_bytes,21575784
go,inbox.close,drained,4,go.mallocs,11397
go,inbox.close,drained,5,go.heap_alloc_bytes,22812816
go,inbox.close,drained,5,go.mallocs,11675
go,inbox.close,drained,6,go.heap_alloc_bytes,3835920
go,inbox.close,drained,6,go.mallocs,1189
go,inbox.commit,packs/duplicate,4,go.heap_alloc_bytes,43008
go,inbox.commit,packs/duplicate,4,go.mallocs,336
go,inbox.commit,packs/duplicate,5,go.heap_alloc_bytes,43008
go,inbox.commit,packs/duplicate,5,go.mallocs,336
go,inbox.commit,packs/duplicate,6,go.heap_alloc_bytes,43008
go,inbox.commit,packs/duplicate,6,go.mallocs,336
go,inbox.discard,packs,4,go.heap_alloc_bytes,6144
go,inbox.discard,packs,4,go.mallocs,48
go,inbox.discard,packs,5,go.heap_alloc_bytes,6128
go,inbox.discard,packs,5,go.mallocs,48
go,inbox.discard,packs,6,go.heap_alloc_bytes,6128
go,inbox.discard,packs,6,go.mallocs,48
go,inbox.drain,packs/new,4,go.heap_alloc_bytes,46042384
go,inbox.drain,packs/new,4,go.mallocs,25385
go,inbox.drain,packs/new,5,go.heap_alloc_bytes,46043136
go,inbox.drain,packs/new,5,go.mallocs,25390
go,inbox.drain,packs/new,6,go.heap_alloc_bytes,46044288
go,inbox.drain,packs/new,6,go.mallocs,25387
go,inbox.open,empty,4,go.heap_alloc_bytes,12464
go,inbox.open,empty,4,go.mallocs,46
go,inbox.open,empty,5,go.heap_alloc_bytes,12464
go,inbox.open,empty,5,go.mallocs,46
go,inbox.open,empty,6,go.heap_alloc_bytes,12464
go,inbox.open,empty,6,go.mallocs,46
go,inbox.open,sweeps-staged-tmp-files,4,go.heap_alloc_bytes,29664
go,inbox.open,sweeps-staged-tmp-files,4,go.mallocs,237
go,inbox.open,sweeps-staged-tmp-files,5,go.heap_alloc_bytes,21480
go,inbox.open,sweeps-staged-tmp-files,5,go.mallocs,235
go,inbox.open,sweeps-staged-tmp-files,6,go.heap_alloc_bytes,21496
go,inbox.open,sweeps-staged-tmp-files,6,go.mallocs,235
go,inbox.stage,packs,4,go.heap_alloc_bytes,566256
go,inbox.stage,packs,4,go.mallocs,786
go,inbox.stage,packs,5,go.heap_alloc_bytes,566256
go,inbox.stage,packs,5,go.mallocs,786
go,inbox.stage,packs,6,go.heap_alloc_bytes,566256
go,inbox.stage,packs,6,go.mallocs,786
go,ingest.dir,single-file/jobs-1,4,go.heap_alloc_bytes,20541984
go,ingest.dir,single-file/jobs-1,4,go.mallocs,380
go,ingest.dir,single-file/jobs-1,5,go.heap_alloc_bytes,20543248
go,ingest.dir,single-file/jobs-1,5,go.mallocs,388
go,ingest.dir,single-file/jobs-1,6,go.heap_alloc_bytes,20542992
go,ingest.dir,single-file/jobs-1,6,go.mallocs,385
go,ingest.dir,tree/fresh-store/jobs-1,4,go.heap_alloc_bytes,11343011128
go,ingest.dir,tree/fresh-store/jobs-1,4,go.mallocs,160901
go,ingest.dir,tree/fresh-store/jobs-1,5,go.heap_alloc_bytes,11342933776
go,ingest.dir,tree/fresh-store/jobs-1,5,go.mallocs,160927
go,ingest.dir,tree/fresh-store/jobs-1,6,go.heap_alloc_bytes,11342952344
go,ingest.dir,tree/fresh-store/jobs-1,6,go.mallocs,160954
go,ingest.dir,tree/fresh-store/jobs-N,4,go.heap_alloc_bytes,11343505496
go,ingest.dir,tree/fresh-store/jobs-N,4,go.mallocs,165967
go,ingest.dir,tree/fresh-store/jobs-N,5,go.heap_alloc_bytes,11343142656
go,ingest.dir,tree/fresh-store/jobs-N,5,go.mallocs,165959
go,ingest.dir,tree/fresh-store/jobs-N,6,go.heap_alloc_bytes,11343321272
go,ingest.dir,tree/fresh-store/jobs-N,6,go.mallocs,165985
go,ingest.dir,tree/incremental-change/jobs-1,4,go.heap_alloc_bytes,11250377904
go,ingest.dir,tree/incremental-change/jobs-1,4,go.mallocs,144936
go,ingest.dir,tree/incremental-change/jobs-1,5,go.heap_alloc_bytes,11250425392
go,ingest.dir,tree/incremental-change/jobs-1,5,go.mallocs,144998
go,ingest.dir,tree/incremental-change/jobs-1,6,go.heap_alloc_bytes,11250438256
go,ingest.dir,tree/incremental-change/jobs-1,6,go.mallocs,144976
go,ingest.dir,tree/incremental-change/jobs-N,4,go.heap_alloc_bytes,11250702240
go,ingest.dir,tree/incremental-change/jobs-N,4,go.mallocs,150449
go,ingest.dir,tree/incremental-change/jobs-N,5,go.heap_alloc_bytes,11250755344
go,ingest.dir,tree/incremental-change/jobs-N,5,go.mallocs,150580
go,ingest.dir,tree/incremental-change/jobs-N,6,go.heap_alloc_bytes,11250862200
go,ingest.dir,tree/incremental-change/jobs-N,6,go.mallocs,150609
go,ingest.dir,tree/unchanged-repeat/jobs-1,4,go.heap_alloc_bytes,11233077560
go,ingest.dir,tree/unchanged-repeat/jobs-1,4,go.mallocs,144684
go,ingest.dir,tree/unchanged-repeat/jobs-1,5,go.heap_alloc_bytes,11233087304
go,ingest.dir,tree/unchanged-repeat/jobs-1,5,go.mallocs,144664
go,ingest.dir,tree/unchanged-repeat/jobs-1,6,go.heap_alloc_bytes,11233087000
go,ingest.dir,tree/unchanged-repeat/jobs-1,6,go.mallocs,144672
go,ingest.dir,tree/unchanged-repeat/jobs-N,4,go.heap_alloc_bytes,11233465840
go,ingest.dir,tree/unchanged-repeat/jobs-N,4,go.mallocs,150435
go,ingest.dir,tree/unchanged-repeat/jobs-N,5,go.heap_alloc_bytes,11233385216
go,ingest.dir,tree/unchanged-repeat/jobs-N,5,go.mallocs,150203
go,ingest.dir,tree/unchanged-repeat/jobs-N,6,go.heap_alloc_bytes,11233384864
go,ingest.dir,tree/unchanged-repeat/jobs-N,6,go.mallocs,150294
go,ingest.objects,tree/jobs-1,4,go.heap_alloc_bytes,11232536856
go,ingest.objects,tree/jobs-1,4,go.mallocs,142851
go,ingest.objects,tree/jobs-1,5,go.heap_alloc_bytes,11232482464
go,ingest.objects,tree/jobs-1,5,go.mallocs,142862
go,ingest.objects,tree/jobs-1,6,go.heap_alloc_bytes,11232566816
go,ingest.objects,tree/jobs-1,6,go.mallocs,142908
go,ingest.objects,tree/jobs-N,4,go.heap_alloc_bytes,11232807480
go,ingest.objects,tree/jobs-N,4,go.mallocs,148308
go,ingest.objects,tree/jobs-N,5,go.heap_alloc_bytes,11232925176
go,ingest.objects,tree/jobs-N,5,go.mallocs,148306
go,ingest.objects,tree/jobs-N,6,go.heap_alloc_bytes,11232812392
go,ingest.objects,tree/jobs-N,6,go.mallocs,148407
go,ingest.scan,filtered/jobs-1,4,go.heap_alloc_bytes,3396704
go,ingest.scan,filtered/jobs-1,4,go.mallocs,41452
go,ingest.scan,filtered/jobs-1,5,go.heap_alloc_bytes,3419112
go,ingest.scan,filtered/jobs-1,5,go.mallocs,41402
go,ingest.scan,filtered/jobs-1,6,go.heap_alloc_bytes,3426072
go,ingest.scan,filtered/jobs-1,6,go.mallocs,41576
go,ingest.scan,filtered/jobs-N,4,go.heap_alloc_bytes,3629520
go,ingest.scan,filtered/jobs-N,4,go.mallocs,47272
go,ingest.scan,filtered/jobs-N,5,go.heap_alloc_bytes,3614656
go,ingest.scan,filtered/jobs-N,5,go.mallocs,46900
go,ingest.scan,filtered/jobs-N,6,go.heap_alloc_bytes,3616160
go,ingest.scan,filtered/jobs-N,6,go.mallocs,46938
go,ingest.scan,unfiltered/jobs-1,4,go.heap_alloc_bytes,3175912
go,ingest.scan,unfiltered/jobs-1,4,go.mallocs,35402
go,ingest.scan,unfiltered/jobs-1,5,go.heap_alloc_bytes,3194904
go,ingest.scan,unfiltered/jobs-1,5,go.mallocs,35470
go,ingest.scan,unfiltered/jobs-1,6,go.heap_alloc_bytes,3193624
go,ingest.scan,unfiltered/jobs-1,6,go.mallocs,35438
go,key.accessors,type+length+length_size+hash,4,go.heap_alloc_bytes,0
go,key.accessors,type+length+length_size+hash,4,go.mallocs,0
go,key.accessors,type+length+length_size+hash,5,go.heap_alloc_bytes,0
go,key.accessors,type+length+length_size+hash,5,go.mallocs,0
go,key.accessors,type+length+length_size+hash,6,go.heap_alloc_bytes,0
go,key.accessors,type+length+length_size+hash,6,go.mallocs,0
go,key.new,1MiB-duplicate,4,go.heap_alloc_bytes,0
go,key.new,1MiB-duplicate,4,go.mallocs,0
go,key.new,1MiB-duplicate,5,go.heap_alloc_bytes,0
go,key.new,1MiB-duplicate,5,go.mallocs,0
go,key.new,1MiB-duplicate,6,go.heap_alloc_bytes,0
go,key.new,1MiB-duplicate,6,go.mallocs,0
go,key.new,1MiB-random,4,go.heap_alloc_bytes,0
go,key.new,1MiB-random,4,go.mallocs,0
go,key.new,1MiB-random,5,go.heap_alloc_bytes,0
go,key.new,1MiB-random,5,go.mallocs,0
go,key.new,1MiB-random,6,go.heap_alloc_bytes,0
go,key.new,1MiB-random,6,go.mallocs,0
go,key.new,1MiB-text,4,go.heap_alloc_bytes,0
go,key.new,1MiB-text,4,go.mallocs,0
go,key.new,1MiB-text,5,go.heap_alloc_bytes,0
go,key.new,1MiB-text,5,go.mallocs,0
go,key.new,1MiB-text,6,go.heap_alloc_bytes,0
go,key.new,1MiB-text,6,go.mallocs,0
go,key.new,4KiB-duplicate,4,go.heap_alloc_bytes,0
go,key.new,4KiB-duplicate,4,go.mallocs,0
go,key.new,4KiB-duplicate,5,go.heap_alloc_bytes,0
go,key.new,4KiB-duplicate,5,go.mallocs,0
go,key.new,4KiB-duplicate,6,go.heap_alloc_bytes,0
go,key.new,4KiB-duplicate,6,go.mallocs,0
go,key.new,4KiB-random,4,go.heap_alloc_bytes,0
go,key.new,4KiB-random,4,go.mallocs,0
go,key.new,4KiB-random,5,go.heap_alloc_bytes,0
go,key.new,4KiB-random,5,go.mallocs,0
go,key.new,4KiB-random,6,go.heap_alloc_bytes,0
go,key.new,4KiB-random,6,go.mallocs,0
go,key.new,4KiB-text,4,go.heap_alloc_bytes,0
go,key.new,4KiB-text,4,go.mallocs,0
go,key.new,4KiB-text,5,go.heap_alloc_bytes,0
go,key.new,4KiB-text,5,go.mallocs,0
go,key.new,4KiB-text,6,go.heap_alloc_bytes,0
go,key.new,4KiB-text,6,go.mallocs,0
go,key.new,empty,4,go.heap_alloc_bytes,0
go,key.new,empty,4,go.mallocs,0
go,key.new,empty,5,go.heap_alloc_bytes,0
go,key.new,empty,5,go.mallocs,0
go,key.new,empty,6,go.heap_alloc_bytes,0
go,key.new,empty,6,go.mallocs,0
go,key.new,large-8MiB-duplicate,4,go.heap_alloc_bytes,0
go,key.new,large-8MiB-duplicate,4,go.mallocs,0
go,key.new,large-8MiB-duplicate,5,go.heap_alloc_bytes,0
go,key.new,large-8MiB-duplicate,5,go.mallocs,0
go,key.new,large-8MiB-duplicate,6,go.heap_alloc_bytes,0
go,key.new,large-8MiB-duplicate,6,go.mallocs,0
go,key.new,large-8MiB-random,4,go.heap_alloc_bytes,0
go,key.new,large-8MiB-random,4,go.mallocs,0
go,key.new,large-8MiB-random,5,go.heap_alloc_bytes,0
go,key.new,large-8MiB-random,5,go.mallocs,0
go,key.new,large-8MiB-random,6,go.heap_alloc_bytes,0
go,key.new,large-8MiB-random,6,go.mallocs,0
go,key.new,large-8MiB-text,4,go.heap_alloc_bytes,0
go,key.new,large-8MiB-text,4,go.mallocs,0
go,key.new,large-8MiB-text,5,go.heap_alloc_bytes,0
go,key.new,large-8MiB-text,5,go.mallocs,0
go,key.new,large-8MiB-text,6,go.heap_alloc_bytes,0
go,key.new,large-8MiB-text,6,go.mallocs,0
go,key.new,tiny-64B-duplicate,4,go.heap_alloc_bytes,0
go,key.new,tiny-64B-duplicate,4,go.mallocs,0
go,key.new,tiny-64B-duplicate,5,go.heap_alloc_bytes,0
go,key.new,tiny-64B-duplicate,5,go.mallocs,0
go,key.new,tiny-64B-duplicate,6,go.heap_alloc_bytes,0
go,key.new,tiny-64B-duplicate,6,go.mallocs,0
go,key.new,tiny-64B-random,4,go.heap_alloc_bytes,0
go,key.new,tiny-64B-random,4,go.mallocs,0
go,key.new,tiny-64B-random,5,go.heap_alloc_bytes,0
go,key.new,tiny-64B-random,5,go.mallocs,0
go,key.new,tiny-64B-random,6,go.heap_alloc_bytes,0
go,key.new,tiny-64B-random,6,go.mallocs,0
go,key.new,tiny-64B-text,4,go.heap_alloc_bytes,0
go,key.new,tiny-64B-text,4,go.mallocs,0
go,key.new,tiny-64B-text,5,go.heap_alloc_bytes,0
go,key.new,tiny-64B-text,5,go.mallocs,0
go,key.new,tiny-64B-text,6,go.heap_alloc_bytes,0
go,key.new,tiny-64B-text,6,go.mallocs,0
go,key.new_from_hash,batch,4,go.heap_alloc_bytes,0
go,key.new_from_hash,batch,4,go.mallocs,0
go,key.new_from_hash,batch,5,go.heap_alloc_bytes,0
go,key.new_from_hash,batch,5,go.mallocs,0
go,key.new_from_hash,batch,6,go.heap_alloc_bytes,0
go,key.new_from_hash,batch,6,go.mallocs,0
go,key.parse,canonical,4,go.heap_alloc_bytes,0
go,key.parse,canonical,4,go.mallocs,0
go,key.parse,canonical,5,go.heap_alloc_bytes,0
go,key.parse,canonical,5,go.mallocs,0
go,key.parse,canonical,6,go.heap_alloc_bytes,0
go,key.parse,canonical,6,go.mallocs,0
go,key.parse,malformed,4,go.heap_alloc_bytes,38344
go,key.parse,malformed,4,go.mallocs,1030
go,key.parse,malformed,5,go.heap_alloc_bytes,38024
go,key.parse,malformed,5,go.mallocs,1026
go,key.parse,malformed,6,go.heap_alloc_bytes,38024
go,key.parse,malformed,6,go.mallocs,1026
go,key.string,hex,4,go.heap_alloc_bytes,256000
go,key.string,hex,4,go.mallocs,4000
go,key.string,hex,5,go.heap_alloc_bytes,256000
go,key.string,hex,5,go.mallocs,4000
go,key.string,hex,6,go.heap_alloc_bytes,256000
go,key.string,hex,6,go.mallocs,4000
go,key.type_string,names,4,go.heap_alloc_bytes,0
go,key.type_string,names,4,go.mallocs,0
go,key.type_string,names,5,go.heap_alloc_bytes,0
go,key.type_string,names,5,go.mallocs,0
go,key.type_string,names,6,go.heap_alloc_bytes,0
go,key.type_string,names,6,go.mallocs,0
go,key.validate,canonical,4,go.heap_alloc_bytes,0
go,key.validate,canonical,4,go.mallocs,0
go,key.validate,canonical,5,go.heap_alloc_bytes,0
go,key.validate,canonical,5,go.mallocs,0
go,key.validate,canonical,6,go.heap_alloc_bytes,0
go,key.validate,canonical,6,go.mallocs,0
go,packstore.append_record,pre-encoded+sync,4,go.heap_alloc_bytes,132664
go,packstore.append_record,pre-encoded+sync,4,go.mallocs,28
go,packstore.append_record,pre-encoded+sync,5,go.heap_alloc_bytes,132664
go,packstore.append_record,pre-encoded+sync,5,go.mallocs,28
go,packstore.append_record,pre-encoded+sync,6,go.heap_alloc_bytes,132408
go,packstore.append_record,pre-encoded+sync,6,go.mallocs,25
go,packstore.barrier,begin+observe+abort,4,go.heap_alloc_bytes,4834408
go,packstore.barrier,begin+observe+abort,4,go.mallocs,255
go,packstore.barrier,begin+observe+abort,5,go.heap_alloc_bytes,4998376
go,packstore.barrier,begin+observe+abort,5,go.mallocs,263
go,packstore.barrier,begin+observe+abort,6,go.heap_alloc_bytes,5080360
go,packstore.barrier,begin+observe+abort,6,go.mallocs,267
go,packstore.close,populated,4,go.heap_alloc_bytes,0
go,packstore.close,populated,4,go.mallocs,0
go,packstore.close,populated,5,go.heap_alloc_bytes,0
go,packstore.close,populated,5,go.mallocs,0
go,packstore.close,populated,6,go.heap_alloc_bytes,0
go,packstore.close,populated,6,go.mallocs,0
go,packstore.compact,90-percent-dead,4,go.heap_alloc_bytes,1530216
go,packstore.compact,90-percent-dead,4,go.mallocs,3124
go,packstore.compact,90-percent-dead,5,go.heap_alloc_bytes,1529960
go,packstore.compact,90-percent-dead,5,go.mallocs,3121
go,packstore.compact,90-percent-dead,6,go.heap_alloc_bytes,1530216
go,packstore.compact,90-percent-dead,6,go.mallocs,3124
go,packstore.compact,nothing-dead,4,go.heap_alloc_bytes,448312
go,packstore.compact,nothing-dead,4,go.mallocs,29
go,packstore.compact,nothing-dead,5,go.heap_alloc_bytes,448312
go,packstore.compact,nothing-dead,5,go.mallocs,29
go,packstore.compact,nothing-dead,6,go.heap_alloc_bytes,448312
go,packstore.compact,nothing-dead,6,go.mallocs,29
go,packstore.get,hit,4,go.heap_alloc_bytes,18108552
go,packstore.get,hit,4,go.mallocs,2128
go,packstore.get,hit,5,go.heap_alloc_bytes,18108552
go,packstore.get,hit,5,go.mallocs,2128
go,packstore.get,hit,6,go.heap_alloc_bytes,18108552
go,packstore.get,hit,6,go.mallocs,2128
go,packstore.get,miss,4,go.heap_alloc_bytes,0
go,packstore.get,miss,4,go.mallocs,0
go,packstore.get,miss,5,go.heap_alloc_bytes,0
go,packstore.get,miss,5,go.mallocs,0
go,packstore.get,miss,6,go.heap_alloc_bytes,0
go,packstore.get,miss,6,go.mallocs,0
go,packstore.get_record,hit,4,go.heap_alloc_bytes,8158944
go,packstore.get_record,hit,4,go.mallocs,2000
go,packstore.get_record,hit,5,go.heap_alloc_bytes,8158944
go,packstore.get_record,hit,5,go.mallocs,2000
go,packstore.get_record,hit,6,go.heap_alloc_bytes,8158944
go,packstore.get_record,hit,6,go.mallocs,2000
go,packstore.has,hit,4,go.heap_alloc_bytes,0
go,packstore.has,hit,4,go.mallocs,0
go,packstore.has,hit,5,go.heap_alloc_bytes,0
go,packstore.has,hit,5,go.mallocs,0
go,packstore.has,hit,6,go.heap_alloc_bytes,0
go,packstore.has,hit,6,go.mallocs,0
go,packstore.has,miss,4,go.heap_alloc_bytes,0
go,packstore.has,miss,4,go.mallocs,0
go,packstore.has,miss,5,go.heap_alloc_bytes,0
go,packstore.has,miss,5,go.mallocs,0
go,packstore.has,miss,6,go.heap_alloc_bytes,0
go,packstore.has,miss,6,go.mallocs,0
go,packstore.has_outside,sealed-segment,4,go.heap_alloc_bytes,0
go,packstore.has_outside,sealed-segment,4,go.mallocs,0
go,packstore.has_outside,sealed-segment,5,go.heap_alloc_bytes,0
go,packstore.has_outside,sealed-segment,5,go.mallocs,0
go,packstore.has_outside,sealed-segment,6,go.heap_alloc_bytes,0
go,packstore.has_outside,sealed-segment,6,go.mallocs,0
go,packstore.liveness,tenth-live,4,go.heap_alloc_bytes,164720
go,packstore.liveness,tenth-live,4,go.mallocs,13
go,packstore.liveness,tenth-live,5,go.heap_alloc_bytes,164720
go,packstore.liveness,tenth-live,5,go.mallocs,13
go,packstore.liveness,tenth-live,6,go.heap_alloc_bytes,164720
go,packstore.liveness,tenth-live,6,go.mallocs,13
go,packstore.mark_set_contains,all-keys,4,go.heap_alloc_bytes,1613576
go,packstore.mark_set_contains,all-keys,4,go.mallocs,58
go,packstore.mark_set_contains,all-keys,5,go.heap_alloc_bytes,1613576
go,packstore.mark_set_contains,all-keys,5,go.mallocs,58
go,packstore.mark_set_contains,all-keys,6,go.heap_alloc_bytes,1531592
go,packstore.mark_set_contains,all-keys,6,go.mallocs,54
go,packstore.mark_set_mark,all-keys,4,go.heap_alloc_bytes,1531592
go,packstore.mark_set_mark,all-keys,4,go.mallocs,54
go,packstore.mark_set_mark,all-keys,5,go.heap_alloc_bytes,1613576
go,packstore.mark_set_mark,all-keys,5,go.mallocs,58
go,packstore.mark_set_mark,all-keys,6,go.heap_alloc_bytes,1613576
go,packstore.mark_set_mark,all-keys,6,go.mallocs,58
go,packstore.missing,half-present,4,go.heap_alloc_bytes,163120
go,packstore.missing,half-present,4,go.mallocs,80
go,packstore.missing,half-present,5,go.heap_alloc_bytes,163120
go,packstore.missing,half-present,5,go.mallocs,80
go,packstore.missing,half-present,6,go.heap_alloc_bytes,163120
go,packstore.missing,half-present,6,go.mallocs,80
go,packstore.new_mark_set,snapshot,4,go.heap_alloc_bytes,25817216
go,packstore.new_mark_set,snapshot,4,go.mallocs,928
go,packstore.new_mark_set,snapshot,5,go.heap_alloc_bytes,25735232
go,packstore.new_mark_set,snapshot,5,go.mallocs,924
go,packstore.new_mark_set,snapshot,6,go.heap_alloc_bytes,25489280
go,packstore.new_mark_set,snapshot,6,go.mallocs,912
go,packstore.oldest_inflight_write,idle,4,go.heap_alloc_bytes,0
go,packstore.oldest_inflight_write,idle,4,go.mallocs,0
go,packstore.oldest_inflight_write,idle,5,go.heap_alloc_bytes,0
go,packstore.oldest_inflight_write,idle,5,go.mallocs,0
go,packstore.oldest_inflight_write,idle,6,go.heap_alloc_bytes,0
go,packstore.oldest_inflight_write,idle,6,go.mallocs,0
go,packstore.open,empty,4,go.heap_alloc_bytes,10480
go,packstore.open,empty,4,go.mallocs,17
go,packstore.open,empty,5,go.heap_alloc_bytes,10480
go,packstore.open,empty,5,go.mallocs,17
go,packstore.open,empty,6,go.heap_alloc_bytes,10480
go,packstore.open,empty,6,go.mallocs,17
go,packstore.open,populated-reopen,4,go.heap_alloc_bytes,7283136
go,packstore.open,populated-reopen,4,go.mallocs,162
go,packstore.open,populated-reopen,5,go.heap_alloc_bytes,7283136
go,packstore.open,populated-reopen,5,go.mallocs,162
go,packstore.open,populated-reopen,6,go.heap_alloc_bytes,7283136
go,packstore.open,populated-reopen,6,go.mallocs,162
go,packstore.put,1MiB-duplicate/sync-off,4,go.heap_alloc_bytes,3426944
go,packstore.put,1MiB-duplicate/sync-off,4,go.mallocs,19
go,packstore.put,1MiB-duplicate/sync-off,5,go.heap_alloc_bytes,3426944
go,packstore.put,1MiB-duplicate/sync-off,5,go.mallocs,19
go,packstore.put,1MiB-duplicate/sync-off,6,go.heap_alloc_bytes,3426944
go,packstore.put,1MiB-duplicate/sync-off,6,go.mallocs,19
go,packstore.put,1MiB-random/sync-off,4,go.heap_alloc_bytes,3426944
go,packstore.put,1MiB-random/sync-off,4,go.mallocs,18
go,packstore.put,1MiB-random/sync-off,5,go.heap_alloc_bytes,3426944
go,packstore.put,1MiB-random/sync-off,5,go.mallocs,18
go,packstore.put,1MiB-random/sync-off,6,go.heap_alloc_bytes,3426944
go,packstore.put,1MiB-random/sync-off,6,go.mallocs,18
go,packstore.put,1MiB-text/sync-off,4,go.heap_alloc_bytes,1255808
go,packstore.put,1MiB-text/sync-off,4,go.mallocs,14
go,packstore.put,1MiB-text/sync-off,5,go.heap_alloc_bytes,1255808
go,packstore.put,1MiB-text/sync-off,5,go.mallocs,14
go,packstore.put,1MiB-text/sync-off,6,go.heap_alloc_bytes,1255808
go,packstore.put,1MiB-text/sync-off,6,go.mallocs,14
go,packstore.put,4KiB-duplicate/sync-off,4,go.heap_alloc_bytes,17264
go,packstore.put,4KiB-duplicate/sync-off,4,go.mallocs,273
go,packstore.put,4KiB-duplicate/sync-off,5,go.heap_alloc_bytes,17264
go,packstore.put,4KiB-duplicate/sync-off,5,go.mallocs,273
go,packstore.put,4KiB-duplicate/sync-off,6,go.heap_alloc_bytes,17264
go,packstore.put,4KiB-duplicate/sync-off,6,go.mallocs,273
go,packstore.put,4KiB-random/already-present,4,go.heap_alloc_bytes,256
go,packstore.put,4KiB-random/already-present,4,go.mallocs,256
go,packstore.put,4KiB-random/already-present,5,go.heap_alloc_bytes,256
go,packstore.put,4KiB-random/already-present,5,go.mallocs,256
go,packstore.put,4KiB-random/already-present,6,go.heap_alloc_bytes,256
go,packstore.put,4KiB-random/already-present,6,go.mallocs,256
go,packstore.put,4KiB-random/sync-off,4,go.heap_alloc_bytes,3737656
go,packstore.put,4KiB-random/sync-off,4,go.mallocs,1051
go,packstore.put,4KiB-random/sync-off,5,go.heap_alloc_bytes,3737656
go,packstore.put,4KiB-random/sync-off,5,go.mallocs,1051
go,packstore.put,4KiB-random/sync-off,6,go.heap_alloc_bytes,3737400
go,packstore.put,4KiB-random/sync-off,6,go.mallocs,1048
go,packstore.put,4KiB-random/sync-on,4,go.heap_alloc_bytes,3737400
go,packstore.put,4KiB-random/sync-on,4,go.mallocs,1048
go,packstore.put,4KiB-random/sync-on,5,go.heap_alloc_bytes,3737400
go,packstore.put,4KiB-random/sync-on,5,go.mallocs,1048
go,packstore.put,4KiB-random/sync-on,6,go.heap_alloc_bytes,3737656
go,packstore.put,4KiB-random/sync-on,6,go.mallocs,1051
go,packstore.put,4KiB-text/sync-off,4,go.heap_alloc_bytes,1443640
go,packstore.put,4KiB-text/sync-off,4,go.mallocs,792
go,packstore.put,4KiB-text/sync-off,5,go.heap_alloc_bytes,1443896
go,packstore.put,4KiB-text/sync-off,5,go.mallocs,795
go,packstore.put,4KiB-text/sync-off,6,go.heap_alloc_bytes,1443896
go,packstore.put,4KiB-text/sync-off,6,go.mallocs,795
go,packstore.put,empty/sync-off,4,go.heap_alloc_bytes,10720
go,packstore.put,empty/sync-off,4,go.mallocs,8015
go,packstore.put,empty/sync-off,5,go.heap_alloc_bytes,10720
go,packstore.put,empty/sync-off,5,go.mallocs,8015
go,packstore.put,empty/sync-off,6,go.heap_alloc_bytes,10464
go,packstore.put,empty/sync-off,6,go.mallocs,8012
go,packstore.put,large-8MiB-duplicate/sync-off,4,go.heap_alloc_bytes,27282048
go,packstore.put,large-8MiB-duplicate/sync-off,4,go.mallocs,19
go,packstore.put,large-8MiB-duplicate/sync-off,5,go.heap_alloc_bytes,27282048
go,packstore.put,large-8MiB-duplicate/sync-off,5,go.mallocs,19
go,packstore.put,large-8MiB-duplicate/sync-off,6,go.heap_alloc_bytes,27282048
go,packstore.put,large-8MiB-duplicate/sync-off,6,go.mallocs,19
go,packstore.put,large-8MiB-random/sync-off,4,go.heap_alloc_bytes,27282048
go,packstore.put,large-8MiB-random/sync-off,4,go.mallocs,18
go,packstore.put,large-8MiB-random/sync-off,5,go.heap_alloc_bytes,27282048
go,packstore.put,large-8MiB-random/sync-off,5,go.mallocs,18
go,packstore.put,large-8MiB-random/sync-off,6,go.heap_alloc_bytes,27282048
go,packstore.put,large-8MiB-random/sync-off,6,go.mallocs,18
go,packstore.put,large-8MiB-text/sync-off,4,go.heap_alloc_bytes,10005120
go,packstore.put,large-8MiB-text/sync-off,4,go.mallocs,17
go,packstore.put,large-8MiB-text/sync-off,5,go.heap_alloc_bytes,10005120
go,packstore.put,large-8MiB-text/sync-off,5,go.mallocs,17
go,packstore.put,large-8MiB-text/sync-off,6,go.heap_alloc_bytes,10005120
go,packstore.put,large-8MiB-text/sync-off,6,go.mallocs,17
go,packstore.put,tiny-64B-duplicate/sync-off,4,go.heap_alloc_bytes,19360
go,packstore.put,tiny-64B-duplicate/sync-off,4,go.mallocs,16401
go,packstore.put,tiny-64B-duplicate/sync-off,5,go.heap_alloc_bytes,19360
go,packstore.put,tiny-64B-duplicate/sync-off,5,go.mallocs,16401
go,packstore.put,tiny-64B-duplicate/sync-off,6,go.heap_alloc_bytes,19360
go,packstore.put,tiny-64B-duplicate/sync-off,6,go.mallocs,16401
go,packstore.put,tiny-64B-random/sync-off,4,go.heap_alloc_bytes,9195784
go,packstore.put,tiny-64B-random/sync-off,4,go.mallocs,65694
go,packstore.put,tiny-64B-random/sync-off,5,go.heap_alloc_bytes,9195544
go,packstore.put,tiny-64B-random/sync-off,5,go.mallocs,65691
go,packstore.put,tiny-64B-random/sync-off,6,go.heap_alloc_bytes,9195560
go,packstore.put,tiny-64B-random/sync-off,6,go.mallocs,65692
go,packstore.put,tiny-64B-text/sync-off,4,go.heap_alloc_bytes,9160184
go,packstore.put,tiny-64B-text/sync-off,4,go.mallocs,65416
go,packstore.put,tiny-64B-text/sync-off,5,go.heap_alloc_bytes,9159928
go,packstore.put,tiny-64B-text/sync-off,5,go.mallocs,65413
go,packstore.put,tiny-64B-text/sync-off,6,go.heap_alloc_bytes,9160184
go,packstore.put,tiny-64B-text/sync-off,6,go.mallocs,65416
go,packstore.put_verified,already-intact,4,go.heap_alloc_bytes,19721120
go,packstore.put_verified,already-intact,4,go.mallocs,880
go,packstore.put_verified,already-intact,5,go.heap_alloc_bytes,19589984
go,packstore.put_verified,already-intact,5,go.mallocs,876
go,packstore.put_verified,already-intact,6,go.heap_alloc_bytes,19589984
go,packstore.put_verified,already-intact,6,go.mallocs,876
go,packstore.record,by-location,4,go.heap_alloc_bytes,7975504
go,packstore.record,by-location,4,go.mallocs,2000
go,packstore.record,by-location,5,go.heap_alloc_bytes,7975504
go,packstore.record,by-location,5,go.mallocs,2000
go,packstore.record,by-location,6,go.heap_alloc_bytes,7975504
go,packstore.record,by-location,6,go.mallocs,2000
go,packstore.remove,one-sealed-segment,4,go.heap_alloc_bytes,4208
go,packstore.remove,one-sealed-segment,4,go.mallocs,26
go,packstore.remove,one-sealed-segment,5,go.heap_alloc_bytes,4208
go,packstore.remove,one-sealed-segment,5,go.mallocs,26
go,packstore.remove,one-sealed-segment,6,go.heap_alloc_bytes,4208
go,packstore.remove,one-sealed-segment,6,go.mallocs,26
go,packstore.scan_index,all-segments,4,go.heap_alloc_bytes,2208
go,packstore.scan_index,all-segments,4,go.mallocs,13
go,packstore.scan_index,all-segments,5,go.heap_alloc_bytes,2208
go,packstore.scan_index,all-segments,5,go.mallocs,13
go,packstore.scan_index,all-segments,6,go.heap_alloc_bytes,2208
go,packstore.scan_index,all-segments,6,go.mallocs,13
go,packstore.segments,list,4,go.heap_alloc_bytes,141312
go,packstore.segments,list,4,go.mallocs,832
go,packstore.segments,list,5,go.heap_alloc_bytes,141312
go,packstore.segments,list,5,go.mallocs,832
go,packstore.segments,list,6,go.heap_alloc_bytes,141312
go,packstore.segments,list,6,go.mallocs,832
go,packstore.sort_by_location,scattered,4,go.heap_alloc_bytes,180224
go,packstore.sort_by_location,scattered,4,go.mallocs,2
go,packstore.sort_by_location,scattered,5,go.heap_alloc_bytes,180224
go,packstore.sort_by_location,scattered,5,go.mallocs,2
go,packstore.sort_by_location,scattered,6,go.heap_alloc_bytes,180224
go,packstore.sort_by_location,scattered,6,go.mallocs,2
go,packstore.stored_size,hit,4,go.heap_alloc_bytes,0
go,packstore.stored_size,hit,4,go.mallocs,0
go,packstore.stored_size,hit,5,go.heap_alloc_bytes,0
go,packstore.stored_size,hit,5,go.mallocs,0
go,packstore.stored_size,hit,6,go.heap_alloc_bytes,0
go,packstore.stored_size,hit,6,go.mallocs,0
go,packstore.verify,full-scrub,4,go.heap_alloc_bytes,256135256
go,packstore.verify,full-scrub,4,go.mallocs,28262
go,packstore.verify,full-scrub,5,go.heap_alloc_bytes,256135256
go,packstore.verify,full-scrub,5,go.mallocs,28262
go,packstore.verify,full-scrub,6,go.heap_alloc_bytes,256135256
go,packstore.verify,full-scrub,6,go.mallocs,28262
go,packstore.wipe,populated,4,go.heap_alloc_bytes,800
go,packstore.wipe,populated,4,go.mallocs,7
go,packstore.wipe,populated,5,go.heap_alloc_bytes,800
go,packstore.wipe,populated,5,go.mallocs,7
go,packstore.wipe,populated,6,go.heap_alloc_bytes,800
go,packstore.wipe,populated,6,go.mallocs,7
go,packstore.write_batch,mixed-objects,4,go.heap_alloc_bytes,129912920
go,packstore.write_batch,mixed-objects,4,go.mallocs,21016
go,packstore.write_batch,mixed-objects,5,go.heap_alloc_bytes,129913176
go,packstore.write_batch,mixed-objects,5,go.mallocs,21019
go,packstore.write_batch,mixed-objects,6,go.heap_alloc_bytes,129912696
go,packstore.write_batch,mixed-objects,6,go.mallocs,21014
go,packstore.write_parallel,duplicate-stream/writers-N,4,go.heap_alloc_bytes,972952
go,packstore.write_parallel,duplicate-stream/writers-N,4,go.mallocs,2183
go,packstore.write_parallel,duplicate-stream/writers-N,5,go.heap_alloc_bytes,973288
go,packstore.write_parallel,duplicate-stream/writers-N,5,go.mallocs,2186
go,packstore.write_parallel,duplicate-stream/writers-N,6,go.heap_alloc_bytes,972952
go,packstore.write_parallel,duplicate-stream/writers-N,6,go.mallocs,2183
go,packstore.write_parallel,mixed-objects/writers-1/verify-false,4,go.heap_alloc_bytes,129574840
go,packstore.write_parallel,mixed-objects/writers-1/verify-false,4,go.mallocs,23095
go,packstore.write_parallel,mixed-objects/writers-1/verify-false,5,go.heap_alloc_bytes,129574840
go,packstore.write_parallel,mixed-objects/writers-1/verify-false,5,go.mallocs,23095
go,packstore.write_parallel,mixed-objects/writers-1/verify-false,6,go.heap_alloc_bytes,129574840
go,packstore.write_parallel,mixed-objects/writers-1/verify-false,6,go.mallocs,23095
go,packstore.write_parallel,mixed-objects/writers-1/verify-true,4,go.heap_alloc_bytes,129574584
go,packstore.write_parallel,mixed-objects/writers-1/verify-true,4,go.mallocs,23092
go,packstore.write_parallel,mixed-objects/writers-1/verify-true,5,go.heap_alloc_bytes,129575096
go,packstore.write_parallel,mixed-objects/writers-1/verify-true,5,go.mallocs,23098
go,packstore.write_parallel,mixed-objects/writers-1/verify-true,6,go.heap_alloc_bytes,129575208
go,packstore.write_parallel,mixed-objects/writers-1/verify-true,6,go.mallocs,23099
go,packstore.write_parallel,mixed-objects/writers-N/verify-false,4,go.heap_alloc_bytes,129577488
go,packstore.write_parallel,mixed-objects/writers-N/verify-false,4,go.mallocs,23113
go,packstore.write_parallel,mixed-objects/writers-N/verify-false,5,go.heap_alloc_bytes,129577968
go,packstore.write_parallel,mixed-objects/writers-N/verify-false,5,go.mallocs,23118
go,packstore.write_parallel,mixed-objects/writers-N/verify-false,6,go.heap_alloc_bytes,129578272
go,packstore.write_parallel,mixed-objects/writers-N/verify-false,6,go.mallocs,23120
go,packstore.write_parallel,mixed-objects/writers-N/verify-true,4,go.heap_alloc_bytes,129579424
go,packstore.write_parallel,mixed-objects/writers-N/verify-true,4,go.mallocs,23131
go,packstore.write_parallel,mixed-objects/writers-N/verify-true,5,go.heap_alloc_bytes,129579536
go,packstore.write_parallel,mixed-objects/writers-N/verify-true,5,go.mallocs,23132
go,packstore.write_parallel,mixed-objects/writers-N/verify-true,6,go.heap_alloc_bytes,129577120
go,packstore.write_parallel,mixed-objects/writers-N/verify-true,6,go.mallocs,23109
go,reference.decode,signed,4,go.heap_alloc_bytes,219256
go,reference.decode,signed,4,go.mallocs,2055
go,reference.decode,signed,5,go.heap_alloc_bytes,219256
go,reference.decode,signed,5,go.mallocs,2055
go,reference.decode,signed,6,go.heap_alloc_bytes,219256
go,reference.decode,signed,6,go.mallocs,2055
go,reference.encode,signed,4,go.heap_alloc_bytes,111752
go,reference.encode,signed,4,go.mallocs,514
go,reference.encode,signed,5,go.heap_alloc_bytes,112760
go,reference.encode,signed,5,go.mallocs,519
go,reference.encode,signed,6,go.heap_alloc_bytes,112760
go,reference.encode,signed,6,go.mallocs,519
go,reference.signature_payload,signed,4,go.heap_alloc_bytes,78984
go,reference.signature_payload,signed,4,go.mallocs,514
go,reference.signature_payload,signed,5,go.heap_alloc_bytes,79480
go,reference.signature_payload,signed,5,go.mallocs,518
go,reference.signature_payload,signed,6,go.heap_alloc_bytes,79480
go,reference.signature_payload,signed,6,go.mallocs,518
go,reference.validate_name,valid,4,go.heap_alloc_bytes,0
go,reference.validate_name,valid,4,go.mallocs,0
go,reference.validate_name,valid,5,go.heap_alloc_bytes,0
go,reference.validate_name,valid,5,go.mallocs,0
go,reference.validate_name,valid,6,go.heap_alloc_bytes,0
go,reference.validate_name,valid,6,go.mallocs,0
go,reference.validate_user,valid,4,go.heap_alloc_bytes,15920
go,reference.validate_user,valid,4,go.mallocs,229
go,reference.validate_user,valid,5,go.heap_alloc_bytes,15920
go,reference.validate_user,valid,5,go.mallocs,229
go,reference.validate_user,valid,6,go.heap_alloc_bytes,15920
go,reference.validate_user,valid,6,go.mallocs,229
go,refstore.all,records,4,go.heap_alloc_bytes,1323936
go,refstore.all,records,4,go.mallocs,10027
go,refstore.all,records,5,go.heap_alloc_bytes,1307448
go,refstore.all,records,5,go.mallocs,10020
go,refstore.all,records,6,go.heap_alloc_bytes,1323936
go,refstore.all,records,6,go.mallocs,10027
go,refstore.close,populated,4,go.heap_alloc_bytes,416
go,refstore.close,populated,4,go.mallocs,4
go,refstore.close,populated,5,go.heap_alloc_bytes,416
go,refstore.close,populated,5,go.mallocs,4
go,refstore.close,populated,6,go.heap_alloc_bytes,416
go,refstore.close,populated,6,go.mallocs,4
go,refstore.delete,records,4,go.heap_alloc_bytes,1569472
go,refstore.delete,records,4,go.mallocs,10736
go,refstore.delete,records,5,go.heap_alloc_bytes,1569472
go,refstore.delete,records,5,go.mallocs,10736
go,refstore.delete,records,6,go.heap_alloc_bytes,1569472
go,refstore.delete,records,6,go.mallocs,10736
go,refstore.get,hit,4,go.heap_alloc_bytes,226328
go,refstore.get,hit,4,go.mallocs,4004
go,refstore.get,hit,5,go.heap_alloc_bytes,231664
go,refstore.get,hit,5,go.mallocs,4010
go,refstore.get,hit,6,go.heap_alloc_bytes,226328
go,refstore.get,hit,6,go.mallocs,4004
go,refstore.get,miss,4,go.heap_alloc_bytes,49160
go,refstore.get,miss,4,go.mallocs,2002
go,refstore.get,miss,5,go.heap_alloc_bytes,52360
go,refstore.get,miss,5,go.mallocs,2003
go,refstore.get,miss,6,go.heap_alloc_bytes,52360
go,refstore.get,miss,6,go.mallocs,2003
go,refstore.open,empty,4,go.heap_alloc_bytes,562568
go,refstore.open,empty,4,go.mallocs,543
go,refstore.open,empty,5,go.heap_alloc_bytes,553680
go,refstore.open,empty,5,go.mallocs,533
go,refstore.open,empty,6,go.heap_alloc_bytes,563240
go,refstore.open,empty,6,go.mallocs,549
go,refstore.open,populated-reopen,4,go.heap_alloc_bytes,10365712
go,refstore.open,populated-reopen,4,go.mallocs,1264
go,refstore.open,populated-reopen,5,go.heap_alloc_bytes,10365504
go,refstore.open,populated-reopen,5,go.mallocs,1262
go,refstore.open,populated-reopen,6,go.heap_alloc_bytes,10365440
go,refstore.open,populated-reopen,6,go.mallocs,1261
go,refstore.put,records/sync-false,4,go.heap_alloc_bytes,686256
go,refstore.put,records/sync-false,4,go.mallocs,51
go,refstore.put,records/sync-false,5,go.heap_alloc_bytes,687664
go,refstore.put,records/sync-false,5,go.mallocs,53
go,refstore.put,records/sync-false,6,go.heap_alloc_bytes,686256
go,refstore.put,records/sync-false,6,go.mallocs,51
go,refstore.put,records/sync-true,4,go.heap_alloc_bytes,645296
go,refstore.put,records/sync-true,4,go.mallocs,50
go,refstore.put,records/sync-true,5,go.heap_alloc_bytes,686256
go,refstore.put,records/sync-true,5,go.mallocs,51
go,refstore.put,records/sync-true,6,go.heap_alloc_bytes,687664
go,refstore.put,records/sync-true,6,go.mallocs,53
go,refstore.put_batch,records/sync-false,4,go.heap_alloc_bytes,3307072
go,refstore.put_batch,records/sync-false,4,go.mallocs,62
go,refstore.put_batch,records/sync-false,5,go.heap_alloc_bytes,3307072
go,refstore.put_batch,records/sync-false,5,go.mallocs,62
go,refstore.put_batch,records/sync-false,6,go.heap_alloc_bytes,3307072
go,refstore.put_batch,records/sync-false,6,go.mallocs,62
go,refstore.wipe,records,4,go.heap_alloc_bytes,1319400
go,refstore.wipe,records,4,go.mallocs,5741
go,refstore.wipe,records,5,go.heap_alloc_bytes,1401968
go,refstore.wipe,records,5,go.mallocs,5751
go,refstore.wipe,records,6,go.heap_alloc_bytes,1361008
go,refstore.wipe,records,6,go.mallocs,5750
go,tarexport.write,fixture-tree,4,go.heap_alloc_bytes,9167440
go,tarexport.write,fixture-tree,4,go.mallocs,149572
go,tarexport.write,fixture-tree,5,go.heap_alloc_bytes,9167696
go,tarexport.write,fixture-tree,5,go.mallocs,149575
go,tarexport.write,fixture-tree,6,go.heap_alloc_bytes,9167440
go,tarexport.write,fixture-tree,6,go.mallocs,149572
go,tarextract.extract,fixture-tree,4,go.heap_alloc_bytes,195402616
go,tarextract.extract,fixture-tree,4,go.mallocs,274506
go,tarextract.extract,fixture-tree,5,go.heap_alloc_bytes,195402632
go,tarextract.extract,fixture-tree,5,go.mallocs,274506
go,tarextract.extract,fixture-tree,6,go.heap_alloc_bytes,195419048
go,tarextract.extract,fixture-tree,6,go.mallocs,274510
