core,group,op,workload,threads,rep,ops,bytes,bytes_kind,wall_ns,ns_per_op,cpu_user_ns,cpu_sys_ns,max_rss_kib,checksum,item_bytes,items,content,entries,depth,width,shape,files,objects,workers,sweep,series
go,amberignore,amberignore.descend,8-subdirs,1,0,512,0,,2600077,5078.275390625,1527000,1072000,1813432,11838577130360562469,,,structured,512,1,,,,,1,,
go,amberignore,amberignore.descend,8-subdirs,1,1,512,0,,2947491,5756.818359375,2940000,0,1813432,11838577130360562469,,,structured,512,1,,,,,1,,
go,amberignore,amberignore.descend,8-subdirs,1,2,512,0,,2666714,5208.42578125,2702000,961000,1813432,11838577130360562469,,,structured,512,1,,,,,1,,
go,amberignore,amberignore.descend,8-subdirs,1,3,512,0,,2579908,5038.8828125,1499000,1081000,1813432,11838577130360562469,,,structured,512,1,,,,,1,,
go,amberignore,amberignore.ignored,mixed-names,1,0,1024,0,,208769,203.8759765625,184000,26000,1813432,17033983874747237157,,,structured,1024,,,,,,1,,
go,amberignore,amberignore.ignored,mixed-names,1,1,1024,0,,215882,210.822265625,191000,28000,1813432,17033983874747237157,,,structured,1024,,,,,,1,,
go,amberignore,amberignore.ignored,mixed-names,1,2,1024,0,,215361,210.3134765625,195000,28000,1813432,17033983874747237157,,,structured,1024,,,,,,1,,
go,amberignore,amberignore.ignored,mixed-names,1,3,1024,0,,220501,215.3330078125,220000,0,1813432,17033983874747237157,,,structured,1024,,,,,,1,,
go,amberignore,amberignore.ignored,nil-matcher,1,0,1024,0,,5160,5.0390625,7000,1000,1813432,13389487554061181733,,,structured,1024,,,,,,1,,
go,amberignore,amberignore.ignored,nil-matcher,1,1,1024,0,,7404,7.23046875,12000,2000,1813432,13389487554061181733,,,structured,1024,,,,,,1,,
go,amberignore,amberignore.ignored,nil-matcher,1,2,1024,0,,5120,5.0,7000,1000,1813432,13389487554061181733,,,structured,1024,,,,,,1,,
go,amberignore,amberignore.ignored,nil-matcher,1,3,1024,0,,5200,5.078125,7000,1000,1813432,13389487554061181733,,,structured,1024,,,,,,1,,
go,amberignore,amberignore.root,load-root,1,0,64,0,,475458,7429.03125,418000,61000,1813432,3808676317670837029,,,structured,64,,,,,,1,,
go,amberignore,amberignore.root,load-root,1,1,64,0,,466000,7281.25,409000,60000,1813432,3808676317670837029,,,structured,64,,,,,,1,,
go,amberignore,amberignore.root,load-root,1,2,64,0,,472462,7382.21875,0,476000,1813432,3808676317670837029,,,structured,64,,,,,,1,,
go,amberignore,amberignore.root,load-root,1,3,64,0,,465449,7272.640625,409000,60000,1813432,3808676317670837029,,,structured,64,,,,,,1,,
go,amberpack,amberpack.decode_payload,mixed-records/producer-go,1,0,500,10070344,encoded,7663219,15326.438,7425000,201000,1813432,4860269593321461802,,500,structured,,,,,,500,1,,
go,amberpack,amberpack.decode_payload,mixed-records/producer-go,1,1,500,10070344,encoded,8326906,16653.812,7664000,966000,1813432,4860269593321461802,,500,structured,,,,,,500,1,,
go,amberpack,amberpack.decode_payload,mixed-records/producer-go,1,2,500,10070344,encoded,8348137,16696.274,7705000,959000,1813432,4860269593321461802,,500,structured,,,,,,500,1,,
go,amberpack,amberpack.decode_payload,mixed-records/producer-go,1,3,500,10070344,encoded,7525275,15050.55,6809000,979000,1813432,4860269593321461802,,500,structured,,,,,,500,1,,
go,amberpack,amberpack.decode_payload,mixed-records/producer-rust,1,0,500,10053753,encoded,7260891,14521.782,7074000,1167000,1813432,4860269593321461802,,500,structured,,,,,,500,1,,
go,amberpack,amberpack.decode_payload,mixed-records/producer-rust,1,1,500,10053753,encoded,7144959,14289.918,7044000,1013000,1813432,4860269593321461802,,500,structured,,,,,,500,1,,
go,amberpack,amberpack.decode_payload,mixed-records/producer-rust,1,2,500,10053753,encoded,7161310,14322.62,7041000,1027000,1813432,4860269593321461802,,500,structured,,,,,,500,1,,
go,amberpack,amberpack.decode_payload,mixed-records/producer-rust,1,3,500,10053753,encoded,7383114,14766.228,6499000,1802000,1813432,4860269593321461802,,500,structured,,,,,,500,1,,
go,amberpack,amberpack.encode_record,1MiB-duplicate,1,0,4,4194304,payload,1977899,494474.75,1972000,0,1813432,10804007899247999205,1048576,4,duplicate,,,,,,,1,item_bytes,duplicate
go,amberpack,amberpack.encode_record,1MiB-duplicate,1,1,4,4194304,payload,1758049,439512.25,1752000,0,1813432,10804007899247999205,1048576,4,duplicate,,,,,,,1,item_bytes,duplicate
go,amberpack,amberpack.encode_record,1MiB-duplicate,1,2,4,4194304,payload,1691681,422920.25,1689000,0,1813432,10804007899247999205,1048576,4,duplicate,,,,,,,1,item_bytes,duplicate
go,amberpack,amberpack.encode_record,1MiB-duplicate,1,3,4,4194304,payload,1466101,366525.25,1409000,59000,1813432,10804007899247999205,1048576,4,duplicate,,,,,,,1,item_bytes,duplicate
go,amberpack,amberpack.encode_record,1MiB-random,1,0,4,4194304,payload,1700148,425037.0,1276000,913000,1813432,16911360464488762320,1048576,4,random,,,,,,,1,item_bytes,random
go,amberpack,amberpack.encode_record,1MiB-random,1,1,4,4194304,payload,1593364,398341.0,1517000,74000,1813432,16911360464488762320,1048576,4,random,,,,,,,1,item_bytes,random
go,amberpack,amberpack.encode_record,1MiB-random,1,2,4,4194304,payload,1511628,377907.0,1447000,64000,1813432,16911360464488762320,1048576,4,random,,,,,,,1,item_bytes,random
go,amberpack,amberpack.encode_record,1MiB-random,1,3,4,4194304,payload,1537377,384344.25,1963000,0,1813432,16911360464488762320,1048576,4,random,,,,,,,1,item_bytes,random
go,amberpack,amberpack.encode_record,1MiB-text,1,0,4,4194304,payload,12872591,3218147.75,13248000,642000,1813432,489844278859407729,1048576,4,text,,,,,,,1,item_bytes,text
go,amberpack,amberpack.encode_record,1MiB-text,1,1,4,4194304,payload,12718196,3179549.0,12785000,979000,1813432,489844278859407729,1048576,4,text,,,,,,,1,item_bytes,text
go,amberpack,amberpack.encode_record,1MiB-text,1,2,4,4194304,payload,12540235,3135058.75,11604000,2093000,1813432,489844278859407729,1048576,4,text,,,,,,,1,item_bytes,text
go,amberpack,amberpack.encode_record,1MiB-text,1,3,4,4194304,payload,12859515,3214878.75,12934000,991000,1813432,489844278859407729,1048576,4,text,,,,,,,1,item_bytes,text
go,amberpack,amberpack.encode_record,4KiB-duplicate,1,0,1024,4194304,payload,4103129,4006.9619140625,4005000,1023000,1813432,15163794708379116325,4096,1024,duplicate,,,,,,,1,item_bytes,duplicate
go,amberpack,amberpack.encode_record,4KiB-duplicate,1,1,1024,4194304,payload,3427688,3347.3515625,3420000,0,1813432,15163794708379116325,4096,1024,duplicate,,,,,,,1,item_bytes,duplicate
go,amberpack,amberpack.encode_record,4KiB-duplicate,1,2,1024,4194304,payload,3327927,3249.9287109375,3281000,40000,1813432,15163794708379116325,4096,1024,duplicate,,,,,,,1,item_bytes,duplicate
go,amberpack,amberpack.encode_record,4KiB-duplicate,1,3,1024,4194304,payload,3576051,3492.2373046875,3495000,73000,1813432,15163794708379116325,4096,1024,duplicate,,,,,,,1,item_bytes,duplicate
go,amberpack,amberpack.encode_record,4KiB-random,1,0,1024,4194304,payload,3686412,3600.01171875,3674000,0,1813432,833230075664003548,4096,1024,random,,,,,,,1,item_bytes,random
go,amberpack,amberpack.encode_record,4KiB-random,1,1,1024,4194304,payload,3867849,3777.1962890625,3712000,1115000,1813432,833230075664003548,4096,1024,random,,,,,,,1,item_bytes,random
go,amberpack,amberpack.encode_record,4KiB-random,1,2,1024,4194304,payload,3539141,3456.1923828125,3472000,65000,1813432,833230075664003548,4096,1024,random,,,,,,,1,item_bytes,random
go,amberpack,amberpack.encode_record,4KiB-random,1,3,1024,4194304,payload,3756376,3668.3359375,3751000,976000,1813432,833230075664003548,4096,1024,random,,,,,,,1,item_bytes,random
go,amberpack,amberpack.encode_record,4KiB-text,1,0,1024,4194304,payload,24608920,24032.1484375,24429000,1055000,1813432,7797885073011845644,4096,1024,text,,,,,,,1,item_bytes,text
go,amberpack,amberpack.encode_record,4KiB-text,1,1,1024,4194304,payload,24869778,24286.892578125,23950000,1841000,1813432,7797885073011845644,4096,1024,text,,,,,,,1,item_bytes,text
go,amberpack,amberpack.encode_record,4KiB-text,1,2,1024,4194304,payload,24940092,24355.55859375,24840000,972000,1813432,7797885073011845644,4096,1024,text,,,,,,,1,item_bytes,text
go,amberpack,amberpack.encode_record,4KiB-text,1,3,1024,4194304,payload,25454525,24857.9345703125,25332000,25000,1813432,7797885073011845644,4096,1024,text,,,,,,,1,item_bytes,text
go,amberpack,amberpack.encode_record,empty,1,0,8000,0,payload,495967,61.995875,499000,0,1813432,18132281937839988517,,8000,empty,,,,,,,1,item_bytes,empty
go,amberpack,amberpack.encode_record,empty,1,1,8000,0,payload,492571,61.571375,436000,63000,1813432,18132281937839988517,,8000,empty,,,,,,,1,item_bytes,empty
go,amberpack,amberpack.encode_record,empty,1,2,8000,0,payload,495977,61.997125,496000,0,1813432,18132281937839988517,,8000,empty,,,,,,,1,item_bytes,empty
go,amberpack,amberpack.encode_record,empty,1,3,8000,0,payload,489124,61.1405,435000,63000,1813432,18132281937839988517,,8000,empty,,,,,,,1,item_bytes,empty
go,amberpack,amberpack.encode_record,large-8MiB-duplicate,1,0,2,16777216,payload,7951199,3975599.5,7932000,0,1813432,11090642185545363909,8388608,2,duplicate,,,,,,,1,item_bytes,duplicate
go,amberpack,amberpack.encode_record,large-8MiB-duplicate,1,1,2,16777216,payload,7527158,3763579.0,7456000,58000,1813432,11090642185545363909,8388608,2,duplicate,,,,,,,1,item_bytes,duplicate
go,amberpack,amberpack.encode_record,large-8MiB-duplicate,1,2,2,16777216,payload,7438940,3719470.0,7372000,47000,1813432,11090642185545363909,8388608,2,duplicate,,,,,,,1,item_bytes,duplicate
go,amberpack,amberpack.encode_record,large-8MiB-duplicate,1,3,2,16777216,payload,8046270,4023135.0,7954000,999000,1813432,11090642185545363909,8388608,2,duplicate,,,,,,,1,item_bytes,duplicate
go,amberpack,amberpack.encode_record,large-8MiB-random,1,0,1,8388608,payload,4096756,4096756.0,4080000,7000,1813432,16023285418421674942,8388608,1,random,,,,,,,1,item_bytes,random
go,amberpack,amberpack.encode_record,large-8MiB-random,1,1,1,8388608,payload,4182019,4182019.0,4179000,0,1813432,16023285418421674942,8388608,1,random,,,,,,,1,item_bytes,random
go,amberpack,amberpack.encode_record,large-8MiB-random,1,2,1,8388608,payload,3603223,3603223.0,3526000,74000,1813432,16023285418421674942,8388608,1,random,,,,,,,1,item_bytes,random
go,amberpack,amberpack.encode_record,large-8MiB-random,1,3,1,8388608,payload,3667516,3667516.0,3355000,921000,1813432,16023285418421674942,8388608,1,random,,,,,,,1,item_bytes,random
go,amberpack,amberpack.encode_record,large-8MiB-text,1,0,1,8388608,payload,25728208,25728208.0,25660000,0,1813432,3717030585049525887,8388608,1,text,,,,,,,1,item_bytes,text
go,amberpack,amberpack.encode_record,large-8MiB-text,1,1,1,8388608,payload,25569545,25569545.0,22957000,3661000,1813432,3717030585049525887,8388608,1,text,,,,,,,1,item_bytes,text
go,amberpack,amberpack.encode_record,large-8MiB-text,1,2,1,8388608,payload,25683472,25683472.0,25989000,0,1813432,3717030585049525887,8388608,1,text,,,,,,,1,item_bytes,text
go,amberpack,amberpack.encode_record,large-8MiB-text,1,3,1,8388608,payload,25276395,25276395.0,25208000,0,1813432,3717030585049525887,8388608,1,text,,,,,,,1,item_bytes,text
go,amberpack,amberpack.encode_record,tiny-64B-duplicate,1,0,16384,1048576,payload,8463398,516.5648193359375,8437000,0,1813432,15118262615421100837,64,16384,duplicate,,,,,,,1,item_bytes,duplicate
go,amberpack,amberpack.encode_record,tiny-64B-duplicate,1,1,16384,1048576,payload,8478636,517.494873046875,8574000,503000,1813432,15118262615421100837,64,16384,duplicate,,,,,,,1,item_bytes,duplicate
go,amberpack,amberpack.encode_record,tiny-64B-duplicate,1,2,16384,1048576,payload,8363496,510.46728515625,8307000,38000,1813432,15118262615421100837,64,16384,duplicate,,,,,,,1,item_bytes,duplicate
go,amberpack,amberpack.encode_record,tiny-64B-duplicate,1,3,16384,1048576,payload,8412480,513.45703125,8355000,43000,1813432,15118262615421100837,64,16384,duplicate,,,,,,,1,item_bytes,duplicate
go,amberpack,amberpack.encode_record,tiny-64B-random,1,0,16384,1048576,payload,9066890,553.3990478515625,9044000,2000,1813432,13667126546932280967,64,16384,random,,,,,,,1,item_bytes,random
go,amberpack,amberpack.encode_record,tiny-64B-random,1,1,16384,1048576,payload,9470581,578.0383911132812,9425000,0,1813432,13667126546932280967,64,16384,random,,,,,,,1,item_bytes,random
go,amberpack,amberpack.encode_record,tiny-64B-random,1,2,16384,1048576,payload,8947011,546.0822143554688,8917000,0,1813432,13667126546932280967,64,16384,random,,,,,,,1,item_bytes,random
go,amberpack,amberpack.encode_record,tiny-64B-random,1,3,16384,1048576,payload,8961238,546.9505615234375,8925000,0,1813432,13667126546932280967,64,16384,random,,,,,,,1,item_bytes,random
go,amberpack,amberpack.encode_record,tiny-64B-text,1,0,16384,1048576,payload,18536369,1131.3701782226562,18467000,0,1813432,15004358341227962651,64,16384,text,,,,,,,1,item_bytes,text
go,amberpack,amberpack.encode_record,tiny-64B-text,1,1,16384,1048576,payload,18596795,1135.0582885742188,18538000,0,1813432,15004358341227962651,64,16384,text,,,,,,,1,item_bytes,text
go,amberpack,amberpack.encode_record,tiny-64B-text,1,2,16384,1048576,payload,18467177,1127.1470336914062,18429000,0,1813432,15004358341227962651,64,16384,text,,,,,,,1,item_bytes,text
go,amberpack,amberpack.encode_record,tiny-64B-text,1,3,16384,1048576,payload,18482566,1128.0863037109375,18427000,0,1813432,15004358341227962651,64,16384,text,,,,,,,1,item_bytes,text
go,amberpack,amberpack.parse_record,corrupt-crc/producer-go,1,0,256,0,,36260,141.640625,44000,0,1813432,17539378016686813989,,256,structured,,,,,,,1,,
go,amberpack,amberpack.parse_record,corrupt-crc/producer-go,1,1,256,0,,32452,126.765625,41000,0,1813432,17539378016686813989,,256,structured,,,,,,,1,,
go,amberpack,amberpack.parse_record,corrupt-crc/producer-go,1,2,256,0,,32322,126.2578125,33000,5000,1813432,17539378016686813989,,256,structured,,,,,,,1,,
go,amberpack,amberpack.parse_record,corrupt-crc/producer-go,1,3,256,0,,31049,121.28515625,38000,0,1813432,17539378016686813989,,256,structured,,,,,,,1,,
go,amberpack,amberpack.parse_record,corrupt-crc/producer-rust,1,0,256,0,,32472,126.84375,37000,0,1813432,17539378016686813989,,256,structured,,,,,,,1,,
go,amberpack,amberpack.parse_record,corrupt-crc/producer-rust,1,1,256,0,,33324,130.171875,41000,0,1813432,17539378016686813989,,256,structured,,,,,,,1,,
go,amberpack,amberpack.parse_record,corrupt-crc/producer-rust,1,2,256,0,,33083,129.23046875,33000,5000,1813432,17539378016686813989,,256,structured,,,,,,,1,,
go,amberpack,amberpack.parse_record,corrupt-crc/producer-rust,1,3,256,0,,32482,126.8828125,35000,0,1813432,17539378016686813989,,256,structured,,,,,,,1,,
go,amberpack,amberpack.parse_record,mixed-records/producer-go,1,0,500,10070344,encoded,366190,732.38,328000,47000,1813432,7325024220447414200,,500,structured,,,,,,500,1,,
go,amberpack,amberpack.parse_record,mixed-records/producer-go,1,1,500,10070344,encoded,356431,712.862,362000,0,1813432,7325024220447414200,,500,structured,,,,,,500,1,,
go,amberpack,amberpack.parse_record,mixed-records/producer-go,1,2,500,10070344,encoded,371780,743.56,369000,0,1813432,7325024220447414200,,500,structured,,,,,,500,1,,
go,amberpack,amberpack.parse_record,mixed-records/producer-go,1,3,500,10070344,encoded,358716,717.432,362000,0,1813432,7325024220447414200,,500,structured,,,,,,500,1,,
go,amberpack,amberpack.parse_record,mixed-records/producer-rust,1,0,500,10053753,encoded,370237,740.474,355000,19000,1813432,15082506208932262024,,500,structured,,,,,,500,1,,
go,amberpack,amberpack.parse_record,mixed-records/producer-rust,1,1,500,10053753,encoded,357132,714.264,361000,0,1813432,15082506208932262024,,500,structured,,,,,,500,1,,
go,amberpack,amberpack.parse_record,mixed-records/producer-rust,1,2,500,10053753,encoded,355199,710.398,314000,45000,1813432,15082506208932262024,,500,structured,,,,,,500,1,,
go,amberpack,amberpack.parse_record,mixed-records/producer-rust,1,3,500,10053753,encoded,373283,746.566,375000,0,1813432,15082506208932262024,,500,structured,,,,,,500,1,,
go,amberpack,amberpack.reader_all,mixed-objects/producer-go,1,0,500,10070344,encoded,8874843,17749.686,8846000,0,1813432,8309917618078602499,,500,structured,,,,,,500,1,,
go,amberpack,amberpack.reader_all,mixed-objects/producer-go,1,1,500,10070344,encoded,8239640,16479.28,8195000,23000,1813432,8309917618078602499,,500,structured,,,,,,500,1,,
go,amberpack,amberpack.reader_all,mixed-objects/producer-go,1,2,500,10070344,encoded,8196227,16392.454,8159000,18000,1813432,8309917618078602499,,500,structured,,,,,,500,1,,
go,amberpack,amberpack.reader_all,mixed-objects/producer-go,1,3,500,10070344,encoded,8174816,16349.632,8154000,0,1813432,8309917618078602499,,500,structured,,,,,,500,1,,
go,amberpack,amberpack.reader_all,mixed-objects/producer-rust,1,0,500,10053753,encoded,8598626,17197.252,8583000,0,1813432,8309917618078602499,,500,structured,,,,,,500,1,,
go,amberpack,amberpack.reader_all,mixed-objects/producer-rust,1,1,500,10053753,encoded,8027395,16054.79,7999000,0,1813432,8309917618078602499,,500,structured,,,,,,500,1,,
go,amberpack,amberpack.reader_all,mixed-objects/producer-rust,1,2,500,10053753,encoded,7986797,15973.594,7958000,0,1813432,8309917618078602499,,500,structured,,,,,,500,1,,
go,amberpack,amberpack.reader_all,mixed-objects/producer-rust,1,3,500,10053753,encoded,7812053,15624.106,7806000,0,1813432,8309917618078602499,,500,structured,,,,,,500,1,,
go,amberpack,amberpack.reader_all,truncated-stream/producer-go,1,0,64,0,,294566302,4602598.46875,292990000,8674000,1813432,9489642868898812965,5035172,64,structured,,,,,,,1,,
go,amberpack,amberpack.reader_all,truncated-stream/producer-go,1,1,64,0,,308279969,4816874.515625,291995000,24725000,1813432,9489642868898812965,5035172,64,structured,,,,,,,1,,
go,amberpack,amberpack.reader_all,truncated-stream/producer-go,1,2,64,0,,342130714,5345792.40625,301903000,66788000,1813432,9489642868898812965,5035172,64,structured,,,,,,,1,,
go,amberpack,amberpack.reader_all,truncated-stream/producer-go,1,3,64,0,,337199534,5268742.71875,302969000,60072000,1813432,9489642868898812965,5035172,64,structured,,,,,,,1,,
go,amberpack,amberpack.reader_all,truncated-stream/producer-rust,1,0,64,0,,322073478,5032398.09375,287124000,60419000,1813432,9489642868898812965,5026876,64,structured,,,,,,,1,,
go,amberpack,amberpack.reader_all,truncated-stream/producer-rust,1,1,64,0,,323093777,5048340.265625,284295000,63623000,1813432,9489642868898812965,5026876,64,structured,,,,,,,1,,
go,amberpack,amberpack.reader_all,truncated-stream/producer-rust,1,2,64,0,,324394682,5068666.90625,298069000,50931000,1813432,9489642868898812965,5026876,64,structured,,,,,,,1,,
go,amberpack,amberpack.reader_all,truncated-stream/producer-rust,1,3,64,0,,329789037,5152953.703125,288775000,66616000,1813432,9489642868898812965,5026876,64,structured,,,,,,,1,,
go,amberpack,amberpack.reader_records,mixed-objects/producer-go,1,0,500,10070344,encoded,1276819,2553.638,1270000,0,1813432,13551615618179880529,,500,structured,,,,,,500,1,,
go,amberpack,amberpack.reader_records,mixed-objects/producer-go,1,1,500,10070344,encoded,777105,1554.21,682000,99000,1813432,13551615618179880529,,500,structured,,,,,,500,1,,
go,amberpack,amberpack.reader_records,mixed-objects/producer-go,1,2,500,10070344,encoded,726738,1453.476,729000,0,1813432,13551615618179880529,,500,structured,,,,,,500,1,,
go,amberpack,amberpack.reader_records,mixed-objects/producer-go,1,3,500,10070344,encoded,711900,1423.8,305000,905000,1813432,13551615618179880529,,500,structured,,,,,,500,1,,
go,amberpack,amberpack.reader_records,mixed-objects/producer-rust,1,0,500,10053753,encoded,756164,1512.328,756000,0,1813432,4451174990343454638,,500,structured,,,,,,500,1,,
go,amberpack,amberpack.reader_records,mixed-objects/producer-rust,1,1,500,10053753,encoded,710597,1421.194,623000,90000,1813432,4451174990343454638,,500,structured,,,,,,500,1,,
go,amberpack,amberpack.reader_records,mixed-objects/producer-rust,1,2,500,10053753,encoded,725535,1451.07,636000,92000,1813432,4451174990343454638,,500,structured,,,,,,500,1,,
go,amberpack,amberpack.reader_records,mixed-objects/producer-rust,1,3,500,10053753,encoded,715697,1431.394,717000,0,1813432,4451174990343454638,,500,structured,,,,,,500,1,,
go,amberpack,amberpack.writer_add,mixed-objects,1,0,500,16960000,payload,34305623,68611.246,34288000,2172000,1813432,4408672499635271307,,500,structured,,,,,,500,1,,
go,amberpack,amberpack.writer_add,mixed-objects,1,1,500,16960000,payload,33237162,66474.324,33272000,2027000,1813432,4408672499635271307,,500,structured,,,,,,500,1,,
go,amberpack,amberpack.writer_add,mixed-objects,1,2,500,16960000,payload,32969971,65939.942,32903000,1994000,1813432,4408672499635271307,,500,structured,,,,,,500,1,,
go,amberpack,amberpack.writer_add,mixed-objects,1,3,500,16960000,payload,33710196,67420.392,33286000,2201000,1813432,4408672499635271307,,500,structured,,,,,,500,1,,
go,amberpack,amberpack.writer_add_record,pre-encoded-records/producer-go,1,0,500,10070344,encoded,19086,38.172,20000,3000,1813432,4408672499635271307,,500,structured,,,,,,500,1,,
go,amberpack,amberpack.writer_add_record,pre-encoded-records/producer-go,1,1,500,10070344,encoded,14468,28.936,16000,2000,1813432,4408672499635271307,,500,structured,,,,,,500,1,,
go,amberpack,amberpack.writer_add_record,pre-encoded-records/producer-go,1,2,500,10070344,encoded,14548,29.096,16000,2000,1813432,4408672499635271307,,500,structured,,,,,,500,1,,
go,amberpack,amberpack.writer_add_record,pre-encoded-records/producer-go,1,3,500,10070344,encoded,14327,28.654,17000,2000,1813432,4408672499635271307,,500,structured,,,,,,500,1,,
go,amberpack,amberpack.writer_add_record,pre-encoded-records/producer-rust,1,0,500,10053753,encoded,17583,35.166,18000,2000,1813432,9051759507606592069,,500,structured,,,,,,500,1,,
go,amberpack,amberpack.writer_add_record,pre-encoded-records/producer-rust,1,1,500,10053753,encoded,14728,29.456,18000,3000,1813432,9051759507606592069,,500,structured,,,,,,500,1,,
go,amberpack,amberpack.writer_add_record,pre-encoded-records/producer-rust,1,2,500,10053753,encoded,14378,28.756,15000,2000,1813432,9051759507606592069,,500,structured,,,,,,500,1,,
go,amberpack,amberpack.writer_add_record,pre-encoded-records/producer-rust,1,3,500,10053753,encoded,14418,28.836,15000,2000,1813432,9051759507606592069,,500,structured,,,,,,500,1,,
go,cbor,cbor.decode_xattrs,xattrs-3,1,0,64,4544,encoded,26621,415.953125,28000,4000,1813432,10124439526398863653,71,64,structured,3,,,,,,1,,
go,cbor,cbor.decode_xattrs,xattrs-3,1,1,64,4544,encoded,23665,369.765625,26000,4000,1813432,10124439526398863653,71,64,structured,3,,,,,,1,,
go,cbor,cbor.decode_xattrs,xattrs-3,1,2,64,4544,encoded,25479,398.109375,27000,4000,1813432,10124439526398863653,71,64,structured,3,,,,,,1,,
go,cbor,cbor.decode_xattrs,xattrs-3,1,3,64,4544,encoded,27342,427.21875,29000,4000,1813432,10124439526398863653,71,64,structured,3,,,,,,1,,
go,cbor,cbor.decode_xattrs,xattrs-64,1,0,64,282752,encoded,586551,9164.859375,591000,0,1813432,5919729855399850789,4418,64,structured,64,,,,,,1,,
go,cbor,cbor.decode_xattrs,xattrs-64,1,1,64,282752,encoded,578696,9042.125,567000,0,1813432,5919729855399850789,4418,64,structured,64,,,,,,1,,
go,cbor,cbor.decode_xattrs,xattrs-64,1,2,64,282752,encoded,575429,8991.078125,577000,0,1813432,5919729855399850789,4418,64,structured,64,,,,,,1,,
go,cbor,cbor.decode_xattrs,xattrs-64,1,3,64,282752,encoded,564739,8824.046875,497000,72000,1813432,5919729855399850789,4418,64,structured,64,,,,,,1,,
go,cbor,cbor.encode_xattrs,xattrs-3,1,0,64,4544,encoded,27763,433.796875,27000,4000,1813432,7087683166235696933,71,64,structured,3,,,,,,1,,
go,cbor,cbor.encode_xattrs,xattrs-3,1,1,64,4544,encoded,28244,441.3125,30000,4000,1813432,7087683166235696933,71,64,structured,3,,,,,,1,,
go,cbor,cbor.encode_xattrs,xattrs-3,1,2,64,4544,encoded,28845,450.703125,30000,5000,1813432,7087683166235696933,71,64,structured,3,,,,,,1,,
go,cbor,cbor.encode_xattrs,xattrs-3,1,3,64,4544,encoded,29056,454.0,30000,5000,1813432,7087683166235696933,71,64,structured,3,,,,,,1,,
go,cbor,cbor.encode_xattrs,xattrs-64,1,0,64,282752,encoded,1611047,25172.609375,1608000,0,1813432,7055603837320979365,4418,64,structured,64,,,,,,1,,
go,cbor,cbor.encode_xattrs,xattrs-64,1,1,64,282752,encoded,1607060,25110.3125,1534000,76000,1813432,7055603837320979365,4418,64,structured,64,,,,,,1,,
go,cbor,cbor.encode_xattrs,xattrs-64,1,2,64,282752,encoded,1662025,25969.140625,1213000,894000,1813432,7055603837320979365,4418,64,structured,64,,,,,,1,,
go,cbor,cbor.encode_xattrs,xattrs-64,1,3,64,282752,encoded,1528110,23876.71875,1525000,0,1813432,7055603837320979365,4418,64,structured,64,,,,,,1,,
go,chunkers,chunkers.item_chunker,is_boundary/bits-7,1,0,2000,0,,105412,52.706,97000,14000,1813432,13540704555984963781,32,2000,structured,,,,,,,1,,
go,chunkers,chunkers.item_chunker,is_boundary/bits-7,1,1,2000,0,,103177,51.5885,105000,0,1813432,13540704555984963781,32,2000,structured,,,,,,,1,,
go,chunkers,chunkers.item_chunker,is_boundary/bits-7,1,2,2000,0,,106514,53.257,107000,0,1813432,13540704555984963781,32,2000,structured,,,,,,,1,,
go,chunkers,chunkers.item_chunker,is_boundary/bits-7,1,3,2000,0,,107335,53.6675,97000,14000,1813432,13540704555984963781,32,2000,structured,,,,,,,1,,
go,chunkers,chunkers.new_item_chunker,bits-4..12,1,0,2304,0,,30368,13.180555555555555,29000,4000,1813432,10832436384879348517,,2304,structured,,,,,,,1,,
go,chunkers,chunkers.new_item_chunker,bits-4..12,1,1,2304,0,,30328,13.163194444444445,33000,5000,1813432,10832436384879348517,,2304,structured,,,,,,,1,,
go,chunkers,chunkers.new_item_chunker,bits-4..12,1,2,2304,0,,30168,13.09375,32000,4000,1813432,10832436384879348517,,2304,structured,,,,,,,1,,
go,chunkers,chunkers.new_item_chunker,bits-4..12,1,3,2304,0,,30038,13.03732638888889,32000,5000,1813432,10832436384879348517,,2304,structured,,,,,,,1,,
go,chunkers,chunkers.split_bytes,compressible/4-16-64KiB,1,0,1024,67108864,payload,57733727,56380.5927734375,57537000,0,1813432,9068445193624773413,67108864,1,text,1024,,,,,,1,,
go,chunkers,chunkers.split_bytes,compressible/4-16-64KiB,1,1,1024,67108864,payload,57751391,56397.8427734375,57090000,971000,1813432,9068445193624773413,67108864,1,text,1024,,,,,,1,,
go,chunkers,chunkers.split_bytes,compressible/4-16-64KiB,1,2,1024,67108864,payload,57060010,55722.666015625,56882000,0,1813432,9068445193624773413,67108864,1,text,1024,,,,,,1,,
go,chunkers,chunkers.split_bytes,compressible/4-16-64KiB,1,3,1024,67108864,payload,56787941,55456.9736328125,56620000,0,1813432,9068445193624773413,67108864,1,text,1024,,,,,,1,,
go,chunkers,chunkers.split_bytes,compressible/default-sizes,1,0,64,67108864,payload,57408846,897013.21875,57157000,0,1813432,7216463888747825957,67108864,1,text,64,,,,,,1,,
go,chunkers,chunkers.split_bytes,compressible/default-sizes,1,1,64,67108864,payload,57172465,893319.765625,57174000,739000,1813432,7216463888747825957,67108864,1,text,64,,,,,,1,,
go,chunkers,chunkers.split_bytes,compressible/default-sizes,1,2,64,67108864,payload,57256916,894639.3125,57352000,868000,1813432,7216463888747825957,67108864,1,text,64,,,,,,1,,
go,chunkers,chunkers.split_bytes,compressible/default-sizes,1,3,64,67108864,payload,57703069,901610.453125,57406000,1042000,1813432,7216463888747825957,67108864,1,text,64,,,,,,1,,
go,chunkers,chunkers.split_bytes,random/default-sizes,1,0,881,67108864,payload,43866006,49791.15323496027,43725000,0,1813432,4335383197352982352,67108864,1,random,881,,,,,,1,,
go,chunkers,chunkers.split_bytes,random/default-sizes,1,1,881,67108864,payload,43794098,49709.53234960273,42832000,4987000,1813432,4335383197352982352,67108864,1,random,881,,,,,,1,,
go,chunkers,chunkers.split_bytes,random/default-sizes,1,2,881,67108864,payload,43357745,49214.239500567535,43410000,874000,1813432,4335383197352982352,67108864,1,random,881,,,,,,1,,
go,chunkers,chunkers.split_bytes,random/default-sizes,1,3,881,67108864,payload,42899349,48693.92622020431,42740000,0,1813432,4335383197352982352,67108864,1,random,881,,,,,,1,,
go,chunkers,chunkers.split_bytes,tiny-64KiB/default-sizes,1,0,1,65536,payload,53913,53913.0,62000,0,1813432,14713704181997794188,65536,1,text,1,,,,,,1,,
go,chunkers,chunkers.split_bytes,tiny-64KiB/default-sizes,1,1,1,65536,payload,49465,49465.0,52000,0,1813432,14713704181997794188,65536,1,text,1,,,,,,1,,
go,chunkers,chunkers.split_bytes,tiny-64KiB/default-sizes,1,2,1,65536,payload,48924,48924.0,45000,7000,1813432,14713704181997794188,65536,1,text,1,,,,,,1,,
go,chunkers,chunkers.split_bytes,tiny-64KiB/default-sizes,1,3,1,65536,payload,49905,49905.0,50000,7000,1813432,14713704181997794188,65536,1,text,1,,,,,,1,,
go,fstree,fstree.check_complete,incomplete/jobs-1,1,0,1,0,,32502,32502.0,42000,6000,1813432,15567951148124569360,,,structured,16,,,wide,,,1,,
go,fstree,fstree.check_complete,incomplete/jobs-1,1,1,1,0,,34586,34586.0,41000,6000,1813432,15567951148124569360,,,structured,16,,,wide,,,1,,
go,fstree,fstree.check_complete,incomplete/jobs-1,1,2,1,0,,32412,32412.0,36000,5000,1813432,15567951148124569360,,,structured,16,,,wide,,,1,,
go,fstree,fstree.check_complete,incomplete/jobs-1,1,3,1,0,,26230,26230.0,28000,4000,1813432,15567951148124569360,,,structured,16,,,wide,,,1,,
go,fstree,fstree.check_complete,widest/jobs-1,1,0,40257,0,,27645169,686.7170678391336,28887000,0,1813432,8781341933545400491,,,structured,40000,,40000,wide,,40257,1,,
go,fstree,fstree.check_complete,widest/jobs-1,1,1,40257,0,,26912691,668.5220210149788,26597000,1219000,1813432,8781341933545400491,,,structured,40000,,40000,wide,,40257,1,,
go,fstree,fstree.check_complete,widest/jobs-1,1,2,40257,0,,26837147,666.6454778051022,26758000,1238000,1813432,8781341933545400491,,,structured,40000,,40000,wide,,40257,1,,
go,fstree,fstree.check_complete,widest/jobs-1,1,3,40257,0,,26486868,657.9444071838439,27407000,187000,1813432,8781341933545400491,,,structured,40000,,40000,wide,,40257,1,,
go,fstree,fstree.check_complete,widest/jobs-N,8,0,40257,0,,14618074,363.11881163524356,34447000,189000,1813432,8781341933545400491,,,structured,40000,,40000,wide,,40257,8,,
go,fstree,fstree.check_complete,widest/jobs-N,8,1,40257,0,,14117789,350.6915319074943,34078000,132000,1813432,8781341933545400491,,,structured,40000,,40000,wide,,40257,8,,
go,fstree,fstree.check_complete,widest/jobs-N,8,2,40257,0,,14226326,353.3876344486673,32818000,1944000,1813432,8781341933545400491,,,structured,40000,,40000,wide,,40257,8,,
go,fstree,fstree.check_complete,widest/jobs-N,8,3,40257,0,,13899933,345.2799016320143,33174000,388000,1813432,8781341933545400491,,,structured,40000,,40000,wide,,40257,8,,
go,fstree,fstree.check_complete,width-16/jobs-1,1,0,17,0,,26310,1547.6470588235295,31000,4000,1813432,8753205170136912308,,,structured,16,,16,wide,,17,1,width,plain
go,fstree,fstree.check_complete,width-16/jobs-1,1,1,17,0,,24487,1440.4117647058824,28000,4000,1813432,8753205170136912308,,,structured,16,,16,wide,,17,1,width,plain
go,fstree,fstree.check_complete,width-16/jobs-1,1,2,17,0,,34415,2024.4117647058824,48000,0,1813432,8753205170136912308,,,structured,16,,16,wide,,17,1,width,plain
go,fstree,fstree.check_complete,width-16/jobs-1,1,3,17,0,,29376,1728.0,34000,0,1813432,8753205170136912308,,,structured,16,,16,wide,,17,1,width,plain
go,fstree,fstree.check_complete,width-256/jobs-1,1,0,259,0,,195924,756.4633204633204,190000,27000,1813432,10166096353870829249,,,structured,256,,256,wide,,259,1,width,plain
go,fstree,fstree.check_complete,width-256/jobs-1,1,1,259,0,,191035,737.5868725868726,186000,26000,1813432,10166096353870829249,,,structured,256,,256,wide,,259,1,width,plain
go,fstree,fstree.check_complete,width-256/jobs-1,1,2,259,0,,196005,756.7760617760617,213000,0,1813432,10166096353870829249,,,structured,256,,256,wide,,259,1,width,plain
go,fstree,fstree.check_complete,width-256/jobs-1,1,3,259,0,,186285,719.2471042471043,179000,26000,1813432,10166096353870829249,,,structured,256,,256,wide,,259,1,width,plain
go,fstree,fstree.check_complete,width-40000/jobs-1,1,0,40257,0,,27312825,678.461509799538,28420000,44000,1813432,8781341933545400491,,,structured,40000,,40000,wide,,40257,1,width,plain
go,fstree,fstree.check_complete,width-40000/jobs-1,1,1,40257,0,,27002222,670.7460069056314,27269000,874000,1813432,8781341933545400491,,,structured,40000,,40000,wide,,40257,1,width,plain
go,fstree,fstree.check_complete,width-40000/jobs-1,1,2,40257,0,,26834141,666.5708075614178,26845000,1111000,1813432,8781341933545400491,,,structured,40000,,40000,wide,,40257,1,width,plain
go,fstree,fstree.check_complete,width-40000/jobs-1,1,3,40257,0,,26928872,668.9239635342922,26975000,1138000,1813432,8781341933545400491,,,structured,40000,,40000,wide,,40257,1,width,plain
go,fstree,fstree.check_complete,width-4096/jobs-1,1,0,4122,0,,2730977,662.5368753032509,2756000,104000,1813432,2551262535976545999,,,structured,4096,,4096,wide,,4122,1,width,plain
go,fstree,fstree.check_complete,width-4096/jobs-1,1,1,4122,0,,2686472,651.7399320718098,2804000,0,1813432,2551262535976545999,,,structured,4096,,4096,wide,,4122,1,width,plain
go,fstree,fstree.check_complete,width-4096/jobs-1,1,2,4122,0,,2726669,661.4917515769044,2761000,106000,1813432,2551262535976545999,,,structured,4096,,4096,wide,,4122,1,width,plain
go,fstree,fstree.check_complete,width-4096/jobs-1,1,3,4122,0,,2709295,657.2768073750607,2817000,0,1813432,2551262535976545999,,,structured,4096,,4096,wide,,4122,1,width,plain
go,fstree,fstree.child_keys,dir-leaf-128,1,0,64,0,,2972939,46452.171875,2954000,0,1813432,9537427053040457253,,64,structured,128,,,,,,1,,
go,fstree,fstree.child_keys,dir-leaf-128,1,1,64,0,,3007154,46986.78125,3006000,2000,1813432,9537427053040457253,,64,structured,128,,,,,,1,,
go,fstree,fstree.child_keys,dir-leaf-128,1,2,64,0,,2951699,46120.296875,2948000,0,1813432,9537427053040457253,,64,structured,128,,,,,,1,,
go,fstree,fstree.child_keys,dir-leaf-128,1,3,64,0,,2961908,46279.8125,2960000,0,1813432,9537427053040457253,,64,structured,128,,,,,,1,,
go,fstree,fstree.child_keys,dir-node-128,1,0,64,0,,1363104,21298.5,1368000,0,1813432,1477312231372574501,,64,structured,128,,,,,,1,,
go,fstree,fstree.child_keys,dir-node-128,1,1,64,0,,1331544,20805.375,1296000,42000,1813432,1477312231372574501,,64,structured,128,,,,,,1,,
go,fstree,fstree.child_keys,dir-node-128,1,2,64,0,,1385657,21650.890625,1343000,48000,1813432,1477312231372574501,,64,structured,128,,,,,,1,,
go,fstree,fstree.child_keys,dir-node-128,1,3,64,0,,1356561,21196.265625,1312000,46000,1813432,1477312231372574501,,64,structured,128,,,,,,1,,
go,fstree,fstree.child_keys,file-node-1024,1,0,64,0,,5629574,87962.09375,5615000,0,1813432,7701241629847960229,,64,structured,1024,,,,,,1,,
go,fstree,fstree.child_keys,file-node-1024,1,1,64,0,,5635425,88053.515625,5622000,0,1813432,7701241629847960229,,64,structured,1024,,,,,,1,,
go,fstree,fstree.child_keys,file-node-1024,1,2,64,0,,5591622,87369.09375,5573000,0,1813432,7701241629847960229,,64,structured,1024,,,,,,1,,
go,fstree,fstree.child_keys,file-node-1024,1,3,64,0,,5874753,91793.015625,5864000,0,1813432,7701241629847960229,,64,structured,1024,,,,,,1,,
go,fstree,fstree.collect_entries,width-16,1,0,16,0,,11753,734.5625,18000,3000,1813432,8341622732183221560,,,structured,16,1,16,wide,,17,1,width,plain
go,fstree,fstree.collect_entries,width-16,1,1,16,0,,10119,632.4375,15000,2000,1813432,8341622732183221560,,,structured,16,1,16,wide,,17,1,width,plain
go,fstree,fstree.collect_entries,width-16,1,2,16,0,,8176,511.0,12000,2000,1813432,8341622732183221560,,,structured,16,1,16,wide,,17,1,width,plain
go,fstree,fstree.collect_entries,width-16,1,3,16,0,,9779,611.1875,11000,2000,1813432,8341622732183221560,,,structured,16,1,16,wide,,17,1,width,plain
go,fstree,fstree.collect_entries,width-256,1,0,256,0,,96684,377.671875,88000,12000,1813432,5488379839664258588,,,structured,256,1,256,wide,,259,1,width,plain
go,fstree,fstree.collect_entries,width-256,1,1,256,0,,101463,396.33984375,97000,14000,1813432,5488379839664258588,,,structured,256,1,256,wide,,259,1,width,plain
go,fstree,fstree.collect_entries,width-256,1,2,256,0,,99590,389.0234375,90000,13000,1813432,5488379839664258588,,,structured,256,1,256,wide,,259,1,width,plain
go,fstree,fstree.collect_entries,width-256,1,3,256,0,,96795,378.10546875,87000,12000,1813432,5488379839664258588,,,structured,256,1,256,wide,,259,1,width,plain
go,fstree,fstree.collect_entries,width-40000,1,0,40000,0,,16103301,402.582525,16057000,0,1813432,14993720166178614202,,,structured,40000,1,40000,wide,,40257,1,width,plain
go,fstree,fstree.collect_entries,width-40000,1,1,40000,0,,15973403,399.335075,15916000,0,1813432,14993720166178614202,,,structured,40000,1,40000,wide,,40257,1,width,plain
go,fstree,fstree.collect_entries,width-40000,1,2,40000,0,,15859766,396.49415,15789000,0,1813432,14993720166178614202,,,structured,40000,1,40000,wide,,40257,1,width,plain
go,fstree,fstree.collect_entries,width-40000,1,3,40000,0,,15296451,382.411275,15229000,17000,1813432,14993720166178614202,,,structured,40000,1,40000,wide,,40257,1,width,plain
go,fstree,fstree.collect_entries,width-4096,1,0,4096,0,,1494605,364.893798828125,1494000,0,1813432,13256494381648301123,,,structured,4096,1,4096,wide,,4122,1,width,plain
go,fstree,fstree.collect_entries,width-4096,1,1,4096,0,,1484426,362.40869140625,1482000,0,1813432,13256494381648301123,,,structured,4096,1,4096,wide,,4122,1,width,plain
go,fstree,fstree.collect_entries,width-4096,1,2,4096,0,,1518290,370.67626953125,1453000,62000,1813432,13256494381648301123,,,structured,4096,1,4096,wide,,4122,1,width,plain
go,fstree,fstree.collect_entries,width-4096,1,3,4096,0,,1495297,365.062744140625,1435000,61000,1813432,13256494381648301123,,,structured,4096,1,4096,wide,,4122,1,width,plain
go,fstree,fstree.decode_dir_leaf,entries-1024,1,0,65536,4849856,encoded,22985369,350.72889709472656,22925000,0,1813432,4752332038147119141,75779,64,structured,1024,,,leaf,,,1,entries,plain
go,fstree,fstree.decode_dir_leaf,entries-1024,1,1,65536,4849856,encoded,23155112,353.3189697265625,23092000,0,1813432,4752332038147119141,75779,64,structured,1024,,,leaf,,,1,entries,plain
go,fstree,fstree.decode_dir_leaf,entries-1024,1,2,65536,4849856,encoded,23273299,355.1223602294922,23189000,0,1813432,4752332038147119141,75779,64,structured,1024,,,leaf,,,1,entries,plain
go,fstree,fstree.decode_dir_leaf,entries-1024,1,3,65536,4849856,encoded,22837677,348.4752960205078,22594000,200000,1813432,4752332038147119141,75779,64,structured,1024,,,leaf,,,1,entries,plain
go,fstree,fstree.decode_dir_leaf,entries-128,1,0,8192,606336,encoded,2898778,353.854736328125,2901000,0,1813432,13453085420543655461,9474,64,structured,128,,,leaf,,,1,entries,plain
go,fstree,fstree.decode_dir_leaf,entries-128,1,1,8192,606336,encoded,2968280,362.3388671875,3316000,0,1813432,13453085420543655461,9474,64,structured,128,,,leaf,,,1,entries,plain
go,fstree,fstree.decode_dir_leaf,entries-128,1,2,8192,606336,encoded,2905761,354.7071533203125,2901000,0,1813432,13453085420543655461,9474,64,structured,128,,,leaf,,,1,entries,plain
go,fstree,fstree.decode_dir_leaf,entries-128,1,3,8192,606336,encoded,2917904,356.189453125,2915000,0,1813432,13453085420543655461,9474,64,structured,128,,,leaf,,,1,entries,plain
go,fstree,fstree.decode_dir_leaf,entries-128-partial-change,1,0,8192,680064,encoded,3021993,368.8956298828125,3023000,0,1813432,868920460316997157,10626,64,partial-change,128,,,leaf,,,1,entries,partial-change
go,fstree,fstree.decode_dir_leaf,entries-128-partial-change,1,1,8192,680064,encoded,3035097,370.4952392578125,3023000,4000,1813432,868920460316997157,10626,64,partial-change,128,,,leaf,,,1,entries,partial-change
go,fstree,fstree.decode_dir_leaf,entries-128-partial-change,1,2,8192,680064,encoded,3038505,370.9112548828125,3041000,4000,1813432,868920460316997157,10626,64,partial-change,128,,,leaf,,,1,entries,partial-change
go,fstree,fstree.decode_dir_leaf,entries-128-partial-change,1,3,8192,680064,encoded,3043784,371.5556640625,3040000,0,1813432,868920460316997157,10626,64,partial-change,128,,,leaf,,,1,entries,partial-change
go,fstree,fstree.decode_dir_leaf,entries-128-with-xattrs,1,0,8192,680064,encoded,3032453,370.1724853515625,3027000,0,1813432,13453085420543655461,10626,64,structured,128,,,leaf,,,1,entries,with-xattrs
go,fstree,fstree.decode_dir_leaf,entries-128-with-xattrs,1,1,8192,680064,encoded,3014538,367.985595703125,3020000,0,1813432,13453085420543655461,10626,64,structured,128,,,leaf,,,1,entries,with-xattrs
go,fstree,fstree.decode_dir_leaf,entries-128-with-xattrs,1,2,8192,680064,encoded,3278813,400.2457275390625,3270000,0,1813432,13453085420543655461,10626,64,structured,128,,,leaf,,,1,entries,with-xattrs
go,fstree,fstree.decode_dir_leaf,entries-128-with-xattrs,1,3,8192,680064,encoded,3032734,370.206787109375,3041000,0,1813432,13453085420543655461,10626,64,structured,128,,,leaf,,,1,entries,with-xattrs
go,fstree,fstree.decode_dir_leaf,entries-8,1,0,512,37952,encoded,188440,368.046875,195000,0,1813432,13863560569644134693,593,64,structured,8,,,leaf,,,1,entries,plain
go,fstree,fstree.decode_dir_leaf,entries-8,1,1,512,37952,encoded,195313,381.470703125,201000,0,1813432,13863560569644134693,593,64,structured,8,,,leaf,,,1,entries,plain
go,fstree,fstree.decode_dir_leaf,entries-8,1,2,512,37952,encoded,191657,374.330078125,198000,0,1813432,13863560569644134693,593,64,structured,8,,,leaf,,,1,entries,plain
go,fstree,fstree.decode_dir_leaf,entries-8,1,3,512,37952,encoded,190955,372.958984375,194000,0,1813432,13863560569644134693,593,64,structured,8,,,leaf,,,1,entries,plain
go,fstree,fstree.decode_dir_node,pairs-1024,1,0,65536,3276992,encoded,11167573,170.4036407470703,11139000,9000,1813432,11961031557855502117,51203,64,structured,1024,,,index,,,1,entries,plain
go,fstree,fstree.decode_dir_node,pairs-1024,1,1,65536,3276992,encoded,10993391,167.74583435058594,10968000,0,1813432,11961031557855502117,51203,64,structured,1024,,,index,,,1,entries,plain
go,fstree,fstree.decode_dir_node,pairs-1024,1,2,65536,3276992,encoded,11097018,169.32705688476562,11070000,2000,1813432,11961031557855502117,51203,64,structured,1024,,,index,,,1,entries,plain
go,fstree,fstree.decode_dir_node,pairs-1024,1,3,65536,3276992,encoded,11186780,170.69671630859375,11174000,0,1813432,11961031557855502117,51203,64,structured,1024,,,index,,,1,entries,plain
go,fstree,fstree.decode_dir_node,pairs-128,1,0,8192,409728,encoded,1359828,165.99462890625,1321000,45000,1813432,9182210741442831141,6402,64,structured,128,,,index,,,1,entries,plain
go,fstree,fstree.decode_dir_node,pairs-128,1,1,8192,409728,encoded,1365459,166.6820068359375,1324000,46000,1813432,9182210741442831141,6402,64,structured,128,,,index,,,1,entries,plain
go,fstree,fstree.decode_dir_node,pairs-128,1,2,8192,409728,encoded,1422808,173.6826171875,1373000,50000,1813432,9182210741442831141,6402,64,structured,128,,,index,,,1,entries,plain
go,fstree,fstree.decode_dir_node,pairs-128,1,3,8192,409728,encoded,1378213,168.2388916015625,1383000,0,1813432,9182210741442831141,6402,64,structured,128,,,index,,,1,entries,plain
go,fstree,fstree.decode_dir_node,pairs-8,1,0,512,25664,encoded,96985,189.423828125,101000,0,1813432,8467071135069708069,401,64,structured,8,,,index,,,1,entries,plain
go,fstree,fstree.decode_dir_node,pairs-8,1,1,512,25664,encoded,95643,186.802734375,98000,0,1813432,8467071135069708069,401,64,structured,8,,,index,,,1,entries,plain
go,fstree,fstree.decode_dir_node,pairs-8,1,2,512,25664,encoded,97316,190.0703125,105000,0,1813432,8467071135069708069,401,64,structured,8,,,index,,,1,entries,plain
go,fstree,fstree.decode_dir_node,pairs-8,1,3,512,25664,encoded,95462,186.44921875,104000,0,1813432,8467071135069708069,401,64,structured,8,,,index,,,1,entries,plain
go,fstree,fstree.decode_file_node,children-1024,1,0,65536,2228416,encoded,5633822,85.96530151367188,5634000,0,1813432,7701241629847960229,34819,64,structured,1024,,,file-index,,,1,entries,plain
go,fstree,fstree.decode_file_node,children-1024,1,1,65536,2228416,encoded,5634794,85.98013305664062,5611000,0,1813432,7701241629847960229,34819,64,structured,1024,,,file-index,,,1,entries,plain
go,fstree,fstree.decode_file_node,children-1024,1,2,65536,2228416,encoded,5605438,85.53219604492188,5586000,0,1813432,7701241629847960229,34819,64,structured,1024,,,file-index,,,1,entries,plain
go,fstree,fstree.decode_file_node,children-1024,1,3,65536,2228416,encoded,5637559,86.02232360839844,5609000,0,1813432,7701241629847960229,34819,64,structured,1024,,,file-index,,,1,entries,plain
go,fstree,fstree.decode_file_node,children-128,1,0,8192,278656,encoded,716508,87.46435546875,724000,0,1813432,934824099510310693,4354,64,structured,128,,,file-index,,,1,entries,plain
go,fstree,fstree.decode_file_node,children-128,1,1,8192,278656,encoded,710838,86.772216796875,713000,0,1813432,934824099510310693,4354,64,structured,128,,,file-index,,,1,entries,plain
go,fstree,fstree.decode_file_node,children-128,1,2,8192,278656,encoded,705067,86.0677490234375,709000,0,1813432,934824099510310693,4354,64,structured,128,,,file-index,,,1,entries,plain
go,fstree,fstree.decode_file_node,children-128,1,3,8192,278656,encoded,716108,87.41552734375,716000,0,1813432,934824099510310693,4354,64,structured,128,,,file-index,,,1,entries,plain
go,fstree,fstree.decode_file_node,children-65536,1,0,4194304,142606656,encoded,371649913,88.60824418067932,369835000,655000,1813432,3370106694439645093,2228229,64,structured,65536,,,file-index,,,1,entries,plain
go,fstree,fstree.decode_file_node,children-65536,1,1,4194304,142606656,encoded,373397029,89.02478909492493,371657000,17523000,1813432,3370106694439645093,2228229,64,structured,65536,,,file-index,,,1,entries,plain
go,fstree,fstree.decode_file_node,children-65536,1,2,4194304,142606656,encoded,371147072,88.48835754394531,369575000,3526000,1813432,3370106694439645093,2228229,64,structured,65536,,,file-index,,,1,entries,plain
go,fstree,fstree.decode_file_node,children-65536,1,3,4194304,142606656,encoded,373819116,89.12542247772217,371305000,1454000,1813432,3370106694439645093,2228229,64,structured,65536,,,file-index,,,1,entries,plain
go,fstree,fstree.decode_file_node,children-8,1,0,512,17472,encoded,58251,113.771484375,54000,7000,1813432,6032738727359362853,273,64,structured,8,,,file-index,,,1,entries,plain
go,fstree,fstree.decode_file_node,children-8,1,1,512,17472,encoded,56598,110.54296875,56000,7000,1813432,6032738727359362853,273,64,structured,8,,,file-index,,,1,entries,plain
go,fstree,fstree.decode_file_node,children-8,1,2,512,17472,encoded,59724,116.6484375,58000,8000,1813432,6032738727359362853,273,64,structured,8,,,file-index,,,1,entries,plain
go,fstree,fstree.decode_file_node,children-8,1,3,512,17472,encoded,56027,109.427734375,55000,8000,1813432,6032738727359362853,273,64,structured,8,,,file-index,,,1,entries,plain
go,fstree,fstree.dir_builder,entries-16,1,0,16,0,,21601,1350.0625,21000,3000,1813432,17327107032425722273,,,structured,16,1,16,wide,,,1,entries,plain
go,fstree,fstree.dir_builder,entries-16,1,1,16,0,,19838,1239.875,20000,2000,1813432,17327107032425722273,,,structured,16,1,16,wide,,,1,entries,plain
go,fstree,fstree.dir_builder,entries-16,1,2,16,0,,21812,1363.25,22000,3000,1813432,17327107032425722273,,,structured,16,1,16,wide,,,1,entries,plain
go,fstree,fstree.dir_builder,entries-16,1,3,16,0,,18546,1159.125,19000,3000,1813432,17327107032425722273,,,structured,16,1,16,wide,,,1,entries,plain
go,fstree,fstree.dir_builder,entries-256,1,0,256,0,,139656,545.53125,126000,17000,1813432,6965094703770672903,,,structured,256,1,256,wide,,,1,entries,plain
go,fstree,fstree.dir_builder,entries-256,1,1,256,0,,139676,545.609375,126000,17000,1813432,6965094703770672903,,,structured,256,1,256,wide,,,1,entries,plain
go,fstree,fstree.dir_builder,entries-256,1,2,256,0,,141801,553.91015625,130000,18000,1813432,6965094703770672903,,,structured,256,1,256,wide,,,1,entries,plain
go,fstree,fstree.dir_builder,entries-256,1,3,256,0,,139536,545.0625,126000,17000,1813432,6965094703770672903,,,structured,256,1,256,wide,,,1,entries,plain
go,fstree,fstree.dir_builder,entries-40000,1,0,40000,0,,20434616,510.8654,20248000,1036000,1813432,5451962816014331386,,,structured,40000,1,40000,wide,,,1,entries,plain
go,fstree,fstree.dir_builder,entries-40000,1,1,40000,0,,20144040,503.601,20117000,884000,1813432,5451962816014331386,,,structured,40000,1,40000,wide,,,1,entries,plain
go,fstree,fstree.dir_builder,entries-40000,1,2,40000,0,,19275001,481.875025,19141000,1022000,1813432,5451962816014331386,,,structured,40000,1,40000,wide,,,1,entries,plain
go,fstree,fstree.dir_builder,entries-40000,1,3,40000,0,,19863965,496.599125,19787000,968000,1813432,5451962816014331386,,,structured,40000,1,40000,wide,,,1,entries,plain
go,fstree,fstree.dir_builder,entries-4096,1,0,4096,0,,1974902,482.15380859375,1974000,0,1813432,13286298812054168386,,,structured,4096,1,4096,wide,,,1,entries,plain
go,fstree,fstree.dir_builder,entries-4096,1,1,4096,0,,1953332,476.8876953125,1843000,111000,1813432,13286298812054168386,,,structured,4096,1,4096,wide,,,1,entries,plain
go,fstree,fstree.dir_builder,entries-4096,1,2,4096,0,,1942691,474.289794921875,1938000,0,1813432,13286298812054168386,,,structured,4096,1,4096,wide,,,1,entries,plain
go,fstree,fstree.dir_builder,entries-4096,1,3,4096,0,,1963521,479.375244140625,1960000,0,1813432,13286298812054168386,,,structured,4096,1,4096,wide,,,1,entries,plain
go,fstree,fstree.encode_blob,1MiB-duplicate,1,0,4,4194304,payload,771003,192750.75,209000,903000,1813432,4954928577809952085,1048576,4,duplicate,,,,,,,1,item_bytes,duplicate
go,fstree,fstree.encode_blob,1MiB-duplicate,1,1,4,4194304,payload,777325,194331.25,776000,0,1813432,4954928577809952085,1048576,4,duplicate,,,,,,,1,item_bytes,duplicate
go,fstree,fstree.encode_blob,1MiB-duplicate,1,2,4,4194304,payload,764010,191002.5,763000,0,1813432,4954928577809952085,1048576,4,duplicate,,,,,,,1,item_bytes,duplicate
go,fstree,fstree.encode_blob,1MiB-duplicate,1,3,4,4194304,payload,771343,192835.75,775000,0,1813432,4954928577809952085,1048576,4,duplicate,,,,,,,1,item_bytes,duplicate
go,fstree,fstree.encode_blob,1MiB-random,1,0,4,4194304,payload,776293,194073.25,488000,937000,1813432,9939255841382022707,1048576,4,random,,,,,,,1,item_bytes,random
go,fstree,fstree.encode_blob,1MiB-random,1,1,4,4194304,payload,809877,202469.25,186000,880000,1813432,9939255841382022707,1048576,4,random,,,,,,,1,item_bytes,random
go,fstree,fstree.encode_blob,1MiB-random,1,2,4,4194304,payload,879370,219842.5,392000,930000,1813432,9939255841382022707,1048576,4,random,,,,,,,1,item_bytes,random
go,fstree,fstree.encode_blob,1MiB-random,1,3,4,4194304,payload,854893,213723.25,201000,706000,1813432,9939255841382022707,1048576,4,random,,,,,,,1,item_bytes,random
go,fstree,fstree.encode_blob,1MiB-text,1,0,4,4194304,payload,853290,213322.5,414000,923000,1813432,8948303745221278327,1048576,4,text,,,,,,,1,item_bytes,text
go,fstree,fstree.encode_blob,1MiB-text,1,1,4,4194304,payload,761385,190346.25,767000,0,1813432,8948303745221278327,1048576,4,text,,,,,,,1,item_bytes,text
go,fstree,fstree.encode_blob,1MiB-text,1,2,4,4194304,payload,767416,191854.0,767000,0,1813432,8948303745221278327,1048576,4,text,,,,,,,1,item_bytes,text
go,fstree,fstree.encode_blob,1MiB-text,1,3,4,4194304,payload,764420,191105.0,679000,91000,1813432,8948303745221278327,1048576,4,text,,,,,,,1,item_bytes,text
go,fstree,fstree.encode_blob,4KiB-duplicate,1,0,1024,4194304,payload,1829014,1786.146484375,1831000,0,1813432,17017657366255403813,4096,1024,duplicate,,,,,,,1,item_bytes,duplicate
go,fstree,fstree.encode_blob,4KiB-duplicate,1,1,1024,4194304,payload,1827711,1784.8740234375,1731000,97000,1813432,17017657366255403813,4096,1024,duplicate,,,,,,,1,item_bytes,duplicate
go,fstree,fstree.encode_blob,4KiB-duplicate,1,2,1024,4194304,payload,1936760,1891.3671875,1999000,1009000,1813432,17017657366255403813,4096,1024,duplicate,,,,,,,1,item_bytes,duplicate
go,fstree,fstree.encode_blob,4KiB-duplicate,1,3,1024,4194304,payload,1831108,1788.19140625,1829000,0,1813432,17017657366255403813,4096,1024,duplicate,,,,,,,1,item_bytes,duplicate
go,fstree,fstree.encode_blob,4KiB-random,1,0,1024,4194304,payload,1860945,1817.3291015625,1861000,0,1813432,14622718952877413808,4096,1024,random,,,,,,,1,item_bytes,random
go,fstree,fstree.encode_blob,4KiB-random,1,1,1024,4194304,payload,1847870,1804.560546875,1746000,99000,1813432,14622718952877413808,4096,1024,random,,,,,,,1,item_bytes,random
go,fstree,fstree.encode_blob,4KiB-random,1,2,1024,4194304,payload,1842489,1799.3056640625,1842000,0,1813432,14622718952877413808,4096,1024,random,,,,,,,1,item_bytes,random
go,fstree,fstree.encode_blob,4KiB-random,1,3,1024,4194304,payload,1856747,1813.2294921875,1857000,0,1813432,14622718952877413808,4096,1024,random,,,,,,,1,item_bytes,random
go,fstree,fstree.encode_blob,4KiB-text,1,0,1024,4194304,payload,1881424,1837.328125,1888000,0,1813432,16665551570620069306,4096,1024,text,,,,,,,1,item_bytes,text
go,fstree,fstree.encode_blob,4KiB-text,1,1,1024,4194304,payload,2189152,2137.84375,2184000,0,1813432,16665551570620069306,4096,1024,text,,,,,,,1,item_bytes,text
go,fstree,fstree.encode_blob,4KiB-text,1,2,1024,4194304,payload,1881033,1836.9462890625,1866000,0,1813432,16665551570620069306,4096,1024,text,,,,,,,1,item_bytes,text
go,fstree,fstree.encode_blob,4KiB-text,1,3,1024,4194304,payload,1845526,1802.271484375,1843000,0,1813432,16665551570620069306,4096,1024,text,,,,,,,1,item_bytes,text
go,fstree,fstree.encode_blob,empty,1,0,8000,0,payload,963320,120.415,964000,0,1813432,2254434588782405797,,8000,empty,,,,,,,1,item_bytes,empty
go,fstree,fstree.encode_blob,empty,1,1,8000,0,payload,977808,122.226,978000,0,1813432,2254434588782405797,,8000,empty,,,,,,,1,item_bytes,empty
go,fstree,fstree.encode_blob,empty,1,2,8000,0,payload,981505,122.688125,982000,0,1813432,2254434588782405797,,8000,empty,,,,,,,1,item_bytes,empty
go,fstree,fstree.encode_blob,empty,1,3,8000,0,payload,978580,122.3225,978000,0,1813432,2254434588782405797,,8000,empty,,,,,,,1,item_bytes,empty
go,fstree,fstree.encode_blob,large-8MiB-duplicate,1,0,2,16777216,payload,3011904,1505952.0,3012000,0,1813432,6013579253605003965,8388608,2,duplicate,,,,,,,1,item_bytes,duplicate
go,fstree,fstree.encode_blob,large-8MiB-duplicate,1,1,2,16777216,payload,3041561,1520780.5,3038000,3000,1813432,6013579253605003965,8388608,2,duplicate,,,,,,,1,item_bytes,duplicate
go,fstree,fstree.encode_blob,large-8MiB-duplicate,1,2,2,16777216,payload,3017996,1508998.0,3012000,0,1813432,6013579253605003965,8388608,2,duplicate,,,,,,,1,item_bytes,duplicate
go,fstree,fstree.encode_blob,large-8MiB-duplicate,1,3,2,16777216,payload,3031261,1515630.5,3031000,0,1813432,6013579253605003965,8388608,2,duplicate,,,,,,,1,item_bytes,duplicate
go,fstree,fstree.encode_blob,large-8MiB-random,1,0,1,8388608,payload,1528089,1528089.0,1528000,0,1813432,18309876851832907018,8388608,1,random,,,,,,,1,item_bytes,random
go,fstree,fstree.encode_blob,large-8MiB-random,1,1,1,8388608,payload,1513932,1513932.0,1519000,0,1813432,18309876851832907018,8388608,1,random,,,,,,,1,item_bytes,random
go,fstree,fstree.encode_blob,large-8MiB-random,1,2,1,8388608,payload,1513862,1513862.0,1514000,0,1813432,18309876851832907018,8388608,1,random,,,,,,,1,item_bytes,random
go,fstree,fstree.encode_blob,large-8MiB-random,1,3,1,8388608,payload,1849183,1849183.0,1844000,0,1813432,18309876851832907018,8388608,1,random,,,,,,,1,item_bytes,random
go,fstree,fstree.encode_blob,large-8MiB-text,1,0,1,8388608,payload,1540272,1540272.0,1530000,0,1813432,9430261300512049942,8388608,1,text,,,,,,,1,item_bytes,text
go,fstree,fstree.encode_blob,large-8MiB-text,1,1,1,8388608,payload,1517669,1517669.0,1522000,0,1813432,9430261300512049942,8388608,1,text,,,,,,,1,item_bytes,text
go,fstree,fstree.encode_blob,large-8MiB-text,1,2,1,8388608,payload,1523510,1523510.0,1466000,62000,1813432,9430261300512049942,8388608,1,text,,,,,,,1,item_bytes,text
go,fstree,fstree.encode_blob,large-8MiB-text,1,3,1,8388608,payload,1527167,1527167.0,1532000,0,1813432,9430261300512049942,8388608,1,text,,,,,,,1,item_bytes,text
go,fstree,fstree.encode_blob,tiny-64B-duplicate,1,0,16384,1048576,payload,2338617,142.73785400390625,2335000,0,1813432,8354136380780258085,64,16384,duplicate,,,,,,,1,item_bytes,duplicate
go,fstree,fstree.encode_blob,tiny-64B-duplicate,1,1,16384,1048576,payload,2213689,135.11285400390625,2218000,0,1813432,8354136380780258085,64,16384,duplicate,,,,,,,1,item_bytes,duplicate
go,fstree,fstree.encode_blob,tiny-64B-duplicate,1,2,16384,1048576,payload,2207978,134.7642822265625,2195000,24000,1813432,8354136380780258085,64,16384,duplicate,,,,,,,1,item_bytes,duplicate
go,fstree,fstree.encode_blob,tiny-64B-duplicate,1,3,16384,1048576,payload,2219480,135.46630859375,2194000,23000,1813432,8354136380780258085,64,16384,duplicate,,,,,,,1,item_bytes,duplicate
go,fstree,fstree.encode_blob,tiny-64B-random,1,0,16384,1048576,payload,2226773,135.91143798828125,2206000,25000,1813432,1495078422366159392,64,16384,random,,,,,,,1,item_bytes,random
go,fstree,fstree.encode_blob,tiny-64B-random,1,1,16384,1048576,payload,2224619,135.77996826171875,2223000,0,1813432,1495078422366159392,64,16384,random,,,,,,,1,item_bytes,random
go,fstree,fstree.encode_blob,tiny-64B-random,1,2,16384,1048576,payload,2231453,136.19708251953125,2207000,26000,1813432,1495078422366159392,64,16384,random,,,,,,,1,item_bytes,random
go,fstree,fstree.encode_blob,tiny-64B-random,1,3,16384,1048576,payload,2213960,135.12939453125,2246000,0,1813432,1495078422366159392,64,16384,random,,,,,,,1,item_bytes,random
go,fstree,fstree.encode_blob,tiny-64B-text,1,0,16384,1048576,payload,2218969,135.43511962890625,2220000,0,1813432,8258853772002371914,64,16384,text,,,,,,,1,item_bytes,text
go,fstree,fstree.encode_blob,tiny-64B-text,1,1,16384,1048576,payload,2221163,135.56903076171875,2224000,0,1813432,8258853772002371914,64,16384,text,,,,,,,1,item_bytes,text
go,fstree,fstree.encode_blob,tiny-64B-text,1,2,16384,1048576,payload,2231443,136.19647216796875,2196000,25000,1813432,8258853772002371914,64,16384,text,,,,,,,1,item_bytes,text
go,fstree,fstree.encode_blob,tiny-64B-text,1,3,16384,1048576,payload,2211625,134.98687744140625,2190000,24000,1813432,8258853772002371914,64,16384,text,,,,,,,1,item_bytes,text
go,fstree,fstree.encode_dir_leaf,entries-1024,1,0,65536,4849856,encoded,10356443,158.0267791748047,10283000,31000,1813432,14926286625942829477,75779,64,structured,1024,,,leaf,,,1,entries,plain
go,fstree,fstree.encode_dir_leaf,entries-1024,1,1,65536,4849856,encoded,9940288,151.6767578125,9912000,0,1813432,14926286625942829477,75779,64,structured,1024,,,leaf,,,1,entries,plain
go,fstree,fstree.encode_dir_leaf,entries-1024,1,2,65536,4849856,encoded,9977680,152.247314453125,9937000,0,1813432,14926286625942829477,75779,64,structured,1024,,,leaf,,,1,entries,plain
go,fstree,fstree.encode_dir_leaf,entries-1024,1,3,65536,4849856,encoded,9966429,152.0756378173828,9948000,0,1813432,14926286625942829477,75779,64,structured,1024,,,leaf,,,1,entries,plain
go,fstree,fstree.encode_dir_leaf,entries-128,1,0,8192,606336,encoded,1381339,168.6204833984375,1388000,0,1813432,1374923134133451557,9474,64,structured,128,,,leaf,,,1,entries,plain
go,fstree,fstree.encode_dir_leaf,entries-128,1,1,8192,606336,encoded,1343306,163.977783203125,1345000,0,1813432,1374923134133451557,9474,64,structured,128,,,leaf,,,1,entries,plain
go,fstree,fstree.encode_dir_leaf,entries-128,1,2,8192,606336,encoded,1344459,164.1185302734375,1187000,158000,1813432,1374923134133451557,9474,64,structured,128,,,leaf,,,1,entries,plain
go,fstree,fstree.encode_dir_leaf,entries-128,1,3,8192,606336,encoded,1355159,165.4246826171875,1356000,0,1813432,1374923134133451557,9474,64,structured,128,,,leaf,,,1,entries,plain
go,fstree,fstree.encode_dir_leaf,entries-128-partial-change,1,0,8192,680064,encoded,1424922,173.940673828125,1431000,0,1813432,4655539362595262373,10626,64,partial-change,128,,,leaf,,,1,entries,partial-change
go,fstree,fstree.encode_dir_leaf,entries-128-partial-change,1,1,8192,680064,encoded,1474777,180.0264892578125,1424000,58000,1813432,4655539362595262373,10626,64,partial-change,128,,,leaf,,,1,entries,partial-change
go,fstree,fstree.encode_dir_leaf,entries-128-partial-change,1,2,8192,680064,encoded,1466802,179.052978515625,1412000,55000,1813432,4655539362595262373,10626,64,partial-change,128,,,leaf,,,1,entries,partial-change
go,fstree,fstree.encode_dir_leaf,entries-128-partial-change,1,3,8192,680064,encoded,1435893,175.2799072265625,1440000,0,1813432,4655539362595262373,10626,64,partial-change,128,,,leaf,,,1,entries,partial-change
go,fstree,fstree.encode_dir_leaf,entries-128-with-xattrs,1,0,8192,680064,encoded,1414372,172.65283203125,1366000,50000,1813432,13784683988985435685,10626,64,structured,128,,,leaf,,,1,entries,with-xattrs
go,fstree,fstree.encode_dir_leaf,entries-128-with-xattrs,1,1,8192,680064,encoded,1430863,174.6658935546875,1375000,49000,1813432,13784683988985435685,10626,64,structured,128,,,leaf,,,1,entries,with-xattrs
go,fstree,fstree.encode_dir_leaf,entries-128-with-xattrs,1,2,8192,680064,encoded,1437626,175.491455078125,1385000,51000,1813432,13784683988985435685,10626,64,structured,128,,,leaf,,,1,entries,with-xattrs
go,fstree,fstree.encode_dir_leaf,entries-128-with-xattrs,1,3,8192,680064,encoded,1435953,175.2872314453125,1437000,0,1813432,13784683988985435685,10626,64,structured,128,,,leaf,,,1,entries,with-xattrs
go,fstree,fstree.encode_dir_leaf,entries-8,1,0,512,37952,encoded,120330,235.01953125,115000,15000,1813432,9483523244623033125,593,64,structured,8,,,leaf,,,1,entries,plain
go,fstree,fstree.encode_dir_leaf,entries-8,1,1,512,37952,encoded,120340,235.0390625,109000,14000,1813432,9483523244623033125,593,64,structured,8,,,leaf,,,1,entries,plain
go,fstree,fstree.encode_dir_leaf,entries-8,1,2,512,37952,encoded,118948,232.3203125,111000,14000,1813432,9483523244623033125,593,64,structured,8,,,leaf,,,1,entries,plain
go,fstree,fstree.encode_dir_leaf,entries-8,1,3,512,37952,encoded,120180,234.7265625,112000,15000,1813432,9483523244623033125,593,64,structured,8,,,leaf,,,1,entries,plain
go,fstree,fstree.encode_dir_node,pairs-1024,1,0,65536,3276992,encoded,4226594,64.49270629882812,4206000,25000,1813432,13134739177949024805,51203,64,structured,1024,,,index,,,1,entries,plain
go,fstree,fstree.encode_dir_node,pairs-1024,1,1,65536,3276992,encoded,4289564,65.45355224609375,4252000,29000,1813432,13134739177949024805,51203,64,structured,1024,,,index,,,1,entries,plain
go,fstree,fstree.encode_dir_node,pairs-1024,1,2,65536,3276992,encoded,4271300,65.17486572265625,4234000,27000,1813432,13134739177949024805,51203,64,structured,1024,,,index,,,1,entries,plain
go,fstree,fstree.encode_dir_node,pairs-1024,1,3,65536,3276992,encoded,4222346,64.42788696289062,4194000,21000,1813432,13134739177949024805,51203,64,structured,1024,,,index,,,1,entries,plain
go,fstree,fstree.encode_dir_node,pairs-128,1,0,8192,409728,encoded,591419,72.1947021484375,579000,0,1813432,8693509944766546085,6402,64,structured,128,,,index,,,1,entries,plain
go,fstree,fstree.encode_dir_node,pairs-128,1,1,8192,409728,encoded,568236,69.36474609375,505000,67000,1813432,8693509944766546085,6402,64,structured,128,,,index,,,1,entries,plain
go,fstree,fstree.encode_dir_node,pairs-128,1,2,8192,409728,encoded,569989,69.5787353515625,511000,67000,1813432,8693509944766546085,6402,64,structured,128,,,index,,,1,entries,plain
go,fstree,fstree.encode_dir_node,pairs-128,1,3,8192,409728,encoded,575910,70.301513671875,577000,0,1813432,8693509944766546085,6402,64,structured,128,,,index,,,1,entries,plain
go,fstree,fstree.encode_dir_node,pairs-8,1,0,512,25664,encoded,67860,132.5390625,63000,8000,1813432,5615932682167956261,401,64,structured,8,,,index,,,1,entries,plain
go,fstree,fstree.encode_dir_node,pairs-8,1,1,512,25664,encoded,69954,136.62890625,77000,0,1813432,5615932682167956261,401,64,structured,8,,,index,,,1,entries,plain
go,fstree,fstree.encode_dir_node,pairs-8,1,2,512,25664,encoded,74503,145.513671875,74000,0,1813432,5615932682167956261,401,64,structured,8,,,index,,,1,entries,plain
go,fstree,fstree.encode_dir_node,pairs-8,1,3,512,25664,encoded,68491,133.771484375,63000,9000,1813432,5615932682167956261,401,64,structured,8,,,index,,,1,entries,plain
go,fstree,fstree.encode_file_node,children-1024,1,0,65536,2228416,encoded,2565761,39.15040588378906,2563000,0,1813432,7106826622917578021,34819,64,structured,1024,,,file-index,,,1,entries,plain
go,fstree,fstree.encode_file_node,children-1024,1,1,65536,2228416,encoded,2531145,38.62220764160156,2529000,0,1813432,7106826622917578021,34819,64,structured,1024,,,file-index,,,1,entries,plain
go,fstree,fstree.encode_file_node,children-1024,1,2,65536,2228416,encoded,2563708,39.11907958984375,2558000,0,1813432,7106826622917578021,34819,64,structured,1024,,,file-index,,,1,entries,plain
go,fstree,fstree.encode_file_node,children-1024,1,3,65536,2228416,encoded,2551053,38.92597961425781,2553000,0,1813432,7106826622917578021,34819,64,structured,1024,,,file-index,,,1,entries,plain
go,fstree,fstree.encode_file_node,children-128,1,0,8192,278656,encoded,393842,48.076416015625,403000,0,1813432,14969072261990374693,4354,64,structured,128,,,file-index,,,1,entries,plain
go,fstree,fstree.encode_file_node,children-128,1,1,8192,278656,encoded,393972,48.09228515625,397000,0,1813432,14969072261990374693,4354,64,structured,128,,,file-index,,,1,entries,plain
go,fstree,fstree.encode_file_node,children-128,1,2,8192,278656,encoded,393632,48.05078125,401000,0,1813432,14969072261990374693,4354,64,structured,128,,,file-index,,,1,entries,plain
go,fstree,fstree.encode_file_node,children-128,1,3,8192,278656,encoded,389484,47.54443359375,392000,0,1813432,14969072261990374693,4354,64,structured,128,,,file-index,,,1,entries,plain
go,fstree,fstree.encode_file_node,children-65536,1,0,4194304,142606656,encoded,178135176,42.47073554992676,177839000,840000,1813432,7201247303332347429,2228229,64,structured,65536,,,file-index,,,1,entries,plain
go,fstree,fstree.encode_file_node,children-65536,1,1,4194304,142606656,encoded,178037670,42.44748830795288,177994000,2874000,1813432,7201247303332347429,2228229,64,structured,65536,,,file-index,,,1,entries,plain
go,fstree,fstree.encode_file_node,children-65536,1,2,4194304,142606656,encoded,176788814,42.14973783493042,177296000,13061000,1813432,7201247303332347429,2228229,64,structured,65536,,,file-index,,,1,entries,plain
go,fstree,fstree.encode_file_node,children-65536,1,3,4194304,142606656,encoded,174061073,41.499393701553345,173550000,0,1813432,7201247303332347429,2228229,64,structured,65536,,,file-index,,,1,entries,plain
go,fstree,fstree.encode_file_node,children-8,1,0,512,17472,encoded,63652,124.3203125,60000,8000,1813432,6472471074395739557,273,64,structured,8,,,file-index,,,1,entries,plain
go,fstree,fstree.encode_file_node,children-8,1,1,512,17472,encoded,53382,104.26171875,50000,7000,1813432,6472471074395739557,273,64,structured,8,,,file-index,,,1,entries,plain
go,fstree,fstree.encode_file_node,children-8,1,2,512,17472,encoded,54194,105.84765625,51000,7000,1813432,6472471074395739557,273,64,structured,8,,,file-index,,,1,entries,plain
go,fstree,fstree.encode_file_node,children-8,1,3,512,17472,encoded,53703,104.888671875,52000,7000,1813432,6472471074395739557,273,64,structured,8,,,file-index,,,1,entries,plain
go,fstree,fstree.encode_xattr_set,xattrs-64,1,0,4096,0,,1725446,421.25146484375,1766000,976000,1813432,4027580594042018341,,64,structured,64,,,,,,1,,
go,fstree,fstree.encode_xattr_set,xattrs-64,1,1,4096,0,,1668667,407.389404296875,1667000,0,1813432,4027580594042018341,,64,structured,64,,,,,,1,,
go,fstree,fstree.encode_xattr_set,xattrs-64,1,2,4096,0,,1753881,428.193603515625,1750000,0,1813432,4027580594042018341,,64,structured,64,,,,,,1,,
go,fstree,fstree.encode_xattr_set,xattrs-64,1,3,4096,0,,1833252,447.5712890625,1781000,981000,1813432,4027580594042018341,,64,structured,64,,,,,,1,,
go,fstree,fstree.index_builder_file,children-1024,1,0,1024,0,,132794,129.681640625,120000,16000,1813432,9757242120474664615,,,structured,1024,,1024,file-index,,,1,entries,plain
go,fstree,fstree.index_builder_file,children-1024,1,1,1024,0,,133716,130.58203125,121000,16000,1813432,9757242120474664615,,,structured,1024,,1024,file-index,,,1,entries,plain
go,fstree,fstree.index_builder_file,children-1024,1,2,1024,0,,133204,130.08203125,136000,0,1813432,9757242120474664615,,,structured,1024,,1024,file-index,,,1,entries,plain
go,fstree,fstree.index_builder_file,children-1024,1,3,1024,0,,133155,130.0341796875,120000,16000,1813432,9757242120474664615,,,structured,1024,,1024,file-index,,,1,entries,plain
go,fstree,fstree.index_builder_file,children-128,1,0,128,0,,23865,186.4453125,29000,3000,1813432,5516234319160730044,,,structured,128,,128,file-index,,,1,entries,plain
go,fstree,fstree.index_builder_file,children-128,1,1,128,0,,25970,202.890625,25000,3000,1813432,5516234319160730044,,,structured,128,,128,file-index,,,1,entries,plain
go,fstree,fstree.index_builder_file,children-128,1,2,128,0,,25369,198.1953125,25000,3000,1813432,5516234319160730044,,,structured,128,,128,file-index,,,1,entries,plain
go,fstree,fstree.index_builder_file,children-128,1,3,128,0,,26120,204.0625,26000,4000,1813432,5516234319160730044,,,structured,128,,128,file-index,,,1,entries,plain
go,fstree,fstree.index_builder_file,children-65536,1,0,65536,0,,7941861,121.18318176269531,7747000,1113000,1813432,16475152812802804162,,,structured,65536,,65536,file-index,,,1,entries,plain
go,fstree,fstree.index_builder_file,children-65536,1,1,65536,0,,7677877,117.15510559082031,7648000,1094000,1813432,16475152812802804162,,,structured,65536,,65536,file-index,,,1,entries,plain
go,fstree,fstree.index_builder_file,children-65536,1,2,65536,0,,7769131,118.54753112792969,7642000,1096000,1813432,16475152812802804162,,,structured,65536,,65536,file-index,,,1,entries,plain
go,fstree,fstree.index_builder_file,children-65536,1,3,65536,0,,7710068,117.64630126953125,7595000,1088000,1813432,16475152812802804162,,,structured,65536,,65536,file-index,,,1,entries,plain
go,fstree,fstree.index_builder_file,children-8,1,0,8,0,,9628,1203.5,13000,2000,1813432,5481630882257051986,,,structured,8,,8,file-index,,,1,entries,plain
go,fstree,fstree.index_builder_file,children-8,1,1,8,0,,9298,1162.25,11000,2000,1813432,5481630882257051986,,,structured,8,,8,file-index,,,1,entries,plain
go,fstree,fstree.index_builder_file,children-8,1,2,8,0,,9759,1219.875,13000,2000,1813432,5481630882257051986,,,structured,8,,8,file-index,,,1,entries,plain
go,fstree,fstree.index_builder_file,children-8,1,3,8,0,,9788,1223.5,14000,2000,1813432,5481630882257051986,,,structured,8,,8,file-index,,,1,entries,plain
go,fstree,fstree.list_entries,widest/first-page-100,1,0,6400,0,,8701573,1359.62078125,8685000,0,1813432,10287959357742859045,,64,structured,40000,1,40000,wide,,,1,,
go,fstree,fstree.list_entries,widest/first-page-100,1,1,6400,0,,8765385,1369.59140625,8806000,979000,1813432,10287959357742859045,,64,structured,40000,1,40000,wide,,,1,,
go,fstree,fstree.list_entries,widest/first-page-100,1,2,6400,0,,8829988,1379.685625,8785000,979000,1813432,10287959357742859045,,64,structured,40000,1,40000,wide,,,1,,
go,fstree,fstree.list_entries,widest/first-page-100,1,3,6400,0,,8733594,1364.6240625,8733000,972000,1813432,10287959357742859045,,64,structured,40000,1,40000,wide,,,1,,
go,fstree,fstree.list_entries,width-16/full-paging-100,1,0,16,0,,7805,487.8125,10000,1000,1813432,8647329350532786293,,,structured,16,1,16,wide,,17,1,width,plain
go,fstree,fstree.list_entries,width-16/full-paging-100,1,1,16,0,,9969,623.0625,11000,2000,1813432,8647329350532786293,,,structured,16,1,16,wide,,17,1,width,plain
go,fstree,fstree.list_entries,width-16/full-paging-100,1,2,16,0,,8095,505.9375,12000,1000,1813432,8647329350532786293,,,structured,16,1,16,wide,,17,1,width,plain
go,fstree,fstree.list_entries,width-16/full-paging-100,1,3,16,0,,9068,566.75,13000,2000,1813432,8647329350532786293,,,structured,16,1,16,wide,,17,1,width,plain
go,fstree,fstree.list_entries,width-256/full-paging-100,1,0,256,0,,167109,652.76953125,151000,20000,1813432,13846005503640562525,,,structured,256,1,256,wide,,259,1,width,plain
go,fstree,fstree.list_entries,width-256/full-paging-100,1,1,256,0,,168342,657.5859375,152000,20000,1813432,13846005503640562525,,,structured,256,1,256,wide,,259,1,width,plain
go,fstree,fstree.list_entries,width-256/full-paging-100,1,2,256,0,,177309,692.61328125,157000,21000,1813432,13846005503640562525,,,structured,256,1,256,wide,,259,1,width,plain
go,fstree,fstree.list_entries,width-256/full-paging-100,1,3,256,0,,165066,644.7890625,149000,20000,1813432,13846005503640562525,,,structured,256,1,256,wide,,259,1,width,plain
go,fstree,fstree.list_entries,width-40000/full-paging-100,1,0,40000,0,,54500852,1362.5213,54331000,0,1813432,14411079679319204100,,,structured,40000,1,40000,wide,,40257,1,width,plain
go,fstree,fstree.list_entries,width-40000/full-paging-100,1,1,40000,0,,53271854,1331.79635,53096000,0,1813432,14411079679319204100,,,structured,40000,1,40000,wide,,40257,1,width,plain
go,fstree,fstree.list_entries,width-40000/full-paging-100,1,2,40000,0,,54300559,1357.513975,54102000,0,1813432,14411079679319204100,,,structured,40000,1,40000,wide,,40257,1,width,plain
go,fstree,fstree.list_entries,width-40000/full-paging-100,1,3,40000,0,,53086850,1327.17125,52815000,0,1813432,14411079679319204100,,,structured,40000,1,40000,wide,,40257,1,width,plain
go,fstree,fstree.list_entries,width-4096/full-paging-100,1,0,4096,0,,4716539,1151.498779296875,4640000,80000,1813432,11900522544021708933,,,structured,4096,1,4096,wide,,4122,1,width,plain
go,fstree,fstree.list_entries,width-4096/full-paging-100,1,1,4096,0,,4646627,1134.430419921875,4635000,0,1813432,11900522544021708933,,,structured,4096,1,4096,wide,,4122,1,width,plain
go,fstree,fstree.list_entries,width-4096/full-paging-100,1,2,4096,0,,4684990,1143.79638671875,4603000,76000,1813432,11900522544021708933,,,structured,4096,1,4096,wide,,4122,1,width,plain
go,fstree,fstree.list_entries,width-4096/full-paging-100,1,3,4096,0,,4842681,1182.295166015625,4845000,990000,1813432,11900522544021708933,,,structured,4096,1,4096,wide,,4122,1,width,plain
go,fstree,fstree.lookup_entry,width-16/hit,1,0,2000,0,,10067511,5033.7555,10047000,0,1813432,14771420707203887624,,,structured,16,1,16,wide,,17,1,width,hit
go,fstree,fstree.lookup_entry,width-16/hit,1,1,2000,0,,10139659,5069.8295,10509000,0,1813432,14771420707203887624,,,structured,16,1,16,wide,,17,1,width,hit
go,fstree,fstree.lookup_entry,width-16/hit,1,2,2000,0,,10040140,5020.07,10014000,0,1813432,14771420707203887624,,,structured,16,1,16,wide,,17,1,width,hit
go,fstree,fstree.lookup_entry,width-16/hit,1,3,2000,0,,10069967,5034.9835,10044000,0,1813432,14771420707203887624,,,structured,16,1,16,wide,,17,1,width,hit
go,fstree,fstree.lookup_entry,width-16/miss,1,0,2000,0,,10582475,5291.2375,10555000,0,1813432,15777377584200431653,,,structured,16,1,16,wide,,17,1,width,miss
go,fstree,fstree.lookup_entry,width-16/miss,1,1,2000,0,,10602724,5301.362,10525000,58000,1813432,15777377584200431653,,,structured,16,1,16,wide,,17,1,width,miss
go,fstree,fstree.lookup_entry,width-16/miss,1,2,2000,0,,11327719,5663.8595,11280000,0,1813432,15777377584200431653,,,structured,16,1,16,wide,,17,1,width,miss
go,fstree,fstree.lookup_entry,width-16/miss,1,3,2000,0,,11130453,5565.2265,11089000,0,1813432,15777377584200431653,,,structured,16,1,16,wide,,17,1,width,miss
go,fstree,fstree.lookup_entry,width-256/hit,1,0,2000,0,,82951610,41475.805,82703000,0,1813432,11355326517270140002,,,structured,256,1,256,wide,,259,1,width,hit
go,fstree,fstree.lookup_entry,width-256/hit,1,1,2000,0,,84192620,42096.31,83955000,0,1813432,11355326517270140002,,,structured,256,1,256,wide,,259,1,width,hit
go,fstree,fstree.lookup_entry,width-256/hit,1,2,2000,0,,81895071,40947.5355,81650000,0,1813432,11355326517270140002,,,structured,256,1,256,wide,,259,1,width,hit
go,fstree,fstree.lookup_entry,width-256/hit,1,3,2000,0,,82083221,41041.6105,81842000,0,1813432,11355326517270140002,,,structured,256,1,256,wide,,259,1,width,hit
go,fstree,fstree.lookup_entry,width-256/miss,1,0,2000,0,,1284213,642.1065,1269000,11000,1813432,15777377584200431653,,,structured,256,1,256,wide,,259,1,width,miss
go,fstree,fstree.lookup_entry,width-256/miss,1,1,2000,0,,1254316,627.158,1255000,0,1813432,15777377584200431653,,,structured,256,1,256,wide,,259,1,width,miss
go,fstree,fstree.lookup_entry,width-256/miss,1,2,2000,0,,1270387,635.1935,1246000,31000,1813432,15777377584200431653,,,structured,256,1,256,wide,,259,1,width,miss
go,fstree,fstree.lookup_entry,width-256/miss,1,3,2000,0,,1377271,688.6355,1264000,920000,1813432,15777377584200431653,,,structured,256,1,256,wide,,259,1,width,miss
go,fstree,fstree.lookup_entry,width-40000/hit,1,0,2000,0,,209338172,104669.086,208697000,0,1813432,12892554884894536865,,,structured,40000,1,40000,wide,,40257,1,width,hit
go,fstree,fstree.lookup_entry,width-40000/hit,1,1,2000,0,,206244563,103122.2815,205021000,1713000,1813432,12892554884894536865,,,structured,40000,1,40000,wide,,40257,1,width,hit
go,fstree,fstree.lookup_entry,width-40000/hit,1,2,2000,0,,205859147,102929.5735,205283000,3767000,1813432,12892554884894536865,,,structured,40000,1,40000,wide,,40257,1,width,hit
go,fstree,fstree.lookup_entry,width-40000/hit,1,3,2000,0,,204627734,102313.867,203980000,0,1813432,12892554884894536865,,,structured,40000,1,40000,wide,,40257,1,width,hit
go,fstree,fstree.lookup_entry,width-40000/miss,1,0,2000,0,,1270216,635.108,1273000,0,1813432,15777377584200431653,,,structured,40000,1,40000,wide,,40257,1,width,miss
go,fstree,fstree.lookup_entry,width-40000/miss,1,1,2000,0,,1284093,642.0465,1252000,32000,1813432,15777377584200431653,,,structured,40000,1,40000,wide,,40257,1,width,miss
go,fstree,fstree.lookup_entry,width-40000/miss,1,2,2000,0,,1286137,643.0685,1255000,31000,1813432,15777377584200431653,,,structured,40000,1,40000,wide,,40257,1,width,miss
go,fstree,fstree.lookup_entry,width-40000/miss,1,3,2000,0,,1283903,641.9515,1285000,0,1813432,15777377584200431653,,,structured,40000,1,40000,wide,,40257,1,width,miss
go,fstree,fstree.lookup_entry,width-4096/hit,1,0,2000,0,,160161242,80080.621,158859000,852000,1813432,11788397270751236684,,,structured,4096,1,4096,wide,,4122,1,width,hit
go,fstree,fstree.lookup_entry,width-4096/hit,1,1,2000,0,,158944657,79472.3285,157818000,3764000,1813432,11788397270751236684,,,structured,4096,1,4096,wide,,4122,1,width,hit
go,fstree,fstree.lookup_entry,width-4096/hit,1,2,2000,0,,158580462,79290.231,158122000,0,1813432,11788397270751236684,,,structured,4096,1,4096,wide,,4122,1,width,hit
go,fstree,fstree.lookup_entry,width-4096/hit,1,3,2000,0,,159957031,79978.5155,159460000,0,1813432,11788397270751236684,,,structured,4096,1,4096,wide,,4122,1,width,hit
go,fstree,fstree.lookup_entry,width-4096/miss,1,0,2000,0,,7600780,3800.39,7593000,0,1813432,15777377584200431653,,,structured,4096,1,4096,wide,,4122,1,width,miss
go,fstree,fstree.lookup_entry,width-4096/miss,1,1,2000,0,,7466893,3733.4465,7175000,271000,1813432,15777377584200431653,,,structured,4096,1,4096,wide,,4122,1,width,miss
go,fstree,fstree.lookup_entry,width-4096/miss,1,2,2000,0,,7389846,3694.923,7286000,1045000,1813432,15777377584200431653,,,structured,4096,1,4096,wide,,4122,1,width,miss
go,fstree,fstree.lookup_entry,width-4096/miss,1,3,2000,0,,7571313,3785.6565,7423000,1187000,1813432,15777377584200431653,,,structured,4096,1,4096,wide,,4122,1,width,miss
go,fstree,fstree.reachable_keys,deep,0,0,24,0,,144957,6039.875,175000,22000,1813432,5223880262323894244,,,structured,,24,,deep,,,,,
go,fstree,fstree.reachable_keys,deep,0,1,24,0,,143865,5994.375,172000,22000,1813432,5223880262323894244,,,structured,,24,,deep,,,,,
go,fstree,fstree.reachable_keys,deep,0,2,24,0,,148945,6206.041666666667,182000,23000,1813432,5223880262323894244,,,structured,,24,,deep,,,,,
go,fstree,fstree.reachable_keys,deep,0,3,24,0,,147252,6135.5,179000,23000,1813432,5223880262323894244,,,structured,,24,,deep,,,,,
go,fstree,fstree.reachable_keys,file-corpus,0,0,64,0,,37301,582.828125,42000,5000,1813432,9688511076259073062,,,text,64,,,file-index,,,,,
go,fstree,fstree.reachable_keys,file-corpus,0,1,64,0,,31701,495.328125,45000,6000,1813432,9688511076259073062,,,text,64,,,file-index,,,,,
go,fstree,fstree.reachable_keys,file-corpus,0,2,64,0,,33824,528.5,45000,6000,1813432,9688511076259073062,,,text,64,,,file-index,,,,,
go,fstree,fstree.reachable_keys,file-corpus,0,3,64,0,,37262,582.21875,53000,0,1813432,9688511076259073062,,,text,64,,,file-index,,,,,
go,fstree,fstree.reachable_keys,width-16,0,0,17,0,,20760,1221.1764705882354,27000,4000,1813432,8753205170136912308,,,structured,16,1,16,wide,,17,,width,plain
go,fstree,fstree.reachable_keys,width-16,0,1,17,0,,22874,1345.5294117647059,30000,0,1813432,8753205170136912308,,,structured,16,1,16,wide,,17,,width,plain
go,fstree,fstree.reachable_keys,width-16,0,2,17,0,,20079,1181.1176470588234,30000,4000,1813432,8753205170136912308,,,structured,16,1,16,wide,,17,,width,plain
go,fstree,fstree.reachable_keys,width-16,0,3,17,0,,29666,1745.0588235294117,44000,0,1813432,8753205170136912308,,,structured,16,1,16,wide,,17,,width,plain
go,fstree,fstree.reachable_keys,width-256,0,0,259,0,,88249,340.72972972972974,146000,0,1813432,10166096353870829249,,,structured,256,1,256,wide,,259,,width,plain
go,fstree,fstree.reachable_keys,width-256,0,1,259,0,,88960,343.4749034749035,128000,16000,1813432,10166096353870829249,,,structured,256,1,256,wide,,259,,width,plain
go,fstree,fstree.reachable_keys,width-256,0,2,259,0,,89111,344.05791505791507,143000,0,1813432,10166096353870829249,,,structured,256,1,256,wide,,259,,width,plain
go,fstree,fstree.reachable_keys,width-256,0,3,259,0,,89411,345.2162162162162,144000,0,1813432,10166096353870829249,,,structured,256,1,256,wide,,259,,width,plain
go,fstree,fstree.reachable_keys,width-40000,0,0,40257,0,,5013106,124.52756042427404,17718000,0,1813432,8781341933545400491,,,structured,40000,1,40000,wide,,40257,,width,plain
go,fstree,fstree.reachable_keys,width-40000,0,1,40257,0,,4717642,117.1881163524356,15252000,1250000,1813432,8781341933545400491,,,structured,40000,1,40000,wide,,40257,,width,plain
go,fstree,fstree.reachable_keys,width-40000,0,2,40257,0,,4788788,118.95541148123307,16476000,0,1813432,8781341933545400491,,,structured,40000,1,40000,wide,,40257,,width,plain
go,fstree,fstree.reachable_keys,width-40000,0,3,40257,0,,4755484,118.12812678540378,17103000,0,1813432,8781341933545400491,,,structured,40000,1,40000,wide,,40257,,width,plain
go,fstree,fstree.reachable_keys,width-4096,0,0,4122,0,,597051,144.84497816593887,1577000,199000,1813432,2551262535976545999,,,structured,4096,1,4096,wide,,4122,,width,plain
go,fstree,fstree.reachable_keys,width-4096,0,1,4122,0,,589666,143.05337214944203,1681000,88000,1813432,2551262535976545999,,,structured,4096,1,4096,wide,,4122,,width,plain
go,fstree,fstree.reachable_keys,width-4096,0,2,4122,0,,583475,141.55143134400777,1772000,0,1813432,2551262535976545999,,,structured,4096,1,4096,wide,,4122,,width,plain
go,fstree,fstree.reachable_keys,width-4096,0,3,4122,0,,593193,143.90902474526928,1747000,0,1813432,2551262535976545999,,,structured,4096,1,4096,wide,,4122,,width,plain
go,fstree,fstree.resolve_entry,depth-1,1,0,256,0,,1595819,6233.66796875,1596000,0,1813432,14437412121268626213,,256,structured,,1,16,deep,,,1,depth,plain
go,fstree,fstree.resolve_entry,depth-1,1,1,256,0,,1672645,6533.76953125,1664000,0,1813432,14437412121268626213,,256,structured,,1,16,deep,,,1,depth,plain
go,fstree,fstree.resolve_entry,depth-1,1,2,256,0,,1587864,6202.59375,1591000,0,1813432,14437412121268626213,,256,structured,,1,16,deep,,,1,depth,plain
go,fstree,fstree.resolve_entry,depth-1,1,3,256,0,,1598092,6242.546875,1604000,0,1813432,14437412121268626213,,256,structured,,1,16,deep,,,1,depth,plain
go,fstree,fstree.resolve_entry,depth-12,1,0,256,0,,4359337,17028.66015625,4353000,0,1813432,14437412121268626213,,256,structured,,12,16,deep,,,1,depth,plain
go,fstree,fstree.resolve_entry,depth-12,1,1,256,0,,4082088,15945.65625,4070000,7000,1813432,14437412121268626213,,256,structured,,12,16,deep,,,1,depth,plain
go,fstree,fstree.resolve_entry,depth-12,1,2,256,0,,4693937,18335.69140625,4681000,0,1813432,14437412121268626213,,256,structured,,12,16,deep,,,1,depth,plain
go,fstree,fstree.resolve_entry,depth-12,1,3,256,0,,4068021,15890.70703125,4064000,4000,1813432,14437412121268626213,,256,structured,,12,16,deep,,,1,depth,plain
go,fstree,fstree.resolve_entry,depth-24,1,0,256,0,,6839676,26717.484375,6841000,0,1813432,14437412121268626213,,256,structured,,24,16,deep,,,1,depth,plain
go,fstree,fstree.resolve_entry,depth-24,1,1,256,0,,6803997,26578.11328125,6794000,0,1813432,14437412121268626213,,256,structured,,24,16,deep,,,1,depth,plain
go,fstree,fstree.resolve_entry,depth-24,1,2,256,0,,6842451,26728.32421875,6819000,0,1813432,14437412121268626213,,256,structured,,24,16,deep,,,1,depth,plain
go,fstree,fstree.resolve_entry,depth-24,1,3,256,0,,6899029,26949.33203125,6781000,93000,1813432,14437412121268626213,,256,structured,,24,16,deep,,,1,depth,plain
go,fstree,fstree.resolve_entry,depth-4,1,0,256,0,,2286869,8933.08203125,2283000,0,1813432,14437412121268626213,,256,structured,,4,16,deep,,,1,depth,plain
go,fstree,fstree.resolve_entry,depth-4,1,1,256,0,,2298591,8978.87109375,2302000,0,1813432,14437412121268626213,,256,structured,,4,16,deep,,,1,depth,plain
go,fstree,fstree.resolve_entry,depth-4,1,2,256,0,,2632429,10282.92578125,2616000,0,1813432,14437412121268626213,,256,structured,,4,16,deep,,,1,depth,plain
go,fstree,fstree.resolve_entry,depth-4,1,3,256,0,,2308660,9018.203125,2309000,0,1813432,14437412121268626213,,256,structured,,4,16,deep,,,1,depth,plain
go,fstree,fstree.resolve_path,depth-1,1,0,256,0,,226362,884.2265625,235000,0,1813432,11225199624901261093,,256,structured,,1,16,deep,,,1,depth,plain
go,fstree,fstree.resolve_path,depth-1,1,1,256,0,,230371,899.88671875,234000,0,1813432,11225199624901261093,,256,structured,,1,16,deep,,,1,depth,plain
go,fstree,fstree.resolve_path,depth-1,1,2,256,0,,233696,912.875,241000,0,1813432,11225199624901261093,,256,structured,,1,16,deep,,,1,depth,plain
go,fstree,fstree.resolve_path,depth-1,1,3,256,0,,231372,903.796875,232000,0,1813432,11225199624901261093,,256,structured,,1,16,deep,,,1,depth,plain
go,fstree,fstree.resolve_path,depth-12,1,0,256,0,,2543619,9936.01171875,2481000,60000,1813432,11225199624901261093,,256,structured,,12,16,deep,,,1,depth,plain
go,fstree,fstree.resolve_path,depth-12,1,1,256,0,,2936690,11471.4453125,2826000,106000,1813432,11225199624901261093,,256,structured,,12,16,deep,,,1,depth,plain
go,fstree,fstree.resolve_path,depth-12,1,2,256,0,,2580530,10080.1953125,2570000,9000,1813432,11225199624901261093,,256,structured,,12,16,deep,,,1,depth,plain
go,fstree,fstree.resolve_path,depth-12,1,3,256,0,,2583886,10093.3046875,2593000,0,1813432,11225199624901261093,,256,structured,,12,16,deep,,,1,depth,plain
go,fstree,fstree.resolve_path,depth-24,1,0,256,0,,5221564,20396.734375,5209000,0,1813432,11225199624901261093,,256,structured,,24,16,deep,,,1,depth,plain
go,fstree,fstree.resolve_path,depth-24,1,1,256,0,,5233718,20444.2109375,5221000,0,1813432,11225199624901261093,,256,structured,,24,16,deep,,,1,depth,plain
go,fstree,fstree.resolve_path,depth-24,1,2,256,0,,5651125,22074.70703125,5645000,0,1813432,11225199624901261093,,256,structured,,24,16,deep,,,1,depth,plain
go,fstree,fstree.resolve_path,depth-24,1,3,256,0,,5079523,19841.88671875,5055000,0,1813432,11225199624901261093,,256,structured,,24,16,deep,,,1,depth,plain
go,fstree,fstree.resolve_path,depth-4,1,0,256,0,,859361,3356.87890625,863000,0,1813432,11225199624901261093,,256,structured,,4,16,deep,,,1,depth,plain
go,fstree,fstree.resolve_path,depth-4,1,1,256,0,,878909,3433.23828125,877000,0,1813432,11225199624901261093,,256,structured,,4,16,deep,,,1,depth,plain
go,fstree,fstree.resolve_path,depth-4,1,2,256,0,,855004,3339.859375,859000,0,1813432,11225199624901261093,,256,structured,,4,16,deep,,,1,depth,plain
go,fstree,fstree.resolve_path,depth-4,1,3,256,0,,855965,3343.61328125,861000,0,1813432,11225199624901261093,,256,structured,,4,16,deep,,,1,depth,plain
go,fstree,fstree.write_content,file-corpus,1,0,64,67108864,payload,10560,165.0,14000,0,1813432,8506292028909064249,67108864,,text,64,,,file-index,,,1,,
go,fstree,fstree.write_content,file-corpus,1,1,64,67108864,payload,10791,168.609375,16000,0,1813432,8506292028909064249,67108864,,text,64,,,file-index,,,1,,
go,fstree,fstree.write_content,file-corpus,1,2,64,67108864,payload,10390,162.34375,17000,0,1813432,8506292028909064249,67108864,,text,64,,,file-index,,,1,,
go,fstree,fstree.write_content,file-corpus,1,3,64,67108864,payload,9558,149.34375,13000,0,1813432,8506292028909064249,67108864,,text,64,,,file-index,,,1,,
go,gc,gc.begin_write,gate-span,8,0,4096,0,,143104,34.9375,139000,17000,1813432,2041016804563428133,,4096,structured,,,,,5323,30000,8,,
go,gc,gc.begin_write,gate-span,8,1,4096,0,,145528,35.529296875,155000,0,1813432,2041016804563428133,,4096,structured,,,,,5323,30000,8,,
go,gc,gc.begin_write,gate-span,8,2,4096,0,,136040,33.212890625,128000,17000,1813432,2041016804563428133,,4096,structured,,,,,5323,30000,8,,
go,gc,gc.begin_write,gate-span,8,3,4096,0,,134467,32.828857421875,148000,0,1813432,2041016804563428133,,4096,structured,,,,,5323,30000,8,,
go,gc,gc.close,idle,8,0,1,0,,331,331.0,4000,0,1813432,9929646806074584996,,1,structured,,,,,5323,30000,8,,
go,gc,gc.close,idle,8,1,1,0,,351,351.0,3000,1000,1813432,9929646806074584996,,1,structured,,,,,5323,30000,8,,
go,gc,gc.close,idle,8,2,1,0,,331,331.0,1000,0,1813432,9929646806074584996,,1,structured,,,,,5323,30000,8,,
go,gc,gc.close,idle,8,3,1,0,,260,260.0,1000,0,1813432,9929646806074584996,,1,structured,,,,,5323,30000,8,,
go,gc,gc.open,populated,8,0,1,0,,40247,40247.0,38000,5000,1813432,9929646806074584996,,1,structured,,,,,5323,30000,8,,
go,gc,gc.open,populated,8,1,1,0,,38413,38413.0,0,40000,1813432,9929646806074584996,,1,structured,,,,,5323,30000,8,,
go,gc,gc.open,populated,8,2,1,0,,38162,38162.0,36000,5000,1813432,9929646806074584996,,1,structured,,,,,5323,30000,8,,
go,gc,gc.open,populated,8,3,1,0,,46519,46519.0,44000,6000,1813432,9929646806074584996,,1,structured,,,,,5323,30000,8,,
go,gc,gc.prepare_ref,missing-root,8,0,64,0,,181797,2840.578125,210000,29000,1813432,5451865213850879781,,64,structured,,,,,5323,30000,8,,
go,gc,gc.prepare_ref,missing-root,8,1,64,0,,167721,2620.640625,192000,27000,1813432,5451865213850879781,,64,structured,,,,,5323,30000,8,,
go,gc,gc.prepare_ref,missing-root,8,2,64,0,,160847,2513.234375,187000,26000,1813432,5451865213850879781,,64,structured,,,,,5323,30000,8,,
go,gc,gc.prepare_ref,missing-root,8,3,64,0,,140258,2191.53125,159000,23000,1813432,5451865213850879781,,64,structured,,,,,5323,30000,8,,
go,gc,gc.prepare_ref,tree-root/abort,8,0,1,0,,2868659,2868659.0,7166000,0,1813432,3466077071251760278,,1,structured,,,,,5323,30000,8,,
go,gc,gc.prepare_ref,tree-root/abort,8,1,1,0,,2805600,2805600.0,6192000,1450000,1813432,3466077071251760278,,1,structured,,,,,5323,30000,8,,
go,gc,gc.prepare_ref,tree-root/abort,8,2,1,0,,2960615,2960615.0,7022000,442000,1813432,3466077071251760278,,1,structured,,,,,5323,30000,8,,
go,gc,gc.prepare_ref,tree-root/abort,8,3,1,0,,2817943,2817943.0,6984000,439000,1813432,3466077071251760278,,1,structured,,,,,5323,30000,8,,
go,gc,gc.prepare_ref,tree-root/commit,8,0,1,0,,2922723,2922723.0,7143000,320000,1813432,3466077071251760278,,1,structured,,,,,5323,30000,8,,
go,gc,gc.prepare_ref,tree-root/commit,8,1,1,0,,2799077,2799077.0,6619000,1562000,1813432,3466077071251760278,,1,structured,,,,,5323,30000,8,,
go,gc,gc.prepare_ref,tree-root/commit,8,2,1,0,,2821280,2821280.0,6549000,538000,1813432,3466077071251760278,,1,structured,,,,,5323,30000,8,,
go,gc,gc.prepare_ref,tree-root/commit,8,3,1,0,,2833272,2833272.0,7014000,0,1813432,3466077071251760278,,1,structured,,,,,5323,30000,8,,
go,gc,gc.release_ref,batch,8,0,4096,0,,26241,6.406494140625,35000,6000,1813432,2041016804563428133,,4096,structured,,,,,5323,30000,8,,
go,gc,gc.release_ref,batch,8,1,4096,0,,30488,7.443359375,34000,0,1813432,2041016804563428133,,4096,structured,,,,,5323,30000,8,,
go,gc,gc.release_ref,batch,8,2,4096,0,,26400,6.4453125,27000,5000,1813432,2041016804563428133,,4096,structured,,,,,5323,30000,8,,
go,gc,gc.release_ref,batch,8,3,4096,0,,26341,6.430908203125,25000,4000,1813432,2041016804563428133,,4096,structured,,,,,5323,30000,8,,
go,gc,gc.run,nothing-to-reclaim,8,0,1,0,,2827722,2827722.0,2823000,0,1813432,6133323038569782353,,1,structured,,,,,5323,30000,8,,
go,gc,gc.run,nothing-to-reclaim,8,1,1,0,,3854323,3854323.0,2890000,987000,1813432,2673627517436694065,,1,structured,,,,,5323,30000,8,,
go,gc,gc.run,nothing-to-reclaim,8,2,1,0,,3762828,3762828.0,3783000,0,1813432,2673627517436694065,,1,structured,,,,,5323,30000,8,,
go,gc,gc.run,nothing-to-reclaim,8,3,1,0,,3810048,3810048.0,3817000,0,1813432,2673627517436694065,,1,structured,,,,,5323,30000,8,,
go,gc,gc.run,reclaimable-packs,8,0,1,0,,14911254,14911254.0,7374000,5912000,1813432,1155823227134505205,,1,structured,,,,,5323,30000,8,,
go,gc,gc.run,reclaimable-packs,8,1,1,0,,15582888,15582888.0,8320000,4081000,1813432,1155823227134505205,,1,structured,,,,,5323,30000,8,,
go,gc,gc.run,reclaimable-packs,8,2,1,0,,14703678,14703678.0,7033000,5006000,1813432,1155823227134505205,,1,structured,,,,,5323,30000,8,,
go,gc,gc.run,reclaimable-packs,8,3,1,0,,14737322,14737322.0,6940000,6032000,1813432,14735239148249698622,,1,structured,,,,,5323,30000,8,,
go,gc,gc.status,mark+score,8,0,1,0,,5281348,5281348.0,5242000,38000,1813432,4487786246251641876,,1,structured,,,,,5323,30000,8,,
go,gc,gc.status,mark+score,8,1,1,0,,5444170,5444170.0,5427000,0,1813432,4487786246251641876,,1,structured,,,,,5323,30000,8,,
go,gc,gc.status,mark+score,8,2,1,0,,5111243,5111243.0,5334000,54000,1813432,4487786246251641876,,1,structured,,,,,5323,30000,8,,
go,gc,gc.status,mark+score,8,3,1,0,,5564089,5564089.0,5471000,76000,1813432,4487786246251641876,,1,structured,,,,,5323,30000,8,,
go,gc,gc.why,live-root,8,0,1,0,,69112,69112.0,63000,11000,1813432,5171508924536841009,,1,structured,,,,,5323,30000,8,,
go,gc,gc.why,live-root,8,1,1,0,,50777,50777.0,47000,8000,1813432,5171508924536841009,,1,structured,,,,,5323,30000,8,,
go,gc,gc.why,live-root,8,2,1,0,,67549,67549.0,68000,0,1813432,5171508924536841009,,1,structured,,,,,5323,30000,8,,
go,gc,gc.why,live-root,8,3,1,0,,55416,55416.0,50000,9000,1813432,5171508924536841009,,1,structured,,,,,5323,30000,8,,
go,gc,gc.wipe,store-reset,8,0,1,0,,7065026,7065026.0,0,7051000,1813432,9929646806074584996,,1,structured,,,,,5323,30000,8,,
go,gc,gc.wipe,store-reset,8,1,1,0,,7103499,7103499.0,0,7711000,1813432,9929646806074584996,,1,structured,,,,,5323,30000,8,,
go,gc,gc.wipe,store-reset,8,2,1,0,,7176519,7176519.0,113000,7045000,1813432,9929646806074584996,,1,structured,,,,,5323,30000,8,,
go,gc,gc.wipe,store-reset,8,3,1,0,,6598525,6598525.0,454000,6133000,1813432,9929646806074584996,,1,structured,,,,,5323,30000,8,,
go,inbox,inbox.close,drained,8,0,1,0,,6419063,6419063.0,33020000,2509000,1813432,1,,48,structured,,,,,,1536,8,,
go,inbox,inbox.close,drained,8,1,1,0,,2718894,2718894.0,9686000,1938000,1813432,1,,48,structured,,,,,,1536,8,,
go,inbox,inbox.close,drained,8,2,1,0,,8593796,8593796.0,42771000,2399000,1813432,1,,48,structured,,,,,,1536,8,,
go,inbox,inbox.close,drained,8,3,1,0,,6679409,6679409.0,32810000,1597000,1813432,1,,48,structured,,,,,,1536,8,,
go,inbox,inbox.commit,packs/duplicate,8,0,48,0,,955245,19900.9375,571000,905000,1813432,14442695759380775205,,48,structured,,,,,,1536,8,,
go,inbox,inbox.commit,packs/duplicate,8,1,48,0,,1412298,29422.875,320000,2048000,1813432,14442695759380775205,,48,structured,,,,,,1536,8,,
go,inbox,inbox.commit,packs/duplicate,8,2,48,0,,860174,17920.291666666668,0,860000,1813432,14442695759380775205,,48,structured,,,,,,1536,8,,
go,inbox,inbox.commit,packs/duplicate,8,3,48,0,,880351,18340.645833333332,768000,139000,1813432,14442695759380775205,,48,structured,,,,,,1536,8,,
go,inbox,inbox.discard,packs,8,0,48,0,,809586,16866.375,0,810000,1813432,621668730929712677,,48,structured,,,,,,1536,8,,
go,inbox,inbox.discard,packs,8,1,48,0,,834775,17391.145833333332,0,990000,1813432,621668730929712677,,48,structured,,,,,,1536,8,,
go,inbox,inbox.discard,packs,8,2,48,0,,785931,16373.5625,0,787000,1813432,621668730929712677,,48,structured,,,,,,1536,8,,
go,inbox,inbox.discard,packs,8,3,48,0,,771805,16079.270833333334,0,775000,1813432,621668730929712677,,48,structured,,,,,,1536,8,,
go,inbox,inbox.drain,packs/new,8,0,48,13557248,payload,13869575,288949.4791666667,70198000,4897000,1813432,13961300895036949583,,48,structured,,,,,,1536,8,,
go,inbox,inbox.drain,packs/new,8,1,48,13557248,payload,14418433,300384.0208333333,68629000,6183000,1813432,13961300895036949583,,48,structured,,,,,,1536,8,,
go,inbox,inbox.drain,packs/new,8,2,48,13557248,payload,14158346,294965.5416666667,66897000,6935000,1813432,13961300895036949583,,48,structured,,,,,,1536,8,,
go,inbox,inbox.drain,packs/new,8,3,48,13557248,payload,14554783,303224.6458333333,69366000,5123000,1813432,13961300895036949583,,48,structured,,,,,,1536,8,,
go,inbox,inbox.open,empty,8,0,1,0,,65946,65946.0,58000,10000,1813432,9929646806074584996,,1,structured,,,,,,,8,,
go,inbox,inbox.open,empty,8,1,1,0,,59564,59564.0,56000,10000,1813432,9929646806074584996,,1,structured,,,,,,,8,,
go,inbox,inbox.open,empty,8,2,1,0,,67319,67319.0,60000,11000,1813432,9929646806074584996,,1,structured,,,,,,,8,,
go,inbox,inbox.open,empty,8,3,1,0,,82027,82027.0,0,66000,1813432,9929646806074584996,,1,structured,,,,,,,8,,
go,inbox,inbox.open,sweeps-staged-tmp-files,8,0,48,0,,827330,17236.041666666668,707000,128000,1813432,9929646806074584996,,48,structured,,,,,,1536,8,,
go,inbox,inbox.open,sweeps-staged-tmp-files,8,1,48,0,,1101875,22955.729166666668,87000,1020000,1813432,9929646806074584996,,48,structured,,,,,,1536,8,,
go,inbox,inbox.open,sweeps-staged-tmp-files,8,2,48,0,,867186,18066.375,0,867000,1813432,9929646806074584996,,48,structured,,,,,,1536,8,,
go,inbox,inbox.open,sweeps-staged-tmp-files,8,3,48,0,,852789,17766.4375,850000,0,1813432,9929646806074584996,,48,structured,,,,,,1536,8,,
go,inbox,inbox.stage,packs,8,0,48,13557248,payload,8803847,183413.47916666666,1312000,3044000,1813432,15294849032487892219,,48,structured,,,,,,1536,8,,
go,inbox,inbox.stage,packs,8,1,48,13557248,payload,8434412,175716.91666666666,2903000,1342000,1813432,15294849032487892219,,48,structured,,,,,,1536,8,,
go,inbox,inbox.stage,packs,8,2,48,13557248,payload,8427669,175576.4375,2853000,1334000,1813432,15294849032487892219,,48,structured,,,,,,1536,8,,
go,inbox,inbox.stage,packs,8,3,48,13557248,payload,8430805,175641.77083333334,2147000,2016000,1813432,15294849032487892219,,48,structured,,,,,,1536,8,,
go,ingest,ingest.dir,single-file/jobs-1,1,0,1,8388608,included,27805536,27805536.0,34670000,905000,1813432,16884914658931180307,8388608,,text,,,,,1,,1,,
go,ingest,ingest.dir,single-file/jobs-1,1,1,1,8388608,included,27806698,27806698.0,34737000,750000,1813432,16884914658931180307,8388608,,text,,,,,1,,1,,
go,ingest,ingest.dir,single-file/jobs-1,1,2,1,8388608,included,27825815,27825815.0,35052000,458000,1813432,16884914658931180307,8388608,,text,,,,,1,,1,,
go,ingest,ingest.dir,single-file/jobs-1,1,3,1,8388608,included,27640972,27640972.0,34407000,864000,1813432,16884914658931180307,8388608,,text,,,,,1,,1,,
go,ingest,ingest.dir,tree/fresh-store/jobs-1,1,0,5323,54773504,included,605303161,113714.66485064813,1295337000,104731000,1813432,11676859075978515035,,,tree,5323,,,,5323,,1,,
go,ingest,ingest.dir,tree/fresh-store/jobs-1,1,1,5323,54773504,included,638231062,119900.63159872252,1296538000,124568000,1813432,11676859075978515035,,,tree,5323,,,,5323,,1,,
go,ingest,ingest.dir,tree/fresh-store/jobs-1,1,2,5323,54773504,included,605890423,113824.9902310727,1303927000,103644000,1813432,11676859075978515035,,,tree,5323,,,,5323,,1,,
go,ingest,ingest.dir,tree/fresh-store/jobs-1,1,3,5323,54773504,included,626288589,117657.0710125869,1282840000,139501000,1813432,11676859075978515035,,,tree,5323,,,,5323,,1,,
go,ingest,ingest.dir,tree/fresh-store/jobs-N,8,0,5323,54773504,included,487934976,91665.4097313545,3059780000,197177000,1813432,11676859075978515035,,,tree,5323,,,,5323,,8,,
go,ingest,ingest.dir,tree/fresh-store/jobs-N,8,1,5323,54773504,included,494502222,92899.15874506858,3094861000,211012000,1818084,11676859075978515035,,,tree,5323,,,,5323,,8,,
go,ingest,ingest.dir,tree/fresh-store/jobs-N,8,2,5323,54773504,included,497940530,93545.09299267331,3123398000,214610000,1818084,11676859075978515035,,,tree,5323,,,,5323,,8,,
go,ingest,ingest.dir,tree/fresh-store/jobs-N,8,3,5323,54773504,included,487243105,91535.43208716888,3043273000,221901000,1818084,11676859075978515035,,,tree,5323,,,,5323,,8,,
go,ingest,ingest.dir,tree/incremental-change/jobs-1,1,0,5331,54870720,included,492360090,92357.9234665166,1034511000,82722000,1818084,9934276586168172514,,,tree,5331,,,,5331,,1,,
go,ingest,ingest.dir,tree/incremental-change/jobs-1,1,1,5331,54870720,included,496991035,93226.60570249484,1033442000,95402000,1818084,9934276586168172514,,,tree,5331,,,,5331,,1,,
go,ingest,ingest.dir,tree/incremental-change/jobs-1,1,2,5331,54870720,included,498559972,93520.91014818984,1017151000,98817000,1818084,9934276586168172514,,,tree,5331,,,,5331,,1,,
go,ingest,ingest.dir,tree/incremental-change/jobs-1,1,3,5331,54870720,included,484324719,90850.63196398424,1020264000,88779000,1818084,9934276586168172514,,,tree,5331,,,,5331,,1,,
go,ingest,ingest.dir,tree/incremental-change/jobs-N,8,0,5331,54870720,included,476398739,89363.86025135998,2887664000,187808000,1818084,9934276586168172514,,,tree,5331,,,,5331,,8,,
go,ingest,ingest.dir,tree/incremental-change/jobs-N,8,1,5331,54870720,included,474127429,88937.80322641156,2846232000,206790000,1818084,9934276586168172514,,,tree,5331,,,,5331,,8,,
go,ingest,ingest.dir,tree/incremental-change/jobs-N,8,2,5331,54870720,included,463581725,86959.61827049335,2773984000,167711000,1818084,9934276586168172514,,,tree,5331,,,,5331,,8,,
go,ingest,ingest.dir,tree/incremental-change/jobs-N,8,3,5331,54870720,included,466442298,87496.21046707935,2797961000,195018000,1818084,9934276586168172514,,,tree,5331,,,,5331,,8,,
go,ingest,ingest.dir,tree/unchanged-repeat/jobs-1,1,0,5323,54773504,included,501062111,94131.52564343416,1051281000,59373000,1818084,3570115954193555256,,,tree,5323,,,,5323,,1,,
go,ingest,ingest.dir,tree/unchanged-repeat/jobs-1,1,1,5323,54773504,included,497017675,93371.72177343603,1027297000,83709000,1818084,3570115954193555256,,,tree,5323,,,,5323,,1,,
go,ingest,ingest.dir,tree/unchanged-repeat/jobs-1,1,2,5323,54773504,included,500064405,93944.09261694533,1040381000,76850000,1818084,3570115954193555256,,,tree,5323,,,,5323,,1,,
go,ingest,ingest.dir,tree/unchanged-repeat/jobs-1,1,3,5323,54773504,included,497003768,93369.10914897615,1023895000,80374000,1818084,3570115954193555256,,,tree,5323,,,,5323,,1,,
go,ingest,ingest.dir,tree/unchanged-repeat/jobs-N,8,0,5323,54773504,included,465914650,87528.58350554199,2789462000,198783000,1823900,3570115954193555256,,,tree,5323,,,,5323,,8,,
go,ingest,ingest.dir,tree/unchanged-repeat/jobs-N,8,1,5323,54773504,included,471447249,88567.95960924291,2759531000,177737000,1823900,3570115954193555256,,,tree,5323,,,,5323,,8,,
go,ingest,ingest.dir,tree/unchanged-repeat/jobs-N,8,2,5323,54773504,included,459516508,86326.60304339658,2738997000,171541000,1823900,3570115954193555256,,,tree,5323,,,,5323,,8,,
go,ingest,ingest.dir,tree/unchanged-repeat/jobs-N,8,3,5323,54773504,included,475568412,89342.1777193312,2857234000,170064000,1823900,3570115954193555256,,,tree,5323,,,,5323,,8,,
go,ingest,ingest.objects,tree/jobs-1,1,0,5323,54773504,included,498236043,93600.60924290813,1042271000,49416000,1823900,13884254140586815919,,,tree,5323,,,,5323,,1,,
go,ingest,ingest.objects,tree/jobs-1,1,1,5323,54773504,included,500594988,94043.77005448056,1021380000,64548000,1823900,13884254140586815919,,,tree,5323,,,,5323,,1,,
go,ingest,ingest.objects,tree/jobs-1,1,2,5323,54773504,included,490214318,92093.61600601165,1025229000,74279000,1823900,13884254140586815919,,,tree,5323,,,,5323,,1,,
go,ingest,ingest.objects,tree/jobs-1,1,3,5323,54773504,included,497459278,93454.68307345481,983310000,85278000,1823900,13884254140586815919,,,tree,5323,,,,5323,,1,,
go,ingest,ingest.objects,tree/jobs-N,8,0,5323,54773504,included,468575131,88028.39207213977,2797109000,178151000,1823900,13884254140586815919,,,tree,5323,,,,5323,,8,,
go,ingest,ingest.objects,tree/jobs-N,8,1,5323,54773504,included,460902294,86586.94232575616,2773384000,190136000,1823900,13884254140586815919,,,tree,5323,,,,5323,,8,,
go,ingest,ingest.objects,tree/jobs-N,8,2,5323,54773504,included,471310887,88542.34210031937,2833964000,181701000,1823900,13884254140586815919,,,tree,5323,,,,5323,,8,,
go,ingest,ingest.objects,tree/jobs-N,8,3,5323,54773504,included,450104648,84558.45350366335,2707150000,188135000,1823900,13884254140586815919,,,tree,5323,,,,5323,,8,,
go,ingest,ingest.scan,filtered/jobs-1,1,0,5323,54773504,logical-scanned,12104853,2274.0659402592523,8002000,8261000,1823900,912696922934256833,,,tree,5323,,,,5323,,1,,
go,ingest,ingest.scan,filtered/jobs-1,1,1,5323,54773504,logical-scanned,11923317,2239.9618636107457,10567000,5165000,1823900,912696922934256833,,,tree,5323,,,,5323,,1,,
go,ingest,ingest.scan,filtered/jobs-1,1,2,5323,54773504,logical-scanned,11917495,2238.8681194814953,6768000,8989000,1823900,912696922934256833,,,tree,5323,,,,5323,,1,,
go,ingest,ingest.scan,filtered/jobs-1,1,3,5323,54773504,logical-scanned,11314073,2125.506857035506,7778000,6988000,1823900,912696922934256833,,,tree,5323,,,,5323,,1,,
go,ingest,ingest.scan,filtered/jobs-N,8,0,5323,54773504,logical-scanned,5010351,941.2645124929551,11751000,2955000,1823900,912696922934256833,,,tree,5323,,,,5323,,8,,
go,ingest,ingest.scan,filtered/jobs-N,8,1,5323,54773504,logical-scanned,5184384,973.9590456509487,6943000,7764000,1823900,912696922934256833,,,tree,5323,,,,5323,,8,,
go,ingest,ingest.scan,filtered/jobs-N,8,2,5323,54773504,logical-scanned,5297870,995.2789780199136,7828000,8009000,1823900,912696922934256833,,,tree,5323,,,,5323,,8,,
go,ingest,ingest.scan,filtered/jobs-N,8,3,5323,54773504,logical-scanned,5114239,960.7813263197445,8687000,6307000,1823900,912696922934256833,,,tree,5323,,,,5323,,8,,
go,ingest,ingest.scan,unfiltered/jobs-1,1,0,5451,54807232,logical-scanned,7144248,1310.6307099614748,3340000,7962000,1823900,2781455543472510454,,,tree,5451,,,,5451,,1,,
go,ingest,ingest.scan,unfiltered/jobs-1,1,1,5451,54807232,logical-scanned,7138226,1309.5259585397175,5286000,6073000,1823900,2781455543472510454,,,tree,5451,,,,5451,,1,,
go,ingest,ingest.scan,unfiltered/jobs-1,1,2,5451,54807232,logical-scanned,7150981,1311.8658961658411,5299000,7298000,1823900,2781455543472510454,,,tree,5451,,,,5451,,1,,
go,ingest,ingest.scan,unfiltered/jobs-1,1,3,5451,54807232,logical-scanned,7168894,1315.1520821867548,7631000,5047000,1823900,2781455543472510454,,,tree,5451,,,,5451,,1,,
go,key,key.accessors,type+length+length_size+hash,1,0,8000,0,,100502,12.56275,94000,10000,1823900,6262822620398329345,32,2000,structured,,,,,,,1,,
go,key,key.accessors,type+length+length_size+hash,1,1,8000,0,,100402,12.55025,94000,10000,1823900,6262822620398329345,32,2000,structured,,,,,,,1,,
go,key,key.accessors,type+length+length_size+hash,1,2,8000,0,,100241,12.530125,96000,10000,1823900,6262822620398329345,32,2000,structured,,,,,,,1,,
go,key,key.accessors,type+length+length_size+hash,1,3,8000,0,,101444,12.6805,99000,11000,1823900,6262822620398329345,32,2000,structured,,,,,,,1,,
go,key,key.new,1MiB-duplicate,1,0,8,8388608,payload,1527818,190977.25,1526000,0,1823900,11063746857747467653,1048576,8,duplicate,,,,,,,1,item_bytes,duplicate
go,key,key.new,1MiB-duplicate,1,1,8,8388608,payload,1510806,188850.75,1459000,51000,1823900,11063746857747467653,1048576,8,duplicate,,,,,,,1,item_bytes,duplicate
go,key,key.new,1MiB-duplicate,1,2,8,8388608,payload,1527248,190906.0,1525000,0,1823900,11063746857747467653,1048576,8,duplicate,,,,,,,1,item_bytes,duplicate
go,key,key.new,1MiB-duplicate,1,3,8,8388608,payload,1519874,189984.25,1516000,0,1823900,11063746857747467653,1048576,8,duplicate,,,,,,,1,item_bytes,duplicate
go,key,key.new,1MiB-random,1,0,8,8388608,payload,1528530,191066.25,1524000,0,1823900,1284065684854767273,1048576,8,random,,,,,,,1,item_bytes,random
go,key,key.new,1MiB-random,1,1,8,8388608,payload,1539901,192487.625,1485000,54000,1823900,1284065684854767273,1048576,8,random,,,,,,,1,item_bytes,random
go,key,key.new,1MiB-random,1,2,8,8388608,payload,1537958,192244.75,1538000,0,1823900,1284065684854767273,1048576,8,random,,,,,,,1,item_bytes,random
go,key,key.new,1MiB-random,1,3,8,8388608,payload,1535033,191879.125,1483000,53000,1823900,1284065684854767273,1048576,8,random,,,,,,,1,item_bytes,random
go,key,key.new,1MiB-text,1,0,8,8388608,payload,1531927,191490.875,1484000,53000,1823900,12941013600637000189,1048576,8,text,,,,,,,1,item_bytes,text
go,key,key.new,1MiB-text,1,1,8,8388608,payload,1531997,191499.625,1476000,51000,1823900,12941013600637000189,1048576,8,text,,,,,,,1,item_bytes,text
go,key,key.new,1MiB-text,1,2,8,8388608,payload,1526486,190810.75,1477000,52000,1823900,12941013600637000189,1048576,8,text,,,,,,,1,item_bytes,text
go,key,key.new,1MiB-text,1,3,8,8388608,payload,1537728,192216.0,1485000,53000,1823900,12941013600637000189,1048576,8,text,,,,,,,1,item_bytes,text
go,key,key.new,4KiB-duplicate,1,0,2048,8388608,payload,3608473,1761.94970703125,3591000,0,1823900,12569752037296702245,4096,2048,duplicate,,,,,,,1,item_bytes,duplicate
go,key,key.new,4KiB-duplicate,1,1,2048,8388608,payload,3605387,1760.44287109375,3536000,56000,1823900,12569752037296702245,4096,2048,duplicate,,,,,,,1,item_bytes,duplicate
go,key,key.new,4KiB-duplicate,1,2,2048,8388608,payload,3676844,1795.333984375,3607000,65000,1823900,12569752037296702245,4096,2048,duplicate,,,,,,,1,item_bytes,duplicate
go,key,key.new,4KiB-duplicate,1,3,2048,8388608,payload,3598253,1756.95947265625,3542000,57000,1823900,12569752037296702245,4096,2048,duplicate,,,,,,,1,item_bytes,duplicate
go,key,key.new,4KiB-random,1,0,2048,8388608,payload,3776875,1844.17724609375,3760000,0,1823900,605854133766566054,4096,2048,random,,,,,,,1,item_bytes,random
go,key,key.new,4KiB-random,1,1,2048,8388608,payload,3638581,1776.65087890625,3573000,61000,1823900,605854133766566054,4096,2048,random,,,,,,,1,item_bytes,random
go,key,key.new,4KiB-random,1,2,2048,8388608,payload,3639943,1777.31591796875,3633000,0,1823900,605854133766566054,4096,2048,random,,,,,,,1,item_bytes,random
go,key,key.new,4KiB-random,1,3,2048,8388608,payload,3661945,1788.05908203125,3649000,0,1823900,605854133766566054,4096,2048,random,,,,,,,1,item_bytes,random
go,key,key.new,4KiB-text,1,0,2048,8388608,payload,3697734,1805.5341796875,3626000,67000,1823900,16526055008685758006,4096,2048,text,,,,,,,1,item_bytes,text
go,key,key.new,4KiB-text,1,1,2048,8388608,payload,3683517,1798.59228515625,3672000,0,1823900,16526055008685758006,4096,2048,text,,,,,,,1,item_bytes,text
go,key,key.new,4KiB-text,1,2,2048,8388608,payload,3674770,1794.3212890625,3609000,64000,1823900,16526055008685758006,4096,2048,text,,,,,,,1,item_bytes,text
go,key,key.new,4KiB-text,1,3,2048,8388608,payload,3672716,1793.318359375,3601000,63000,1823900,16526055008685758006,4096,2048,text,,,,,,,1,item_bytes,text
go,key,key.new,empty,1,0,8000,0,payload,856025,107.003125,856000,0,1823900,15745766035884648101,,8000,empty,,,,,,,1,item_bytes,empty
go,key,key.new,empty,1,1,8000,0,payload,850435,106.304375,853000,0,1823900,15745766035884648101,,8000,empty,,,,,,,1,item_bytes,empty
go,key,key.new,empty,1,2,8000,0,payload,854673,106.834125,856000,0,1823900,15745766035884648101,,8000,empty,,,,,,,1,item_bytes,empty
go,key,key.new,empty,1,3,8000,0,payload,846406,105.80075,767000,84000,1823900,15745766035884648101,,8000,empty,,,,,,,1,item_bytes,empty
go,key,key.new,large-8MiB-duplicate,1,0,2,16777216,payload,3041580,1520790.0,3034000,3000,1823900,14710080878821492665,8388608,2,duplicate,,,,,,,1,item_bytes,duplicate
go,key,key.new,large-8MiB-duplicate,1,1,2,16777216,payload,3057932,1528966.0,2952000,104000,1823900,14710080878821492665,8388608,2,duplicate,,,,,,,1,item_bytes,duplicate
go,key,key.new,large-8MiB-duplicate,1,2,2,16777216,payload,3011442,1505721.0,3006000,0,1823900,14710080878821492665,8388608,2,duplicate,,,,,,,1,item_bytes,duplicate
go,key,key.new,large-8MiB-duplicate,1,3,2,16777216,payload,3034406,1517203.0,3027000,1000,1823900,14710080878821492665,8388608,2,duplicate,,,,,,,1,item_bytes,duplicate
go,key,key.new,large-8MiB-random,1,0,1,8388608,payload,1673386,1673386.0,1030000,905000,1823900,14902405283868958466,8388608,1,random,,,,,,,1,item_bytes,random
go,key,key.new,large-8MiB-random,1,1,1,8388608,payload,1519001,1519001.0,1520000,0,1823900,14902405283868958466,8388608,1,random,,,,,,,1,item_bytes,random
go,key,key.new,large-8MiB-random,1,2,1,8388608,payload,1519202,1519202.0,1516000,0,1823900,14902405283868958466,8388608,1,random,,,,,,,1,item_bytes,random
go,key,key.new,large-8MiB-random,1,3,1,8388608,payload,1522779,1522779.0,1477000,52000,1823900,14902405283868958466,8388608,1,random,,,,,,,1,item_bytes,random
go,key,key.new,large-8MiB-text,1,0,1,8388608,payload,1520665,1520665.0,1524000,0,1823900,18070168667611237286,8388608,1,text,,,,,,,1,item_bytes,text
go,key,key.new,large-8MiB-text,1,1,1,8388608,payload,1534171,1534171.0,1540000,0,1823900,18070168667611237286,8388608,1,text,,,,,,,1,item_bytes,text
go,key,key.new,large-8MiB-text,1,2,1,8388608,payload,1529612,1529612.0,1527000,0,1823900,18070168667611237286,8388608,1,text,,,,,,,1,item_bytes,text
go,key,key.new,large-8MiB-text,1,3,1,8388608,payload,1523270,1523270.0,1521000,0,1823900,18070168667611237286,8388608,1,text,,,,,,,1,item_bytes,text
go,key,key.new,tiny-64B-duplicate,1,0,16384,1048576,payload,1756376,107.20068359375,1755000,0,1823900,16551090344971838245,64,16384,duplicate,,,,,,,1,item_bytes,duplicate
go,key,key.new,tiny-64B-duplicate,1,1,16384,1048576,payload,1751025,106.87408447265625,1754000,0,1823900,16551090344971838245,64,16384,duplicate,,,,,,,1,item_bytes,duplicate
go,key,key.new,tiny-64B-duplicate,1,2,16384,1048576,payload,1730697,105.63336181640625,1734000,0,1823900,16551090344971838245,64,16384,duplicate,,,,,,,1,item_bytes,duplicate
go,key,key.new,tiny-64B-duplicate,1,3,16384,1048576,payload,1762557,107.57794189453125,1761000,0,1823900,16551090344971838245,64,16384,duplicate,,,,,,,1,item_bytes,duplicate
go,key,key.new,tiny-64B-random,1,0,16384,1048576,payload,1751646,106.9119873046875,1696000,54000,1823900,9174902224779656527,64,16384,random,,,,,,,1,item_bytes,random
go,key,key.new,tiny-64B-random,1,1,16384,1048576,payload,1724714,105.2681884765625,1654000,72000,1823900,9174902224779656527,64,16384,random,,,,,,,1,item_bytes,random
go,key,key.new,tiny-64B-random,1,2,16384,1048576,payload,1755623,107.15472412109375,1754000,0,1823900,9174902224779656527,64,16384,random,,,,,,,1,item_bytes,random
go,key,key.new,tiny-64B-random,1,3,16384,1048576,payload,1759892,107.415283203125,1762000,0,1823900,9174902224779656527,64,16384,random,,,,,,,1,item_bytes,random
go,key,key.new,tiny-64B-text,1,0,16384,1048576,payload,1735706,105.9390869140625,1733000,0,1823900,10843923535440728144,64,16384,text,,,,,,,1,item_bytes,text
go,key,key.new,tiny-64B-text,1,1,16384,1048576,payload,1752267,106.94989013671875,1678000,73000,1823900,10843923535440728144,64,16384,text,,,,,,,1,item_bytes,text
go,key,key.new,tiny-64B-text,1,2,16384,1048576,payload,1749662,106.7908935546875,1734000,0,1823900,10843923535440728144,64,16384,text,,,,,,,1,item_bytes,text
go,key,key.new,tiny-64B-text,1,3,16384,1048576,payload,1974292,120.501220703125,1971000,0,1823900,10843923535440728144,64,16384,text,,,,,,,1,item_bytes,text
go,key,key.new_from_hash,batch,1,0,2000,0,,83149,41.5745,78000,8000,1823900,8303626853493566760,32,2000,structured,,,,,,,1,,
go,key,key.new_from_hash,batch,1,1,2000,0,,82347,41.1735,77000,9000,1823900,8303626853493566760,32,2000,structured,,,,,,,1,,
go,key,key.new_from_hash,batch,1,2,2000,0,,82347,41.1735,79000,9000,1823900,8303626853493566760,32,2000,structured,,,,,,,1,,
go,key,key.new_from_hash,batch,1,3,2000,0,,83148,41.574,86000,0,1823900,8303626853493566760,32,2000,structured,,,,,,,1,,
go,key,key.parse,canonical,1,0,2000,0,,64192,32.096,67000,0,1823900,6889037819897927473,32,2000,structured,,,,,,,1,,
go,key,key.parse,canonical,1,1,2000,0,,64272,32.136,67000,0,1823900,6889037819897927473,32,2000,structured,,,,,,,1,,
go,key,key.parse,canonical,1,2,2000,0,,64253,32.1265,64000,7000,1823900,6889037819897927473,32,2000,structured,,,,,,,1,,
go,key,key.parse,canonical,1,3,2000,0,,63952,31.976,66000,7000,1823900,6889037819897927473,32,2000,structured,,,,,,,1,,
go,key,key.parse,malformed,1,0,1024,0,,59443,58.0498046875,56000,6000,1823900,16836505887970452261,32,1024,structured,,,,,,,1,,
go,key,key.parse,malformed,1,1,1024,0,,59243,57.8544921875,59000,7000,1823900,16836505887970452261,32,1024,structured,,,,,,,1,,
go,key,key.parse,malformed,1,2,1024,0,,57479,56.1318359375,58000,6000,1823900,16836505887970452261,32,1024,structured,,,,,,,1,,
go,key,key.parse,malformed,1,3,1024,0,,57631,56.2802734375,58000,6000,1823900,16836505887970452261,32,1024,structured,,,,,,,1,,
go,key,key.string,hex,1,0,2000,0,,175585,87.7925,161000,18000,1823900,18028995553074937698,32,2000,structured,,,,,,,1,,
go,key,key.string,hex,1,1,2000,0,,174473,87.2365,162000,18000,1823900,18028995553074937698,32,2000,structured,,,,,,,1,,
go,key,key.string,hex,1,2,2000,0,,176737,88.3685,182000,0,1823900,18028995553074937698,32,2000,structured,,,,,,,1,,
go,key,key.string,hex,1,3,2000,0,,173762,86.881,160000,18000,1823900,18028995553074937698,32,2000,structured,,,,,,,1,,
go,key,key.type_string,names,1,0,2000,0,,24316,12.158,32000,0,1823900,17360909890354118949,32,2000,structured,,,,,,,1,,
go,key,key.type_string,names,1,1,2000,0,,28414,14.207,32000,4000,1823900,17360909890354118949,32,2000,structured,,,,,,,1,,
go,key,key.type_string,names,1,2,2000,0,,24307,12.1535,30000,0,1823900,17360909890354118949,32,2000,structured,,,,,,,1,,
go,key,key.type_string,names,1,3,2000,0,,24276,12.138,25000,3000,1823900,17360909890354118949,32,2000,structured,,,,,,,1,,
go,key,key.validate,canonical,1,0,2000,0,,13165,6.5825,16000,0,1823900,15777377584200431653,32,2000,structured,,,,,,,1,,
go,key,key.validate,canonical,1,1,2000,0,,13175,6.5875,15000,2000,1823900,15777377584200431653,32,2000,structured,,,,,,,1,,
go,key,key.validate,canonical,1,2,2000,0,,13226,6.613,20000,0,1823900,15777377584200431653,32,2000,structured,,,,,,,1,,
go,key,key.validate,canonical,1,3,2000,0,,13205,6.6025,20000,0,1823900,15777377584200431653,32,2000,structured,,,,,,,1,,
go,packstore,packstore.append_record,pre-encoded+sync,1,0,500,16960000,payload,3590589,7181.178,1440000,2059000,1823900,15780636992960720100,,500,structured,,,,,,500,1,,
go,packstore,packstore.append_record,pre-encoded+sync,1,1,500,16960000,payload,3331805,6663.61,1183000,2027000,1823900,15780636992960720100,,500,structured,,,,,,500,1,,
go,packstore,packstore.append_record,pre-encoded+sync,1,2,500,16960000,payload,3336593,6673.186,169000,3036000,1823900,15780636992960720100,,500,structured,,,,,,500,1,,
go,packstore,packstore.append_record,pre-encoded+sync,1,3,500,16960000,payload,3283252,6566.504,0,3116000,1823900,15780636992960720100,,500,structured,,,,,,500,1,,
go,packstore,packstore.barrier,begin+observe+abort,1,0,30000,0,,1608933,53.6311,1606000,0,1823900,5314116508821274174,,30000,structured,,,,,,30000,1,,
go,packstore,packstore.barrier,begin+observe+abort,1,1,30000,0,,1636326,54.5442,1607000,0,1823900,5314116508821274174,,30000,structured,,,,,,30000,1,,
go,packstore,packstore.barrier,begin+observe+abort,1,2,30000,0,,1599666,53.3222,1606000,0,1823900,5314116508821274174,,30000,structured,,,,,,30000,1,,
go,packstore,packstore.barrier,begin+observe+abort,1,3,30000,0,,1594356,53.1452,1539000,60000,1823900,5314116508821274174,,30000,structured,,,,,,30000,1,,
go,packstore,packstore.close,populated,1,0,1,0,,1080634,1080634.0,330000,37000,1823900,9929646806074584996,,1,structured,,,,,,30000,1,,
go,packstore,packstore.close,populated,1,1,1,0,,1129989,1129989.0,0,418000,1823900,9929646806074584996,,1,structured,,,,,,30000,1,,
go,packstore,packstore.close,populated,1,2,1,0,,1111083,1111083.0,360000,40000,1823900,9929646806074584996,,1,structured,,,,,,30000,1,,
go,packstore,packstore.close,populated,1,3,1,0,,1104750,1104750.0,346000,39000,1823900,9929646806074584996,,1,structured,,,,,,30000,1,,
go,packstore,packstore.compact,90-percent-dead,1,0,30000,0,,14539555,484.65183333333334,9532000,8229000,1823900,5776814216013159016,,3000,structured,,,,,,30000,1,,
go,packstore,packstore.compact,90-percent-dead,1,1,30000,0,,14099163,469.9721,8023000,9375000,1823900,5776814216013159016,,3000,structured,,,,,,30000,1,,
go,packstore,packstore.compact,90-percent-dead,1,2,30000,0,,14072031,469.0677,8487000,8426000,1823900,5776814216013159016,,3000,structured,,,,,,30000,1,,
go,packstore,packstore.compact,90-percent-dead,1,3,30000,0,,13869104,462.3034666666667,7487000,9335000,1823900,5776814216013159016,,3000,structured,,,,,,30000,1,,
go,packstore,packstore.compact,nothing-dead,1,0,30000,0,,2303670,76.789,1497000,0,1823900,10725320858063919682,,30000,structured,,,,,,30000,1,,
go,packstore,packstore.compact,nothing-dead,1,1,30000,0,,2249217,74.9739,1460000,0,1823900,10725320858063919682,,30000,structured,,,,,,30000,1,,
go,packstore,packstore.compact,nothing-dead,1,2,30000,0,,2281799,76.05996666666667,1473000,0,1823900,10725320858063919682,,30000,structured,,,,,,30000,1,,
go,packstore,packstore.compact,nothing-dead,1,3,30000,0,,4359036,145.3012,1402000,0,1823900,10725320858063919682,,30000,structured,,,,,,30000,1,,
go,packstore,packstore.get,hit,1,0,2000,0,,14713246,7356.623,14661000,0,1823900,17127574681878724669,,2000,structured,,,,,,30000,1,,
go,packstore,packstore.get,hit,1,1,2000,0,,14217880,7108.94,14179000,0,1823900,17127574681878724669,,2000,structured,,,,,,30000,1,,
go,packstore,packstore.get,hit,1,2,2000,0,,13996286,6998.143,13961000,0,1823900,17127574681878724669,,2000,structured,,,,,,30000,1,,
go,packstore,packstore.get,hit,1,3,2000,0,,14020533,7010.2665,13982000,0,1823900,17127574681878724669,,2000,structured,,,,,,30000,1,,
go,packstore,packstore.get,miss,1,0,2000,0,,109149,54.5745,113000,0,1823900,15777377584200431653,,2000,structured,,,,,,30000,1,,
go,packstore,packstore.get,miss,1,1,2000,0,,107786,53.893,100000,11000,1823900,15777377584200431653,,2000,structured,,,,,,30000,1,,
go,packstore,packstore.get,miss,1,2,2000,0,,108217,54.1085,105000,12000,1823900,15777377584200431653,,2000,structured,,,,,,30000,1,,
go,packstore,packstore.get,miss,1,3,2000,0,,107836,53.918,114000,0,1823900,15777377584200431653,,2000,structured,,,,,,30000,1,,
go,packstore,packstore.get_record,hit,1,0,2000,0,,736517,368.2585,738000,0,1823900,7938939916671652974,,2000,structured,,,,,,30000,1,,
go,packstore,packstore.get_record,hit,1,1,2000,0,,741737,370.8685,670000,76000,1823900,7938939916671652974,,2000,structured,,,,,,30000,1,,
go,packstore,packstore.get_record,hit,1,2,2000,0,,718022,359.011,721000,0,1823900,7938939916671652974,,2000,structured,,,,,,30000,1,,
go,packstore,packstore.get_record,hit,1,3,2000,0,,724424,362.212,726000,0,1823900,7938939916671652974,,2000,structured,,,,,,30000,1,,
go,packstore,packstore.has,hit,1,0,2000,0,,187838,93.919,171000,20000,1823900,15777377584200431653,,2000,structured,,,,,,30000,1,,
go,packstore,packstore.has,hit,1,1,2000,0,,204461,102.2305,207000,0,1823900,15777377584200431653,,2000,structured,,,,,,30000,1,,
go,packstore,packstore.has,hit,1,2,2000,0,,183861,91.9305,171000,19000,1823900,15777377584200431653,,2000,structured,,,,,,30000,1,,
go,packstore,packstore.has,hit,1,3,2000,0,,183150,91.575,191000,0,1823900,15777377584200431653,,2000,structured,,,,,,30000,1,,
go,packstore,packstore.has,miss,1,0,2000,0,,107386,53.693,107000,0,1823900,3185947397095081253,,2000,structured,,,,,,30000,1,,
go,packstore,packstore.has,miss,1,1,2000,0,,100072,50.036,92000,11000,1823900,3185947397095081253,,2000,structured,,,,,,30000,1,,
go,packstore,packstore.has,miss,1,2,2000,0,,100051,50.0255,96000,11000,1823900,3185947397095081253,,2000,structured,,,,,,30000,1,,
go,packstore,packstore.has,miss,1,3,2000,0,,100553,50.2765,97000,11000,1823900,3185947397095081253,,2000,structured,,,,,,30000,1,,
go,packstore,packstore.has_outside,sealed-segment,1,0,2000,0,,165276,82.638,154000,18000,1823900,2967988814194923428,,2000,structured,,,,,,30000,1,,
go,packstore,packstore.has_outside,sealed-segment,1,1,2000,0,,168382,84.191,177000,0,1823900,2967988814194923428,,2000,structured,,,,,,30000,1,,
go,packstore,packstore.has_outside,sealed-segment,1,2,2000,0,,163993,81.9965,150000,17000,1823900,2967988814194923428,,2000,structured,,,,,,30000,1,,
go,packstore,packstore.has_outside,sealed-segment,1,3,2000,0,,169103,84.5515,158000,18000,1823900,2967988814194923428,,2000,structured,,,,,,30000,1,,
go,packstore,packstore.liveness,tenth-live,1,0,1,0,,727189,727189.0,728000,0,1823900,11271649922447000520,,1,structured,,,,,,30000,1,,
go,packstore,packstore.liveness,tenth-live,1,1,1,0,,707612,707612.0,715000,0,1823900,11271649922447000520,,1,structured,,,,,,30000,1,,
go,packstore,packstore.liveness,tenth-live,1,2,1,0,,693605,693605.0,700000,0,1823900,11271649922447000520,,1,structured,,,,,,30000,1,,
go,packstore,packstore.liveness,tenth-live,1,3,1,0,,714795,714795.0,719000,0,1823900,11271649922447000520,,1,structured,,,,,,30000,1,,
go,packstore,packstore.mark_set_contains,all-keys,1,0,30000,0,,3839033,127.96776666666666,3827000,0,1823900,11169151250625027621,,30000,structured,,,,,,30000,1,,
go,packstore,packstore.mark_set_contains,all-keys,1,1,30000,0,,3877207,129.24023333333332,3878000,0,1823900,11169151250625027621,,30000,structured,,,,,,30000,1,,
go,packstore,packstore.mark_set_contains,all-keys,1,2,30000,0,,3852329,128.41096666666667,3848000,0,1823900,11169151250625027621,,30000,structured,,,,,,30000,1,,
go,packstore,packstore.mark_set_contains,all-keys,1,3,30000,0,,3790401,126.3467,3790000,0,1823900,11169151250625027621,,30000,structured,,,,,,30000,1,,
go,packstore,packstore.mark_set_mark,all-keys,1,0,30000,0,,2113888,70.46293333333334,2105000,12000,1823900,17012186072422889598,,30000,structured,,,,,,30000,1,,
go,packstore,packstore.mark_set_mark,all-keys,1,1,30000,0,,2155648,71.85493333333334,2156000,0,1823900,17012186072422889598,,30000,structured,,,,,,30000,1,,
go,packstore,packstore.mark_set_mark,all-keys,1,2,30000,0,,2101354,70.04513333333334,2104000,0,1823900,17012186072422889598,,30000,structured,,,,,,30000,1,,
go,packstore,packstore.mark_set_mark,all-keys,1,3,30000,0,,2338567,77.95223333333334,2330000,0,1823900,17012186072422889598,,30000,structured,,,,,,30000,1,,
go,packstore,packstore.missing,half-present,1,0,2000,0,,174874,87.437,528000,60000,1823900,9607287302469448777,,2000,structured,,,,,,30000,1,,
go,packstore,packstore.missing,half-present,1,1,2000,0,,176437,88.2185,564000,0,1823900,9607287302469448777,,2000,structured,,,,,,30000,1,,
go,packstore,packstore.missing,half-present,1,2,2000,0,,172319,86.1595,870000,99000,1823900,9607287302469448777,,2000,structured,,,,,,30000,1,,
go,packstore,packstore.missing,half-present,1,3,2000,0,,166067,83.0335,837000,96000,1823900,9607287302469448777,,2000,structured,,,,,,30000,1,,
go,packstore,packstore.new_mark_set,snapshot,1,0,16,0,,2487301,155456.3125,2482000,0,1823900,9521082481390710053,,16,structured,,,,,,30000,1,,
go,packstore,packstore.new_mark_set,snapshot,1,1,16,0,,2217416,138588.5,2198000,21000,1823900,9521082481390710053,,16,structured,,,,,,30000,1,,
go,packstore,packstore.new_mark_set,snapshot,1,2,16,0,,2207206,137950.375,2205000,0,1823900,9521082481390710053,,16,structured,,,,,,30000,1,,
go,packstore,packstore.new_mark_set,snapshot,1,3,16,0,,2222635,138914.6875,2223000,0,1823900,9521082481390710053,,16,structured,,,,,,30000,1,,
go,packstore,packstore.oldest_inflight_write,idle,1,0,4096,0,,54314,13.26025390625,56000,7000,1823900,5245436759879025445,,4096,structured,,,,,,30000,1,,
go,packstore,packstore.oldest_inflight_write,idle,1,1,4096,0,,54755,13.367919921875,56000,6000,1823900,5245436759879025445,,4096,structured,,,,,,30000,1,,
go,packstore,packstore.oldest_inflight_write,idle,1,2,4096,0,,54444,13.2919921875,55000,7000,1823900,5245436759879025445,,4096,structured,,,,,,30000,1,,
go,packstore,packstore.oldest_inflight_write,idle,1,3,4096,0,,54955,13.416748046875,58000,0,1823900,5245436759879025445,,4096,structured,,,,,,30000,1,,
go,packstore,packstore.open,empty,1,0,1,0,,27833,27833.0,31000,0,1823900,12161962213042174405,,1,structured,,,,,,,1,,
go,packstore,packstore.open,empty,1,1,1,0,,26470,26470.0,32000,0,1823900,12161962213042174405,,1,structured,,,,,,,1,,
go,packstore,packstore.open,empty,1,2,1,0,,27603,27603.0,32000,0,1823900,12161962213042174405,,1,structured,,,,,,,1,,
go,packstore,packstore.open,empty,1,3,1,0,,22293,22293.0,28000,3000,1823900,12161962213042174405,,1,structured,,,,,,,1,,
go,packstore,packstore.open,populated-reopen,1,0,1,0,,1300024,1300024.0,1320000,0,1823900,3253493442154923972,,1,structured,,,,,,30000,1,,
go,packstore,packstore.open,populated-reopen,1,1,1,0,,1131652,1131652.0,144000,1010000,1823900,3253493442154923972,,1,structured,,,,,,30000,1,,
go,packstore,packstore.open,populated-reopen,1,2,1,0,,1109059,1109059.0,1116000,15000,1823900,3253493442154923972,,1,structured,,,,,,30000,1,,
go,packstore,packstore.open,populated-reopen,1,3,1,0,,1110051,1110051.0,121000,1008000,1823900,3253493442154923972,,1,structured,,,,,,30000,1,,
go,packstore,packstore.put,1MiB-duplicate/sync-off,1,0,2,2097152,payload,1052701,526350.5,926000,0,1823900,6349179348336612933,1048576,2,duplicate,,,,,,,1,item_bytes,duplicate
go,packstore,packstore.put,1MiB-duplicate/sync-off,1,1,2,2097152,payload,1057821,528910.5,945000,0,1823900,6349179348336612933,1048576,2,duplicate,,,,,,,1,item_bytes,duplicate
go,packstore,packstore.put,1MiB-duplicate/sync-off,1,2,2,2097152,payload,1027282,513641.0,0,929000,1823900,6349179348336612933,1048576,2,duplicate,,,,,,,1,item_bytes,duplicate
go,packstore,packstore.put,1MiB-duplicate/sync-off,1,3,2,2097152,payload,1011602,505801.0,0,910000,1823900,6349179348336612933,1048576,2,duplicate,,,,,,,1,item_bytes,duplicate
go,packstore,packstore.put,1MiB-random/sync-off,1,0,1,1048576,payload,1020690,1020690.0,0,904000,1823900,9929646806074584996,1048576,1,random,,,,,,,1,item_bytes,random
go,packstore,packstore.put,1MiB-random/sync-off,1,1,1,1048576,payload,995582,995582.0,0,895000,1823900,9929646806074584996,1048576,1,random,,,,,,,1,item_bytes,random
go,packstore,packstore.put,1MiB-random/sync-off,1,2,1,1048576,payload,975183,975183.0,121000,758000,1823900,9929646806074584996,1048576,1,random,,,,,,,1,item_bytes,random
go,packstore,packstore.put,1MiB-random/sync-off,1,3,1,1048576,payload,965575,965575.0,869000,0,1823900,9929646806074584996,1048576,1,random,,,,,,,1,item_bytes,random
go,packstore,packstore.put,1MiB-text/sync-off,1,0,1,1048576,payload,3799689,3799689.0,3623000,69000,1823900,9929646806074584996,1048576,1,text,,,,,,,1,item_bytes,text
go,packstore,packstore.put,1MiB-text/sync-off,1,1,1,1048576,payload,3879842,3879842.0,3752000,0,1823900,9929646806074584996,1048576,1,text,,,,,,,1,item_bytes,text
go,packstore,packstore.put,1MiB-text/sync-off,1,2,1,1048576,payload,3741407,3741407.0,3637000,0,1823900,9929646806074584996,1048576,1,text,,,,,,,1,item_bytes,text
go,packstore,packstore.put,1MiB-text/sync-off,1,3,1,1048576,payload,3683697,3683697.0,3572000,0,1823900,9929646806074584996,1048576,1,text,,,,,,,1,item_bytes,text
go,packstore,packstore.put,4KiB-duplicate/sync-off,1,0,256,1048576,payload,187568,732.6875,82000,9000,1823900,17539378016686813989,4096,256,duplicate,,,,,,,1,item_bytes,duplicate
go,packstore,packstore.put,4KiB-duplicate/sync-off,1,1,256,1048576,payload,237624,928.21875,121000,14000,1823900,17539378016686813989,4096,256,duplicate,,,,,,,1,item_bytes,duplicate
go,packstore,packstore.put,4KiB-duplicate/sync-off,1,2,256,1048576,payload,188941,738.05078125,86000,10000,1823900,17539378016686813989,4096,256,duplicate,,,,,,,1,item_bytes,duplicate
go,packstore,packstore.put,4KiB-duplicate/sync-off,1,3,256,1048576,payload,167039,652.49609375,77000,9000,1823900,17539378016686813989,4096,256,duplicate,,,,,,,1,item_bytes,duplicate
go,packstore,packstore.put,4KiB-random/already-present,1,0,256,1048576,payload,23264,90.875,23000,2000,1823900,17539378016686813989,4096,256,random,,,,,,,1,item_bytes,random
go,packstore,packstore.put,4KiB-random/already-present,1,1,256,1048576,payload,23895,93.33984375,27000,3000,1823900,17539378016686813989,4096,256,random,,,,,,,1,item_bytes,random
go,packstore,packstore.put,4KiB-random/already-present,1,2,256,1048576,payload,23985,93.69140625,28000,3000,1823900,17539378016686813989,4096,256,random,,,,,,,1,item_bytes,random
go,packstore,packstore.put,4KiB-random/already-present,1,3,256,1048576,payload,24467,95.57421875,26000,3000,1823900,17539378016686813989,4096,256,random,,,,,,,1,item_bytes,random
go,packstore,packstore.put,4KiB-random/sync-off,1,0,256,1048576,payload,1893457,7396.31640625,1781000,0,1823900,17539378016686813989,4096,256,random,,,,,,,1,item_bytes,random
go,packstore,packstore.put,4KiB-random/sync-off,1,1,256,1048576,payload,2067820,8077.421875,0,1959000,1823900,17539378016686813989,4096,256,random,,,,,,,1,item_bytes,random
go,packstore,packstore.put,4KiB-random/sync-off,1,2,256,1048576,payload,1810248,7071.28125,1706000,0,1823900,17539378016686813989,4096,256,random,,,,,,,1,item_bytes,random
go,packstore,packstore.put,4KiB-random/sync-off,1,3,256,1048576,payload,1785862,6976.0234375,1673000,0,1823900,17539378016686813989,4096,256,random,,,,,,,1,item_bytes,random
go,packstore,packstore.put,4KiB-random/sync-on,1,0,256,1048576,payload,23279290,90934.7265625,2516000,3204000,1823900,17539378016686813989,4096,256,random,,,,,,,1,item_bytes,random
go,packstore,packstore.put,4KiB-random/sync-on,1,1,256,1048576,payload,23423976,91499.90625,0,5657000,1823900,17539378016686813989,4096,256,random,,,,,,,1,item_bytes,random
go,packstore,packstore.put,4KiB-random/sync-on,1,2,256,1048576,payload,23700184,92578.84375,3558000,2257000,1823900,17539378016686813989,4096,256,random,,,,,,,1,item_bytes,random
go,packstore,packstore.put,4KiB-random/sync-on,1,3,256,1048576,payload,23693691,92553.48046875,0,5777000,1823900,17539378016686813989,4096,256,random,,,,,,,1,item_bytes,random
go,packstore,packstore.put,4KiB-text/sync-off,1,0,256,1048576,payload,6735947,26312.29296875,6618000,0,1823900,17539378016686813989,4096,256,text,,,,,,,1,item_bytes,text
go,packstore,packstore.put,4KiB-text/sync-off,1,1,256,1048576,payload,6704938,26191.1640625,5697000,907000,1823900,17539378016686813989,4096,256,text,,,,,,,1,item_bytes,text
go,packstore,packstore.put,4KiB-text/sync-off,1,2,256,1048576,payload,6748952,26363.09375,6580000,62000,1823900,17539378016686813989,4096,256,text,,,,,,,1,item_bytes,text
go,packstore,packstore.put,4KiB-text/sync-off,1,3,256,1048576,payload,7388363,28860.79296875,6218000,1034000,1823900,17539378016686813989,4096,256,text,,,,,,,1,item_bytes,text
go,packstore,packstore.put,empty/sync-off,1,0,8000,0,payload,805609,100.701125,709000,0,1823900,7961062222578218789,,8000,empty,,,,,,,1,item_bytes,empty
go,packstore,packstore.put,empty/sync-off,1,1,8000,0,payload,811691,101.461375,727000,0,1823900,7961062222578218789,,8000,empty,,,,,,,1,item_bytes,empty
go,packstore,packstore.put,empty/sync-off,1,2,8000,0,payload,806290,100.78625,710000,0,1823900,7961062222578218789,,8000,empty,,,,,,,1,item_bytes,empty
go,packstore,packstore.put,empty/sync-off,1,3,8000,0,payload,810648,101.331,639000,73000,1823900,7961062222578218789,,8000,empty,,,,,,,1,item_bytes,empty
go,packstore,packstore.put,large-8MiB-duplicate/sync-off,1,0,2,16777216,payload,6930088,3465044.0,4702000,2094000,1823900,6349179348336612933,8388608,2,duplicate,,,,,,,1,item_bytes,duplicate
go,packstore,packstore.put,large-8MiB-duplicate/sync-off,1,1,2,16777216,payload,6859714,3429857.0,4904000,3020000,1823900,6349179348336612933,8388608,2,duplicate,,,,,,,1,item_bytes,duplicate
go,packstore,packstore.put,large-8MiB-duplicate/sync-off,1,2,2,16777216,payload,6496711,3248355.5,3383000,2950000,1823900,6349179348336612933,8388608,2,duplicate,,,,,,,1,item_bytes,duplicate
go,packstore,packstore.put,large-8MiB-duplicate/sync-off,1,3,2,16777216,payload,6559080,3279540.0,4142000,2265000,1823900,6349179348336612933,8388608,2,duplicate,,,,,,,1,item_bytes,duplicate
go,packstore,packstore.put,large-8MiB-random/sync-off,1,0,1,8388608,payload,6979974,6979974.0,3831000,2991000,1823900,9929646806074584996,8388608,1,random,,,,,,,1,item_bytes,random
go,packstore,packstore.put,large-8MiB-random/sync-off,1,1,1,8388608,payload,6458497,6458497.0,3629000,3780000,1823900,9929646806074584996,8388608,1,random,,,,,,,1,item_bytes,random
go,packstore,packstore.put,large-8MiB-random/sync-off,1,2,1,8388608,payload,6720969,6720969.0,4389000,3176000,1823900,9929646806074584996,8388608,1,random,,,,,,,1,item_bytes,random
go,packstore,packstore.put,large-8MiB-random/sync-off,1,3,1,8388608,payload,6783979,6783979.0,3648000,2979000,1823900,9929646806074584996,8388608,1,random,,,,,,,1,item_bytes,random
go,packstore,packstore.put,large-8MiB-text/sync-off,1,0,1,8388608,payload,26752054,26752054.0,25562000,935000,1823900,9929646806074584996,8388608,1,text,,,,,,,1,item_bytes,text
go,packstore,packstore.put,large-8MiB-text/sync-off,1,1,1,8388608,payload,27856894,27856894.0,26931000,1798000,1823900,9929646806074584996,8388608,1,text,,,,,,,1,item_bytes,text
go,packstore,packstore.put,large-8MiB-text/sync-off,1,2,1,8388608,payload,26603279,26603279.0,25643000,945000,1823900,9929646806074584996,8388608,1,text,,,,,,,1,item_bytes,text
go,packstore,packstore.put,large-8MiB-text/sync-off,1,3,1,8388608,payload,26378439,26378439.0,25472000,683000,1823900,9929646806074584996,8388608,1,text,,,,,,,1,item_bytes,text
go,packstore,packstore.put,tiny-64B-duplicate/sync-off,1,0,16384,1048576,payload,1459929,89.10699462890625,1334000,39000,1823900,2558134609619854117,64,16384,duplicate,,,,,,,1,item_bytes,duplicate
go,packstore,packstore.put,tiny-64B-duplicate/sync-off,1,1,16384,1048576,payload,1494565,91.22100830078125,1349000,39000,1823900,2558134609619854117,64,16384,duplicate,,,,,,,1,item_bytes,duplicate
go,packstore,packstore.put,tiny-64B-duplicate/sync-off,1,2,16384,1048576,payload,1519703,92.75531005859375,1410000,0,1823900,2558134609619854117,64,16384,duplicate,,,,,,,1,item_bytes,duplicate
go,packstore,packstore.put,tiny-64B-duplicate/sync-off,1,3,16384,1048576,payload,1507770,92.0269775390625,1418000,0,1823900,2558134609619854117,64,16384,duplicate,,,,,,,1,item_bytes,duplicate
go,packstore,packstore.put,tiny-64B-random/sync-off,1,0,16384,1048576,payload,28548906,1742.4869384765625,19159000,9179000,1823900,2558134609619854117,64,16384,random,,,,,,,1,item_bytes,random
go,packstore,packstore.put,tiny-64B-random/sync-off,1,1,16384,1048576,payload,27899515,1702.8512573242188,16712000,11018000,1823900,2558134609619854117,64,16384,random,,,,,,,1,item_bytes,random
go,packstore,packstore.put,tiny-64B-random/sync-off,1,2,16384,1048576,payload,27670478,1688.8719482421875,16295000,11209000,1823900,2558134609619854117,64,16384,random,,,,,,,1,item_bytes,random
go,packstore,packstore.put,tiny-64B-random/sync-off,1,3,16384,1048576,payload,27921166,1704.1727294921875,18721000,9009000,1823900,2558134609619854117,64,16384,random,,,,,,,1,item_bytes,random
go,packstore,packstore.put,tiny-64B-text/sync-off,1,0,16384,1048576,payload,38714886,2362.9691162109375,26515000,12024000,1823900,2558134609619854117,64,16384,text,,,,,,,1,item_bytes,text
go,packstore,packstore.put,tiny-64B-text/sync-off,1,1,16384,1048576,payload,37926299,2314.8375854492188,31720000,5956000,1823900,2558134609619854117,64,16384,text,,,,,,,1,item_bytes,text
go,packstore,packstore.put,tiny-64B-text/sync-off,1,2,16384,1048576,payload,39072228,2384.779541015625,30891000,8022000,1823900,2558134609619854117,64,16384,text,,,,,,,1,item_bytes,text
go,packstore,packstore.put,tiny-64B-text/sync-off,1,3,16384,1048576,payload,38033975,2321.4096069335938,20673000,17164000,1823900,2558134609619854117,64,16384,text,,,,,,,1,item_bytes,text
go,packstore,packstore.put_verified,already-intact,1,0,250,0,,22794233,91176.932,19645000,3088000,1823900,16609681221866359237,,250,structured,,,,,,30000,1,,
go,packstore,packstore.put_verified,already-intact,1,1,250,0,,22180611,88722.444,21220000,902000,1823900,16609681221866359237,,250,structured,,,,,,30000,1,,
go,packstore,packstore.put_verified,already-intact,1,2,250,0,,21706705,86826.82,19718000,1967000,1823900,16609681221866359237,,250,structured,,,,,,30000,1,,
go,packstore,packstore.put_verified,already-intact,1,3,250,0,,21261164,85044.656,19205000,2025000,1823900,16609681221866359237,,250,structured,,,,,,30000,1,,
go,packstore,packstore.record,by-location,1,0,2000,0,,1616699,808.3495,1551000,66000,1823900,5285249005012365412,,2000,structured,,,,,,30000,1,,
go,packstore,packstore.record,by-location,1,1,2000,0,,960355,480.1775,959000,0,1823900,5285249005012365412,,2000,structured,,,,,,30000,1,,
go,packstore,packstore.record,by-location,1,2,2000,0,,743561,371.7805,744000,0,1823900,5285249005012365412,,2000,structured,,,,,,30000,1,,
go,packstore,packstore.record,by-location,1,3,2000,0,,743921,371.9605,744000,0,1823900,5285249005012365412,,2000,structured,,,,,,30000,1,,
go,packstore,packstore.remove,one-sealed-segment,1,0,1,0,,1071847,1071847.0,72000,1017000,1823900,15866661794175806913,,1,structured,,,,,,30000,1,,
go,packstore,packstore.remove,one-sealed-segment,1,1,1,0,,938322,938322.0,0,960000,1823900,15866661794175806913,,1,structured,,,,,,30000,1,,
go,packstore,packstore.remove,one-sealed-segment,1,2,1,0,,819776,819776.0,0,830000,1823900,15866661794175806913,,1,structured,,,,,,30000,1,,
go,packstore,packstore.remove,one-sealed-segment,1,3,1,0,,819035,819035.0,0,824000,1823900,15866661794175806913,,1,structured,,,,,,30000,1,,
go,packstore,packstore.scan_index,all-segments,1,0,30000,0,,879009,29.3003,885000,0,1823900,10342482749988183815,,30000,structured,,,,,,30000,1,,
go,packstore,packstore.scan_index,all-segments,1,1,30000,0,,868990,28.966333333333335,779000,93000,1823900,10342482749988183815,,30000,structured,,,,,,30000,1,,
go,packstore,packstore.scan_index,all-segments,1,2,30000,0,,881484,29.3828,882000,0,1823900,10342482749988183815,,30000,structured,,,,,,30000,1,,
go,packstore,packstore.scan_index,all-segments,1,3,30000,0,,911651,30.388366666666666,815000,97000,1823900,10342482749988183815,,30000,structured,,,,,,30000,1,,
go,packstore,packstore.segments,list,1,0,64,0,,457123,7142.546875,414000,50000,1823900,4309077696602640165,,64,structured,,,,,,30000,1,,
go,packstore,packstore.segments,list,1,1,64,0,,457394,7146.78125,467000,0,1823900,4309077696602640165,,64,structured,,,,,,30000,1,,
go,packstore,packstore.segments,list,1,2,64,0,,454098,7095.28125,460000,0,1823900,4309077696602640165,,64,structured,,,,,,30000,1,,
go,packstore,packstore.segments,list,1,3,64,0,,463776,7246.5,468000,0,1823900,4309077696602640165,,64,structured,,,,,,30000,1,,
go,packstore,packstore.sort_by_location,scattered,1,0,2000,0,,364937,182.4685,360000,0,1823900,3249262256985730013,,2000,structured,,,,,,30000,1,,
go,packstore,packstore.sort_by_location,scattered,1,1,2000,0,,365859,182.9295,366000,0,1823900,3249262256985730013,,2000,structured,,,,,,30000,1,,
go,packstore,packstore.sort_by_location,scattered,1,2,2000,0,,377010,188.505,343000,41000,1823900,3249262256985730013,,2000,structured,,,,,,30000,1,,
go,packstore,packstore.sort_by_location,scattered,1,3,2000,0,,381859,190.9295,347000,41000,1823900,3249262256985730013,,2000,structured,,,,,,30000,1,,
go,packstore,packstore.stored_size,hit,1,0,2000,0,,193139,96.5695,175000,21000,1823900,5790321329468438501,,2000,structured,,,,,,30000,1,,
go,packstore,packstore.stored_size,hit,1,1,2000,0,,187588,93.794,191000,0,1823900,5790321329468438501,,2000,structured,,,,,,30000,1,,
go,packstore,packstore.stored_size,hit,1,2,2000,0,,191456,95.728,195000,0,1823900,5790321329468438501,,2000,structured,,,,,,30000,1,,
go,packstore,packstore.stored_size,hit,1,3,2000,0,,187669,93.8345,191000,0,1823900,5790321329468438501,,2000,structured,,,,,,30000,1,,
go,packstore,packstore.verify,full-scrub,1,0,30000,0,,277380339,9246.0113,276544000,0,1823900,9929646806074584996,,30000,structured,,,,,,30000,1,,
go,packstore,packstore.verify,full-scrub,1,1,30000,0,,276169526,9205.650866666667,275546000,729000,1823900,9929646806074584996,,30000,structured,,,,,,30000,1,,
go,packstore,packstore.verify,full-scrub,1,2,30000,0,,275459138,9181.971266666667,275047000,662000,1823900,9929646806074584996,,30000,structured,,,,,,30000,1,,
go,packstore,packstore.verify,full-scrub,1,3,30000,0,,277749535,9258.317833333333,278270000,11862000,1823900,9929646806074584996,,30000,structured,,,,,,30000,1,,
go,packstore,packstore.wipe,populated,1,0,1,0,,6236453,6236453.0,165000,6057000,1823900,12161962213042174405,,1,structured,,,,,,30000,1,,
go,packstore,packstore.wipe,populated,1,1,1,0,,5743943,5743943.0,0,6653000,1823900,12161962213042174405,,1,structured,,,,,,30000,1,,
go,packstore,packstore.wipe,populated,1,2,1,0,,5406758,5406758.0,425000,6075000,1823900,12161962213042174405,,1,structured,,,,,,30000,1,,
go,packstore,packstore.wipe,populated,1,3,1,0,,5209552,5209552.0,199000,6031000,1823900,12161962213042174405,,1,structured,,,,,,30000,1,,
go,packstore,packstore.write_batch,mixed-objects,1,0,8000,70656000,payload,259825866,32478.23325,235356000,21700000,1823900,9929646806074584996,,8000,structured,,,,,,8000,1,,
go,packstore,packstore.write_batch,mixed-objects,1,1,8000,70656000,payload,256640620,32080.0775,230246000,25943000,1823900,9929646806074584996,,8000,structured,,,,,,8000,1,,
go,packstore,packstore.write_batch,mixed-objects,1,2,8000,70656000,payload,256525130,32065.64125,230570000,20827000,1823900,9929646806074584996,,8000,structured,,,,,,8000,1,,
go,packstore,packstore.write_batch,mixed-objects,1,3,8000,70656000,payload,254476236,31809.5295,233909000,17858000,1823900,9929646806074584996,,8000,structured,,,,,,8000,1,,
go,packstore,packstore.write_parallel,duplicate-stream/writers-N,8,0,8000,70656000,payload,2569188,321.1485,4378000,169000,1823900,16461052147560502176,,8000,duplicate,,,,,,8000,8,,
go,packstore,packstore.write_parallel,duplicate-stream/writers-N,8,1,8000,70656000,payload,2755794,344.47425,4773000,1113000,1823900,16461052147560502176,,8000,duplicate,,,,,,8000,8,,
go,packstore,packstore.write_parallel,duplicate-stream/writers-N,8,2,8000,70656000,payload,3145679,393.209875,2913000,3865000,1823900,16461052147560502176,,8000,duplicate,,,,,,8000,8,,
go,packstore,packstore.write_parallel,duplicate-stream/writers-N,8,3,8000,70656000,payload,2534882,316.86025,4423000,52000,1823900,16461052147560502176,,8000,duplicate,,,,,,8000,8,,
go,packstore,packstore.write_parallel,mixed-objects/writers-1/verify-false,1,0,8000,70656000,payload,259912561,32489.070125,241728000,25426000,1823900,3234576589889759616,,8000,structured,,,,,,8000,1,,
go,packstore,packstore.write_parallel,mixed-objects/writers-1/verify-false,1,1,8000,70656000,payload,259561650,32445.20625,234939000,34570000,1823900,3234576589889759616,,8000,structured,,,,,,8000,1,,
go,packstore,packstore.write_parallel,mixed-objects/writers-1/verify-false,1,2,8000,70656000,payload,263815346,32976.91825,243091000,24965000,1823900,3234576589889759616,,8000,structured,,,,,,8000,1,,
go,packstore,packstore.write_parallel,mixed-objects/writers-1/verify-false,1,3,8000,70656000,payload,261302005,32662.750625,247534000,21105000,1823900,3234576589889759616,,8000,structured,,,,,,8000,1,,
go,packstore,packstore.write_parallel,mixed-objects/writers-1/verify-true,1,0,8000,70656000,payload,280760405,35095.050625,263119000,24562000,1823900,3234576589889759616,,8000,structured,,,,,,8000,1,,
go,packstore,packstore.write_parallel,mixed-objects/writers-1/verify-true,1,1,8000,70656000,payload,284927415,35615.926875,268992000,33842000,1823900,3234576589889759616,,8000,structured,,,,,,8000,1,,
go,packstore,packstore.write_parallel,mixed-objects/writers-1/verify-true,1,2,8000,70656000,payload,283132947,35391.618375,258541000,28660000,1823900,3234576589889759616,,8000,structured,,,,,,8000,1,,
go,packstore,packstore.write_parallel,mixed-objects/writers-1/verify-true,1,3,8000,70656000,payload,280752771,35094.096375,263277000,24292000,1823900,3234576589889759616,,8000,structured,,,,,,8000,1,,
go,packstore,packstore.write_parallel,mixed-objects/writers-N/verify-false,8,0,8000,70656000,payload,72912792,9114.099,253192000,27025000,1823900,3234576589889759616,,8000,structured,,,,,,8000,8,,
go,packstore,packstore.write_parallel,mixed-objects/writers-N/verify-false,8,1,8000,70656000,payload,74924896,9365.612,256259000,28546000,1823900,3234576589889759616,,8000,structured,,,,,,8000,8,,
go,packstore,packstore.write_parallel,mixed-objects/writers-N/verify-false,8,2,8000,70656000,payload,72470838,9058.85475,259581000,23054000,1823900,3234576589889759616,,8000,structured,,,,,,8000,8,,
go,packstore,packstore.write_parallel,mixed-objects/writers-N/verify-false,8,3,8000,70656000,payload,71668876,8958.6095,253576000,23258000,1823900,3234576589889759616,,8000,structured,,,,,,8000,8,,
go,packstore,packstore.write_parallel,mixed-objects/writers-N/verify-true,8,0,8000,70656000,payload,75471339,9433.917375,278077000,19675000,1823900,3234576589889759616,,8000,structured,,,,,,8000,8,,
go,packstore,packstore.write_parallel,mixed-objects/writers-N/verify-true,8,1,8000,70656000,payload,79652397,9956.549625,277350000,29731000,1823900,3234576589889759616,,8000,structured,,,,,,8000,8,,
go,packstore,packstore.write_parallel,mixed-objects/writers-N/verify-true,8,2,8000,70656000,payload,76136581,9517.072625,276092000,29189000,1823900,3234576589889759616,,8000,structured,,,,,,8000,8,,
go,packstore,packstore.write_parallel,mixed-objects/writers-N/verify-true,8,3,8000,70656000,payload,79191958,9898.99475,282284000,17522000,1823900,3234576589889759616,,8000,structured,,,,,,8000,8,,
go,reference,reference.decode,signed,1,0,256,81152,encoded,224369,876.44140625,227000,0,1823900,9423346386722356261,317,256,structured,,,,,,,1,,
go,reference,reference.decode,signed,1,1,256,81152,encoded,214500,837.890625,194000,23000,1823900,9423346386722356261,317,256,structured,,,,,,,1,,
go,reference,reference.decode,signed,1,2,256,81152,encoded,256159,1000.62109375,218000,26000,1823900,9423346386722356261,317,256,structured,,,,,,,1,,
go,reference,reference.decode,signed,1,3,256,81152,encoded,219930,859.1015625,201000,24000,1823900,9423346386722356261,317,256,structured,,,,,,,1,,
go,reference,reference.encode,signed,1,0,256,81152,encoded,67359,263.12109375,69000,8000,1823900,1558907671059768101,317,256,structured,,,,,,,1,,
go,reference,reference.encode,signed,1,1,256,81152,encoded,80163,313.13671875,0,118000,1823900,1558907671059768101,317,256,structured,,,,,,,1,,
go,reference,reference.encode,signed,1,2,256,81152,encoded,68240,266.5625,66000,8000,1823900,1558907671059768101,317,256,structured,,,,,,,1,,
go,reference,reference.encode,signed,1,3,256,81152,encoded,65796,257.015625,67000,8000,1823900,1558907671059768101,317,256,structured,,,,,,,1,,
go,reference,reference.signature_payload,signed,1,0,256,0,,68491,267.54296875,63000,7000,1823900,5207887851867075365,,256,structured,,,,,,,1,,
go,reference,reference.signature_payload,signed,1,1,256,0,,74202,289.8515625,67000,8000,1823900,5207887851867075365,,256,structured,,,,,,,1,,
go,reference,reference.signature_payload,signed,1,2,256,0,,77859,304.13671875,75000,9000,1823900,5207887851867075365,,256,structured,,,,,,,1,,
go,reference,reference.signature_payload,signed,1,3,256,0,,61567,240.49609375,58000,7000,1823900,5207887851867075365,,256,structured,,,,,,,1,,
go,reference,reference.validate_name,valid,1,0,256,0,,15389,60.11328125,19000,2000,1823900,17539378016686813989,,256,structured,,,,,,,1,,
go,reference,reference.validate_name,valid,1,1,256,0,,14418,56.3203125,16000,2000,1823900,17539378016686813989,,256,structured,,,,,,,1,,
go,reference,reference.validate_name,valid,1,2,256,0,,14107,55.10546875,23000,3000,1823900,17539378016686813989,,256,structured,,,,,,,1,,
go,reference,reference.validate_name,valid,1,3,256,0,,14508,56.671875,21000,0,1823900,17539378016686813989,,256,structured,,,,,,,1,,
go,reference,reference.validate_user,valid,1,0,256,0,,15810,61.7578125,19000,0,1823900,17539378016686813989,,256,structured,,,,,,,1,,
go,reference,reference.validate_user,valid,1,1,256,0,,19227,75.10546875,26000,0,1823900,17539378016686813989,,256,structured,,,,,,,1,,
go,reference,reference.validate_user,valid,1,2,256,0,,17904,69.9375,23000,0,1823900,17539378016686813989,,256,structured,,,,,,,1,,
go,reference,reference.validate_user,valid,1,3,256,0,,18285,71.42578125,21000,0,1823900,17539378016686813989,,256,structured,,,,,,,1,,
go,refstore,refstore.all,records,1,0,5000,0,,542426,108.4852,494000,59000,1823900,7892593287194926980,,1,structured,5000,,,,,,1,,
go,refstore,refstore.all,records,1,1,5000,0,,535784,107.1568,484000,58000,1823900,7892593287194926980,,1,structured,5000,,,,,,1,,
go,refstore,refstore.all,records,1,2,5000,0,,520735,104.147,467000,57000,1823900,7892593287194926980,,1,structured,5000,,,,,,1,,
go,refstore,refstore.all,records,1,3,5000,0,,538989,107.7978,487000,59000,1823900,7892593287194926980,,1,structured,5000,,,,,,1,,
go,refstore,refstore.close,populated,1,0,1,0,,133355,133355.0,65000,8000,1823900,1,,1,structured,5000,,,,,,1,,
go,refstore,refstore.close,populated,1,1,1,0,,134557,134557.0,75000,9000,1823900,1,,1,structured,5000,,,,,,1,,
go,refstore,refstore.close,populated,1,2,1,0,,130900,130900.0,74000,9000,1823900,1,,1,structured,5000,,,,,,1,,
go,refstore,refstore.close,populated,1,3,1,0,,132894,132894.0,70000,9000,1823900,1,,1,structured,5000,,,,,,1,,
go,refstore,refstore.delete,records,1,0,5000,0,,8316065,1663.213,8437000,45000,1823900,14982512862514255781,,5000,structured,5000,,,,,,1,,
go,refstore,refstore.delete,records,1,1,5000,0,,8174816,1634.9632,8269000,26000,1823900,14982512862514255781,,5000,structured,5000,,,,,,1,,
go,refstore,refstore.delete,records,1,2,5000,0,,8438951,1687.7902,8399000,164000,1823900,14982512862514255781,,5000,structured,5000,,,,,,1,,
go,refstore,refstore.delete,records,1,3,5000,0,,8400037,1680.0074,8432000,74000,1823900,14982512862514255781,,5000,structured,5000,,,,,,1,,
go,refstore,refstore.get,hit,1,0,2000,0,,2031020,1015.51,2016000,2000,1823900,15973922035146887013,,2000,structured,5000,,,,,,1,,
go,refstore,refstore.get,hit,1,1,2000,0,,2036810,1018.405,2035000,2000,1823900,15973922035146887013,,2000,structured,5000,,,,,,1,,
go,refstore,refstore.get,hit,1,2,2000,0,,2051419,1025.7095,2048000,0,1823900,15973922035146887013,,2000,structured,5000,,,,,,1,,
go,refstore,refstore.get,hit,1,3,2000,0,,2038865,1019.4325,2042000,4000,1823900,15973922035146887013,,2000,structured,5000,,,,,,1,,
go,refstore,refstore.get,miss,1,0,2000,0,,419982,209.991,378000,45000,1823900,15777377584200431653,,2000,structured,5000,,,,,,1,,
go,refstore,refstore.get,miss,1,1,2000,0,,409853,204.9265,371000,45000,1823900,15777377584200431653,,2000,structured,5000,,,,,,1,,
go,refstore,refstore.get,miss,1,2,2000,0,,410625,205.3125,417000,0,1823900,15777377584200431653,,2000,structured,5000,,,,,,1,,
go,refstore,refstore.get,miss,1,3,2000,0,,414822,207.411,421000,0,1823900,15777377584200431653,,2000,structured,5000,,,,,,1,,
go,refstore,refstore.open,empty,1,0,1,0,,765873,765873.0,0,405000,1823900,1,,1,structured,,,,,,,1,,
go,refstore,refstore.open,empty,1,1,1,0,,736045,736045.0,363000,44000,1823900,1,,1,structured,,,,,,,1,,
go,refstore,refstore.open,empty,1,2,1,0,,759221,759221.0,361000,44000,1823900,1,,1,structured,,,,,,,1,,
go,refstore,refstore.open,empty,1,3,1,0,,748920,748920.0,0,406000,1823900,1,,1,structured,,,,,,,1,,
go,refstore,refstore.open,populated-reopen,1,0,1,0,,2481991,2481991.0,1151000,1027000,1823900,83,,1,structured,5000,,,,,,1,,
go,refstore,refstore.open,populated-reopen,1,1,1,0,,2410765,2410765.0,1337000,756000,1823900,83,,1,structured,5000,,,,,,1,,
go,refstore,refstore.open,populated-reopen,1,2,1,0,,2435843,2435843.0,2109000,12000,1823900,83,,1,structured,5000,,,,,,1,,
go,refstore,refstore.open,populated-reopen,1,3,1,0,,2380057,2380057.0,2050000,4000,1823900,83,,1,structured,5000,,,,,,1,,
go,refstore,refstore.put,records/sync-false,1,0,5000,0,,2266219,453.2438,3183000,0,1823900,14982512862514255781,,5000,structured,5000,,,,,,1,,
go,refstore,refstore.put,records/sync-false,1,1,5000,0,,2190264,438.0528,2121000,907000,1823900,14982512862514255781,,5000,structured,5000,,,,,,1,,
go,refstore,refstore.put,records/sync-false,1,2,5000,0,,2384786,476.9572,2132000,903000,1823900,14982512862514255781,,5000,structured,5000,,,,,,1,,
go,refstore,refstore.put,records/sync-false,1,3,5000,0,,2223126,444.6252,2081000,889000,1823900,14982512862514255781,,5000,structured,5000,,,,,,1,,
go,refstore,refstore.put,records/sync-true,1,0,5000,0,,301662043,60332.4086,26767000,30241000,1823900,14982512862514255781,,5000,structured,5000,,,,,,1,,
go,refstore,refstore.put,records/sync-true,1,1,5000,0,,301188427,60237.6854,33554000,22699000,1823900,14982512862514255781,,5000,structured,5000,,,,,,1,,
go,refstore,refstore.put,records/sync-true,1,2,5000,0,,301472460,60294.492,30860000,26467000,1823900,14982512862514255781,,5000,structured,5000,,,,,,1,,
go,refstore,refstore.put,records/sync-true,1,3,5000,0,,311570931,62314.1862,40520000,19339000,1823900,14982512862514255781,,5000,structured,5000,,,,,,1,,
go,refstore,refstore.put_batch,records/sync-false,1,0,5000,0,,577894,115.5788,0,606000,1823900,8710676069373506828,,5000,structured,5000,,,,,,1,,
go,refstore,refstore.put_batch,records/sync-false,1,1,5000,0,,577984,115.5968,517000,63000,1823900,8710676069373506828,,5000,structured,5000,,,,,,1,,
go,refstore,refstore.put_batch,records/sync-false,1,2,5000,0,,566281,113.2562,568000,0,1823900,8710676069373506828,,5000,structured,5000,,,,,,1,,
go,refstore,refstore.put_batch,records/sync-false,1,3,5000,0,,579046,115.8092,559000,0,1823900,8710676069373506828,,5000,structured,5000,,,,,,1,,
go,refstore,refstore.wipe,records,1,0,1,0,,1168963,1168963.0,1186000,22000,1823900,12161962213042174405,,1,structured,5000,,,,,,1,,
go,refstore,refstore.wipe,records,1,1,1,0,,1151559,1151559.0,1182000,22000,1823900,12161962213042174405,,1,structured,5000,,,,,,1,,
go,refstore,refstore.wipe,records,1,2,1,0,,1164084,1164084.0,1209000,0,1823900,12161962213042174405,,1,structured,5000,,,,,,1,,
go,refstore,refstore.wipe,records,1,3,1,0,,1132904,1132904.0,1171000,19000,1823900,12161962213042174405,,1,structured,5000,,,,,,1,,
go,tar,tarexport.write,fixture-tree,1,0,5323,64294912,encoded,12564812,2360.4756716137517,12384000,156000,1823900,4304777291239815761,,,tree,5323,,,,5323,,1,,
go,tar,tarexport.write,fixture-tree,1,1,5323,64294912,encoded,12548661,2357.4414803682134,12579000,0,1823900,4304777291239815761,,,tree,5323,,,,5323,,1,,
go,tar,tarexport.write,fixture-tree,1,2,5323,64294912,encoded,12497083,2347.7518316738683,12445000,41000,1823900,4304777291239815761,,,tree,5323,,,,5323,,1,,
go,tar,tarexport.write,fixture-tree,1,3,5323,64294912,encoded,12512623,2350.671238023671,12484000,0,1823900,4304777291239815761,,,tree,5323,,,,5323,,1,,
go,tar,tarextract.extract,fixture-tree,1,0,5323,64294912,encoded,238175286,44744.55870749577,64126000,173248000,1823900,4304777291239815761,,,tree,5323,,,,5323,,1,,
go,tar,tarextract.extract,fixture-tree,1,1,5323,64294912,encoded,209149289,39291.61919969942,74926000,134950000,1823900,4304777291239815761,,,tree,5323,,,,5323,,1,,
go,tar,tarextract.extract,fixture-tree,1,2,5323,64294912,encoded,209527401,39362.652827353,69157000,143901000,1823900,4304777291239815761,,,tree,5323,,,,5323,,1,,
go,tar,tarextract.extract,fixture-tree,1,3,5323,64294912,encoded,208198994,39113.09299267331,74890000,132960000,1823900,4304777291239815761,,,tree,5323,,,,5323,,1,,
go,amberignore,amberignore.descend,8-subdirs,1,4,512,0,,2656314,5188.11328125,1567000,1079000,1791124,11838577130360562469,,,structured,512,1,,,,,1,,
go,amberignore,amberignore.descend,8-subdirs,1,5,512,0,,2606639,5091.091796875,1008000,1834000,1791124,11838577130360562469,,,structured,512,1,,,,,1,,
go,amberignore,amberignore.descend,8-subdirs,1,6,512,0,,2565782,5011.29296875,0,2565000,1791124,11838577130360562469,,,structured,512,1,,,,,1,,
go,amberignore,amberignore.ignored,mixed-names,1,4,1024,0,,218427,213.3076171875,193000,28000,1791124,17033983874747237157,,,structured,1024,,,,,,1,,
go,amberignore,amberignore.ignored,mixed-names,1,5,1024,0,,220251,215.0888671875,200000,29000,1791124,17033983874747237157,,,structured,1024,,,,,,1,,
go,amberignore,amberignore.ignored,mixed-names,1,6,1024,0,,207116,202.26171875,187000,26000,1791124,17033983874747237157,,,structured,1024,,,,,,1,,
go,amberignore,amberignore.ignored,nil-matcher,1,4,1024,0,,8676,8.47265625,17000,2000,1791124,13389487554061181733,,,structured,1024,,,,,,1,,
go,amberignore,amberignore.ignored,nil-matcher,1,5,1024,0,,8786,8.580078125,11000,1000,1791124,13389487554061181733,,,structured,1024,,,,,,1,,
go,amberignore,amberignore.ignored,nil-matcher,1,6,1024,0,,5200,5.078125,9000,1000,1791124,13389487554061181733,,,structured,1024,,,,,,1,,
go,amberignore,amberignore.root,load-root,1,4,64,0,,468305,7317.265625,472000,0,1791124,3808676317670837029,,,structured,64,,,,,,1,,
go,amberignore,amberignore.root,load-root,1,5,64,0,,459397,7178.078125,404000,58000,1791124,3808676317670837029,,,structured,64,,,,,,1,,
go,amberignore,amberignore.root,load-root,1,6,64,0,,487191,7612.359375,0,488000,1791124,3808676317670837029,,,structured,64,,,,,,1,,
go,amberpack,amberpack.decode_payload,mixed-records/producer-go,1,4,500,10070344,encoded,8022786,16045.572,8013000,1013000,1791124,4860269593321461802,,500,structured,,,,,,500,1,,
go,amberpack,amberpack.decode_payload,mixed-records/producer-go,1,5,500,10070344,encoded,7746778,15493.556,7756000,971000,1791124,4860269593321461802,,500,structured,,,,,,500,1,,
go,amberpack,amberpack.decode_payload,mixed-records/producer-go,1,6,500,10070344,encoded,7416107,14832.214,6584000,942000,1791124,4860269593321461802,,500,structured,,,,,,500,1,,
go,amberpack,amberpack.decode_payload,mixed-records/producer-rust,1,4,500,10053753,encoded,7274026,14548.052,7171000,1032000,1791124,4860269593321461802,,500,structured,,,,,,500,1,,
go,amberpack,amberpack.decode_payload,mixed-records/producer-rust,1,5,500,10053753,encoded,7491100,14982.2,7335000,1061000,1791124,4860269593321461802,,500,structured,,,,,,500,1,,
go,amberpack,amberpack.decode_payload,mixed-records/producer-rust,1,6,500,10053753,encoded,7112207,14224.414,7157000,1039000,1791124,4860269593321461802,,500,structured,,,,,,500,1,,
go,amberpack,amberpack.encode_record,1MiB-duplicate,1,4,4,4194304,payload,1931530,482882.5,1930000,0,1791124,10804007899247999205,1048576,4,duplicate,,,,,,,1,item_bytes,duplicate
go,amberpack,amberpack.encode_record,1MiB-duplicate,1,5,4,4194304,payload,1759852,439963.0,1666000,95000,1791124,10804007899247999205,1048576,4,duplicate,,,,,,,1,item_bytes,duplicate
go,amberpack,amberpack.encode_record,1MiB-duplicate,1,6,4,4194304,payload,1542767,385691.75,1412000,923000,1791124,10804007899247999205,1048576,4,duplicate,,,,,,,1,item_bytes,duplicate
go,amberpack,amberpack.encode_record,1MiB-random,1,4,4,4194304,payload,1622068,405517.0,1626000,0,1791124,16911360464488762320,1048576,4,random,,,,,,,1,item_bytes,random
go,amberpack,amberpack.encode_record,1MiB-random,1,5,4,4194304,payload,1500947,375236.75,1438000,64000,1791124,16911360464488762320,1048576,4,random,,,,,,,1,item_bytes,random
go,amberpack,amberpack.encode_record,1MiB-random,1,6,4,4194304,payload,1440541,360135.25,1434000,0,1791124,16911360464488762320,1048576,4,random,,,,,,,1,item_bytes,random
go,amberpack,amberpack.encode_record,1MiB-text,1,4,4,4194304,payload,12530907,3132726.75,12499000,941000,1791124,489844278859407729,1048576,4,text,,,,,,,1,item_bytes,text
go,amberpack,amberpack.encode_record,1MiB-text,1,5,4,4194304,payload,12701022,3175255.5,13593000,92000,1791124,489844278859407729,1048576,4,text,,,,,,,1,item_bytes,text
go,amberpack,amberpack.encode_record,1MiB-text,1,6,4,4194304,payload,12677186,3169296.5,12616000,963000,1791124,489844278859407729,1048576,4,text,,,,,,,1,item_bytes,text
go,amberpack,amberpack.encode_record,4KiB-duplicate,1,4,1024,4194304,payload,4039095,3944.4287109375,3950000,1013000,1791124,15163794708379116325,4096,1024,duplicate,,,,,,,1,item_bytes,duplicate
go,amberpack,amberpack.encode_record,4KiB-duplicate,1,5,1024,4194304,payload,3754733,3666.7314453125,3659000,93000,1791124,15163794708379116325,4096,1024,duplicate,,,,,,,1,item_bytes,duplicate
go,amberpack,amberpack.encode_record,4KiB-duplicate,1,6,1024,4194304,payload,3415575,3335.5224609375,3391000,0,1791124,15163794708379116325,4096,1024,duplicate,,,,,,,1,item_bytes,duplicate
go,amberpack,amberpack.encode_record,4KiB-random,1,4,1024,4194304,payload,3956187,3863.4638671875,4875000,0,1791124,833230075664003548,4096,1024,random,,,,,,,1,item_bytes,random
go,amberpack,amberpack.encode_record,4KiB-random,1,5,1024,4194304,payload,3648880,3563.359375,3640000,0,1791124,833230075664003548,4096,1024,random,,,,,,,1,item_bytes,random
go,amberpack,amberpack.encode_record,4KiB-random,1,6,1024,4194304,payload,4118658,4022.126953125,4024000,1014000,1791124,833230075664003548,4096,1024,random,,,,,,,1,item_bytes,random
go,amberpack,amberpack.encode_record,4KiB-text,1,4,1024,4194304,payload,24555046,23979.537109375,24635000,944000,1791124,7797885073011845644,4096,1024,text,,,,,,,1,item_bytes,text
go,amberpack,amberpack.encode_record,4KiB-text,1,5,1024,4194304,payload,24968185,24382.9931640625,24917000,989000,1791124,7797885073011845644,4096,1024,text,,,,,,,1,item_bytes,text
go,amberpack,amberpack.encode_record,4KiB-text,1,6,1024,4194304,payload,24570696,23994.8203125,24515000,1080000,1791124,7797885073011845644,4096,1024,text,,,,,,,1,item_bytes,text
go,amberpack,amberpack.encode_record,empty,1,4,8000,0,payload,518441,64.805125,515000,0,1791124,18132281937839988517,,8000,empty,,,,,,,1,item_bytes,empty
go,amberpack,amberpack.encode_record,empty,1,5,8000,0,payload,514483,64.310375,516000,0,1791124,18132281937839988517,,8000,empty,,,,,,,1,item_bytes,empty
go,amberpack,amberpack.encode_record,empty,1,6,8000,0,payload,505626,63.20325,449000,65000,1791124,18132281937839988517,,8000,empty,,,,,,,1,item_bytes,empty
go,amberpack,amberpack.encode_record,large-8MiB-duplicate,1,4,2,16777216,payload,9983160,4991580.0,8958000,995000,1791124,11090642185545363909,8388608,2,duplicate,,,,,,,1,item_bytes,duplicate
go,amberpack,amberpack.encode_record,large-8MiB-duplicate,1,5,2,16777216,payload,7621899,3810949.5,7623000,954000,1791124,11090642185545363909,8388608,2,duplicate,,,,,,,1,item_bytes,duplicate
go,amberpack,amberpack.encode_record,large-8MiB-duplicate,1,6,2,16777216,payload,7490879,3745439.5,7619000,952000,1791124,11090642185545363909,8388608,2,duplicate,,,,,,,1,item_bytes,duplicate
go,amberpack,amberpack.encode_record,large-8MiB-random,1,4,1,8388608,payload,3931049,3931049.0,3941000,0,1791124,16023285418421674942,8388608,1,random,,,,,,,1,item_bytes,random
go,amberpack,amberpack.encode_record,large-8MiB-random,1,5,1,8388608,payload,3664971,3664971.0,3658000,0,1791124,16023285418421674942,8388608,1,random,,,,,,,1,item_bytes,random
go,amberpack,amberpack.encode_record,large-8MiB-random,1,6,1,8388608,payload,3653749,3653749.0,2795000,1978000,1791124,16023285418421674942,8388608,1,random,,,,,,,1,item_bytes,random
go,amberpack,amberpack.encode_record,large-8MiB-text,1,4,1,8388608,payload,28156385,28156385.0,28101000,148000,1791124,3717030585049525887,8388608,1,text,,,,,,,1,item_bytes,text
go,amberpack,amberpack.encode_record,large-8MiB-text,1,5,1,8388608,payload,26779516,26779516.0,26691000,963000,1791124,3717030585049525887,8388608,1,text,,,,,,,1,item_bytes,text
go,amberpack,amberpack.encode_record,large-8MiB-text,1,6,1,8388608,payload,25369772,25369772.0,25333000,1052000,1791124,3717030585049525887,8388608,1,text,,,,,,,1,item_bytes,text
go,amberpack,amberpack.encode_record,tiny-64B-duplicate,1,4,16384,1048576,payload,8834345,539.2056274414062,8706000,100000,1791124,15118262615421100837,64,16384,duplicate,,,,,,,1,item_bytes,duplicate
go,amberpack,amberpack.encode_record,tiny-64B-duplicate,1,5,16384,1048576,payload,8169966,498.6551513671875,8120000,14000,1791124,15118262615421100837,64,16384,duplicate,,,,,,,1,item_bytes,duplicate
go,amberpack,amberpack.encode_record,tiny-64B-duplicate,1,6,16384,1048576,payload,7715579,470.92156982421875,7702000,0,1791124,15118262615421100837,64,16384,duplicate,,,,,,,1,item_bytes,duplicate
go,amberpack,amberpack.encode_record,tiny-64B-random,1,4,16384,1048576,payload,9210394,562.1578369140625,9166000,22000,1791124,13667126546932280967,64,16384,random,,,,,,,1,item_bytes,random
go,amberpack,amberpack.encode_record,tiny-64B-random,1,5,16384,1048576,payload,9629244,587.722412109375,9586000,0,1791124,13667126546932280967,64,16384,random,,,,,,,1,item_bytes,random
go,amberpack,amberpack.encode_record,tiny-64B-random,1,6,16384,1048576,payload,9210664,562.17431640625,9159000,23000,1791124,13667126546932280967,64,16384,random,,,,,,,1,item_bytes,random
go,amberpack,amberpack.encode_record,tiny-64B-text,1,4,16384,1048576,payload,19032747,1161.6666870117188,18990000,0,1791124,15004358341227962651,64,16384,text,,,,,,,1,item_bytes,text
go,amberpack,amberpack.encode_record,tiny-64B-text,1,5,16384,1048576,payload,18777830,1146.1077880859375,18721000,0,1791124,15004358341227962651,64,16384,text,,,,,,,1,item_bytes,text
go,amberpack,amberpack.encode_record,tiny-64B-text,1,6,16384,1048576,payload,18631641,1137.1851196289062,18564000,0,1791124,15004358341227962651,64,16384,text,,,,,,,1,item_bytes,text
go,amberpack,amberpack.parse_record,corrupt-crc/producer-go,1,4,256,0,,33684,131.578125,38000,0,1791124,17539378016686813989,,256,structured,,,,,,,1,,
go,amberpack,amberpack.parse_record,corrupt-crc/producer-go,1,5,256,0,,45006,175.8046875,47000,0,1791124,17539378016686813989,,256,structured,,,,,,,1,,
go,amberpack,amberpack.parse_record,corrupt-crc/producer-go,1,6,256,0,,34215,133.65234375,35000,5000,1791124,17539378016686813989,,256,structured,,,,,,,1,,
go,amberpack,amberpack.parse_record,corrupt-crc/producer-rust,1,4,256,0,,38023,148.52734375,39000,6000,1791124,17539378016686813989,,256,structured,,,,,,,1,,
go,amberpack,amberpack.parse_record,corrupt-crc/producer-rust,1,5,256,0,,31620,123.515625,35000,0,1791124,17539378016686813989,,256,structured,,,,,,,1,,
go,amberpack,amberpack.parse_record,corrupt-crc/producer-rust,1,6,256,0,,34496,134.75,36000,5000,1791124,17539378016686813989,,256,structured,,,,,,,1,,
go,amberpack,amberpack.parse_record,mixed-records/producer-go,1,4,500,10070344,encoded,374094,748.188,374000,0,1791124,7325024220447414200,,500,structured,,,,,,500,1,,
go,amberpack,amberpack.parse_record,mixed-records/producer-go,1,5,500,10070344,encoded,360719,721.438,364000,0,1791124,7325024220447414200,,500,structured,,,,,,500,1,,
go,amberpack,amberpack.parse_record,mixed-records/producer-go,1,6,500,10070344,encoded,361921,723.842,323000,45000,1791124,7325024220447414200,,500,structured,,,,,,500,1,,
go,amberpack,amberpack.parse_record,mixed-records/producer-rust,1,4,500,10053753,encoded,366941,733.882,327000,47000,1791124,15082506208932262024,,500,structured,,,,,,500,1,,
go,amberpack,amberpack.parse_record,mixed-records/producer-rust,1,5,500,10053753,encoded,356901,713.802,361000,0,1791124,15082506208932262024,,500,structured,,,,,,500,1,,
go,amberpack,amberpack.parse_record,mixed-records/producer-rust,1,6,500,10053753,encoded,353064,706.128,312000,44000,1791124,15082506208932262024,,500,structured,,,,,,500,1,,
go,amberpack,amberpack.reader_all,mixed-objects/producer-go,1,4,500,10070344,encoded,8775343,17550.686,8744000,0,1791124,8309917618078602499,,500,structured,,,,,,500,1,,
go,amberpack,amberpack.reader_all,mixed-objects/producer-go,1,5,500,10070344,encoded,8315735,16631.47,8252000,33000,1791124,8309917618078602499,,500,structured,,,,,,500,1,,
go,amberpack,amberpack.reader_all,mixed-objects/producer-go,1,6,500,10070344,encoded,8182310,16364.62,8162000,0,1791124,8309917618078602499,,500,structured,,,,,,500,1,,
go,amberpack,amberpack.reader_all,mixed-objects/producer-rust,1,4,500,10053753,encoded,8716270,17432.54,8619000,85000,1791124,8309917618078602499,,500,structured,,,,,,500,1,,
go,amberpack,amberpack.reader_all,mixed-objects/producer-rust,1,5,500,10053753,encoded,8103640,16207.28,7958000,137000,1791124,8309917618078602499,,500,structured,,,,,,500,1,,
go,amberpack,amberpack.reader_all,mixed-objects/producer-rust,1,6,500,10053753,encoded,7840427,15680.854,7825000,0,1791124,8309917618078602499,,500,structured,,,,,,500,1,,
go,amberpack,amberpack.reader_all,truncated-stream/producer-go,1,4,64,0,,306413133,4787705.203125,304348000,11729000,1791124,9489642868898812965,5035172,64,structured,,,,,,,1,,
go,amberpack,amberpack.reader_all,truncated-stream/producer-go,1,5,64,0,,355754346,5558661.65625,292628000,94392000,1791124,9489642868898812965,5035172,64,structured,,,,,,,1,,
go,amberpack,amberpack.reader_all,truncated-stream/producer-go,1,6,64,0,,340488074,5320126.15625,304361000,62383000,1791124,9489642868898812965,5035172,64,structured,,,,,,,1,,
go,amberpack,amberpack.reader_all,truncated-stream/producer-rust,1,4,64,0,,319728599,4995759.359375,291786000,52961000,1791124,9489642868898812965,5026876,64,structured,,,,,,,1,,
go,amberpack,amberpack.reader_all,truncated-stream/producer-rust,1,5,64,0,,327874920,5123045.625,295265000,58318000,1791124,9489642868898812965,5026876,64,structured,,,,,,,1,,
go,amberpack,amberpack.reader_all,truncated-stream/producer-rust,1,6,64,0,,325300042,5082813.15625,295308000,55673000,1791124,9489642868898812965,5026876,64,structured,,,,,,,1,,
go,amberpack,amberpack.reader_records,mixed-objects/producer-go,1,4,500,10070344,encoded,1090623,2181.246,1085000,0,1791124,13551615618179880529,,500,structured,,,,,,500,1,,
go,amberpack,amberpack.reader_records,mixed-objects/producer-go,1,5,500,10070344,encoded,736166,1472.332,736000,0,1791124,13551615618179880529,,500,structured,,,,,,500,1,,
go,amberpack,amberpack.reader_records,mixed-objects/producer-go,1,6,500,10070344,encoded,728712,1457.424,733000,0,1791124,13551615618179880529,,500,structured,,,,,,500,1,,
go,amberpack,amberpack.reader_records,mixed-objects/producer-rust,1,4,500,10053753,encoded,764801,1529.602,768000,0,1791124,4451174990343454638,,500,structured,,,,,,500,1,,
go,amberpack,amberpack.reader_records,mixed-objects/producer-rust,1,5,500,10053753,encoded,718833,1437.666,636000,92000,1791124,4451174990343454638,,500,structured,,,,,,500,1,,
go,amberpack,amberpack.reader_records,mixed-objects/producer-rust,1,6,500,10053753,encoded,709205,1418.41,710000,0,1791124,4451174990343454638,,500,structured,,,,,,500,1,,
go,amberpack,amberpack.writer_add,mixed-objects,1,4,500,16960000,payload,33916118,67832.236,32968000,3007000,1791124,4408672499635271307,,500,structured,,,,,,500,1,,
go,amberpack,amberpack.writer_add,mixed-objects,1,5,500,16960000,payload,33514009,67028.018,33411000,2062000,1791124,4408672499635271307,,500,structured,,,,,,500,1,,
go,amberpack,amberpack.writer_add,mixed-objects,1,6,500,16960000,payload,32723971,65447.942,32774000,1978000,1791124,4408672499635271307,,500,structured,,,,,,500,1,,
go,amberpack,amberpack.writer_add_record,pre-encoded-records/producer-go,1,4,500,10070344,encoded,20639,41.278,21000,3000,1791124,4408672499635271307,,500,structured,,,,,,500,1,,
go,amberpack,amberpack.writer_add_record,pre-encoded-records/producer-go,1,5,500,10070344,encoded,15751,31.502,19000,3000,1791124,4408672499635271307,,500,structured,,,,,,500,1,,
go,amberpack,amberpack.writer_add_record,pre-encoded-records/producer-go,1,6,500,10070344,encoded,14458,28.916,15000,2000,1791124,4408672499635271307,,500,structured,,,,,,500,1,,
go,amberpack,amberpack.writer_add_record,pre-encoded-records/producer-rust,1,4,500,10053753,encoded,18695,37.39,19000,3000,1791124,9051759507606592069,,500,structured,,,,,,500,1,,
go,amberpack,amberpack.writer_add_record,pre-encoded-records/producer-rust,1,5,500,10053753,encoded,14789,29.578,16000,2000,1791124,9051759507606592069,,500,structured,,,,,,500,1,,
go,amberpack,amberpack.writer_add_record,pre-encoded-records/producer-rust,1,6,500,10053753,encoded,14698,29.396,16000,2000,1791124,9051759507606592069,,500,structured,,,,,,500,1,,
go,cbor,cbor.decode_xattrs,xattrs-3,1,4,64,4544,encoded,26230,409.84375,26000,4000,1791124,10124439526398863653,71,64,structured,3,,,,,,1,,
go,cbor,cbor.decode_xattrs,xattrs-3,1,5,64,4544,encoded,27353,427.390625,30000,5000,1791124,10124439526398863653,71,64,structured,3,,,,,,1,,
go,cbor,cbor.decode_xattrs,xattrs-3,1,6,64,4544,encoded,25078,391.84375,27000,4000,1791124,10124439526398863653,71,64,structured,3,,,,,,1,,
go,cbor,cbor.decode_xattrs,xattrs-64,1,4,64,282752,encoded,570580,8915.3125,504000,73000,1791124,5919729855399850789,4418,64,structured,64,,,,,,1,,
go,cbor,cbor.decode_xattrs,xattrs-64,1,5,64,282752,encoded,565330,8833.28125,500000,72000,1791124,5919729855399850789,4418,64,structured,64,,,,,,1,,
go,cbor,cbor.decode_xattrs,xattrs-64,1,6,64,282752,encoded,564949,8827.328125,570000,0,1791124,5919729855399850789,4418,64,structured,64,,,,,,1,,
go,cbor,cbor.encode_xattrs,xattrs-3,1,4,64,4544,encoded,29156,455.5625,28000,4000,1791124,7087683166235696933,71,64,structured,3,,,,,,1,,
go,cbor,cbor.encode_xattrs,xattrs-3,1,5,64,4544,encoded,25689,401.390625,25000,3000,1791124,7087683166235696933,71,64,structured,3,,,,,,1,,
go,cbor,cbor.encode_xattrs,xattrs-3,1,6,64,4544,encoded,28434,444.28125,28000,4000,1791124,7087683166235696933,71,64,structured,3,,,,,,1,,
go,cbor,cbor.encode_xattrs,xattrs-64,1,4,64,282752,encoded,1615767,25246.359375,1101000,874000,1791124,7055603837320979365,4418,64,structured,64,,,,,,1,,
go,cbor,cbor.encode_xattrs,xattrs-64,1,5,64,282752,encoded,1734554,27102.40625,1732000,0,1791124,7055603837320979365,4418,64,structured,64,,,,,,1,,
go,cbor,cbor.encode_xattrs,xattrs-64,1,6,64,282752,encoded,1545983,24155.984375,1541000,0,1791124,7055603837320979365,4418,64,structured,64,,,,,,1,,
go,chunkers,chunkers.item_chunker,is_boundary/bits-7,1,4,2000,0,,104600,52.3,94000,13000,1791124,13540704555984963781,32,2000,structured,,,,,,,1,,
go,chunkers,chunkers.item_chunker,is_boundary/bits-7,1,5,2000,0,,105702,52.851,95000,14000,1791124,13540704555984963781,32,2000,structured,,,,,,,1,,
go,chunkers,chunkers.item_chunker,is_boundary/bits-7,1,6,2000,0,,102796,51.398,94000,14000,1791124,13540704555984963781,32,2000,structured,,,,,,,1,,
go,chunkers,chunkers.new_item_chunker,bits-4..12,1,4,2304,0,,30368,13.180555555555555,32000,4000,1791124,10832436384879348517,,2304,structured,,,,,,,1,,
go,chunkers,chunkers.new_item_chunker,bits-4..12,1,5,2304,0,,30157,13.088975694444445,32000,4000,1791124,10832436384879348517,,2304,structured,,,,,,,1,,
go,chunkers,chunkers.new_item_chunker,bits-4..12,1,6,2304,0,,30128,13.07638888888889,29000,4000,1791124,10832436384879348517,,2304,structured,,,,,,,1,,
go,chunkers,chunkers.split_bytes,compressible/4-16-64KiB,1,4,1024,67108864,payload,57659994,56308.587890625,57360000,1057000,1791124,9068445193624773413,67108864,1,text,1024,,,,,,1,,
go,chunkers,chunkers.split_bytes,compressible/4-16-64KiB,1,5,1024,67108864,payload,57254270,55912.373046875,56928000,998000,1791124,9068445193624773413,67108864,1,text,1024,,,,,,1,,
go,chunkers,chunkers.split_bytes,compressible/4-16-64KiB,1,6,1024,67108864,payload,57804630,56449.833984375,57622000,955000,1791124,9068445193624773413,67108864,1,text,1024,,,,,,1,,
go,chunkers,chunkers.split_bytes,compressible/default-sizes,1,4,64,67108864,payload,57515088,898673.25,57356000,0,1791124,7216463888747825957,67108864,1,text,64,,,,,,1,,
go,chunkers,chunkers.split_bytes,compressible/default-sizes,1,5,64,67108864,payload,58950269,921097.953125,58632000,6980000,1791124,7216463888747825957,67108864,1,text,64,,,,,,1,,
go,chunkers,chunkers.split_bytes,compressible/default-sizes,1,6,64,67108864,payload,56771197,887049.953125,56610000,0,1791124,7216463888747825957,67108864,1,text,64,,,,,,1,,
go,chunkers,chunkers.split_bytes,random/default-sizes,1,4,881,67108864,payload,43678857,49578.72531214529,43551000,0,1791124,4335383197352982352,67108864,1,random,881,,,,,,1,,
go,chunkers,chunkers.split_bytes,random/default-sizes,1,5,881,67108864,payload,43208388,49044.70828603859,43227000,4039000,1791124,4335383197352982352,67108864,1,random,881,,,,,,1,,
go,chunkers,chunkers.split_bytes,random/default-sizes,1,6,881,67108864,payload,43084592,48904.19069239501,42937000,0,1791124,4335383197352982352,67108864,1,random,881,,,,,,1,,
go,chunkers,chunkers.split_bytes,tiny-64KiB/default-sizes,1,4,1,65536,payload,52330,52330.0,54000,7000,1791124,14713704181997794188,65536,1,text,1,,,,,,1,,
go,chunkers,chunkers.split_bytes,tiny-64KiB/default-sizes,1,5,1,65536,payload,49524,49524.0,57000,0,1791124,14713704181997794188,65536,1,text,1,,,,,,1,,
go,chunkers,chunkers.split_bytes,tiny-64KiB/default-sizes,1,6,1,65536,payload,51679,51679.0,48000,7000,1791124,14713704181997794188,65536,1,text,1,,,,,,1,,
go,fstree,fstree.check_complete,incomplete/jobs-1,1,4,1,0,,28956,28956.0,33000,4000,1791124,15567951148124569360,,,structured,16,,,wide,,,1,,
go,fstree,fstree.check_complete,incomplete/jobs-1,1,5,1,0,,32071,32071.0,36000,5000,1791124,15567951148124569360,,,structured,16,,,wide,,,1,,
go,fstree,fstree.check_complete,incomplete/jobs-1,1,6,1,0,,34656,34656.0,45000,7000,1791124,15567951148124569360,,,structured,16,,,wide,,,1,,
go,fstree,fstree.check_complete,widest/jobs-1,1,4,40257,0,,27153079,674.4933551928857,27316000,911000,1791124,8781341933545400491,,,structured,40000,,40000,wide,,40257,1,,
go,fstree,fstree.check_complete,widest/jobs-1,1,5,40257,0,,26940623,669.2158630797128,27759000,255000,1791124,8781341933545400491,,,structured,40000,,40000,wide,,40257,1,,
go,fstree,fstree.check_complete,widest/jobs-1,1,6,40257,0,,26721765,663.7793427230047,27602000,227000,1791124,8781341933545400491,,,structured,40000,,40000,wide,,40257,1,,
go,fstree,fstree.check_complete,widest/jobs-N,8,4,40257,0,,14577727,362.1165759992051,35055000,0,1791124,8781341933545400491,,,structured,40000,,40000,wide,,40257,8,,
go,fstree,fstree.check_complete,widest/jobs-N,8,5,40257,0,,13879884,344.78187644384826,30545000,2688000,1791124,8781341933545400491,,,structured,40000,,40000,wide,,40257,8,,
go,fstree,fstree.check_complete,widest/jobs-N,8,6,40257,0,,14051452,349.04369426435153,33678000,105000,1791124,8781341933545400491,,,structured,40000,,40000,wide,,40257,8,,
go,fstree,fstree.check_complete,width-16/jobs-1,1,4,17,0,,25449,1497.0,30000,4000,1791124,8753205170136912308,,,structured,16,,16,wide,,17,1,width,plain
go,fstree,fstree.check_complete,width-16/jobs-1,1,5,17,0,,22703,1335.4705882352941,26000,3000,1791124,8753205170136912308,,,structured,16,,16,wide,,17,1,width,plain
go,fstree,fstree.check_complete,width-16/jobs-1,1,6,17,0,,32942,1937.764705882353,39000,5000,1791124,8753205170136912308,,,structured,16,,16,wide,,17,1,width,plain
go,fstree,fstree.check_complete,width-256/jobs-1,1,4,259,0,,204461,789.4247104247104,205000,29000,1791124,10166096353870829249,,,structured,256,,256,wide,,259,1,width,plain
go,fstree,fstree.check_complete,width-256/jobs-1,1,5,259,0,,194642,751.5135135135135,185000,26000,1791124,10166096353870829249,,,structured,256,,256,wide,,259,1,width,plain
go,fstree,fstree.check_complete,width-256/jobs-1,1,6,259,0,,185324,715.5366795366796,203000,0,1791124,10166096353870829249,,,structured,256,,256,wide,,259,1,width,plain
go,fstree,fstree.check_complete,width-40000/jobs-1,1,4,40257,0,,27623378,686.1757706734232,28618000,92000,1791124,8781341933545400491,,,structured,40000,,40000,wide,,40257,1,width,plain
go,fstree,fstree.check_complete,width-40000/jobs-1,1,5,40257,0,,26787731,665.417964577589,27772000,108000,1791124,8781341933545400491,,,structured,40000,,40000,wide,,40257,1,width,plain
go,fstree,fstree.check_complete,width-40000/jobs-1,1,6,40257,0,,27252199,676.9555356832352,27211000,1164000,1791124,8781341933545400491,,,structured,40000,,40000,wide,,40257,1,width,plain
go,fstree,fstree.check_complete,width-4096/jobs-1,1,4,4122,0,,2790701,677.0259582726832,2918000,0,1791124,2551262535976545999,,,structured,4096,,4096,wide,,4122,1,width,plain
go,fstree,fstree.check_complete,width-4096/jobs-1,1,5,4122,0,,2728532,661.9437166424066,2870000,0,1791124,2551262535976545999,,,structured,4096,,4096,wide,,4122,1,width,plain
go,fstree,fstree.check_complete,width-4096/jobs-1,1,6,4122,0,,2916030,707.4308588064047,2900000,126000,1791124,2551262535976545999,,,structured,4096,,4096,wide,,4122,1,width,plain
go,fstree,fstree.child_keys,dir-leaf-128,1,4,64,0,,3082808,48168.875,3081000,0,1791124,9537427053040457253,,64,structured,128,,,,,,1,,
go,fstree,fstree.child_keys,dir-leaf-128,1,5,64,0,,3016573,47133.953125,3011000,1000,1791124,9537427053040457253,,64,structured,128,,,,,,1,,
go,fstree,fstree.child_keys,dir-leaf-128,1,6,64,0,,2987056,46672.75,2987000,2000,1791124,9537427053040457253,,64,structured,128,,,,,,1,,
go,fstree,fstree.child_keys,dir-node-128,1,4,64,0,,1345801,21028.140625,1307000,45000,1791124,1477312231372574501,,64,structured,128,,,,,,1,,
go,fstree,fstree.child_keys,dir-node-128,1,5,64,0,,1339338,20927.15625,1298000,43000,1791124,1477312231372574501,,64,structured,128,,,,,,1,,
go,fstree,fstree.child_keys,dir-node-128,1,6,64,0,,1372391,21443.609375,1364000,0,1791124,1477312231372574501,,64,structured,128,,,,,,1,,
go,fstree,fstree.child_keys,file-node-1024,1,4,64,0,,5689278,88894.96875,5669000,0,1791124,7701241629847960229,,64,structured,1024,,,,,,1,,
go,fstree,fstree.child_keys,file-node-1024,1,5,64,0,,5560892,86888.9375,5569000,0,1791124,7701241629847960229,,64,structured,1024,,,,,,1,,
go,fstree,fstree.child_keys,file-node-1024,1,6,64,0,,5634143,88033.484375,5623000,0,1791124,7701241629847960229,,64,structured,1024,,,,,,1,,
go,fstree,fstree.collect_entries,width-16,1,4,16,0,,11041,690.0625,12000,2000,1791124,8341622732183221560,,,structured,16,1,16,wide,,17,1,width,plain
go,fstree,fstree.collect_entries,width-16,1,5,16,0,,11291,705.6875,20000,0,1791124,8341622732183221560,,,structured,16,1,16,wide,,17,1,width,plain
go,fstree,fstree.collect_entries,width-16,1,6,16,0,,10840,677.5,12000,2000,1791124,8341622732183221560,,,structured,16,1,16,wide,,17,1,width,plain
go,fstree,fstree.collect_entries,width-256,1,4,256,0,,97015,378.96484375,88000,12000,1791124,5488379839664258588,,,structured,256,1,256,wide,,259,1,width,plain
go,fstree,fstree.collect_entries,width-256,1,5,256,0,,94621,369.61328125,98000,0,1791124,5488379839664258588,,,structured,256,1,256,wide,,259,1,width,plain
go,fstree,fstree.collect_entries,width-256,1,6,256,0,,97467,380.73046875,100000,0,1791124,5488379839664258588,,,structured,256,1,256,wide,,259,1,width,plain
go,fstree,fstree.collect_entries,width-40000,1,4,40000,0,,15945640,398.641,15898000,0,1791124,14993720166178614202,,,structured,40000,1,40000,wide,,40257,1,width,plain
go,fstree,fstree.collect_entries,width-40000,1,5,40000,0,,15884443,397.111075,15838000,0,1791124,14993720166178614202,,,structured,40000,1,40000,wide,,40257,1,width,plain
go,fstree,fstree.collect_entries,width-40000,1,6,40000,0,,15377254,384.43135,15340000,0,1791124,14993720166178614202,,,structured,40000,1,40000,wide,,40257,1,width,plain
go,fstree,fstree.collect_entries,width-4096,1,4,4096,0,,1519954,371.08251953125,1519000,0,1791124,13256494381648301123,,,structured,4096,1,4096,wide,,4122,1,width,plain
go,fstree,fstree.collect_entries,width-4096,1,5,4096,0,,1514022,369.63427734375,1514000,0,1791124,13256494381648301123,,,structured,4096,1,4096,wide,,4122,1,width,plain
go,fstree,fstree.collect_entries,width-4096,1,6,4096,0,,1497010,365.48095703125,1438000,62000,1791124,13256494381648301123,,,structured,4096,1,4096,wide,,4122,1,width,plain
go,fstree,fstree.decode_dir_leaf,entries-1024,1,4,65536,4849856,encoded,23267597,355.0353546142578,23084000,139000,1791124,4752332038147119141,75779,64,structured,1024,,,leaf,,,1,entries,plain
go,fstree,fstree.decode_dir_leaf,entries-1024,1,5,65536,4849856,encoded,22926385,349.82887268066406,22783000,98000,1791124,4752332038147119141,75779,64,structured,1024,,,leaf,,,1,entries,plain
go,fstree,fstree.decode_dir_leaf,entries-1024,1,6,65536,4849856,encoded,22988874,350.7823791503906,22932000,0,1791124,4752332038147119141,75779,64,structured,1024,,,leaf,,,1,entries,plain
go,fstree,fstree.decode_dir_leaf,entries-128,1,4,8192,606336,encoded,2926971,357.2962646484375,2917000,0,1791124,13453085420543655461,9474,64,structured,128,,,leaf,,,1,entries,plain
go,fstree,fstree.decode_dir_leaf,entries-128,1,5,8192,606336,encoded,2943352,359.2958984375,2942000,0,1791124,13453085420543655461,9474,64,structured,128,,,leaf,,,1,entries,plain
go,fstree,fstree.decode_dir_leaf,entries-128,1,6,8192,606336,encoded,2913676,355.67333984375,2912000,0,1791124,13453085420543655461,9474,64,structured,128,,,leaf,,,1,entries,plain
go,fstree,fstree.decode_dir_leaf,entries-128-partial-change,1,4,8192,680064,encoded,3012735,367.7655029296875,3005000,3000,1791124,868920460316997157,10626,64,partial-change,128,,,leaf,,,1,entries,partial-change
go,fstree,fstree.decode_dir_leaf,entries-128-partial-change,1,5,8192,680064,encoded,3064073,374.0323486328125,3045000,6000,1791124,868920460316997157,10626,64,partial-change,128,,,leaf,,,1,entries,partial-change
go,fstree,fstree.decode_dir_leaf,entries-128-partial-change,1,6,8192,680064,encoded,3256491,397.5208740234375,3227000,30000,1791124,868920460316997157,10626,64,partial-change,128,,,leaf,,,1,entries,partial-change
go,fstree,fstree.decode_dir_leaf,entries-128-with-xattrs,1,4,8192,680064,encoded,3038915,370.9613037109375,3033000,6000,1791124,13453085420543655461,10626,64,structured,128,,,leaf,,,1,entries,with-xattrs
go,fstree,fstree.decode_dir_leaf,entries-128-with-xattrs,1,5,8192,680064,encoded,3277561,400.0928955078125,3121000,155000,1791124,13453085420543655461,10626,64,structured,128,,,leaf,,,1,entries,with-xattrs
go,fstree,fstree.decode_dir_leaf,entries-128-with-xattrs,1,6,8192,680064,encoded,3027182,369.529052734375,3027000,3000,1791124,13453085420543655461,10626,64,structured,128,,,leaf,,,1,entries,with-xattrs
go,fstree,fstree.decode_dir_leaf,entries-8,1,4,512,37952,encoded,193069,377.087890625,172000,24000,1791124,13863560569644134693,593,64,structured,8,,,leaf,,,1,entries,plain
go,fstree,fstree.decode_dir_leaf,entries-8,1,5,512,37952,encoded,191516,374.0546875,198000,0,1791124,13863560569644134693,593,64,structured,8,,,leaf,,,1,entries,plain
go,fstree,fstree.decode_dir_leaf,entries-8,1,6,512,37952,encoded,195223,381.294921875,174000,24000,1791124,13863560569644134693,593,64,structured,8,,,leaf,,,1,entries,plain
go,fstree,fstree.decode_dir_node,pairs-1024,1,4,65536,3276992,encoded,11056050,168.70193481445312,11043000,1000,1791124,11961031557855502117,51203,64,structured,1024,,,index,,,1,entries,plain
go,fstree,fstree.decode_dir_node,pairs-1024,1,5,65536,3276992,encoded,11037234,168.41482543945312,11010000,0,1791124,11961031557855502117,51203,64,structured,1024,,,index,,,1,entries,plain
go,fstree,fstree.decode_dir_node,pairs-1024,1,6,65536,3276992,encoded,11115593,169.61048889160156,11090000,10000,1791124,11961031557855502117,51203,64,structured,1024,,,index,,,1,entries,plain
go,fstree,fstree.decode_dir_node,pairs-128,1,4,8192,409728,encoded,1358655,165.8514404296875,1362000,0,1791124,9182210741442831141,6402,64,structured,128,,,index,,,1,entries,plain
go,fstree,fstree.decode_dir_node,pairs-128,1,5,8192,409728,encoded,1372121,167.4952392578125,1369000,0,1791124,9182210741442831141,6402,64,structured,128,,,index,,,1,entries,plain
go,fstree,fstree.decode_dir_node,pairs-128,1,6,8192,409728,encoded,1384274,168.978759765625,1217000,168000,1791124,9182210741442831141,6402,64,structured,128,,,index,,,1,entries,plain
go,fstree,fstree.decode_dir_node,pairs-8,1,4,512,25664,encoded,104971,205.021484375,101000,14000,1791124,8467071135069708069,401,64,structured,8,,,index,,,1,entries,plain
go,fstree,fstree.decode_dir_node,pairs-8,1,5,512,25664,encoded,96054,187.60546875,103000,0,1791124,8467071135069708069,401,64,structured,8,,,index,,,1,entries,plain
go,fstree,fstree.decode_dir_node,pairs-8,1,6,512,25664,encoded,95041,185.626953125,86000,12000,1791124,8467071135069708069,401,64,structured,8,,,index,,,1,entries,plain
go,fstree,fstree.decode_file_node,children-1024,1,4,65536,2228416,encoded,5800841,88.51380920410156,5782000,0,1791124,7701241629847960229,34819,64,structured,1024,,,file-index,,,1,entries,plain
go,fstree,fstree.decode_file_node,children-1024,1,5,65536,2228416,encoded,5969293,91.08418273925781,5943000,0,1791124,7701241629847960229,34819,64,structured,1024,,,file-index,,,1,entries,plain
go,fstree,fstree.decode_file_node,children-1024,1,6,65536,2228416,encoded,5994100,91.46270751953125,5965000,0,1791124,7701241629847960229,34819,64,structured,1024,,,file-index,,,1,entries,plain
go,fstree,fstree.decode_file_node,children-128,1,4,8192,278656,encoded,708744,86.5166015625,631000,87000,1791124,934824099510310693,4354,64,structured,128,,,file-index,,,1,entries,plain
go,fstree,fstree.decode_file_node,children-128,1,5,8192,278656,encoded,766855,93.6102294921875,768000,0,1791124,934824099510310693,4354,64,structured,128,,,file-index,,,1,entries,plain
go,fstree,fstree.decode_file_node,children-128,1,6,8192,278656,encoded,739383,90.2567138671875,731000,0,1791124,934824099510310693,4354,64,structured,128,,,file-index,,,1,entries,plain
go,fstree,fstree.decode_file_node,children-65536,1,4,4194304,142606656,encoded,374342945,89.25031304359436,373163000,0,1791124,3370106694439645093,2228229,64,structured,65536,,,file-index,,,1,entries,plain
go,fstree,fstree.decode_file_node,children-65536,1,5,4194304,142606656,encoded,373691551,89.09500861167908,373687000,18969000,1791124,3370106694439645093,2228229,64,structured,65536,,,file-index,,,1,entries,plain
go,fstree,fstree.decode_file_node,children-65536,1,6,4194304,142606656,encoded,373496819,89.04858088493347,371746000,665000,1791124,3370106694439645093,2228229,64,structured,65536,,,file-index,,,1,entries,plain
go,fstree,fstree.decode_file_node,children-8,1,4,512,17472,encoded,55456,108.3125,51000,7000,1791124,6032738727359362853,273,64,structured,8,,,file-index,,,1,entries,plain
go,fstree,fstree.decode_file_node,children-8,1,5,512,17472,encoded,55266,107.94140625,51000,7000,1791124,6032738727359362853,273,64,structured,8,,,file-index,,,1,entries,plain
go,fstree,fstree.decode_file_node,children-8,1,6,512,17472,encoded,56998,111.32421875,53000,7000,1791124,6032738727359362853,273,64,structured,8,,,file-index,,,1,entries,plain
go,fstree,fstree.dir_builder,entries-16,1,4,16,0,,35899,2243.6875,45000,0,1791124,17327107032425722273,,,structured,16,1,16,wide,,,1,entries,plain
go,fstree,fstree.dir_builder,entries-16,1,5,16,0,,36750,2296.875,35000,4000,1791124,17327107032425722273,,,structured,16,1,16,wide,,,1,entries,plain
go,fstree,fstree.dir_builder,entries-16,1,6,16,0,,22583,1411.4375,23000,3000,1791124,17327107032425722273,,,structured,16,1,16,wide,,,1,entries,plain
go,fstree,fstree.dir_builder,entries-256,1,4,256,0,,148985,581.97265625,134000,19000,1791124,6965094703770672903,,,structured,256,1,256,wide,,,1,entries,plain
go,fstree,fstree.dir_builder,entries-256,1,5,256,0,,136371,532.69921875,123000,16000,1791124,6965094703770672903,,,structured,256,1,256,wide,,,1,entries,plain
go,fstree,fstree.dir_builder,entries-256,1,6,256,0,,140919,550.46484375,141000,0,1791124,6965094703770672903,,,structured,256,1,256,wide,,,1,entries,plain
go,fstree,fstree.dir_builder,entries-40000,1,4,40000,0,,20003581,500.089525,19982000,995000,1791124,5451962816014331386,,,structured,40000,1,40000,wide,,,1,entries,plain
go,fstree,fstree.dir_builder,entries-40000,1,5,40000,0,,19324204,483.1051,19201000,1032000,1791124,5451962816014331386,,,structured,40000,1,40000,wide,,,1,entries,plain
go,fstree,fstree.dir_builder,entries-40000,1,6,40000,0,,19184167,479.604175,19072000,1018000,1791124,5451962816014331386,,,structured,40000,1,40000,wide,,,1,entries,plain
go,fstree,fstree.dir_builder,entries-4096,1,4,4096,0,,2018226,492.73095703125,2015000,1000,1791124,13286298812054168386,,,structured,4096,1,4096,wide,,,1,entries,plain
go,fstree,fstree.dir_builder,entries-4096,1,5,4096,0,,2004950,489.48974609375,1263000,908000,1791124,13286298812054168386,,,structured,4096,1,4096,wide,,,1,entries,plain
go,fstree,fstree.dir_builder,entries-4096,1,6,4096,0,,1975664,482.33984375,1960000,0,1791124,13286298812054168386,,,structured,4096,1,4096,wide,,,1,entries,plain
go,fstree,fstree.encode_blob,1MiB-duplicate,1,4,4,4194304,payload,761033,190258.25,759000,0,1791124,4954928577809952085,1048576,4,duplicate,,,,,,,1,item_bytes,duplicate
go,fstree,fstree.encode_blob,1MiB-duplicate,1,5,4,4194304,payload,757637,189409.25,670000,91000,1791124,4954928577809952085,1048576,4,duplicate,,,,,,,1,item_bytes,duplicate
go,fstree,fstree.encode_blob,1MiB-duplicate,1,6,4,4194304,payload,771314,192828.5,770000,0,1791124,4954928577809952085,1048576,4,duplicate,,,,,,,1,item_bytes,duplicate
go,fstree,fstree.encode_blob,1MiB-random,1,4,4,4194304,payload,767617,191904.25,770000,0,1791124,9939255841382022707,1048576,4,random,,,,,,,1,item_bytes,random
go,fstree,fstree.encode_blob,1MiB-random,1,5,4,4194304,payload,845214,211303.5,25000,854000,1791124,9939255841382022707,1048576,4,random,,,,,,,1,item_bytes,random
go,fstree,fstree.encode_blob,1MiB-random,1,6,4,4194304,payload,759070,189767.5,766000,0,1791124,9939255841382022707,1048576,4,random,,,,,,,1,item_bytes,random
go,fstree,fstree.encode_blob,1MiB-text,1,4,4,4194304,payload,853992,213498.0,857000,0,1791124,8948303745221278327,1048576,4,text,,,,,,,1,item_bytes,text
go,fstree,fstree.encode_blob,1MiB-text,1,5,4,4194304,payload,908215,227053.75,37000,853000,1791124,8948303745221278327,1048576,4,text,,,,,,,1,item_bytes,text
go,fstree,fstree.encode_blob,1MiB-text,1,6,4,4194304,payload,821590,205397.5,820000,0,1791124,8948303745221278327,1048576,4,text,,,,,,,1,item_bytes,text
go,fstree,fstree.encode_blob,4KiB-duplicate,1,4,1024,4194304,payload,1963450,1917.431640625,1900000,0,1791124,17017657366255403813,4096,1024,duplicate,,,,,,,1,item_bytes,duplicate
go,fstree,fstree.encode_blob,4KiB-duplicate,1,5,1024,4194304,payload,1814176,1771.65625,1812000,0,1791124,17017657366255403813,4096,1024,duplicate,,,,,,,1,item_bytes,duplicate
go,fstree,fstree.encode_blob,4KiB-duplicate,1,6,1024,4194304,payload,1816530,1773.955078125,1815000,0,1791124,17017657366255403813,4096,1024,duplicate,,,,,,,1,item_bytes,duplicate
go,fstree,fstree.encode_blob,4KiB-random,1,4,1024,4194304,payload,1886925,1842.7001953125,1884000,0,1791124,14622718952877413808,4096,1024,random,,,,,,,1,item_bytes,random
go,fstree,fstree.encode_blob,4KiB-random,1,5,1024,4194304,payload,1935527,1890.1630859375,1910000,0,1791124,14622718952877413808,4096,1024,random,,,,,,,1,item_bytes,random
go,fstree,fstree.encode_blob,4KiB-random,1,6,1024,4194304,payload,1886013,1841.8095703125,1884000,0,1791124,14622718952877413808,4096,1024,random,,,,,,,1,item_bytes,random
go,fstree,fstree.encode_blob,4KiB-text,1,4,1024,4194304,payload,1995623,1948.8505859375,1991000,0,1791124,16665551570620069306,4096,1024,text,,,,,,,1,item_bytes,text
go,fstree,fstree.encode_blob,4KiB-text,1,5,1024,4194304,payload,1977387,1931.0419921875,1976000,0,1791124,16665551570620069306,4096,1024,text,,,,,,,1,item_bytes,text
go,fstree,fstree.encode_blob,4KiB-text,1,6,1024,4194304,payload,1961878,1915.896484375,1960000,0,1791124,16665551570620069306,4096,1024,text,,,,,,,1,item_bytes,text
go,fstree,fstree.encode_blob,empty,1,4,8000,0,payload,972568,121.571,971000,0,1791124,2254434588782405797,,8000,empty,,,,,,,1,item_bytes,empty
go,fstree,fstree.encode_blob,empty,1,5,8000,0,payload,981896,122.737,972000,0,1791124,2254434588782405797,,8000,empty,,,,,,,1,item_bytes,empty
go,fstree,fstree.encode_blob,empty,1,6,8000,0,payload,997345,124.668125,742000,971000,1791124,2254434588782405797,,8000,empty,,,,,,,1,item_bytes,empty
go,fstree,fstree.encode_blob,large-8MiB-duplicate,1,4,2,16777216,payload,3430323,1715161.5,3424000,0,1791124,6013579253605003965,8388608,2,duplicate,,,,,,,1,item_bytes,duplicate
go,fstree,fstree.encode_blob,large-8MiB-duplicate,1,5,2,16777216,payload,3241633,1620816.5,3082000,147000,1791124,6013579253605003965,8388608,2,duplicate,,,,,,,1,item_bytes,duplicate
go,fstree,fstree.encode_blob,large-8MiB-duplicate,1,6,2,16777216,payload,3029717,1514858.5,3023000,1000,1791124,6013579253605003965,8388608,2,duplicate,,,,,,,1,item_bytes,duplicate
go,fstree,fstree.encode_blob,large-8MiB-random,1,4,1,8388608,payload,1686612,1686612.0,1692000,0,1791124,18309876851832907018,8388608,1,random,,,,,,,1,item_bytes,random
go,fstree,fstree.encode_blob,large-8MiB-random,1,5,1,8388608,payload,1531365,1531365.0,1515000,0,1791124,18309876851832907018,8388608,1,random,,,,,,,1,item_bytes,random
go,fstree,fstree.encode_blob,large-8MiB-random,1,6,1,8388608,payload,1511156,1511156.0,1454000,61000,1791124,18309876851832907018,8388608,1,random,,,,,,,1,item_bytes,random
go,fstree,fstree.encode_blob,large-8MiB-text,1,4,1,8388608,payload,1775692,1775692.0,1776000,0,1791124,9430261300512049942,8388608,1,text,,,,,,,1,item_bytes,text
go,fstree,fstree.encode_blob,large-8MiB-text,1,5,1,8388608,payload,1523721,1523721.0,1524000,0,1791124,9430261300512049942,8388608,1,text,,,,,,,1,item_bytes,text
go,fstree,fstree.encode_blob,large-8MiB-text,1,6,1,8388608,payload,1512539,1512539.0,1459000,63000,1791124,9430261300512049942,8388608,1,text,,,,,,,1,item_bytes,text
go,fstree,fstree.encode_blob,tiny-64B-duplicate,1,4,16384,1048576,payload,2217085,135.32012939453125,2213000,0,1791124,8354136380780258085,64,16384,duplicate,,,,,,,1,item_bytes,duplicate
go,fstree,fstree.encode_blob,tiny-64B-duplicate,1,5,16384,1048576,payload,2217617,135.35260009765625,2214000,0,1791124,8354136380780258085,64,16384,duplicate,,,,,,,1,item_bytes,duplicate
go,fstree,fstree.encode_blob,tiny-64B-duplicate,1,6,16384,1048576,payload,2215642,135.2320556640625,2212000,0,1791124,8354136380780258085,64,16384,duplicate,,,,,,,1,item_bytes,duplicate
go,fstree,fstree.encode_blob,tiny-64B-random,1,4,16384,1048576,payload,2204381,134.54473876953125,2065000,144000,1791124,1495078422366159392,64,16384,random,,,,,,,1,item_bytes,random
go,fstree,fstree.encode_blob,tiny-64B-random,1,5,16384,1048576,payload,2206585,134.67926025390625,2182000,23000,1791124,1495078422366159392,64,16384,random,,,,,,,1,item_bytes,random
go,fstree,fstree.encode_blob,tiny-64B-random,1,6,16384,1048576,payload,2289584,139.7451171875,2175000,23000,1791124,1495078422366159392,64,16384,random,,,,,,,1,item_bytes,random
go,fstree,fstree.encode_blob,tiny-64B-text,1,4,16384,1048576,payload,2205924,134.638916015625,2204000,0,1791124,8258853772002371914,64,16384,text,,,,,,,1,item_bytes,text
go,fstree,fstree.encode_blob,tiny-64B-text,1,5,16384,1048576,payload,2223137,135.68951416015625,2224000,0,1791124,8258853772002371914,64,16384,text,,,,,,,1,item_bytes,text
go,fstree,fstree.encode_blob,tiny-64B-text,1,6,16384,1048576,payload,2211544,134.98193359375,2216000,0,1791124,8258853772002371914,64,16384,text,,,,,,,1,item_bytes,text
go,fstree,fstree.encode_dir_leaf,entries-1024,1,4,65536,4849856,encoded,10116705,154.36866760253906,10109000,0,1791124,14926286625942829477,75779,64,structured,1024,,,leaf,,,1,entries,plain
go,fstree,fstree.encode_dir_leaf,entries-1024,1,5,65536,4849856,encoded,10243307,156.3004608154297,10187000,21000,1791124,14926286625942829477,75779,64,structured,1024,,,leaf,,,1,entries,plain
go,fstree,fstree.encode_dir_leaf,entries-1024,1,6,65536,4849856,encoded,9902566,151.10116577148438,9863000,0,1791124,14926286625942829477,75779,64,structured,1024,,,leaf,,,1,entries,plain
go,fstree,fstree.encode_dir_leaf,entries-128,1,4,8192,606336,encoded,1363104,166.39453125,1331000,45000,1791124,1374923134133451557,9474,64,structured,128,,,leaf,,,1,entries,plain
go,fstree,fstree.encode_dir_leaf,entries-128,1,5,8192,606336,encoded,1355249,165.4356689453125,1357000,0,1791124,1374923134133451557,9474,64,structured,128,,,leaf,,,1,entries,plain
go,fstree,fstree.encode_dir_leaf,entries-128,1,6,8192,606336,encoded,1403100,171.27685546875,1401000,0,1791124,1374923134133451557,9474,64,structured,128,,,leaf,,,1,entries,plain
go,fstree,fstree.encode_dir_leaf,entries-128-partial-change,1,4,8192,680064,encoded,1438488,175.5966796875,1437000,0,1791124,4655539362595262373,10626,64,partial-change,128,,,leaf,,,1,entries,partial-change
go,fstree,fstree.encode_dir_leaf,entries-128-partial-change,1,5,8192,680064,encoded,1436794,175.389892578125,1433000,0,1791124,4655539362595262373,10626,64,partial-change,128,,,leaf,,,1,entries,partial-change
go,fstree,fstree.encode_dir_leaf,entries-128-partial-change,1,6,8192,680064,encoded,1440191,175.8045654296875,1444000,0,1791124,4655539362595262373,10626,64,partial-change,128,,,leaf,,,1,entries,partial-change
go,fstree,fstree.encode_dir_leaf,entries-128-with-xattrs,1,4,8192,680064,encoded,1436334,175.333740234375,1438000,0,1791124,13784683988985435685,10626,64,structured,128,,,leaf,,,1,entries,with-xattrs
go,fstree,fstree.encode_dir_leaf,entries-128-with-xattrs,1,5,8192,680064,encoded,1438848,175.640625,1434000,0,1791124,13784683988985435685,10626,64,structured,128,,,leaf,,,1,entries,with-xattrs
go,fstree,fstree.encode_dir_leaf,entries-128-with-xattrs,1,6,8192,680064,encoded,1423509,173.7681884765625,1424000,0,1791124,13784683988985435685,10626,64,structured,128,,,leaf,,,1,entries,with-xattrs
go,fstree,fstree.encode_dir_leaf,entries-8,1,4,512,37952,encoded,126773,247.603515625,131000,0,1791124,9483523244623033125,593,64,structured,8,,,leaf,,,1,entries,plain
go,fstree,fstree.encode_dir_leaf,entries-8,1,5,512,37952,encoded,120581,235.509765625,123000,0,1791124,9483523244623033125,593,64,structured,8,,,leaf,,,1,entries,plain
go,fstree,fstree.encode_dir_leaf,entries-8,1,6,512,37952,encoded,120390,235.13671875,124000,0,1791124,9483523244623033125,593,64,structured,8,,,leaf,,,1,entries,plain
go,fstree,fstree.encode_dir_node,pairs-1024,1,4,65536,3276992,encoded,4315554,65.85012817382812,4314000,0,1791124,13134739177949024805,51203,64,structured,1024,,,index,,,1,entries,plain
go,fstree,fstree.encode_dir_node,pairs-1024,1,5,65536,3276992,encoded,4294714,65.53213500976562,4280000,0,1791124,13134739177949024805,51203,64,structured,1024,,,index,,,1,entries,plain
go,fstree,fstree.encode_dir_node,pairs-1024,1,6,65536,3276992,encoded,4257062,64.95761108398438,4251000,0,1791124,13134739177949024805,51203,64,structured,1024,,,index,,,1,entries,plain
go,fstree,fstree.encode_dir_node,pairs-128,1,4,8192,409728,encoded,590748,72.11279296875,594000,0,1791124,8693509944766546085,6402,64,structured,128,,,index,,,1,entries,plain
go,fstree,fstree.encode_dir_node,pairs-128,1,5,8192,409728,encoded,575159,70.2098388671875,579000,0,1791124,8693509944766546085,6402,64,structured,128,,,index,,,1,entries,plain
go,fstree,fstree.encode_dir_node,pairs-128,1,6,8192,409728,encoded,568847,69.4393310546875,572000,0,1791124,8693509944766546085,6402,64,structured,128,,,index,,,1,entries,plain
go,fstree,fstree.encode_dir_node,pairs-8,1,4,512,25664,encoded,66697,130.267578125,61000,8000,1791124,5615932682167956261,401,64,structured,8,,,index,,,1,entries,plain
go,fstree,fstree.encode_dir_node,pairs-8,1,5,512,25664,encoded,68922,134.61328125,76000,0,1791124,5615932682167956261,401,64,structured,8,,,index,,,1,entries,plain
go,fstree,fstree.encode_dir_node,pairs-8,1,6,512,25664,encoded,66918,130.69921875,65000,8000,1791124,5615932682167956261,401,64,structured,8,,,index,,,1,entries,plain
go,fstree,fstree.encode_file_node,children-1024,1,4,65536,2228416,encoded,2883057,43.99195861816406,2874000,0,1791124,7106826622917578021,34819,64,structured,1024,,,file-index,,,1,entries,plain
go,fstree,fstree.encode_file_node,children-1024,1,5,65536,2228416,encoded,2800410,42.730865478515625,2805000,0,1791124,7106826622917578021,34819,64,structured,1024,,,file-index,,,1,entries,plain
go,fstree,fstree.encode_file_node,children-1024,1,6,65536,2228416,encoded,2556704,39.01220703125,2552000,0,1791124,7106826622917578021,34819,64,structured,1024,,,file-index,,,1,entries,plain
go,fstree,fstree.encode_file_node,children-128,1,4,8192,278656,encoded,397790,48.558349609375,398000,0,1791124,14969072261990374693,4354,64,structured,128,,,file-index,,,1,entries,plain
go,fstree,fstree.encode_file_node,children-128,1,5,8192,278656,encoded,411255,50.2020263671875,407000,0,1791124,14969072261990374693,4354,64,structured,128,,,file-index,,,1,entries,plain
go,fstree,fstree.encode_file_node,children-128,1,6,8192,278656,encoded,392309,47.8892822265625,402000,0,1791124,14969072261990374693,4354,64,structured,128,,,file-index,,,1,entries,plain
go,fstree,fstree.encode_file_node,children-65536,1,4,4194304,142606656,encoded,178894722,42.65182542800903,178586000,870000,1791124,7201247303332347429,2228229,64,structured,65536,,,file-index,,,1,entries,plain
go,fstree,fstree.encode_file_node,children-65536,1,5,4194304,142606656,encoded,179908659,42.893566846847534,179582000,856000,1791124,7201247303332347429,2228229,64,structured,65536,,,file-index,,,1,entries,plain
go,fstree,fstree.encode_file_node,children-65536,1,6,4194304,142606656,encoded,175163013,41.76211667060852,173647000,16891000,1791124,7201247303332347429,2228229,64,structured,65536,,,file-index,,,1,entries,plain
go,fstree,fstree.encode_file_node,children-8,1,4,512,17472,encoded,61307,119.740234375,57000,8000,1791124,6472471074395739557,273,64,structured,8,,,file-index,,,1,entries,plain
go,fstree,fstree.encode_file_node,children-8,1,5,512,17472,encoded,55997,109.369140625,52000,7000,1791124,6472471074395739557,273,64,structured,8,,,file-index,,,1,entries,plain
go,fstree,fstree.encode_file_node,children-8,1,6,512,17472,encoded,56939,111.208984375,53000,7000,1791124,6472471074395739557,273,64,structured,8,,,file-index,,,1,entries,plain
go,fstree,fstree.encode_xattr_set,xattrs-64,1,4,4096,0,,1759712,429.6171875,1743000,0,1791124,4027580594042018341,,64,structured,64,,,,,,1,,
go,fstree,fstree.encode_xattr_set,xattrs-64,1,5,4096,0,,1746757,426.454345703125,1653000,90000,1791124,4027580594042018341,,64,structured,64,,,,,,1,,
go,fstree,fstree.encode_xattr_set,xattrs-64,1,6,4096,0,,1750284,427.3154296875,1749000,0,1791124,4027580594042018341,,64,structured,64,,,,,,1,,
go,fstree,fstree.index_builder_file,children-1024,1,4,1024,0,,131511,128.4287109375,119000,17000,1791124,9757242120474664615,,,structured,1024,,1024,file-index,,,1,entries,plain
go,fstree,fstree.index_builder_file,children-1024,1,5,1024,0,,134326,131.177734375,134000,0,1791124,9757242120474664615,,,structured,1024,,1024,file-index,,,1,entries,plain
go,fstree,fstree.index_builder_file,children-1024,1,6,1024,0,,130108,127.05859375,117000,16000,1791124,9757242120474664615,,,structured,1024,,1024,file-index,,,1,entries,plain
go,fstree,fstree.index_builder_file,children-128,1,4,128,0,,24697,192.9453125,24000,3000,1791124,5516234319160730044,,,structured,128,,128,file-index,,,1,entries,plain
go,fstree,fstree.index_builder_file,children-128,1,5,128,0,,24266,189.578125,24000,4000,1791124,5516234319160730044,,,structured,128,,128,file-index,,,1,entries,plain
go,fstree,fstree.index_builder_file,children-128,1,6,128,0,,25218,197.015625,24000,3000,1791124,5516234319160730044,,,structured,128,,128,file-index,,,1,entries,plain
go,fstree,fstree.index_builder_file,children-65536,1,4,65536,0,,7989352,121.9078369140625,8006000,1012000,1791124,16475152812802804162,,,structured,65536,,65536,file-index,,,1,entries,plain
go,fstree,fstree.index_builder_file,children-65536,1,5,65536,0,,7745516,118.18719482421875,7726000,955000,1791124,16475152812802804162,,,structured,65536,,65536,file-index,,,1,entries,plain
go,fstree,fstree.index_builder_file,children-65536,1,6,65536,0,,7608414,116.09518432617188,7669000,958000,1791124,16475152812802804162,,,structured,65536,,65536,file-index,,,1,entries,plain
go,fstree,fstree.index_builder_file,children-8,1,4,8,0,,11092,1386.5,14000,0,1791124,5481630882257051986,,,structured,8,,8,file-index,,,1,entries,plain
go,fstree,fstree.index_builder_file,children-8,1,5,8,0,,17634,2204.25,15000,0,1791124,5481630882257051986,,,structured,8,,8,file-index,,,1,entries,plain
go,fstree,fstree.index_builder_file,children-8,1,6,8,0,,9398,1174.75,11000,1000,1791124,5481630882257051986,,,structured,8,,8,file-index,,,1,entries,plain
go,fstree,fstree.list_entries,widest/first-page-100,1,4,6400,0,,8913597,1392.74953125,8829000,991000,1791124,10287959357742859045,,64,structured,40000,1,40000,wide,,,1,,
go,fstree,fstree.list_entries,widest/first-page-100,1,5,6400,0,,9087099,1419.85921875,8970000,1011000,1791124,10287959357742859045,,64,structured,40000,1,40000,wide,,,1,,
go,fstree,fstree.list_entries,widest/first-page-100,1,6,6400,0,,8832883,1380.13796875,9511000,215000,1791124,10287959357742859045,,64,structured,40000,1,40000,wide,,,1,,
go,fstree,fstree.list_entries,width-16/full-paging-100,1,4,16,0,,8486,530.375,10000,1000,1791124,8647329350532786293,,,structured,16,1,16,wide,,17,1,width,plain
go,fstree,fstree.list_entries,width-16/full-paging-100,1,5,16,0,,10550,659.375,15000,2000,1791124,8647329350532786293,,,structured,16,1,16,wide,,17,1,width,plain
go,fstree,fstree.list_entries,width-16/full-paging-100,1,6,16,0,,8917,557.3125,15000,3000,1791124,8647329350532786293,,,structured,16,1,16,wide,,17,1,width,plain
go,fstree,fstree.list_entries,width-256/full-paging-100,1,4,256,0,,166868,651.828125,150000,21000,1791124,13846005503640562525,,,structured,256,1,256,wide,,259,1,width,plain
go,fstree,fstree.list_entries,width-256/full-paging-100,1,5,256,0,,172640,674.375,177000,0,1791124,13846005503640562525,,,structured,256,1,256,wide,,259,1,width,plain
go,fstree,fstree.list_entries,width-256/full-paging-100,1,6,256,0,,168953,659.97265625,151000,20000,1791124,13846005503640562525,,,structured,256,1,256,wide,,259,1,width,plain
go,fstree,fstree.list_entries,width-40000/full-paging-100,1,4,40000,0,,54289906,1357.24765,54091000,0,1791124,14411079679319204100,,,structured,40000,1,40000,wide,,40257,1,width,plain
go,fstree,fstree.list_entries,width-40000/full-paging-100,1,5,40000,0,,54443020,1361.0755,54602000,731000,1791124,14411079679319204100,,,structured,40000,1,40000,wide,,40257,1,width,plain
go,fstree,fstree.list_entries,width-40000/full-paging-100,1,6,40000,0,,53858082,1346.45205,53910000,965000,1791124,14411079679319204100,,,structured,40000,1,40000,wide,,40257,1,width,plain
go,fstree,fstree.list_entries,width-4096/full-paging-100,1,4,4096,0,,4775893,1165.989501953125,4753000,0,1791124,11900522544021708933,,,structured,4096,1,4096,wide,,4122,1,width,plain
go,fstree,fstree.list_entries,width-4096/full-paging-100,1,5,4096,0,,4660824,1137.896484375,4649000,0,1791124,11900522544021708933,,,structured,4096,1,4096,wide,,4122,1,width,plain
go,fstree,fstree.list_entries,width-4096/full-paging-100,1,6,4096,0,,4996965,1219.962158203125,5047000,1017000,1791124,11900522544021708933,,,structured,4096,1,4096,wide,,4122,1,width,plain
go,fstree,fstree.lookup_entry,width-16/hit,1,4,2000,0,,10216296,5108.148,10048000,1009000,1791124,14771420707203887624,,,structured,16,1,16,wide,,17,1,width,hit
go,fstree,fstree.lookup_entry,width-16/hit,1,5,2000,0,,10622051,5311.0255,10488000,1079000,1791124,14771420707203887624,,,structured,16,1,16,wide,,17,1,width,hit
go,fstree,fstree.lookup_entry,width-16/hit,1,6,2000,0,,10609327,5304.6635,10502000,65000,1791124,14771420707203887624,,,structured,16,1,16,wide,,17,1,width,hit
go,fstree,fstree.lookup_entry,width-16/miss,1,4,2000,0,,10966168,5483.084,10927000,0,1791124,15777377584200431653,,,structured,16,1,16,wide,,17,1,width,miss
go,fstree,fstree.lookup_entry,width-16/miss,1,5,2000,0,,10640796,5320.398,10625000,0,1791124,15777377584200431653,,,structured,16,1,16,wide,,17,1,width,miss
go,fstree,fstree.lookup_entry,width-16/miss,1,6,2000,0,,10786735,5393.3675,10747000,0,1791124,15777377584200431653,,,structured,16,1,16,wide,,17,1,width,miss
go,fstree,fstree.lookup_entry,width-256/hit,1,4,2000,0,,83663367,41831.6835,83399000,0,1791124,11355326517270140002,,,structured,256,1,256,wide,,259,1,width,hit
go,fstree,fstree.lookup_entry,width-256/hit,1,5,2000,0,,83798395,41899.1975,83557000,0,1791124,11355326517270140002,,,structured,256,1,256,wide,,259,1,width,hit
go,fstree,fstree.lookup_entry,width-256/hit,1,6,2000,0,,84243876,42121.938,83997000,0,1791124,11355326517270140002,,,structured,256,1,256,wide,,259,1,width,hit
go,fstree,fstree.lookup_entry,width-256/miss,1,4,2000,0,,1277961,638.9805,1284000,0,1791124,15777377584200431653,,,structured,256,1,256,wide,,259,1,width,miss
go,fstree,fstree.lookup_entry,width-256/miss,1,5,2000,0,,1355049,677.5245,1336000,1046000,1791124,15777377584200431653,,,structured,256,1,256,wide,,259,1,width,miss
go,fstree,fstree.lookup_entry,width-256/miss,1,6,2000,0,,1270828,635.414,1270000,0,1791124,15777377584200431653,,,structured,256,1,256,wide,,259,1,width,miss
go,fstree,fstree.lookup_entry,width-40000/hit,1,4,2000,0,,208513801,104256.9005,207891000,0,1791124,12892554884894536865,,,structured,40000,1,40000,wide,,40257,1,width,hit
go,fstree,fstree.lookup_entry,width-40000/hit,1,5,2000,0,,206071606,103035.803,205550000,792000,1791124,12892554884894536865,,,structured,40000,1,40000,wide,,40257,1,width,hit
go,fstree,fstree.lookup_entry,width-40000/hit,1,6,2000,0,,207025668,103512.834,206373000,4899000,1791124,12892554884894536865,,,structured,40000,1,40000,wide,,40257,1,width,hit
go,fstree,fstree.lookup_entry,width-40000/miss,1,4,2000,0,,1279484,639.742,1128000,151000,1791124,15777377584200431653,,,structured,40000,1,40000,wide,,40257,1,width,miss
go,fstree,fstree.lookup_entry,width-40000/miss,1,5,2000,0,,1277921,638.9605,1278000,0,1791124,15777377584200431653,,,structured,40000,1,40000,wide,,40257,1,width,miss
go,fstree,fstree.lookup_entry,width-40000/miss,1,6,2000,0,,1259106,629.553,1232000,30000,1791124,15777377584200431653,,,structured,40000,1,40000,wide,,40257,1,width,miss
go,fstree,fstree.lookup_entry,width-4096/hit,1,4,2000,0,,162116150,81058.075,161648000,0,1791124,11788397270751236684,,,structured,4096,1,4096,wide,,4122,1,width,hit
go,fstree,fstree.lookup_entry,width-4096/hit,1,5,2000,0,,161343575,80671.7875,161351000,2301000,1791124,11788397270751236684,,,structured,4096,1,4096,wide,,4122,1,width,hit
go,fstree,fstree.lookup_entry,width-4096/hit,1,6,2000,0,,159955233,79977.6165,159507000,0,1791124,11788397270751236684,,,structured,4096,1,4096,wide,,4122,1,width,hit
go,fstree,fstree.lookup_entry,width-4096/miss,1,4,2000,0,,7512401,3756.2005,7462000,0,1791124,15777377584200431653,,,structured,4096,1,4096,wide,,4122,1,width,miss
go,fstree,fstree.lookup_entry,width-4096/miss,1,5,2000,0,,7569730,3784.865,7895000,684000,1791124,15777377584200431653,,,structured,4096,1,4096,wide,,4122,1,width,miss
go,fstree,fstree.lookup_entry,width-4096/miss,1,6,2000,0,,7353137,3676.5685,7483000,1940000,1791124,15777377584200431653,,,structured,4096,1,4096,wide,,4122,1,width,miss
go,fstree,fstree.reachable_keys,deep,0,4,24,0,,133846,5576.916666666667,163000,22000,1791124,5223880262323894244,,,structured,,24,,deep,,,,,
go,fstree,fstree.reachable_keys,deep,0,5,24,0,,122895,5120.625,133000,18000,1791124,5223880262323894244,,,structured,,24,,deep,,,,,
go,fstree,fstree.reachable_keys,deep,0,6,24,0,,121201,5050.041666666667,129000,17000,1791124,5223880262323894244,,,structured,,24,,deep,,,,,
go,fstree,fstree.reachable_keys,file-corpus,0,4,64,0,,38433,600.515625,49000,7000,1791124,9688511076259073062,,,text,64,,,file-index,,,,,
go,fstree,fstree.reachable_keys,file-corpus,0,5,64,0,,37471,585.484375,51000,7000,1791124,9688511076259073062,,,text,64,,,file-index,,,,,
go,fstree,fstree.reachable_keys,file-corpus,0,6,64,0,,34836,544.3125,46000,6000,1791124,9688511076259073062,,,text,64,,,file-index,,,,,
go,fstree,fstree.reachable_keys,width-16,0,4,17,0,,23104,1359.0588235294117,27000,4000,1791124,8753205170136912308,,,structured,16,1,16,wide,,17,,width,plain
go,fstree,fstree.reachable_keys,width-16,0,5,17,0,,20499,1205.8235294117646,23000,3000,1791124,8753205170136912308,,,structured,16,1,16,wide,,17,,width,plain
go,fstree,fstree.reachable_keys,width-16,0,6,17,0,,21491,1264.1764705882354,27000,4000,1791124,8753205170136912308,,,structured,16,1,16,wide,,17,,width,plain
go,fstree,fstree.reachable_keys,width-256,0,4,259,0,,87046,336.0849420849421,126000,17000,1791124,10166096353870829249,,,structured,256,1,256,wide,,259,,width,plain
go,fstree,fstree.reachable_keys,width-256,0,5,259,0,,84261,325.33204633204633,123000,16000,1791124,10166096353870829249,,,structured,256,1,256,wide,,259,,width,plain
go,fstree,fstree.reachable_keys,width-256,0,6,259,0,,89020,343.7065637065637,126000,17000,1791124,10166096353870829249,,,structured,256,1,256,wide,,259,,width,plain
go,fstree,fstree.reachable_keys,width-40000,0,4,40257,0,,4837571,120.16720073527586,16810000,0,1791124,8781341933545400491,,,structured,40000,1,40000,wide,,40257,,width,plain
go,fstree,fstree.reachable_keys,width-40000,0,5,40257,0,,4828854,119.95066696475148,16842000,0,1791124,8781341933545400491,,,structured,40000,1,40000,wide,,40257,,width,plain
go,fstree,fstree.reachable_keys,width-40000,0,6,40257,0,,4875814,121.11717216881536,17307000,0,1791124,8781341933545400491,,,structured,40000,1,40000,wide,,40257,,width,plain
go,fstree,fstree.reachable_keys,width-4096,0,4,4122,0,,597611,144.98083454633672,1610000,191000,1791124,2551262535976545999,,,structured,4096,1,4096,wide,,4122,,width,plain
go,fstree,fstree.reachable_keys,width-4096,0,5,4122,0,,589285,142.96094129063562,1679000,89000,1791124,2551262535976545999,,,structured,4096,1,4096,wide,,4122,,width,plain
go,fstree,fstree.reachable_keys,width-4096,0,6,4122,0,,585769,142.10795730228045,1678000,89000,1791124,2551262535976545999,,,structured,4096,1,4096,wide,,4122,,width,plain
go,fstree,fstree.resolve_entry,depth-1,1,4,256,0,,1548078,6047.1796875,1560000,0,1791124,14437412121268626213,,256,structured,,1,16,deep,,,1,depth,plain
go,fstree,fstree.resolve_entry,depth-1,1,5,256,0,,1552776,6065.53125,1555000,0,1791124,14437412121268626213,,256,structured,,1,16,deep,,,1,depth,plain
go,fstree,fstree.resolve_entry,depth-1,1,6,256,0,,1566403,6118.76171875,1506000,67000,1791124,14437412121268626213,,256,structured,,1,16,deep,,,1,depth,plain
go,fstree,fstree.resolve_entry,depth-12,1,4,256,0,,4063643,15873.60546875,3944000,125000,1791124,14437412121268626213,,256,structured,,12,16,deep,,,1,depth,plain
go,fstree,fstree.resolve_entry,depth-12,1,5,256,0,,4029988,15742.140625,4024000,0,1791124,14437412121268626213,,256,structured,,12,16,deep,,,1,depth,plain
go,fstree,fstree.resolve_entry,depth-12,1,6,256,0,,4079443,15935.32421875,4062000,7000,1791124,14437412121268626213,,256,structured,,12,16,deep,,,1,depth,plain
go,fstree,fstree.resolve_entry,depth-24,1,4,256,0,,6589176,25738.96875,6576000,0,1791124,14437412121268626213,,256,structured,,24,16,deep,,,1,depth,plain
go,fstree,fstree.resolve_entry,depth-24,1,5,256,0,,6604236,25797.796875,6518000,68000,1791124,14437412121268626213,,256,structured,,24,16,deep,,,1,depth,plain
go,fstree,fstree.resolve_entry,depth-24,1,6,256,0,,6745626,26350.1015625,6728000,0,1791124,14437412121268626213,,256,structured,,24,16,deep,,,1,depth,plain
go,fstree,fstree.resolve_entry,depth-4,1,4,256,0,,2254086,8805.0234375,2258000,0,1791124,14437412121268626213,,256,structured,,4,16,deep,,,1,depth,plain
go,fstree,fstree.resolve_entry,depth-4,1,5,256,0,,2207878,8624.5234375,2187000,23000,1791124,14437412121268626213,,256,structured,,4,16,deep,,,1,depth,plain
go,fstree,fstree.resolve_entry,depth-4,1,6,256,0,,2187629,8545.42578125,2166000,23000,1791124,14437412121268626213,,256,structured,,4,16,deep,,,1,depth,plain
go,fstree,fstree.resolve_path,depth-1,1,4,256,0,,219880,858.90625,202000,27000,1791124,11225199624901261093,,256,structured,,1,16,deep,,,1,depth,plain
go,fstree,fstree.resolve_path,depth-1,1,5,256,0,,221463,865.08984375,199000,26000,1791124,11225199624901261093,,256,structured,,1,16,deep,,,1,depth,plain
go,fstree,fstree.resolve_path,depth-1,1,6,256,0,,228857,893.97265625,205000,27000,1791124,11225199624901261093,,256,structured,,1,16,deep,,,1,depth,plain
go,fstree,fstree.resolve_path,depth-12,1,4,256,0,,2606529,10181.75390625,2531000,70000,1791124,11225199624901261093,,256,structured,,12,16,deep,,,1,depth,plain
go,fstree,fstree.resolve_path,depth-12,1,5,256,0,,2666684,10416.734375,2659000,0,1791124,11225199624901261093,,256,structured,,12,16,deep,,,1,depth,plain
go,fstree,fstree.resolve_path,depth-12,1,6,256,0,,2647908,10343.390625,2653000,0,1791124,11225199624901261093,,256,structured,,12,16,deep,,,1,depth,plain
go,fstree,fstree.resolve_path,depth-24,1,4,256,0,,5190716,20276.234375,5165000,23000,1791124,11225199624901261093,,256,structured,,24,16,deep,,,1,depth,plain
go,fstree,fstree.resolve_path,depth-24,1,5,256,0,,5295546,20685.7265625,5266000,0,1791124,11225199624901261093,,256,structured,,24,16,deep,,,1,depth,plain
go,fstree,fstree.resolve_path,depth-24,1,6,256,0,,5300515,20705.13671875,5282000,0,1791124,11225199624901261093,,256,structured,,24,16,deep,,,1,depth,plain
go,fstree,fstree.resolve_path,depth-4,1,4,256,0,,858340,3352.890625,860000,0,1791124,11225199624901261093,,256,structured,,4,16,deep,,,1,depth,plain
go,fstree,fstree.resolve_path,depth-4,1,5,256,0,,886674,3463.5703125,897000,0,1791124,11225199624901261093,,256,structured,,4,16,deep,,,1,depth,plain
go,fstree,fstree.resolve_path,depth-4,1,6,256,0,,886243,3461.88671875,887000,0,1791124,11225199624901261093,,256,structured,,4,16,deep,,,1,depth,plain
go,fstree,fstree.write_content,file-corpus,1,4,64,67108864,payload,10861,169.703125,18000,0,1791124,8506292028909064249,67108864,,text,64,,,file-index,,,1,,
go,fstree,fstree.write_content,file-corpus,1,5,64,67108864,payload,11412,178.3125,17000,0,1791124,8506292028909064249,67108864,,text,64,,,file-index,,,1,,
go,fstree,fstree.write_content,file-corpus,1,6,64,67108864,payload,9668,151.0625,17000,0,1791124,8506292028909064249,67108864,,text,64,,,file-index,,,1,,
go,gc,gc.begin_write,gate-span,8,4,4096,0,,140969,34.416259765625,128000,17000,1791124,2041016804563428133,,4096,structured,,,,,5323,30000,8,,
go,gc,gc.begin_write,gate-span,8,5,4096,0,,141650,34.58251953125,132000,17000,1791124,2041016804563428133,,4096,structured,,,,,5323,30000,8,,
go,gc,gc.begin_write,gate-span,8,6,4096,0,,142252,34.7294921875,128000,17000,1791124,2041016804563428133,,4096,structured,,,,,5323,30000,8,,
go,gc,gc.close,idle,8,4,1,0,,321,321.0,3000,1000,1791124,9929646806074584996,,1,structured,,,,,5323,30000,8,,
go,gc,gc.close,idle,8,5,1,0,,360,360.0,3000,0,1791124,9929646806074584996,,1,structured,,,,,5323,30000,8,,
go,gc,gc.close,idle,8,6,1,0,,261,261.0,1000,0,1791124,9929646806074584996,,1,structured,,,,,5323,30000,8,,
go,gc,gc.open,populated,8,4,1,0,,49425,49425.0,47000,7000,1791124,9929646806074584996,,1,structured,,,,,5323,30000,8,,
go,gc,gc.open,populated,8,5,1,0,,46148,46148.0,44000,7000,1791124,9929646806074584996,,1,structured,,,,,5323,30000,8,,
go,gc,gc.open,populated,8,6,1,0,,44555,44555.0,42000,6000,1791124,9929646806074584996,,1,structured,,,,,5323,30000,8,,
go,gc,gc.prepare_ref,missing-root,8,4,64,0,,151870,2372.96875,167000,24000,1791124,5451865213850879781,,64,structured,,,,,5323,30000,8,,
go,gc,gc.prepare_ref,missing-root,8,5,64,0,,188601,2946.890625,193000,28000,1791124,5451865213850879781,,64,structured,,,,,5323,30000,8,,
go,gc,gc.prepare_ref,missing-root,8,6,64,0,,161458,2522.78125,198000,29000,1791124,5451865213850879781,,64,structured,,,,,5323,30000,8,,
go,gc,gc.prepare_ref,tree-root/abort,8,4,1,0,,3122976,3122976.0,7203000,476000,1791124,3466077071251760278,,1,structured,,,,,5323,30000,8,,
go,gc,gc.prepare_ref,tree-root/abort,8,5,1,0,,2910320,2910320.0,7007000,0,1791124,3466077071251760278,,1,structured,,,,,5323,30000,8,,
go,gc,gc.prepare_ref,tree-root/abort,8,6,1,0,,2890772,2890772.0,6674000,404000,1791124,3466077071251760278,,1,structured,,,,,5323,30000,8,,
go,gc,gc.prepare_ref,tree-root/commit,8,4,1,0,,2851518,2851518.0,7050000,469000,1791124,3466077071251760278,,1,structured,,,,,5323,30000,8,,
go,gc,gc.prepare_ref,tree-root/commit,8,5,1,0,,2916260,2916260.0,8243000,269000,1791124,3466077071251760278,,1,structured,,,,,5323,30000,8,,
go,gc,gc.prepare_ref,tree-root/commit,8,6,1,0,,2634543,2634543.0,6573000,556000,1791124,3466077071251760278,,1,structured,,,,,5323,30000,8,,
go,gc,gc.release_ref,batch,8,4,4096,0,,26441,6.455322265625,26000,4000,1791124,2041016804563428133,,4096,structured,,,,,5323,30000,8,,
go,gc,gc.release_ref,batch,8,5,4096,0,,26440,6.455078125,34000,0,1791124,2041016804563428133,,4096,structured,,,,,5323,30000,8,,
go,gc,gc.release_ref,batch,8,6,4096,0,,26551,6.482177734375,30000,4000,1791124,2041016804563428133,,4096,structured,,,,,5323,30000,8,,
go,gc,gc.run,nothing-to-reclaim,8,4,1,0,,3908135,3908135.0,2928000,995000,1791124,2673627517436694065,,1,structured,,,,,5323,30000,8,,
go,gc,gc.run,nothing-to-reclaim,8,5,1,0,,2852699,2852699.0,3103000,19000,1791124,6133323038569782353,,1,structured,,,,,5323,30000,8,,
go,gc,gc.run,nothing-to-reclaim,8,6,1,0,,3736036,3736036.0,3641000,101000,1791124,2673627517436694065,,1,structured,,,,,5323,30000,8,,
go,gc,gc.run,reclaimable-packs,8,4,1,0,,13403815,13403815.0,7759000,3980000,1791124,1155823227134505205,,1,structured,,,,,5323,30000,8,,
go,gc,gc.run,reclaimable-packs,8,5,1,0,,16269469,16269469.0,7577000,5101000,1791124,14735239148249698622,,1,structured,,,,,5323,30000,8,,
go,gc,gc.run,reclaimable-packs,8,6,1,0,,15903589,15903589.0,6997000,5000000,1791124,14735239148249698622,,1,structured,,,,,5323,30000,8,,
go,gc,gc.status,mark+score,8,4,1,0,,5429291,5429291.0,5369000,61000,1791124,4487786246251641876,,1,structured,,,,,5323,30000,8,,
go,gc,gc.status,mark+score,8,5,1,0,,5212577,5212577.0,4637000,924000,1791124,4487786246251641876,,1,structured,,,,,5323,30000,8,,
go,gc,gc.status,mark+score,8,6,1,0,,5205233,5205233.0,5225000,35000,1791124,4487786246251641876,,1,structured,,,,,5323,30000,8,,
go,gc,gc.why,live-root,8,4,1,0,,55176,55176.0,51000,9000,1791124,5171508924536841009,,1,structured,,,,,5323,30000,8,,
go,gc,gc.why,live-root,8,5,1,0,,61999,61999.0,55000,9000,1791124,5171508924536841009,,1,structured,,,,,5323,30000,8,,
go,gc,gc.why,live-root,8,6,1,0,,52200,52200.0,47000,8000,1791124,5171508924536841009,,1,structured,,,,,5323,30000,8,,
go,gc,gc.wipe,store-reset,8,4,1,0,,5248866,5248866.0,0,5247000,1791124,9929646806074584996,,1,structured,,,,,5323,30000,8,,
go,gc,gc.wipe,store-reset,8,5,1,0,,5583906,5583906.0,0,6396000,1791124,9929646806074584996,,1,structured,,,,,5323,30000,8,,
go,gc,gc.wipe,store-reset,8,6,1,0,,5126212,5126212.0,86000,5027000,1791124,9929646806074584996,,1,structured,,,,,5323,30000,8,,
go,inbox,inbox.close,drained,8,4,1,0,,6200004,6200004.0,33133000,1554000,1791124,1,,48,structured,,,,,,1536,8,,
go,inbox,inbox.close,drained,8,5,1,0,,6589738,6589738.0,30011000,6251000,1791124,1,,48,structured,,,,,,1536,8,,
go,inbox,inbox.close,drained,8,6,1,0,,1496479,1496479.0,6505000,802000,1791124,1,,48,structured,,,,,,1536,8,,
go,inbox,inbox.commit,packs/duplicate,8,4,48,0,,947470,19738.958333333332,0,1787000,1791124,14442695759380775205,,48,structured,,,,,,1536,8,,
go,inbox,inbox.commit,packs/duplicate,8,5,48,0,,1106704,23056.333333333332,95000,1011000,1791124,14442695759380775205,,48,structured,,,,,,1536,8,,
go,inbox,inbox.commit,packs/duplicate,8,6,48,0,,937270,19526.458333333332,822000,147000,1791124,14442695759380775205,,48,structured,,,,,,1536,8,,
go,inbox,inbox.discard,packs,8,4,48,0,,973821,20287.9375,0,981000,1791124,621668730929712677,,48,structured,,,,,,1536,8,,
go,inbox,inbox.discard,packs,8,5,48,0,,896192,18670.666666666668,0,897000,1791124,621668730929712677,,48,structured,,,,,,1536,8,,
go,inbox,inbox.discard,packs,8,6,48,0,,992166,20670.125,10000,983000,1791124,621668730929712677,,48,structured,,,,,,1536,8,,
go,inbox,inbox.drain,packs/new,8,4,48,13557248,payload,14126555,294303.2291666667,69556000,5627000,1791124,13961300895036949583,,48,structured,,,,,,1536,8,,
go,inbox,inbox.drain,packs/new,8,5,48,13557248,payload,14228279,296422.4791666667,65831000,8339000,1791124,13961300895036949583,,48,structured,,,,,,1536,8,,
go,inbox,inbox.drain,packs/new,8,6,48,13557248,payload,13816462,287842.9583333333,68311000,5180000,1791124,13961300895036949583,,48,structured,,,,,,1536,8,,
go,inbox,inbox.open,empty,8,4,1,0,,69743,69743.0,62000,11000,1791124,9929646806074584996,,1,structured,,,,,,,8,,
go,inbox,inbox.open,empty,8,5,1,0,,60806,60806.0,54000,9000,1791124,9929646806074584996,,1,structured,,,,,,,8,,
go,inbox,inbox.open,empty,8,6,1,0,,63211,63211.0,56000,10000,1791124,9929646806074584996,,1,structured,,,,,,,8,,
go,inbox,inbox.open,sweeps-staged-tmp-files,8,4,48,0,,867897,18081.1875,0,871000,1791124,9929646806074584996,,48,structured,,,,,,1536,8,,
go,inbox,inbox.open,sweeps-staged-tmp-files,8,5,48,0,,840967,17520.145833333332,0,841000,1791124,9929646806074584996,,48,structured,,,,,,1536,8,,
go,inbox,inbox.open,sweeps-staged-tmp-files,8,6,48,0,,908706,18931.375,0,915000,1791124,9929646806074584996,,48,structured,,,,,,1536,8,,
go,inbox,inbox.stage,packs,8,4,48,13557248,payload,8550975,178145.3125,440000,3863000,1791124,15294849032487892219,,48,structured,,,,,,1536,8,,
go,inbox,inbox.stage,packs,8,5,48,13557248,payload,8615648,179492.66666666666,1269000,3022000,1791124,15294849032487892219,,48,structured,,,,,,1536,8,,
go,inbox,inbox.stage,packs,8,6,48,13557248,payload,8946290,186381.04166666666,710000,3923000,1791124,15294849032487892219,,48,structured,,,,,,1536,8,,
go,ingest,ingest.dir,single-file/jobs-1,1,4,1,8388608,included,28110497,28110497.0,35933000,0,1791124,16884914658931180307,8388608,,text,,,,,1,,1,,
go,ingest,ingest.dir,single-file/jobs-1,1,5,1,8388608,included,27474623,27474623.0,34223000,812000,1791124,16884914658931180307,8388608,,text,,,,,1,,1,,
go,ingest,ingest.dir,single-file/jobs-1,1,6,1,8388608,included,27149943,27149943.0,33853000,917000,1791124,16884914658931180307,8388608,,text,,,,,1,,1,,
go,ingest,ingest.dir,tree/fresh-store/jobs-1,1,4,5323,54773504,included,617674065,116038.71219237272,1292726000,118572000,1791124,11676859075978515035,,,tree,5323,,,,5323,,1,,
go,ingest,ingest.dir,tree/fresh-store/jobs-1,1,5,5323,54773504,included,608763502,114364.73830546685,1256355000,124339000,1791124,11676859075978515035,,,tree,5323,,,,5323,,1,,
go,ingest,ingest.dir,tree/fresh-store/jobs-1,1,6,5323,54773504,included,615934852,115711.97670486568,1272812000,129622000,1791124,11676859075978515035,,,tree,5323,,,,5323,,1,,
go,ingest,ingest.dir,tree/fresh-store/jobs-N,8,4,5323,54773504,included,470248436,88342.7458200263,2946841000,191498000,1797404,11676859075978515035,,,tree,5323,,,,5323,,8,,
go,ingest,ingest.dir,tree/fresh-store/jobs-N,8,5,5323,54773504,included,484859166,91087.57580311854,2993363000,216095000,1797404,11676859075978515035,,,tree,5323,,,,5323,,8,,
go,ingest,ingest.dir,tree/fresh-store/jobs-N,8,6,5323,54773504,included,479915202,90158.78301709563,3004586000,195091000,1797404,11676859075978515035,,,tree,5323,,,,5323,,8,,
go,ingest,ingest.dir,tree/incremental-change/jobs-1,1,4,5331,54870720,included,500971635,93973.29487900957,1013131000,93829000,1797404,9934276586168172514,,,tree,5331,,,,5331,,1,,
go,ingest,ingest.dir,tree/incremental-change/jobs-1,1,5,5331,54870720,included,500720575,93926.20052522978,1020327000,93569000,1797404,9934276586168172514,,,tree,5331,,,,5331,,1,,
go,ingest,ingest.dir,tree/incremental-change/jobs-1,1,6,5331,54870720,included,486983713,91349.41155505534,1011566000,100559000,1797404,9934276586168172514,,,tree,5331,,,,5331,,1,,
go,ingest,ingest.dir,tree/incremental-change/jobs-N,8,4,5331,54870720,included,472493754,88631.35509285312,2867473000,180231000,1797404,9934276586168172514,,,tree,5331,,,,5331,,8,,
go,ingest,ingest.dir,tree/incremental-change/jobs-N,8,5,5331,54870720,included,473797816,88875.9737385106,2828686000,185261000,1802092,9934276586168172514,,,tree,5331,,,,5331,,8,,
go,ingest,ingest.dir,tree/incremental-change/jobs-N,8,6,5331,54870720,included,475919639,89273.98968298631,2842565000,182995000,1802092,9934276586168172514,,,tree,5331,,,,5331,,8,,
go,ingest,ingest.dir,tree/unchanged-repeat/jobs-1,1,4,5323,54773504,included,500134244,93957.21284989668,1024544000,81803000,1802092,3570115954193555256,,,tree,5323,,,,5323,,1,,
go,ingest,ingest.dir,tree/unchanged-repeat/jobs-1,1,5,5323,54773504,included,497699674,93499.84482434718,1046331000,75597000,1802092,3570115954193555256,,,tree,5323,,,,5323,,1,,
go,ingest,ingest.dir,tree/unchanged-repeat/jobs-1,1,6,5323,54773504,included,492584262,92538.8431335713,1041919000,72572000,1802092,3570115954193555256,,,tree,5323,,,,5323,,1,,
go,ingest,ingest.dir,tree/unchanged-repeat/jobs-N,8,4,5323,54773504,included,470612571,88411.15367274094,2801633000,203424000,1802092,3570115954193555256,,,tree,5323,,,,5323,,8,,
go,ingest,ingest.dir,tree/unchanged-repeat/jobs-N,8,5,5323,54773504,included,458465046,86129.07120045087,2719256000,189076000,1802092,3570115954193555256,,,tree,5323,,,,5323,,8,,
go,ingest,ingest.dir,tree/unchanged-repeat/jobs-N,8,6,5323,54773504,included,466796430,87694.23821153484,2769189000,195946000,1802092,3570115954193555256,,,tree,5323,,,,5323,,8,,
go,ingest,ingest.objects,tree/jobs-1,1,4,5323,54773504,included,476413311,89500.90381363893,994210000,83933000,1802092,13884254140586815919,,,tree,5323,,,,5323,,1,,
go,ingest,ingest.objects,tree/jobs-1,1,5,5323,54773504,included,502628408,94425.7764418561,985464000,91451000,1802092,13884254140586815919,,,tree,5323,,,,5323,,1,,
go,ingest,ingest.objects,tree/jobs-1,1,6,5323,54773504,included,485974054,91297.02310727033,1017383000,67185000,1802092,13884254140586815919,,,tree,5323,,,,5323,,1,,
go,ingest,ingest.objects,tree/jobs-N,8,4,5323,54773504,included,464258623,87217.47567161375,2769841000,169785000,1802092,13884254140586815919,,,tree,5323,,,,5323,,8,,
go,ingest,ingest.objects,tree/jobs-N,8,5,5323,54773504,included,454108434,85310.62070261131,2716680000,186901000,1802092,13884254140586815919,,,tree,5323,,,,5323,,8,,
go,ingest,ingest.objects,tree/jobs-N,8,6,5323,54773504,included,473083119,88875.2806687958,2761317000,220893000,1802268,13884254140586815919,,,tree,5323,,,,5323,,8,,
go,ingest,ingest.scan,filtered/jobs-1,1,4,5323,54773504,logical-scanned,12109923,2275.0184106706743,6923000,9254000,1802268,912696922934256833,,,tree,5323,,,,5323,,1,,
go,ingest,ingest.scan,filtered/jobs-1,1,5,5323,54773504,logical-scanned,12048937,2263.5613375915837,9577000,6326000,1802268,912696922934256833,,,tree,5323,,,,5323,,1,,
go,ingest,ingest.scan,filtered/jobs-1,1,6,5323,54773504,logical-scanned,11365440,2135.1568664287056,6549000,9204000,1802268,912696922934256833,,,tree,5323,,,,5323,,1,,
go,ingest,ingest.scan,filtered/jobs-N,8,4,5323,54773504,logical-scanned,5147763,967.079278602292,11488000,4533000,1802268,912696922934256833,,,tree,5323,,,,5323,,8,,
go,ingest,ingest.scan,filtered/jobs-N,8,5,5323,54773504,logical-scanned,5232525,983.0030058237836,11505000,3755000,1802268,912696922934256833,,,tree,5323,,,,5323,,8,,
go,ingest,ingest.scan,filtered/jobs-N,8,6,5323,54773504,logical-scanned,5233768,983.2365207589705,9244000,5386000,1802268,912696922934256833,,,tree,5323,,,,5323,,8,,
go,ingest,ingest.scan,unfiltered/jobs-1,1,4,5451,54807232,logical-scanned,7125181,1307.1328196661163,2295000,10088000,1802268,2781455543472510454,,,tree,5451,,,,5451,,1,,
go,ingest,ingest.scan,unfiltered/jobs-1,1,5,5451,54807232,logical-scanned,7083651,1299.5140341221795,7303000,5164000,1802268,2781455543472510454,,,tree,5451,,,,5451,,1,,
go,ingest,ingest.scan,unfiltered/jobs-1,1,6,5451,54807232,logical-scanned,7149417,1311.5789763346174,3356000,9206000,1802268,2781455543472510454,,,tree,5451,,,,5451,,1,,
go,key,key.accessors,type+length+length_size+hash,1,4,8000,0,,100221,12.527625,93000,10000,1802268,6262822620398329345,32,2000,structured,,,,,,,1,,
go,key,key.accessors,type+length+length_size+hash,1,5,8000,0,,100331,12.541375,92000,10000,1802268,6262822620398329345,32,2000,structured,,,,,,,1,,
go,key,key.accessors,type+length+length_size+hash,1,6,8000,0,,99940,12.4925,97000,11000,1802268,6262822620398329345,32,2000,structured,,,,,,,1,,
go,key,key.new,1MiB-duplicate,1,4,8,8388608,payload,1522518,190314.75,1526000,0,1802268,11063746857747467653,1048576,8,duplicate,,,,,,,1,item_bytes,duplicate
go,key,key.new,1MiB-duplicate,1,5,8,8388608,payload,1521125,190140.625,1470000,54000,1802268,11063746857747467653,1048576,8,duplicate,,,,,,,1,item_bytes,duplicate
go,key,key.new,1MiB-duplicate,1,6,8,8388608,payload,1844173,230521.625,1839000,0,1802268,11063746857747467653,1048576,8,duplicate,,,,,,,1,item_bytes,duplicate
go,key,key.new,1MiB-random,1,4,8,8388608,payload,1786873,223359.125,1710000,81000,1802268,1284065684854767273,1048576,8,random,,,,,,,1,item_bytes,random
go,key,key.new,1MiB-random,1,5,8,8388608,payload,1779689,222461.125,1778000,0,1802268,1284065684854767273,1048576,8,random,,,,,,,1,item_bytes,random
go,key,key.new,1MiB-random,1,6,8,8388608,payload,1740414,217551.75,1659000,75000,1802268,1284065684854767273,1048576,8,random,,,,,,,1,item_bytes,random
go,key,key.new,1MiB-text,1,4,8,8388608,payload,1793526,224190.75,1790000,0,1802268,12941013600637000189,1048576,8,text,,,,,,,1,item_bytes,text
go,key,key.new,1MiB-text,1,5,8,8388608,payload,1540423,192552.875,1537000,0,1802268,12941013600637000189,1048576,8,text,,,,,,,1,item_bytes,text
go,key,key.new,1MiB-text,1,6,8,8388608,payload,1538419,192302.375,1484000,56000,1802268,12941013600637000189,1048576,8,text,,,,,,,1,item_bytes,text
go,key,key.new,4KiB-duplicate,1,4,2048,8388608,payload,3609745,1762.57080078125,3447000,164000,1802268,12569752037296702245,4096,2048,duplicate,,,,,,,1,item_bytes,duplicate
go,key,key.new,4KiB-duplicate,1,5,2048,8388608,payload,4037663,1971.51513671875,3068000,1018000,1802268,12569752037296702245,4096,2048,duplicate,,,,,,,1,item_bytes,duplicate
go,key,key.new,4KiB-duplicate,1,6,2048,8388608,payload,3603424,1759.484375,3601000,0,1802268,12569752037296702245,4096,2048,duplicate,,,,,,,1,item_bytes,duplicate
go,key,key.new,4KiB-random,1,4,2048,8388608,payload,3655613,1784.96728515625,3581000,66000,1802268,605854133766566054,4096,2048,random,,,,,,,1,item_bytes,random
go,key,key.new,4KiB-random,1,5,2048,8388608,payload,3656274,1785.2900390625,3649000,0,1802268,605854133766566054,4096,2048,random,,,,,,,1,item_bytes,random
go,key,key.new,4KiB-random,1,6,2048,8388608,payload,3720097,1816.45361328125,3611000,69000,1802268,605854133766566054,4096,2048,random,,,,,,,1,item_bytes,random
go,key,key.new,4KiB-text,1,4,2048,8388608,payload,3846929,1878.38330078125,3836000,0,1802268,16526055008685758006,4096,2048,text,,,,,,,1,item_bytes,text
go,key,key.new,4KiB-text,1,5,2048,8388608,payload,4065205,1984.96337890625,3898000,883000,1802268,16526055008685758006,4096,2048,text,,,,,,,1,item_bytes,text
go,key,key.new,4KiB-text,1,6,2048,8388608,payload,3683918,1798.7880859375,3673000,0,1802268,16526055008685758006,4096,2048,text,,,,,,,1,item_bytes,text
go,key,key.new,empty,1,4,8000,0,payload,923274,115.40925,629000,955000,1802268,15745766035884648101,,8000,empty,,,,,,,1,item_bytes,empty
go,key,key.new,empty,1,5,8000,0,payload,860965,107.620625,862000,0,1802268,15745766035884648101,,8000,empty,,,,,,,1,item_bytes,empty
go,key,key.new,empty,1,6,8000,0,payload,855694,106.96175,851000,0,1802268,15745766035884648101,,8000,empty,,,,,,,1,item_bytes,empty
go,key,key.new,large-8MiB-duplicate,1,4,2,16777216,payload,3046059,1523029.5,3038000,4000,1802268,14710080878821492665,8388608,2,duplicate,,,,,,,1,item_bytes,duplicate
go,key,key.new,large-8MiB-duplicate,1,5,2,16777216,payload,3143264,1571632.0,3067000,1022000,1802268,14710080878821492665,8388608,2,duplicate,,,,,,,1,item_bytes,duplicate
go,key,key.new,large-8MiB-duplicate,1,6,2,16777216,payload,3032763,1516381.5,3027000,2000,1802268,14710080878821492665,8388608,2,duplicate,,,,,,,1,item_bytes,duplicate
go,key,key.new,large-8MiB-random,1,4,1,8388608,payload,1775732,1775732.0,1773000,0,1802268,14902405283868958466,8388608,1,random,,,,,,,1,item_bytes,random
go,key,key.new,large-8MiB-random,1,5,1,8388608,payload,1541775,1541775.0,1485000,55000,1802268,14902405283868958466,8388608,1,random,,,,,,,1,item_bytes,random
go,key,key.new,large-8MiB-random,1,6,1,8388608,payload,1593123,1593123.0,1131000,910000,1802268,14902405283868958466,8388608,1,random,,,,,,,1,item_bytes,random
go,key,key.new,large-8MiB-text,1,4,1,8388608,payload,1916571,1916571.0,1818000,93000,1802268,18070168667611237286,8388608,1,text,,,,,,,1,item_bytes,text
go,key,key.new,large-8MiB-text,1,5,1,8388608,payload,1527418,1527418.0,1478000,54000,1802268,18070168667611237286,8388608,1,text,,,,,,,1,item_bytes,text
go,key,key.new,large-8MiB-text,1,6,1,8388608,payload,1527568,1527568.0,1525000,0,1802268,18070168667611237286,8388608,1,text,,,,,,,1,item_bytes,text
go,key,key.new,tiny-64B-duplicate,1,4,16384,1048576,payload,1759190,107.3724365234375,1754000,0,1802268,16551090344971838245,64,16384,duplicate,,,,,,,1,item_bytes,duplicate
go,key,key.new,tiny-64B-duplicate,1,5,16384,1048576,payload,1755413,107.14190673828125,1757000,0,1802268,16551090344971838245,64,16384,duplicate,,,,,,,1,item_bytes,duplicate
go,key,key.new,tiny-64B-duplicate,1,6,16384,1048576,payload,1739002,106.1402587890625,1742000,0,1802268,16551090344971838245,64,16384,duplicate,,,,,,,1,item_bytes,duplicate
go,key,key.new,tiny-64B-random,1,4,16384,1048576,payload,1760132,107.429931640625,1680000,78000,1802268,9174902224779656527,64,16384,random,,,,,,,1,item_bytes,random
go,key,key.new,tiny-64B-random,1,5,16384,1048576,payload,1759871,107.41400146484375,2540000,0,1802268,9174902224779656527,64,16384,random,,,,,,,1,item_bytes,random
go,key,key.new,tiny-64B-random,1,6,16384,1048576,payload,1748449,106.71685791015625,1751000,0,1802268,9174902224779656527,64,16384,random,,,,,,,1,item_bytes,random
go,key,key.new,tiny-64B-text,1,4,16384,1048576,payload,1745313,106.52545166015625,1755000,0,1802268,10843923535440728144,64,16384,text,,,,,,,1,item_bytes,text
go,key,key.new,tiny-64B-text,1,5,16384,1048576,payload,1759231,107.37493896484375,1754000,0,1802268,10843923535440728144,64,16384,text,,,,,,,1,item_bytes,text
go,key,key.new,tiny-64B-text,1,6,16384,1048576,payload,1747719,106.67230224609375,1749000,0,1802268,10843923535440728144,64,16384,text,,,,,,,1,item_bytes,text
go,key,key.new_from_hash,batch,1,4,2000,0,,81526,40.763,85000,0,1802268,8303626853493566760,32,2000,structured,,,,,,,1,,
go,key,key.new_from_hash,batch,1,5,2000,0,,81526,40.763,79000,9000,1802268,8303626853493566760,32,2000,structured,,,,,,,1,,
go,key,key.new_from_hash,batch,1,6,2000,0,,81956,40.978,84000,0,1802268,8303626853493566760,32,2000,structured,,,,,,,1,,
go,key,key.parse,canonical,1,4,2000,0,,63882,31.941,67000,0,1802268,6889037819897927473,32,2000,structured,,,,,,,1,,
go,key,key.parse,canonical,1,5,2000,0,,63912,31.956,66000,0,1802268,6889037819897927473,32,2000,structured,,,,,,,1,,
go,key,key.parse,canonical,1,6,2000,0,,63651,31.8255,72000,0,1802268,6889037819897927473,32,2000,structured,,,,,,,1,,
go,key,key.parse,malformed,1,4,1024,0,,58822,57.443359375,65000,0,1802268,16836505887970452261,32,1024,structured,,,,,,,1,,
go,key,key.parse,malformed,1,5,1024,0,,58321,56.9541015625,55000,7000,1802268,16836505887970452261,32,1024,structured,,,,,,,1,,
go,key,key.parse,malformed,1,6,1024,0,,58702,57.326171875,67000,0,1802268,16836505887970452261,32,1024,structured,,,,,,,1,,
go,key,key.string,hex,1,4,2000,0,,178521,89.2605,181000,0,1802268,18028995553074937698,32,2000,structured,,,,,,,1,,
go,key,key.string,hex,1,5,2000,0,,176387,88.1935,176000,0,1802268,18028995553074937698,32,2000,structured,,,,,,,1,,
go,key,key.string,hex,1,6,2000,0,,173160,86.58,161000,18000,1802268,18028995553074937698,32,2000,structured,,,,,,,1,,
go,key,key.type_string,names,1,4,2000,0,,24416,12.208,27000,0,1802268,17360909890354118949,32,2000,structured,,,,,,,1,,
go,key,key.type_string,names,1,5,2000,0,,24377,12.1885,26000,3000,1802268,17360909890354118949,32,2000,structured,,,,,,,1,,
go,key,key.type_string,names,1,6,2000,0,,24407,12.2035,31000,0,1802268,17360909890354118949,32,2000,structured,,,,,,,1,,
go,key,key.validate,canonical,1,4,2000,0,,13336,6.668,19000,2000,1802268,15777377584200431653,32,2000,structured,,,,,,,1,,
go,key,key.validate,canonical,1,5,2000,0,,13226,6.613,18000,2000,1802268,15777377584200431653,32,2000,structured,,,,,,,1,,
go,key,key.validate,canonical,1,6,2000,0,,13165,6.5825,14000,2000,1802268,15777377584200431653,32,2000,structured,,,,,,,1,,
go,packstore,packstore.append_record,pre-encoded+sync,1,4,500,16960000,payload,3481901,6963.802,1377000,2032000,1802268,15780636992960720100,,500,structured,,,,,,500,1,,
go,packstore,packstore.append_record,pre-encoded+sync,1,5,500,16960000,payload,3250719,6501.438,97000,3032000,1802268,15780636992960720100,,500,structured,,,,,,500,1,,
go,packstore,packstore.append_record,pre-encoded+sync,1,6,500,16960000,payload,3216123,6432.246,84000,2999000,1802268,15780636992960720100,,500,structured,,,,,,500,1,,
go,packstore,packstore.barrier,begin+observe+abort,1,4,30000,0,,1654661,55.155366666666666,1652000,0,1802268,5314116508821274174,,30000,structured,,,,,,30000,1,,
go,packstore,packstore.barrier,begin+observe+abort,1,5,30000,0,,1630244,54.34146666666667,1572000,65000,1802268,5314116508821274174,,30000,structured,,,,,,30000,1,,
go,packstore,packstore.barrier,begin+observe+abort,1,6,30000,0,,1595157,53.1719,1600000,0,1802268,5314116508821274174,,30000,structured,,,,,,30000,1,,
go,packstore,packstore.close,populated,1,4,1,0,,1088951,1088951.0,334000,38000,1802268,9929646806074584996,,1,structured,,,,,,30000,1,,
go,packstore,packstore.close,populated,1,5,1,0,,1136061,1136061.0,359000,42000,1802268,9929646806074584996,,1,structured,,,,,,30000,1,,
go,packstore,packstore.close,populated,1,6,1,0,,1058442,1058442.0,0,366000,1802268,9929646806074584996,,1,structured,,,,,,30000,1,,
go,packstore,packstore.compact,90-percent-dead,1,4,30000,0,,13835959,461.1986333333333,11629000,6330000,1802268,5776814216013159016,,3000,structured,,,,,,30000,1,,
go,packstore,packstore.compact,90-percent-dead,1,5,30000,0,,15765446,525.5148666666666,7887000,9124000,1802268,5776814216013159016,,3000,structured,,,,,,30000,1,,
go,packstore,packstore.compact,90-percent-dead,1,6,30000,0,,12840819,428.0273,8917000,7010000,1802268,5776814216013159016,,3000,structured,,,,,,30000,1,,
go,packstore,packstore.compact,nothing-dead,1,4,30000,0,,2185835,72.86116666666666,1359000,41000,1802268,10725320858063919682,,30000,structured,,,,,,30000,1,,
go,packstore,packstore.compact,nothing-dead,1,5,30000,0,,2196596,73.21986666666666,1420000,0,1802268,10725320858063919682,,30000,structured,,,,,,30000,1,,
go,packstore,packstore.compact,nothing-dead,1,6,30000,0,,2247844,74.92813333333334,517000,940000,1802268,10725320858063919682,,30000,structured,,,,,,30000,1,,
go,packstore,packstore.get,hit,1,4,2000,0,,14921634,7460.817,14870000,0,1802268,17127574681878724669,,2000,structured,,,,,,30000,1,,
go,packstore,packstore.get,hit,1,5,2000,0,,14230243,7115.1215,14178000,11000,1802268,17127574681878724669,,2000,structured,,,,,,30000,1,,
go,packstore,packstore.get,hit,1,6,2000,0,,14065328,7032.664,14039000,0,1802268,17127574681878724669,,2000,structured,,,,,,30000,1,,
go,packstore,packstore.get,miss,1,4,2000,0,,108066,54.033,99000,12000,1802268,15777377584200431653,,2000,structured,,,,,,30000,1,,
go,packstore,packstore.get,miss,1,5,2000,0,,107585,53.7925,105000,12000,1802268,15777377584200431653,,2000,structured,,,,,,30000,1,,
go,packstore,packstore.get,miss,1,6,2000,0,,108207,54.1035,102000,12000,1802268,15777377584200431653,,2000,structured,,,,,,30000,1,,
go,packstore,packstore.get_record,hit,1,4,2000,0,,732610,366.305,737000,0,1802268,7938939916671652974,,2000,structured,,,,,,30000,1,,
go,packstore,packstore.get_record,hit,1,5,2000,0,,733732,366.866,740000,0,1802268,7938939916671652974,,2000,structured,,,,,,30000,1,,
go,packstore,packstore.get_record,hit,1,6,2000,0,,712531,356.2655,718000,0,1802268,7938939916671652974,,2000,structured,,,,,,30000,1,,
go,packstore,packstore.has,hit,1,4,2000,0,,184513,92.2565,194000,0,1802268,15777377584200431653,,2000,structured,,,,,,30000,1,,
go,packstore,packstore.has,hit,1,5,2000,0,,185685,92.8425,192000,0,1802268,15777377584200431653,,2000,structured,,,,,,30000,1,,
go,packstore,packstore.has,hit,1,6,2000,0,,208959,104.4795,213000,0,1802268,15777377584200431653,,2000,structured,,,,,,30000,1,,
go,packstore,packstore.has,miss,1,4,2000,0,,103527,51.7635,104000,0,1802268,3185947397095081253,,2000,structured,,,,,,30000,1,,
go,packstore,packstore.has,miss,1,5,2000,0,,99320,49.66,106000,0,1802268,3185947397095081253,,2000,structured,,,,,,30000,1,,
go,packstore,packstore.has,miss,1,6,2000,0,,99490,49.745,95000,11000,1802268,3185947397095081253,,2000,structured,,,,,,30000,1,,
go,packstore,packstore.has_outside,sealed-segment,1,4,2000,0,,162791,81.3955,166000,0,1802268,2967988814194923428,,2000,structured,,,,,,30000,1,,
go,packstore,packstore.has_outside,sealed-segment,1,5,2000,0,,179182,89.591,181000,0,1802268,2967988814194923428,,2000,structured,,,,,,30000,1,,
go,packstore,packstore.has_outside,sealed-segment,1,6,2000,0,,162841,81.4205,151000,18000,1802268,2967988814194923428,,2000,structured,,,,,,30000,1,,
go,packstore,packstore.liveness,tenth-live,1,4,1,0,,761975,761975.0,768000,0,1802268,14630154519886226434,,1,structured,,,,,,30000,1,,
go,packstore,packstore.liveness,tenth-live,1,5,1,0,,732169,732169.0,662000,78000,1802268,14630154519886226434,,1,structured,,,,,,30000,1,,
go,packstore,packstore.liveness,tenth-live,1,6,1,0,,756275,756275.0,760000,0,1802268,14630154519886226434,,1,structured,,,,,,30000,1,,
go,packstore,packstore.mark_set_contains,all-keys,1,4,30000,0,,4149787,138.32623333333333,4140000,0,1802268,11169151250625027621,,30000,structured,,,,,,30000,1,,
go,packstore,packstore.mark_set_contains,all-keys,1,5,30000,0,,3859092,128.6364,3848000,0,1802268,11169151250625027621,,30000,structured,,,,,,30000,1,,
go,packstore,packstore.mark_set_contains,all-keys,1,6,30000,0,,4503843,150.1281,4489000,0,1802268,11169151250625027621,,30000,structured,,,,,,30000,1,,
go,packstore,packstore.mark_set_mark,all-keys,1,4,30000,0,,2527779,84.2593,2530000,0,1802268,17012186072422889598,,30000,structured,,,,,,30000,1,,
go,packstore,packstore.mark_set_mark,all-keys,1,5,30000,0,,2111704,70.39013333333334,2110000,0,1802268,17012186072422889598,,30000,structured,,,,,,30000,1,,
go,packstore,packstore.mark_set_mark,all-keys,1,6,30000,0,,2109801,70.3267,2124000,0,1802268,17012186072422889598,,30000,structured,,,,,,30000,1,,
go,packstore,packstore.missing,half-present,1,4,2000,0,,166458,83.229,975000,0,1802268,9607287302469448777,,2000,structured,,,,,,30000,1,,
go,packstore,packstore.missing,half-present,1,5,2000,0,,164133,82.0665,930000,0,1802268,9607287302469448777,,2000,structured,,,,,,30000,1,,
go,packstore,packstore.missing,half-present,1,6,2000,0,,169804,84.902,1016000,0,1802268,9607287302469448777,,2000,structured,,,,,,30000,1,,
go,packstore,packstore.new_mark_set,snapshot,1,4,16,0,,2763198,172699.875,2677000,83000,1802268,9521082481390710053,,16,structured,,,,,,30000,1,,
go,packstore,packstore.new_mark_set,snapshot,1,5,16,0,,2289183,143073.9375,2288000,0,1802268,9521082481390710053,,16,structured,,,,,,30000,1,,
go,packstore,packstore.new_mark_set,snapshot,1,6,16,0,,2182970,136435.625,2176000,0,1802268,9521082481390710053,,16,structured,,,,,,30000,1,,
go,packstore,packstore.oldest_inflight_write,idle,1,4,4096,0,,55356,13.5146484375,52000,6000,1802268,5245436759879025445,,4096,structured,,,,,,30000,1,,
go,packstore,packstore.oldest_inflight_write,idle,1,5,4096,0,,55425,13.531494140625,56000,6000,1802268,5245436759879025445,,4096,structured,,,,,,30000,1,,
go,packstore,packstore.oldest_inflight_write,idle,1,6,4096,0,,58392,14.255859375,55000,7000,1802268,5245436759879025445,,4096,structured,,,,,,30000,1,,
go,packstore,packstore.open,empty,1,4,1,0,,26721,26721.0,30000,4000,1802268,12161962213042174405,,1,structured,,,,,,,1,,
go,packstore,packstore.open,empty,1,5,1,0,,20158,20158.0,26000,0,1802268,12161962213042174405,,1,structured,,,,,,,1,,
go,packstore,packstore.open,empty,1,6,1,0,,19628,19628.0,20000,2000,1802268,12161962213042174405,,1,structured,,,,,,,1,,
go,packstore,packstore.open,populated-reopen,1,4,1,0,,1357493,1357493.0,424000,939000,1802268,3253493442154923972,,1,structured,,,,,,30000,1,,
go,packstore,packstore.open,populated-reopen,1,5,1,0,,1104890,1104890.0,120000,1006000,1802268,3253493442154923972,,1,structured,,,,,,30000,1,,
go,packstore,packstore.open,populated-reopen,1,6,1,0,,1203399,1203399.0,302000,899000,1802268,3253493442154923972,,1,structured,,,,,,30000,1,,
go,packstore,packstore.put,1MiB-duplicate/sync-off,1,4,2,2097152,payload,1051599,525799.5,846000,102000,1802268,6349179348336612933,1048576,2,duplicate,,,,,,,1,item_bytes,duplicate
go,packstore,packstore.put,1MiB-duplicate/sync-off,1,5,2,2097152,payload,1024608,512304.0,929000,0,1802268,6349179348336612933,1048576,2,duplicate,,,,,,,1,item_bytes,duplicate
go,packstore,packstore.put,1MiB-duplicate/sync-off,1,6,2,2097152,payload,1008356,504178.0,0,916000,1802268,6349179348336612933,1048576,2,duplicate,,,,,,,1,item_bytes,duplicate
go,packstore,packstore.put,1MiB-random/sync-off,1,4,1,1048576,payload,1020690,1020690.0,0,913000,1802268,9929646806074584996,1048576,1,random,,,,,,,1,item_bytes,random
go,packstore,packstore.put,1MiB-random/sync-off,1,5,1,1048576,payload,968450,968450.0,0,874000,1802268,9929646806074584996,1048576,1,random,,,,,,,1,item_bytes,random
go,packstore,packstore.put,1MiB-random/sync-off,1,6,1,1048576,payload,975724,975724.0,0,887000,1802268,9929646806074584996,1048576,1,random,,,,,,,1,item_bytes,random
go,packstore,packstore.put,1MiB-text/sync-off,1,4,1,1048576,payload,3710869,3710869.0,3539000,62000,1802268,9929646806074584996,1048576,1,text,,,,,,,1,item_bytes,text
go,packstore,packstore.put,1MiB-text/sync-off,1,5,1,1048576,payload,3733853,3733853.0,3608000,0,1802268,9929646806074584996,1048576,1,text,,,,,,,1,item_bytes,text
go,packstore,packstore.put,1MiB-text/sync-off,1,6,1,1048576,payload,3657847,3657847.0,3558000,0,1802268,9929646806074584996,1048576,1,text,,,,,,,1,item_bytes,text
go,packstore,packstore.put,4KiB-duplicate/sync-off,1,4,256,1048576,payload,177379,692.88671875,82000,9000,1802268,17539378016686813989,4096,256,duplicate,,,,,,,1,item_bytes,duplicate
go,packstore,packstore.put,4KiB-duplicate/sync-off,1,5,256,1048576,payload,163752,639.65625,87000,0,1802268,17539378016686813989,4096,256,duplicate,,,,,,,1,item_bytes,duplicate
go,packstore,packstore.put,4KiB-duplicate/sync-off,1,6,256,1048576,payload,175966,687.3671875,79000,10000,1802268,17539378016686813989,4096,256,duplicate,,,,,,,1,item_bytes,duplicate
go,packstore,packstore.put,4KiB-random/already-present,1,4,256,1048576,payload,27552,107.625,28000,3000,1802268,17539378016686813989,4096,256,random,,,,,,,1,item_bytes,random
go,packstore,packstore.put,4KiB-random/already-present,1,5,256,1048576,payload,23835,93.10546875,24000,3000,1802268,17539378016686813989,4096,256,random,,,,,,,1,item_bytes,random
go,packstore,packstore.put,4KiB-random/already-present,1,6,256,1048576,payload,24487,95.65234375,28000,3000,1802268,17539378016686813989,4096,256,random,,,,,,,1,item_bytes,random
go,packstore,packstore.put,4KiB-random/sync-off,1,4,256,1048576,payload,1912463,7470.55859375,1801000,0,1802268,17539378016686813989,4096,256,random,,,,,,,1,item_bytes,random
go,packstore,packstore.put,4KiB-random/sync-off,1,5,256,1048576,payload,1839373,7185.05078125,757000,965000,1802268,17539378016686813989,4096,256,random,,,,,,,1,item_bytes,random
go,packstore,packstore.put,4KiB-random/sync-off,1,6,256,1048576,payload,1837530,7177.8515625,767000,970000,1802268,17539378016686813989,4096,256,random,,,,,,,1,item_bytes,random
go,packstore,packstore.put,4KiB-random/sync-on,1,4,256,1048576,payload,23486254,91743.1796875,734000,4984000,1802268,17539378016686813989,4096,256,random,,,,,,,1,item_bytes,random
go,packstore,packstore.put,4KiB-random/sync-on,1,5,256,1048576,payload,23428975,91519.43359375,1726000,4125000,1802268,17539378016686813989,4096,256,random,,,,,,,1,item_bytes,random
go,packstore,packstore.put,4KiB-random/sync-on,1,6,256,1048576,payload,23496554,91783.4140625,4477000,1278000,1802268,17539378016686813989,4096,256,random,,,,,,,1,item_bytes,random
go,packstore,packstore.put,4KiB-text/sync-off,1,4,256,1048576,payload,6892747,26924.79296875,6818000,0,1802268,17539378016686813989,4096,256,text,,,,,,,1,item_bytes,text
go,packstore,packstore.put,4KiB-text/sync-off,1,5,256,1048576,payload,7308672,28549.5,6434000,763000,1802268,17539378016686813989,4096,256,text,,,,,,,1,item_bytes,text
go,packstore,packstore.put,4KiB-text/sync-off,1,6,256,1048576,payload,6917865,27022.91015625,5796000,979000,1802268,17539378016686813989,4096,256,text,,,,,,,1,item_bytes,text
go,packstore,packstore.put,empty/sync-off,1,4,8000,0,payload,801010,100.12625,715000,0,1802268,7961062222578218789,,8000,empty,,,,,,,1,item_bytes,empty
go,packstore,packstore.put,empty/sync-off,1,5,8000,0,payload,814195,101.774375,723000,0,1802268,7961062222578218789,,8000,empty,,,,,,,1,item_bytes,empty
go,packstore,packstore.put,empty/sync-off,1,6,8000,0,payload,798816,99.852,709000,0,1802268,7961062222578218789,,8000,empty,,,,,,,1,item_bytes,empty
go,packstore,packstore.put,large-8MiB-duplicate/sync-off,1,4,2,16777216,payload,6630305,3315152.5,3532000,2959000,1802268,6349179348336612933,8388608,2,duplicate,,,,,,,1,item_bytes,duplicate
go,packstore,packstore.put,large-8MiB-duplicate/sync-off,1,5,2,16777216,payload,6469478,3234739.0,4298000,3042000,1802268,6349179348336612933,8388608,2,duplicate,,,,,,,1,item_bytes,duplicate
go,packstore,packstore.put,large-8MiB-duplicate/sync-off,1,6,2,16777216,payload,6357224,3178612.0,3191000,3036000,1802268,6349179348336612933,8388608,2,duplicate,,,,,,,1,item_bytes,duplicate
go,packstore,packstore.put,large-8MiB-random/sync-off,1,4,1,8388608,payload,6658209,6658209.0,4492000,2062000,1802268,9929646806074584996,8388608,1,random,,,,,,,1,item_bytes,random
go,packstore,packstore.put,large-8MiB-random/sync-off,1,5,1,8388608,payload,6677946,6677946.0,3583000,3982000,1802268,9929646806074584996,8388608,1,random,,,,,,,1,item_bytes,random
go,packstore,packstore.put,large-8MiB-random/sync-off,1,6,1,8388608,payload,6587463,6587463.0,4583000,3093000,1802268,9929646806074584996,8388608,1,random,,,,,,,1,item_bytes,random
go,packstore,packstore.put,large-8MiB-text/sync-off,1,4,1,8388608,payload,26772612,26772612.0,25610000,933000,1802268,9929646806074584996,8388608,1,text,,,,,,,1,item_bytes,text
go,packstore,packstore.put,large-8MiB-text/sync-off,1,5,1,8388608,payload,26764887,26764887.0,26433000,1168000,1802268,9929646806074584996,8388608,1,text,,,,,,,1,item_bytes,text
go,packstore,packstore.put,large-8MiB-text/sync-off,1,6,1,8388608,payload,27700514,27700514.0,27338000,139000,1802268,9929646806074584996,8388608,1,text,,,,,,,1,item_bytes,text
go,packstore,packstore.put,tiny-64B-duplicate/sync-off,1,4,16384,1048576,payload,1531325,93.46466064453125,1386000,47000,1802268,2558134609619854117,64,16384,duplicate,,,,,,,1,item_bytes,duplicate
go,packstore,packstore.put,tiny-64B-duplicate/sync-off,1,5,16384,1048576,payload,1521967,92.89349365234375,503000,916000,1802268,2558134609619854117,64,16384,duplicate,,,,,,,1,item_bytes,duplicate
go,packstore,packstore.put,tiny-64B-duplicate/sync-off,1,6,16384,1048576,payload,1502350,91.6961669921875,1404000,0,1802268,2558134609619854117,64,16384,duplicate,,,,,,,1,item_bytes,duplicate
go,packstore,packstore.put,tiny-64B-random/sync-off,1,4,16384,1048576,payload,28406462,1733.7928466796875,23214000,5050000,1802268,2558134609619854117,64,16384,random,,,,,,,1,item_bytes,random
go,packstore,packstore.put,tiny-64B-random/sync-off,1,5,16384,1048576,payload,27829261,1698.5632934570312,17490000,10124000,1802268,2558134609619854117,64,16384,random,,,,,,,1,item_bytes,random
go,packstore,packstore.put,tiny-64B-random/sync-off,1,6,16384,1048576,payload,27353301,1669.5130004882812,20178000,7061000,1802268,2558134609619854117,64,16384,random,,,,,,,1,item_bytes,random
go,packstore,packstore.put,tiny-64B-text/sync-off,1,4,16384,1048576,payload,37955293,2316.6072387695312,34787000,2971000,1802268,2558134609619854117,64,16384,text,,,,,,,1,item_bytes,text
go,packstore,packstore.put,tiny-64B-text/sync-off,1,5,16384,1048576,payload,37787483,2306.3649291992188,26630000,10994000,1802268,2558134609619854117,64,16384,text,,,,,,,1,item_bytes,text
go,packstore,packstore.put,tiny-64B-text/sync-off,1,6,16384,1048576,payload,37713672,2301.85986328125,32439000,5071000,1802268,2558134609619854117,64,16384,text,,,,,,,1,item_bytes,text
go,packstore,packstore.put_verified,already-intact,1,4,250,0,,22920654,91682.616,21892000,975000,1802268,16609681221866359237,,250,structured,,,,,,30000,1,,
go,packstore,packstore.put_verified,already-intact,1,5,250,0,,21974657,87898.628,18914000,2979000,1802268,16609681221866359237,,250,structured,,,,,,30000,1,,
go,packstore,packstore.put_verified,already-intact,1,6,250,0,,21782409,87129.636,21704000,0,1802268,16609681221866359237,,250,structured,,,,,,30000,1,,
go,packstore,packstore.record,by-location,1,4,2000,0,,1562445,781.2225,1560000,0,1802268,15193615384253000102,,2000,structured,,,,,,30000,1,,
go,packstore,packstore.record,by-location,1,5,2000,0,,922933,461.4665,930000,0,1802268,15193615384253000102,,2000,structured,,,,,,30000,1,,
go,packstore,packstore.record,by-location,1,6,2000,0,,738550,369.275,742000,0,1802268,15193615384253000102,,2000,structured,,,,,,30000,1,,
go,packstore,packstore.remove,one-sealed-segment,1,4,1,0,,760162,760162.0,0,774000,1802268,15866661794175806913,,1,structured,,,,,,30000,1,,
go,packstore,packstore.remove,one-sealed-segment,1,5,1,0,,732049,732049.0,0,732000,1802268,15866661794175806913,,1,structured,,,,,,30000,1,,
go,packstore,packstore.remove,one-sealed-segment,1,6,1,0,,646675,646675.0,584000,71000,1802268,15866661794175806913,,1,structured,,,,,,30000,1,,
go,packstore,packstore.scan_index,all-segments,1,4,30000,0,,881043,29.3681,886000,0,1802268,10990476816289681186,,30000,structured,,,,,,30000,1,,
go,packstore,packstore.scan_index,all-segments,1,5,30000,0,,851226,28.3742,858000,0,1802268,10990476816289681186,,30000,structured,,,,,,30000,1,,
go,packstore,packstore.scan_index,all-segments,1,6,30000,0,,865854,28.8618,867000,0,1802268,10990476816289681186,,30000,structured,,,,,,30000,1,,
go,packstore,packstore.segments,list,1,4,64,0,,455430,7116.09375,413000,51000,1802268,4309077696602640165,,64,structured,,,,,,30000,1,,
go,packstore,packstore.segments,list,1,5,64,0,,449509,7023.578125,452000,0,1802268,4309077696602640165,,64,structured,,,,,,30000,1,,
go,packstore,packstore.segments,list,1,6,64,0,,455931,7123.921875,459000,0,1802268,4309077696602640165,,64,structured,,,,,,30000,1,,
go,packstore,packstore.sort_by_location,scattered,1,4,2000,0,,397129,198.5645,400000,0,1802268,12172847874042059805,,2000,structured,,,,,,30000,1,,
go,packstore,packstore.sort_by_location,scattered,1,5,2000,0,,407038,203.519,395000,0,1802268,12172847874042059805,,2000,structured,,,,,,30000,1,,
go,packstore,packstore.sort_by_location,scattered,1,6,2000,0,,380827,190.4135,387000,0,1802268,12172847874042059805,,2000,structured,,,,,,30000,1,,
go,packstore,packstore.stored_size,hit,1,4,2000,0,,197217,98.6085,202000,0,1802268,5790321329468438501,,2000,structured,,,,,,30000,1,,
go,packstore,packstore.stored_size,hit,1,5,2000,0,,195474,97.737,202000,0,1802268,5790321329468438501,,2000,structured,,,,,,30000,1,,
go,packstore,packstore.stored_size,hit,1,6,2000,0,,189272,94.636,193000,0,1802268,5790321329468438501,,2000,structured,,,,,,30000,1,,
go,packstore,packstore.verify,full-scrub,1,4,30000,0,,281896248,9396.5416,281046000,0,1802268,9929646806074584996,,30000,structured,,,,,,30000,1,,
go,packstore,packstore.verify,full-scrub,1,5,30000,0,,280853194,9361.773133333334,280054000,780000,1802268,9929646806074584996,,30000,structured,,,,,,30000,1,,
go,packstore,packstore.verify,full-scrub,1,6,30000,0,,278216298,9273.8766,278219000,0,1802268,9929646806074584996,,30000,structured,,,,,,30000,1,,
go,packstore,packstore.wipe,populated,1,4,1,0,,4191407,4191407.0,146000,4043000,1802268,12161962213042174405,,1,structured,,,,,,30000,1,,
go,packstore,packstore.wipe,populated,1,5,1,0,,4374717,4374717.0,341000,5074000,1802268,12161962213042174405,,1,structured,,,,,,30000,1,,
go,packstore,packstore.wipe,populated,1,6,1,0,,4049836,4049836.0,908000,4097000,1802268,12161962213042174405,,1,structured,,,,,,30000,1,,
go,packstore,packstore.write_batch,mixed-objects,1,4,8000,70656000,payload,258972919,32371.614875,235206000,20940000,1802268,9929646806074584996,,8000,structured,,,,,,8000,1,,
go,packstore,packstore.write_batch,mixed-objects,1,5,8000,70656000,payload,254813534,31851.69175,226799000,29859000,1802268,9929646806074584996,,8000,structured,,,,,,8000,1,,
go,packstore,packstore.write_batch,mixed-objects,1,6,8000,70656000,payload,252799526,31599.94075,231313000,18792000,1802268,9929646806074584996,,8000,structured,,,,,,8000,1,,
go,packstore,packstore.write_parallel,duplicate-stream/writers-N,8,4,8000,70656000,payload,2644922,330.61525,4519000,65000,1802268,16461052147560502176,,8000,duplicate,,,,,,8000,8,,
go,packstore,packstore.write_parallel,duplicate-stream/writers-N,8,5,8000,70656000,payload,2622720,327.84,3654000,965000,1802268,16461052147560502176,,8000,duplicate,,,,,,8000,8,,
go,packstore,packstore.write_parallel,duplicate-stream/writers-N,8,6,8000,70656000,payload,2534452,316.8065,3274000,1162000,1802268,16461052147560502176,,8000,duplicate,,,,,,8000,8,,
go,packstore,packstore.write_parallel,mixed-objects/writers-1/verify-false,1,4,8000,70656000,payload,259208820,32401.1025,241202000,24894000,1802268,3234576589889759616,,8000,structured,,,,,,8000,1,,
go,packstore,packstore.write_parallel,mixed-objects/writers-1/verify-false,1,5,8000,70656000,payload,259058311,32382.288875,240617000,29825000,1802268,3234576589889759616,,8000,structured,,,,,,8000,1,,
go,packstore,packstore.write_parallel,mixed-objects/writers-1/verify-false,1,6,8000,70656000,payload,257478784,32184.848,243551000,20788000,1802268,3234576589889759616,,8000,structured,,,,,,8000,1,,
go,packstore,packstore.write_parallel,mixed-objects/writers-1/verify-true,1,4,8000,70656000,payload,279340846,34917.60575,262616000,23688000,1802268,3234576589889759616,,8000,structured,,,,,,8000,1,,
go,packstore,packstore.write_parallel,mixed-objects/writers-1/verify-true,1,5,8000,70656000,payload,281301952,35162.744,263475000,39513000,1802268,3234576589889759616,,8000,structured,,,,,,8000,1,,
go,packstore,packstore.write_parallel,mixed-objects/writers-1/verify-true,1,6,8000,70656000,payload,279845359,34980.669875,258519000,25865000,1802268,3234576589889759616,,8000,structured,,,,,,8000,1,,
go,packstore,packstore.write_parallel,mixed-objects/writers-N/verify-false,8,4,8000,70656000,payload,73735061,9216.882625,258242000,17293000,1802268,3234576589889759616,,8000,structured,,,,,,8000,8,,
go,packstore,packstore.write_parallel,mixed-objects/writers-N/verify-false,8,5,8000,70656000,payload,74238452,9279.8065,254493000,28746000,1802268,3234576589889759616,,8000,structured,,,,,,8000,8,,
go,packstore,packstore.write_parallel,mixed-objects/writers-N/verify-false,8,6,8000,70656000,payload,72999786,9124.97325,257237000,28576000,1802268,3234576589889759616,,8000,structured,,,,,,8000,8,,
go,packstore,packstore.write_parallel,mixed-objects/writers-N/verify-true,8,4,8000,70656000,payload,74515342,9314.41775,279588000,17992000,1802268,3234576589889759616,,8000,structured,,,,,,8000,8,,
go,packstore,packstore.write_parallel,mixed-objects/writers-N/verify-true,8,5,8000,70656000,payload,75646251,9455.781375,276829000,26457000,1802268,3234576589889759616,,8000,structured,,,,,,8000,8,,
go,packstore,packstore.write_parallel,mixed-objects/writers-N/verify-true,8,6,8000,70656000,payload,78226411,9778.301375,281296000,23481000,1802268,3234576589889759616,,8000,structured,,,,,,8000,8,,
go,reference,reference.decode,signed,1,4,256,81152,encoded,220932,863.015625,199000,25000,1802268,9423346386722356261,317,256,structured,,,,,,,1,,
go,reference,reference.decode,signed,1,5,256,81152,encoded,213768,835.03125,193000,24000,1802268,9423346386722356261,317,256,structured,,,,,,,1,,
go,reference,reference.decode,signed,1,6,256,81152,encoded,222425,868.84765625,200000,25000,1802268,9423346386722356261,317,256,structured,,,,,,,1,,
go,reference,reference.encode,signed,1,4,256,81152,encoded,71116,277.796875,66000,8000,1802268,1558907671059768101,317,256,structured,,,,,,,1,,
go,reference,reference.encode,signed,1,5,256,81152,encoded,76035,297.01171875,69000,8000,1802268,1558907671059768101,317,256,structured,,,,,,,1,,
go,reference,reference.encode,signed,1,6,256,81152,encoded,71947,281.04296875,67000,8000,1802268,1558907671059768101,317,256,structured,,,,,,,1,,
go,reference,reference.signature_payload,signed,1,4,256,0,,67219,262.57421875,67000,0,1802268,5207887851867075365,,256,structured,,,,,,,1,,
go,reference,reference.signature_payload,signed,1,5,256,0,,67148,262.296875,68000,0,1802268,5207887851867075365,,256,structured,,,,,,,1,,
go,reference,reference.signature_payload,signed,1,6,256,0,,73651,287.69921875,74000,0,1802268,5207887851867075365,,256,structured,,,,,,,1,,
go,reference,reference.validate_name,valid,1,4,256,0,,14988,58.546875,19000,2000,1802268,17539378016686813989,,256,structured,,,,,,,1,,
go,reference,reference.validate_name,valid,1,5,256,0,,14838,57.9609375,16000,2000,1802268,17539378016686813989,,256,structured,,,,,,,1,,
go,reference,reference.validate_name,valid,1,6,256,0,,14598,57.0234375,21000,2000,1802268,17539378016686813989,,256,structured,,,,,,,1,,
go,reference,reference.validate_user,valid,1,4,256,0,,19727,77.05859375,24000,3000,1802268,17539378016686813989,,256,structured,,,,,,,1,,
go,reference,reference.validate_user,valid,1,5,256,0,,20790,81.2109375,24000,3000,1802268,17539378016686813989,,256,structured,,,,,,,1,,
go,reference,reference.validate_user,valid,1,6,256,0,,22473,87.78515625,28000,0,1802268,17539378016686813989,,256,structured,,,,,,,1,,
go,refstore,refstore.all,records,1,4,5000,0,,649961,129.9922,654000,0,1802268,7892593287194926980,,1,structured,5000,,,,,,1,,
go,refstore,refstore.all,records,1,5,5000,0,,640474,128.0948,642000,0,1802268,7892593287194926980,,1,structured,5000,,,,,,1,,
go,refstore,refstore.all,records,1,6,5000,0,,640333,128.0666,647000,0,1802268,7892593287194926980,,1,structured,5000,,,,,,1,,
go,refstore,refstore.close,populated,1,4,1,0,,144285,144285.0,72000,9000,1802268,1,,1,structured,5000,,,,,,1,,
go,refstore,refstore.close,populated,1,5,1,0,,129397,129397.0,66000,8000,1802268,1,,1,structured,5000,,,,,,1,,
go,refstore,refstore.close,populated,1,6,1,0,,150097,150097.0,66000,8000,1802268,1,,1,structured,5000,,,,,,1,,
go,refstore,refstore.delete,records,1,4,5000,0,,8549011,1709.8022,8686000,0,1802268,14982512862514255781,,5000,structured,5000,,,,,,1,,
go,refstore,refstore.delete,records,1,5,5000,0,,9104211,1820.8422,9186000,15000,1802268,14982512862514255781,,5000,structured,5000,,,,,,1,,
go,refstore,refstore.delete,records,1,6,5000,0,,8966899,1793.3798,9095000,2000,1802268,14982512862514255781,,5000,structured,5000,,,,,,1,,
go,refstore,refstore.get,hit,1,4,2000,0,,2095844,1047.922,2085000,11000,1802268,15973922035146887013,,2000,structured,5000,,,,,,1,,
go,refstore,refstore.get,hit,1,5,2000,0,,2085845,1042.9225,2077000,8000,1802268,15973922035146887013,,2000,structured,5000,,,,,,1,,
go,refstore,refstore.get,hit,1,6,2000,0,,2070956,1035.478,2058000,5000,1802268,15973922035146887013,,2000,structured,5000,,,,,,1,,
go,refstore,refstore.get,miss,1,4,2000,0,,448827,224.4135,456000,0,1802268,15777377584200431653,,2000,structured,5000,,,,,,1,,
go,refstore,refstore.get,miss,1,5,2000,0,,476881,238.4405,478000,0,1802268,15777377584200431653,,2000,structured,5000,,,,,,1,,
go,refstore,refstore.get,miss,1,6,2000,0,,470389,235.1945,477000,0,1802268,15777377584200431653,,2000,structured,5000,,,,,,1,,
go,refstore,refstore.open,empty,1,4,1,0,,843090,843090.0,375000,47000,1802268,1,,1,structured,,,,,,,1,,
go,refstore,refstore.open,empty,1,5,1,0,,736316,736316.0,356000,45000,1802268,1,,1,structured,,,,,,,1,,
go,refstore,refstore.open,empty,1,6,1,0,,729814,729814.0,394000,0,1802268,1,,1,structured,,,,,,,1,,
go,refstore,refstore.open,populated-reopen,1,4,1,0,,2502090,2502090.0,1994000,124000,1802268,83,,1,structured,5000,,,,,,1,,
go,refstore,refstore.open,populated-reopen,1,5,1,0,,2521026,2521026.0,2097000,10000,1802268,83,,1,structured,5000,,,,,,1,,
go,refstore,refstore.open,populated-reopen,1,6,1,0,,2456282,2456282.0,2015000,125000,1802268,83,,1,structured,5000,,,,,,1,,
go,refstore,refstore.put,records/sync-false,1,4,5000,0,,2416767,483.3534,2109000,884000,1802268,14982512862514255781,,5000,structured,5000,,,,,,1,,
go,refstore,refstore.put,records/sync-false,1,5,5000,0,,2382852,476.5704,2994000,857000,1802268,14982512862514255781,,5000,structured,5000,,,,,,1,,
go,refstore,refstore.put,records/sync-false,1,6,5000,0,,2527999,505.5998,2450000,1186000,1802268,14982512862514255781,,5000,structured,5000,,,,,,1,,
go,refstore,refstore.put,records/sync-true,1,4,5000,0,,297319940,59463.988,35727000,20711000,1802268,14982512862514255781,,5000,structured,5000,,,,,,1,,
go,refstore,refstore.put,records/sync-true,1,5,5000,0,,298029075,59605.815,38977000,17771000,1802268,14982512862514255781,,5000,structured,5000,,,,,,1,,
go,refstore,refstore.put,records/sync-true,1,6,5000,0,,300319119,60063.8238,41913000,15742000,1802268,14982512862514255781,,5000,structured,5000,,,,,,1,,
go,refstore,refstore.put_batch,records/sync-false,1,4,5000,0,,551574,110.3148,519000,65000,1802268,8710676069373506828,,5000,structured,5000,,,,,,1,,
go,refstore,refstore.put_batch,records/sync-false,1,5,5000,0,,589706,117.9412,0,593000,1802268,8710676069373506828,,5000,structured,5000,,,,,,1,,
go,refstore,refstore.put_batch,records/sync-false,1,6,5000,0,,555451,111.0902,519000,65000,1802268,8710676069373506828,,5000,structured,5000,,,,,,1,,
go,refstore,refstore.wipe,records,1,4,1,0,,1299933,1299933.0,430000,935000,1802268,12161962213042174405,,1,structured,5000,,,,,,1,,
go,refstore,refstore.wipe,records,1,5,1,0,,1316905,1316905.0,1374000,0,1802268,12161962213042174405,,1,structured,5000,,,,,,1,,
go,refstore,refstore.wipe,records,1,6,1,0,,1323669,1323669.0,1334000,43000,1802268,12161962213042174405,,1,structured,5000,,,,,,1,,
go,tar,tarexport.write,fixture-tree,1,4,5323,64294912,encoded,12592014,2365.5859477738118,12550000,0,1802268,4304777291239815761,,,tree,5323,,,,5323,,1,,
go,tar,tarexport.write,fixture-tree,1,5,5323,64294912,encoded,12567276,2360.938568476423,12549000,0,1802268,4304777291239815761,,,tree,5323,,,,5323,,1,,
go,tar,tarexport.write,fixture-tree,1,6,5323,64294912,encoded,12531678,2354.250986285929,12470000,45000,1802268,4304777291239815761,,,tree,5323,,,,5323,,1,,
go,tar,tarextract.extract,fixture-tree,1,4,5323,64294912,encoded,235832365,44304.408228442604,74744000,161127000,1802268,4304777291239815761,,,tree,5323,,,,5323,,1,,
go,tar,tarextract.extract,fixture-tree,1,5,5323,64294912,encoded,208592660,39187.048656772495,79085000,129599000,1802268,4304777291239815761,,,tree,5323,,,,5323,,1,,
go,tar,tarextract.extract,fixture-tree,1,6,5323,64294912,encoded,211003115,39639.886342288184,60383000,151016000,1802268,4304777291239815761,,,tree,5323,,,,5323,,1,,
rust,amberignore,amberignore.descend,8-subdirs,1,0,512,0,,1615807,3155.873046875,734000,877000,1363700,11838577130360562469,,,structured,512,1,,,,,1,,
rust,amberignore,amberignore.descend,8-subdirs,1,1,512,0,,1617440,3159.0625,1614000,0,1363700,11838577130360562469,,,structured,512,1,,,,,1,,
rust,amberignore,amberignore.descend,8-subdirs,1,2,512,0,,1623741,3171.369140625,540000,1080000,1363700,11838577130360562469,,,structured,512,1,,,,,1,,
rust,amberignore,amberignore.descend,8-subdirs,1,3,512,0,,1771124,3459.2265625,812000,897000,1363700,11838577130360562469,,,structured,512,1,,,,,1,,
rust,amberignore,amberignore.ignored,mixed-names,1,0,1024,0,,121362,118.517578125,79000,43000,1363700,17033983874747237157,,,structured,1024,,,,,,1,,
rust,amberignore,amberignore.ignored,mixed-names,1,1,1024,0,,124408,121.4921875,123000,0,1363700,17033983874747237157,,,structured,1024,,,,,,1,,
rust,amberignore,amberignore.ignored,mixed-names,1,2,1024,0,,122023,119.1630859375,122000,0,1363700,17033983874747237157,,,structured,1024,,,,,,1,,
rust,amberignore,amberignore.ignored,mixed-names,1,3,1024,0,,122414,119.544921875,123000,0,1363700,17033983874747237157,,,structured,1024,,,,,,1,,
rust,amberignore,amberignore.ignored,nil-matcher,1,0,1024,0,,100,0.09765625,1000,0,1363700,13389487554061181733,,,structured,1024,,,,,,1,,
rust,amberignore,amberignore.ignored,nil-matcher,1,1,1024,0,,80,0.078125,0,0,1363700,13389487554061181733,,,structured,1024,,,,,,1,,
rust,amberignore,amberignore.ignored,nil-matcher,1,2,1024,0,,90,0.087890625,0,0,1363700,13389487554061181733,,,structured,1024,,,,,,1,,
rust,amberignore,amberignore.ignored,nil-matcher,1,3,1024,0,,90,0.087890625,1000,0,1363700,13389487554061181733,,,structured,1024,,,,,,1,,
rust,amberignore,amberignore.root,load-root,1,0,64,0,,277190,4331.09375,0,275000,1363700,3808676317670837029,,,structured,64,,,,,,1,,
rust,amberignore,amberignore.root,load-root,1,1,64,0,,274314,4286.15625,0,275000,1363700,3808676317670837029,,,structured,64,,,,,,1,,
rust,amberignore,amberignore.root,load-root,1,2,64,0,,274254,4285.21875,0,274000,1363700,3808676317670837029,,,structured,64,,,,,,1,,
rust,amberignore,amberignore.root,load-root,1,3,64,0,,274043,4281.921875,56000,218000,1363700,3808676317670837029,,,structured,64,,,,,,1,,
rust,amberpack,amberpack.decode_payload,mixed-records/producer-go,1,0,500,10070344,encoded,5470009,10940.018,5458000,0,1363700,4860269593321461802,,500,structured,,,,,,500,1,,
rust,amberpack,amberpack.decode_payload,mixed-records/producer-go,1,1,500,10070344,encoded,5418951,10837.902,5392000,0,1363700,4860269593321461802,,500,structured,,,,,,500,1,,
rust,amberpack,amberpack.decode_payload,mixed-records/producer-go,1,2,500,10070344,encoded,5304203,10608.406,5292000,0,1363700,4860269593321461802,,500,structured,,,,,,500,1,,
rust,amberpack,amberpack.decode_payload,mixed-records/producer-go,1,3,500,10070344,encoded,5375429,10750.858,5347000,0,1363700,4860269593321461802,,500,structured,,,,,,500,1,,
rust,amberpack,amberpack.decode_payload,mixed-records/producer-rust,1,0,500,10053753,encoded,4884871,9769.742,4862000,0,1363700,4860269593321461802,,500,structured,,,,,,500,1,,
rust,amberpack,amberpack.decode_payload,mixed-records/producer-rust,1,1,500,10053753,encoded,4870514,9741.028,4858000,0,1363700,4860269593321461802,,500,structured,,,,,,500,1,,
rust,amberpack,amberpack.decode_payload,mixed-records/producer-rust,1,2,500,10053753,encoded,4881565,9763.13,4857000,0,1363700,4860269593321461802,,500,structured,,,,,,500,1,,
rust,amberpack,amberpack.decode_payload,mixed-records/producer-rust,1,3,500,10053753,encoded,4868670,9737.34,4857000,0,1363700,4860269593321461802,,500,structured,,,,,,500,1,,
rust,amberpack,amberpack.encode_record,1MiB-duplicate,1,0,4,4194304,payload,1045367,261341.75,1044000,0,1363700,10804007899247999205,1048576,4,duplicate,,,,,,,1,item_bytes,duplicate
rust,amberpack,amberpack.encode_record,1MiB-duplicate,1,1,4,4194304,payload,1032141,258035.25,1030000,0,1363700,10804007899247999205,1048576,4,duplicate,,,,,,,1,item_bytes,duplicate
rust,amberpack,amberpack.encode_record,1MiB-duplicate,1,2,4,4194304,payload,1033244,258311.0,1031000,0,1363700,10804007899247999205,1048576,4,duplicate,,,,,,,1,item_bytes,duplicate
rust,amberpack,amberpack.encode_record,1MiB-duplicate,1,3,4,4194304,payload,1041570,260392.5,1037000,0,1363700,10804007899247999205,1048576,4,duplicate,,,,,,,1,item_bytes,duplicate
rust,amberpack,amberpack.encode_record,1MiB-random,1,0,4,4194304,payload,1032974,258243.5,1032000,0,1363700,16911360464488762320,1048576,4,random,,,,,,,1,item_bytes,random
rust,amberpack,amberpack.encode_record,1MiB-random,1,1,4,4194304,payload,1033955,258488.75,1032000,0,1363700,16911360464488762320,1048576,4,random,,,,,,,1,item_bytes,random
rust,amberpack,amberpack.encode_record,1MiB-random,1,2,4,4194304,payload,1030960,257740.0,1029000,0,1363700,16911360464488762320,1048576,4,random,,,,,,,1,item_bytes,random
rust,amberpack,amberpack.encode_record,1MiB-random,1,3,4,4194304,payload,1031962,257990.5,1030000,0,1363700,16911360464488762320,1048576,4,random,,,,,,,1,item_bytes,random
rust,amberpack,amberpack.encode_record,1MiB-text,1,0,4,4194304,payload,7041932,1760483.0,7025000,0,1363700,1673694726349869155,1048576,4,text,,,,,,,1,item_bytes,text
rust,amberpack,amberpack.encode_record,1MiB-text,1,1,4,4194304,payload,7063222,1765805.5,7033000,0,1363700,1673694726349869155,1048576,4,text,,,,,,,1,item_bytes,text
rust,amberpack,amberpack.encode_record,1MiB-text,1,2,4,4194304,payload,7112076,1778019.0,7093000,0,1363700,1673694726349869155,1048576,4,text,,,,,,,1,item_bytes,text
rust,amberpack,amberpack.encode_record,1MiB-text,1,3,4,4194304,payload,7083902,1770975.5,7054000,0,1363700,1673694726349869155,1048576,4,text,,,,,,,1,item_bytes,text
rust,amberpack,amberpack.encode_record,4KiB-duplicate,1,0,1024,4194304,payload,4445953,4341.7509765625,4435000,0,1363700,15163794708379116325,4096,1024,duplicate,,,,,,,1,item_bytes,duplicate
rust,amberpack,amberpack.encode_record,4KiB-duplicate,1,1,1024,4194304,payload,4455220,4350.80078125,4431000,0,1363700,15163794708379116325,4096,1024,duplicate,,,,,,,1,item_bytes,duplicate
rust,amberpack,amberpack.encode_record,4KiB-duplicate,1,2,1024,4194304,payload,4496921,4391.5244140625,4487000,0,1363700,15163794708379116325,4096,1024,duplicate,,,,,,,1,item_bytes,duplicate
rust,amberpack,amberpack.encode_record,4KiB-duplicate,1,3,1024,4194304,payload,4602412,4494.54296875,4579000,0,1363700,15163794708379116325,4096,1024,duplicate,,,,,,,1,item_bytes,duplicate
rust,amberpack,amberpack.encode_record,4KiB-random,1,0,1024,4194304,payload,4447556,4343.31640625,4439000,0,1363700,833230075664003548,4096,1024,random,,,,,,,1,item_bytes,random
rust,amberpack,amberpack.encode_record,4KiB-random,1,1,1024,4194304,payload,4463135,4358.5302734375,4436000,0,1363700,833230075664003548,4096,1024,random,,,,,,,1,item_bytes,random
rust,amberpack,amberpack.encode_record,4KiB-random,1,2,1024,4194304,payload,4446263,4342.0537109375,4437000,0,1363700,833230075664003548,4096,1024,random,,,,,,,1,item_bytes,random
rust,amberpack,amberpack.encode_record,4KiB-random,1,3,1024,4194304,payload,4608443,4500.4326171875,4583000,0,1363700,833230075664003548,4096,1024,random,,,,,,,1,item_bytes,random
rust,amberpack,amberpack.encode_record,4KiB-text,1,0,1024,4194304,payload,14566246,14224.849609375,14511000,0,1363700,5696723707548895206,4096,1024,text,,,,,,,1,item_bytes,text
rust,amberpack,amberpack.encode_record,4KiB-text,1,1,1024,4194304,payload,14558401,14217.1884765625,14506000,0,1363700,5696723707548895206,4096,1024,text,,,,,,,1,item_bytes,text
rust,amberpack,amberpack.encode_record,4KiB-text,1,2,1024,4194304,payload,14556487,14215.3193359375,14511000,0,1363700,5696723707548895206,4096,1024,text,,,,,,,1,item_bytes,text
rust,amberpack,amberpack.encode_record,4KiB-text,1,3,1024,4194304,payload,14559352,14218.1171875,14506000,0,1363700,5696723707548895206,4096,1024,text,,,,,,,1,item_bytes,text
rust,amberpack,amberpack.encode_record,empty,1,0,8000,0,payload,2332075,291.509375,2328000,0,1363700,18132281937839988517,,8000,empty,,,,,,,1,item_bytes,empty
rust,amberpack,amberpack.encode_record,empty,1,1,8000,0,payload,2321054,290.13175,2317000,0,1363700,18132281937839988517,,8000,empty,,,,,,,1,item_bytes,empty
rust,amberpack,amberpack.encode_record,empty,1,2,8000,0,payload,2321084,290.1355,2317000,0,1363700,18132281937839988517,,8000,empty,,,,,,,1,item_bytes,empty
rust,amberpack,amberpack.encode_record,empty,1,3,8000,0,payload,2323649,290.456125,2321000,0,1363700,18132281937839988517,,8000,empty,,,,,,,1,item_bytes,empty
rust,amberpack,amberpack.encode_record,large-8MiB-duplicate,1,0,2,16777216,payload,4118207,2059103.5,4107000,0,1363700,11090642185545363909,8388608,2,duplicate,,,,,,,1,item_bytes,duplicate
rust,amberpack,amberpack.encode_record,large-8MiB-duplicate,1,1,2,16777216,payload,4143154,2071577.0,4121000,0,1363700,11090642185545363909,8388608,2,duplicate,,,,,,,1,item_bytes,duplicate
rust,amberpack,amberpack.encode_record,large-8MiB-duplicate,1,2,2,16777216,payload,4152462,2076231.0,4143000,0,1363700,11090642185545363909,8388608,2,duplicate,,,,,,,1,item_bytes,duplicate
rust,amberpack,amberpack.encode_record,large-8MiB-duplicate,1,3,2,16777216,payload,4213308,2106654.0,4191000,0,1363700,11090642185545363909,8388608,2,duplicate,,,,,,,1,item_bytes,duplicate
rust,amberpack,amberpack.encode_record,large-8MiB-random,1,0,1,8388608,payload,2063000,2063000.0,2059000,0,1363700,16023285418421674942,8388608,1,random,,,,,,,1,item_bytes,random
rust,amberpack,amberpack.encode_record,large-8MiB-random,1,1,1,8388608,payload,2091405,2091405.0,2075000,0,1363700,16023285418421674942,8388608,1,random,,,,,,,1,item_bytes,random
rust,amberpack,amberpack.encode_record,large-8MiB-random,1,2,1,8388608,payload,2077288,2077288.0,2072000,0,1363700,16023285418421674942,8388608,1,random,,,,,,,1,item_bytes,random
rust,amberpack,amberpack.encode_record,large-8MiB-random,1,3,1,8388608,payload,2078190,2078190.0,2074000,0,1363700,16023285418421674942,8388608,1,random,,,,,,,1,item_bytes,random
rust,amberpack,amberpack.encode_record,large-8MiB-text,1,0,1,8388608,payload,14091869,14091869.0,14027000,0,1363700,9748008301829938607,8388608,1,text,,,,,,,1,item_bytes,text
rust,amberpack,amberpack.encode_record,large-8MiB-text,1,1,1,8388608,payload,14110795,14110795.0,14050000,0,1363700,9748008301829938607,8388608,1,text,,,,,,,1,item_bytes,text
rust,amberpack,amberpack.encode_record,large-8MiB-text,1,2,1,8388608,payload,14054518,14054518.0,14005000,0,1363700,9748008301829938607,8388608,1,text,,,,,,,1,item_bytes,text
rust,amberpack,amberpack.encode_record,large-8MiB-text,1,3,1,8388608,payload,14207020,14207020.0,14149000,0,1363700,9748008301829938607,8388608,1,text,,,,,,,1,item_bytes,text
rust,amberpack,amberpack.encode_record,tiny-64B-duplicate,1,0,16384,1048576,payload,10087801,615.7105102539062,10052000,0,1363700,15118262615421100837,64,16384,duplicate,,,,,,,1,item_bytes,duplicate
rust,amberpack,amberpack.encode_record,tiny-64B-duplicate,1,1,16384,1048576,payload,10141193,618.9692993164062,10108000,0,1363700,15118262615421100837,64,16384,duplicate,,,,,,,1,item_bytes,duplicate
rust,amberpack,amberpack.encode_record,tiny-64B-duplicate,1,2,16384,1048576,payload,10141844,619.009033203125,10111000,0,1363700,15118262615421100837,64,16384,duplicate,,,,,,,1,item_bytes,duplicate
rust,amberpack,amberpack.encode_record,tiny-64B-duplicate,1,3,16384,1048576,payload,10055489,613.7383422851562,10024000,0,1363700,15118262615421100837,64,16384,duplicate,,,,,,,1,item_bytes,duplicate
rust,amberpack,amberpack.encode_record,tiny-64B-random,1,0,16384,1048576,payload,10195245,622.2683715820312,10164000,0,1363700,13667126546932280967,64,16384,random,,,,,,,1,item_bytes,random
rust,amberpack,amberpack.encode_record,tiny-64B-random,1,1,16384,1048576,payload,10146161,619.2725219726562,10114000,0,1363700,13667126546932280967,64,16384,random,,,,,,,1,item_bytes,random
rust,amberpack,amberpack.encode_record,tiny-64B-random,1,2,16384,1048576,payload,10124380,617.943115234375,10094000,0,1363700,13667126546932280967,64,16384,random,,,,,,,1,item_bytes,random
rust,amberpack,amberpack.encode_record,tiny-64B-random,1,3,16384,1048576,payload,10093872,616.0810546875,10064000,0,1363700,13667126546932280967,64,16384,random,,,,,,,1,item_bytes,random
rust,amberpack,amberpack.encode_record,tiny-64B-text,1,0,16384,1048576,payload,19020213,1160.9016723632812,18960000,0,1363700,4540674614208161150,64,16384,text,,,,,,,1,item_bytes,text
rust,amberpack,amberpack.encode_record,tiny-64B-text,1,1,16384,1048576,payload,19037105,1161.9326782226562,18993000,0,1363700,4540674614208161150,64,16384,text,,,,,,,1,item_bytes,text
rust,amberpack,amberpack.encode_record,tiny-64B-text,1,2,16384,1048576,payload,19025514,1161.2252197265625,18954000,0,1363700,4540674614208161150,64,16384,text,,,,,,,1,item_bytes,text
rust,amberpack,amberpack.encode_record,tiny-64B-text,1,3,16384,1048576,payload,19014172,1160.532958984375,18954000,0,1363700,4540674614208161150,64,16384,text,,,,,,,1,item_bytes,text
rust,amberpack,amberpack.parse_record,corrupt-crc/producer-go,1,0,256,0,,26250,102.5390625,27000,0,1363700,17539378016686813989,,256,structured,,,,,,,1,,
rust,amberpack,amberpack.parse_record,corrupt-crc/producer-go,1,1,256,0,,26130,102.0703125,26000,0,1363700,17539378016686813989,,256,structured,,,,,,,1,,
rust,amberpack,amberpack.parse_record,corrupt-crc/producer-go,1,2,256,0,,26130,102.0703125,26000,0,1363700,17539378016686813989,,256,structured,,,,,,,1,,
rust,amberpack,amberpack.parse_record,corrupt-crc/producer-go,1,3,256,0,,26100,101.953125,27000,0,1363700,17539378016686813989,,256,structured,,,,,,,1,,
rust,amberpack,amberpack.parse_record,corrupt-crc/producer-rust,1,0,256,0,,26090,101.9140625,27000,0,1363700,17539378016686813989,,256,structured,,,,,,,1,,
rust,amberpack,amberpack.parse_record,corrupt-crc/producer-rust,1,1,256,0,,26130,102.0703125,26000,0,1363700,17539378016686813989,,256,structured,,,,,,,1,,
rust,amberpack,amberpack.parse_record,corrupt-crc/producer-rust,1,2,256,0,,26080,101.875,26000,0,1363700,17539378016686813989,,256,structured,,,,,,,1,,
rust,amberpack,amberpack.parse_record,corrupt-crc/producer-rust,1,3,256,0,,26080,101.875,27000,0,1363700,17539378016686813989,,256,structured,,,,,,,1,,
rust,amberpack,amberpack.parse_record,mixed-records/producer-go,1,0,500,10070344,encoded,1239407,2478.814,1238000,0,1363700,7325024220447414200,,500,structured,,,,,,500,1,,
rust,amberpack,amberpack.parse_record,mixed-records/producer-go,1,1,500,10070344,encoded,1209781,2419.562,1193000,0,1363700,7325024220447414200,,500,structured,,,,,,500,1,,
rust,amberpack,amberpack.parse_record,mixed-records/producer-go,1,2,500,10070344,encoded,1139176,2278.352,1137000,0,1363700,7325024220447414200,,500,structured,,,,,,500,1,,
rust,amberpack,amberpack.parse_record,mixed-records/producer-go,1,3,500,10070344,encoded,1135289,2270.578,1133000,0,1363700,7325024220447414200,,500,structured,,,,,,500,1,,
rust,amberpack,amberpack.parse_record,mixed-records/producer-rust,1,0,500,10053753,encoded,1133876,2267.752,1132000,0,1363700,15082506208932262024,,500,structured,,,,,,500,1,,
rust,amberpack,amberpack.parse_record,mixed-records/producer-rust,1,1,500,10053753,encoded,1134638,2269.276,1133000,0,1363700,15082506208932262024,,500,structured,,,,,,500,1,,
rust,amberpack,amberpack.parse_record,mixed-records/producer-rust,1,2,500,10053753,encoded,1134377,2268.754,1133000,0,1363700,15082506208932262024,,500,structured,,,,,,500,1,,
rust,amberpack,amberpack.parse_record,mixed-records/producer-rust,1,3,500,10053753,encoded,1146480,2292.96,1132000,0,1363700,15082506208932262024,,500,structured,,,,,,500,1,,
rust,amberpack,amberpack.reader_all,mixed-objects/producer-go,1,0,500,10070344,encoded,6870684,13741.368,6844000,0,1363700,8309917618078602499,,500,structured,,,,,,500,1,,
rust,amberpack,amberpack.reader_all,mixed-objects/producer-go,1,1,500,10070344,encoded,6742961,13485.922,6714000,0,1363700,8309917618078602499,,500,structured,,,,,,500,1,,
rust,amberpack,amberpack.reader_all,mixed-objects/producer-go,1,2,500,10070344,encoded,6790502,13581.004,6774000,0,1363700,8309917618078602499,,500,structured,,,,,,500,1,,
rust,amberpack,amberpack.reader_all,mixed-objects/producer-go,1,3,500,10070344,encoded,6891024,13782.048,6861000,0,1363700,8309917618078602499,,500,structured,,,,,,500,1,,
rust,amberpack,amberpack.reader_all,mixed-objects/producer-rust,1,0,500,10053753,encoded,6388724,12777.448,6359000,0,1363700,8309917618078602499,,500,structured,,,,,,500,1,,
rust,amberpack,amberpack.reader_all,mixed-objects/producer-rust,1,1,500,10053753,encoded,6531677,13063.354,6504000,0,1363700,8309917618078602499,,500,structured,,,,,,500,1,,
rust,amberpack,amberpack.reader_all,mixed-objects/producer-rust,1,2,500,10053753,encoded,6388935,12777.87,6358000,0,1363700,8309917618078602499,,500,structured,,,,,,500,1,,
rust,amberpack,amberpack.reader_all,mixed-objects/producer-rust,1,3,500,10053753,encoded,6244469,12488.938,6230000,0,1363700,8309917618078602499,,500,structured,,,,,,500,1,,
rust,amberpack,amberpack.reader_all,truncated-stream/producer-go,1,0,64,0,,210143518,3283492.46875,209308000,0,1363700,9489642868898812965,5035172,64,structured,,,,,,,1,,
rust,amberpack,amberpack.reader_all,truncated-stream/producer-go,1,1,64,0,,210143969,3283499.515625,209272000,0,1363700,9489642868898812965,5035172,64,structured,,,,,,,1,,
rust,amberpack,amberpack.reader_all,truncated-stream/producer-go,1,2,64,0,,209952263,3280504.109375,209076000,0,1363700,9489642868898812965,5035172,64,structured,,,,,,,1,,
rust,amberpack,amberpack.reader_all,truncated-stream/producer-go,1,3,64,0,,209655345,3275864.765625,208774000,0,1363700,9489642868898812965,5035172,64,structured,,,,,,,1,,
rust,amberpack,amberpack.reader_all,truncated-stream/producer-rust,1,0,64,0,,196963912,3077561.125,196188000,0,1363700,9489642868898812965,5026876,64,structured,,,,,,,1,,
rust,amberpack,amberpack.reader_all,truncated-stream/producer-rust,1,1,64,0,,197031010,3078609.53125,196253000,0,1363700,9489642868898812965,5026876,64,structured,,,,,,,1,,
rust,amberpack,amberpack.reader_all,truncated-stream/producer-rust,1,2,64,0,,197274044,3082406.9375,196468000,0,1363700,9489642868898812965,5026876,64,structured,,,,,,,1,,
rust,amberpack,amberpack.reader_all,truncated-stream/producer-rust,1,3,64,0,,197222335,3081598.984375,196439000,0,1363700,9489642868898812965,5026876,64,structured,,,,,,,1,,
rust,amberpack,amberpack.reader_records,mixed-objects/producer-go,1,0,500,10070344,encoded,1416305,2832.61,1414000,0,1363700,13551615618179880529,,500,structured,,,,,,500,1,,
rust,amberpack,amberpack.reader_records,mixed-objects/producer-go,1,1,500,10070344,encoded,1424451,2848.902,1419000,0,1363700,13551615618179880529,,500,structured,,,,,,500,1,,
rust,amberpack,amberpack.reader_records,mixed-objects/producer-go,1,2,500,10070344,encoded,1423229,2846.458,1421000,0,1363700,13551615618179880529,,500,structured,,,,,,500,1,,
rust,amberpack,amberpack.reader_records,mixed-objects/producer-go,1,3,500,10070344,encoded,1412959,2825.918,1411000,0,1363700,13551615618179880529,,500,structured,,,,,,500,1,,
rust,amberpack,amberpack.reader_records,mixed-objects/producer-rust,1,0,500,10053753,encoded,1412929,2825.858,1409000,0,1363700,4451174990343454638,,500,structured,,,,,,500,1,,
rust,amberpack,amberpack.reader_records,mixed-objects/producer-rust,1,1,500,10053753,encoded,1406738,2813.476,1405000,0,1363700,4451174990343454638,,500,structured,,,,,,500,1,,
rust,amberpack,amberpack.reader_records,mixed-objects/producer-rust,1,2,500,10053753,encoded,1407519,2815.038,1405000,0,1363700,4451174990343454638,,500,structured,,,,,,500,1,,
rust,amberpack,amberpack.reader_records,mixed-objects/producer-rust,1,3,500,10053753,encoded,1414101,2828.202,1408000,0,1363700,4451174990343454638,,500,structured,,,,,,500,1,,
rust,amberpack,amberpack.writer_add,mixed-objects,1,0,500,16960000,payload,19817827,39635.654,19735000,0,1363700,9051759507606592069,,500,structured,,,,,,500,1,,
rust,amberpack,amberpack.writer_add,mixed-objects,1,1,500,16960000,payload,19781077,39562.154,19716000,0,1363700,9051759507606592069,,500,structured,,,,,,500,1,,
rust,amberpack,amberpack.writer_add,mixed-objects,1,2,500,16960000,payload,19801706,39603.412,19723000,0,1363700,9051759507606592069,,500,structured,,,,,,500,1,,
rust,amberpack,amberpack.writer_add,mixed-objects,1,3,500,16960000,payload,19811545,39623.09,19732000,0,1363700,9051759507606592069,,500,structured,,,,,,500,1,,
rust,amberpack,amberpack.writer_add_record,pre-encoded-records/producer-go,1,0,500,10070344,encoded,3907,7.814,4000,0,1363700,4408672499635271307,,500,structured,,,,,,500,1,,
rust,amberpack,amberpack.writer_add_record,pre-encoded-records/producer-go,1,1,500,10070344,encoded,3817,7.634,4000,0,1363700,4408672499635271307,,500,structured,,,,,,500,1,,
rust,amberpack,amberpack.writer_add_record,pre-encoded-records/producer-go,1,2,500,10070344,encoded,3898,7.796,5000,0,1363700,4408672499635271307,,500,structured,,,,,,500,1,,
rust,amberpack,amberpack.writer_add_record,pre-encoded-records/producer-go,1,3,500,10070344,encoded,3797,7.594,4000,0,1363700,4408672499635271307,,500,structured,,,,,,500,1,,
rust,amberpack,amberpack.writer_add_record,pre-encoded-records/producer-rust,1,0,500,10053753,encoded,4008,8.016,5000,0,1363700,9051759507606592069,,500,structured,,,,,,500,1,,
rust,amberpack,amberpack.writer_add_record,pre-encoded-records/producer-rust,1,1,500,10053753,encoded,3867,7.734,5000,0,1363700,9051759507606592069,,500,structured,,,,,,500,1,,
rust,amberpack,amberpack.writer_add_record,pre-encoded-records/producer-rust,1,2,500,10053753,encoded,3898,7.796,4000,0,1363700,9051759507606592069,,500,structured,,,,,,500,1,,
rust,amberpack,amberpack.writer_add_record,pre-encoded-records/producer-rust,1,3,500,10053753,encoded,3858,7.716,5000,0,1363700,9051759507606592069,,500,structured,,,,,,500,1,,
rust,binaryfuse,binaryfuse.contains,store-keys/rust-only,1,0,30000,0,,84732,2.8244,86000,0,1363700,30000,,,,,,,,,,1,,
rust,binaryfuse,binaryfuse.contains,store-keys/rust-only,1,1,30000,0,,84882,2.8294,85000,0,1363700,30000,,,,,,,,,,1,,
rust,binaryfuse,binaryfuse.contains,store-keys/rust-only,1,2,30000,0,,84822,2.8274,85000,0,1363700,30000,,,,,,,,,,1,,
rust,binaryfuse,binaryfuse.contains,store-keys/rust-only,1,3,30000,0,,84782,2.8260666666666667,86000,0,1363700,30000,,,,,,,,,,1,,
rust,binaryfuse,binaryfuse.new,store-keys/rust-only,1,0,30000,0,,462042,15.4014,461000,0,1363700,73757,,,,,,,,,,1,,
rust,binaryfuse,binaryfuse.new,store-keys/rust-only,1,1,30000,0,,457775,15.259166666666667,458000,0,1363700,73757,,,,,,,,,,1,,
rust,binaryfuse,binaryfuse.new,store-keys/rust-only,1,2,30000,0,,460340,15.344666666666667,458000,0,1363700,73757,,,,,,,,,,1,,
rust,binaryfuse,binaryfuse.new,store-keys/rust-only,1,3,30000,0,,456993,15.2331,458000,0,1363700,73757,,,,,,,,,,1,,
rust,binaryfuse,binaryfuse.parse_section,store-keys/rust-only,1,0,16,0,,30849,1928.0625,32000,0,1363700,16,,,,,,,,,,1,,
rust,binaryfuse,binaryfuse.parse_section,store-keys/rust-only,1,1,16,0,,30698,1918.625,32000,0,1363700,16,,,,,,,,,,1,,
rust,binaryfuse,binaryfuse.parse_section,store-keys/rust-only,1,2,16,0,,30759,1922.4375,31000,0,1363700,16,,,,,,,,,,1,,
rust,binaryfuse,binaryfuse.parse_section,store-keys/rust-only,1,3,16,0,,30749,1921.8125,32000,0,1363700,16,,,,,,,,,,1,,
rust,binaryfuse,binaryfuse.section_bytes,store-keys/rust-only,1,0,16,0,,40738,2546.125,41000,0,1363700,1180112,,,,,,,,,,1,,
rust,binaryfuse,binaryfuse.section_bytes,store-keys/rust-only,1,1,16,0,,40687,2542.9375,41000,0,1363700,1180112,,,,,,,,,,1,,
rust,binaryfuse,binaryfuse.section_bytes,store-keys/rust-only,1,2,16,0,,43563,2722.6875,41000,0,1363700,1180112,,,,,,,,,,1,,
rust,binaryfuse,binaryfuse.section_bytes,store-keys/rust-only,1,3,16,0,,40607,2537.9375,41000,0,1363700,1180112,,,,,,,,,,1,,
rust,cbor,cbor.decode_xattrs,xattrs-3,1,0,64,4544,encoded,11131,173.921875,12000,0,1363700,10124439526398863653,71,64,structured,3,,,,,,1,,
rust,cbor,cbor.decode_xattrs,xattrs-3,1,1,64,4544,encoded,11231,175.484375,12000,0,1363700,10124439526398863653,71,64,structured,3,,,,,,1,,
rust,cbor,cbor.decode_xattrs,xattrs-3,1,2,64,4544,encoded,11091,173.296875,12000,0,1363700,10124439526398863653,71,64,structured,3,,,,,,1,,
rust,cbor,cbor.decode_xattrs,xattrs-3,1,3,64,4544,encoded,11723,183.171875,12000,0,1363700,10124439526398863653,71,64,structured,3,,,,,,1,,
rust,cbor,cbor.decode_xattrs,xattrs-64,1,0,64,282752,encoded,362463,5663.484375,361000,0,1363700,5919729855399850789,4418,64,structured,64,,,,,,1,,
rust,cbor,cbor.decode_xattrs,xattrs-64,1,1,64,282752,encoded,354157,5533.703125,354000,0,1363700,5919729855399850789,4418,64,structured,64,,,,,,1,,
rust,cbor,cbor.decode_xattrs,xattrs-64,1,2,64,282752,encoded,353686,5526.34375,354000,0,1363700,5919729855399850789,4418,64,structured,64,,,,,,1,,
rust,cbor,cbor.decode_xattrs,xattrs-64,1,3,64,282752,encoded,355519,5554.984375,354000,0,1363700,5919729855399850789,4418,64,structured,64,,,,,,1,,
rust,cbor,cbor.encode_xattrs,xattrs-3,1,0,64,4544,encoded,16160,252.5,17000,0,1363700,7087683166235696933,71,64,structured,3,,,,,,1,,
rust,cbor,cbor.encode_xattrs,xattrs-3,1,1,64,4544,encoded,16612,259.5625,17000,0,1363700,7087683166235696933,71,64,structured,3,,,,,,1,,
rust,cbor,cbor.encode_xattrs,xattrs-3,1,2,64,4544,encoded,16882,263.78125,18000,0,1363700,7087683166235696933,71,64,structured,3,,,,,,1,,
rust,cbor,cbor.encode_xattrs,xattrs-3,1,3,64,4544,encoded,16181,252.828125,17000,0,1363700,7087683166235696933,71,64,structured,3,,,,,,1,,
rust,cbor,cbor.encode_xattrs,xattrs-64,1,0,64,282752,encoded,290996,4546.8125,289000,0,1363700,7055603837320979365,4418,64,structured,64,,,,,,1,,
rust,cbor,cbor.encode_xattrs,xattrs-64,1,1,64,282752,encoded,287139,4486.546875,287000,0,1363700,7055603837320979365,4418,64,structured,64,,,,,,1,,
rust,cbor,cbor.encode_xattrs,xattrs-64,1,2,64,282752,encoded,286518,4476.84375,287000,0,1363700,7055603837320979365,4418,64,structured,64,,,,,,1,,
rust,cbor,cbor.encode_xattrs,xattrs-64,1,3,64,282752,encoded,307146,4799.15625,293000,0,1363700,7055603837320979365,4418,64,structured,64,,,,,,1,,
rust,cbor,cbor.head_primitives,append+read/rust-only,1,0,16384,0,,83029,5.06768798828125,84000,0,1363700,12836905238751536933,,,,,,,,,,1,,
rust,cbor,cbor.head_primitives,append+read/rust-only,1,1,16384,0,,83009,5.06646728515625,83000,0,1363700,12836905238751536933,,,,,,,,,,1,,
rust,cbor,cbor.head_primitives,append+read/rust-only,1,2,16384,0,,82979,5.06463623046875,83000,0,1363700,12836905238751536933,,,,,,,,,,1,,
rust,cbor,cbor.head_primitives,append+read/rust-only,1,3,16384,0,,82978,5.0645751953125,84000,0,1363700,12836905238751536933,,,,,,,,,,1,,
rust,chunkers,chunkers.item_chunker,is_boundary/bits-7,1,0,2000,0,,65114,32.557,66000,0,1363700,13540704555984963781,32,2000,structured,,,,,,,1,,
rust,chunkers,chunkers.item_chunker,is_boundary/bits-7,1,1,2000,0,,65074,32.537,66000,0,1363700,13540704555984963781,32,2000,structured,,,,,,,1,,
rust,chunkers,chunkers.item_chunker,is_boundary/bits-7,1,2,2000,0,,65766,32.883,66000,0,1363700,13540704555984963781,32,2000,structured,,,,,,,1,,
rust,chunkers,chunkers.item_chunker,is_boundary/bits-7,1,3,2000,0,,66797,33.3985,66000,0,1363700,13540704555984963781,32,2000,structured,,,,,,,1,,
rust,chunkers,chunkers.new_item_chunker,bits-4..12,1,0,2304,0,,29887,12.971788194444445,30000,0,1363700,10832436384879348517,,2304,structured,,,,,,,1,,
rust,chunkers,chunkers.new_item_chunker,bits-4..12,1,1,2304,0,,33945,14.733072916666666,34000,0,1363700,10832436384879348517,,2304,structured,,,,,,,1,,
rust,chunkers,chunkers.new_item_chunker,bits-4..12,1,2,2304,0,,29707,12.893663194444445,31000,0,1363700,10832436384879348517,,2304,structured,,,,,,,1,,
rust,chunkers,chunkers.new_item_chunker,bits-4..12,1,3,2304,0,,29707,12.893663194444445,30000,0,1363700,10832436384879348517,,2304,structured,,,,,,,1,,
rust,chunkers,chunkers.split_bytes,compressible/4-16-64KiB,1,0,1024,67108864,payload,42155568,41167.546875,41997000,0,1363700,9068445193624773413,67108864,1,text,1024,,,,,,1,,
rust,chunkers,chunkers.split_bytes,compressible/4-16-64KiB,1,1,1024,67108864,payload,41461772,40490.01171875,41288000,0,1363700,9068445193624773413,67108864,1,text,1024,,,,,,1,,
rust,chunkers,chunkers.split_bytes,compressible/4-16-64KiB,1,2,1024,67108864,payload,41238556,40272.02734375,41065000,0,1363700,9068445193624773413,67108864,1,text,1024,,,,,,1,,
rust,chunkers,chunkers.split_bytes,compressible/4-16-64KiB,1,3,1024,67108864,payload,41038464,40076.625,40878000,0,1363700,9068445193624773413,67108864,1,text,1024,,,,,,1,,
rust,chunkers,chunkers.split_bytes,compressible/default-sizes,1,0,64,67108864,payload,42278893,660607.703125,42112000,0,1363700,7216463888747825957,67108864,1,text,64,,,,,,1,,
rust,chunkers,chunkers.split_bytes,compressible/default-sizes,1,1,64,67108864,payload,42272682,660510.65625,42105000,0,1363700,7216463888747825957,67108864,1,text,64,,,,,,1,,
rust,chunkers,chunkers.split_bytes,compressible/default-sizes,1,2,64,67108864,payload,42278563,660602.546875,42102000,0,1363700,7216463888747825957,67108864,1,text,64,,,,,,1,,
rust,chunkers,chunkers.split_bytes,compressible/default-sizes,1,3,64,67108864,payload,42252413,660193.953125,42090000,0,1363700,7216463888747825957,67108864,1,text,64,,,,,,1,,
rust,chunkers,chunkers.split_bytes,random/default-sizes,1,0,881,67108864,payload,40475038,45942.154370034055,40303000,0,1363700,4335383197352982352,67108864,1,random,881,,,,,,1,,
rust,chunkers,chunkers.split_bytes,random/default-sizes,1,1,881,67108864,payload,39556072,44899.06015891033,39399000,0,1363700,4335383197352982352,67108864,1,random,881,,,,,,1,,
rust,chunkers,chunkers.split_bytes,random/default-sizes,1,2,881,67108864,payload,39247262,44548.538024971625,39009000,0,1363700,4335383197352982352,67108864,1,random,881,,,,,,1,,
rust,chunkers,chunkers.split_bytes,random/default-sizes,1,3,881,67108864,payload,39024888,44296.12712826334,38870000,0,1363700,4335383197352982352,67108864,1,random,881,,,,,,1,,
rust,chunkers,chunkers.split_bytes,tiny-64KiB/default-sizes,1,0,1,65536,payload,22182,22182.0,23000,0,1363700,14713704181997794188,65536,1,text,1,,,,,,1,,
rust,chunkers,chunkers.split_bytes,tiny-64KiB/default-sizes,1,1,1,65536,payload,22133,22133.0,22000,0,1363700,14713704181997794188,65536,1,text,1,,,,,,1,,
rust,chunkers,chunkers.split_bytes,tiny-64KiB/default-sizes,1,2,1,65536,payload,22223,22223.0,22000,0,1363700,14713704181997794188,65536,1,text,1,,,,,,1,,
rust,chunkers,chunkers.split_bytes,tiny-64KiB/default-sizes,1,3,1,65536,payload,22233,22233.0,22000,0,1363700,14713704181997794188,65536,1,text,1,,,,,,1,,
rust,fstree,fstree.check_complete,incomplete/jobs-1,1,0,1,0,,6312,6312.0,7000,0,1363700,15567951148124569360,,,structured,16,,,wide,,,1,,
rust,fstree,fstree.check_complete,incomplete/jobs-1,1,1,1,0,,6192,6192.0,7000,0,1363700,15567951148124569360,,,structured,16,,,wide,,,1,,
rust,fstree,fstree.check_complete,incomplete/jobs-1,1,2,1,0,,6001,6001.0,7000,0,1363700,15567951148124569360,,,structured,16,,,wide,,,1,,
rust,fstree,fstree.check_complete,incomplete/jobs-1,1,3,1,0,,6211,6211.0,7000,0,1363700,15567951148124569360,,,structured,16,,,wide,,,1,,
rust,fstree,fstree.check_complete,widest/jobs-1,1,0,40257,0,,10959525,272.2389894925106,10919000,0,1363700,8781341933545400491,,,structured,40000,,40000,wide,,40257,1,,
rust,fstree,fstree.check_complete,widest/jobs-1,1,1,40257,0,,10934628,271.6205380430733,10894000,0,1363700,8781341933545400491,,,structured,40000,,40000,wide,,40257,1,,
rust,fstree,fstree.check_complete,widest/jobs-1,1,2,40257,0,,10958725,272.2191171721688,10911000,0,1363700,8781341933545400491,,,structured,40000,,40000,wide,,40257,1,,
rust,fstree,fstree.check_complete,widest/jobs-1,1,3,40257,0,,10982429,272.80793402389645,10941000,0,1363700,8781341933545400491,,,structured,40000,,40000,wide,,40257,1,,
rust,fstree,fstree.check_complete,widest/jobs-N,8,0,40257,0,,5203360,129.253545967161,25563000,0,1363700,8781341933545400491,,,structured,40000,,40000,wide,,40257,8,,
rust,fstree,fstree.check_complete,widest/jobs-N,8,1,40257,0,,5488454,136.3353950865688,27626000,0,1363700,8781341933545400491,,,structured,40000,,40000,wide,,40257,8,,
rust,fstree,fstree.check_complete,widest/jobs-N,8,2,40257,0,,5412579,134.45062970415083,27128000,0,1363700,8781341933545400491,,,structured,40000,,40000,wide,,40257,8,,
rust,fstree,fstree.check_complete,widest/jobs-N,8,3,40257,0,,5145699,127.82122363812505,25316000,0,1363700,8781341933545400491,,,structured,40000,,40000,wide,,40257,8,,
rust,fstree,fstree.check_complete,width-16/jobs-1,1,0,17,0,,5310,312.3529411764706,6000,0,1363700,8753205170136912308,,,structured,16,,16,wide,,17,1,width,plain
rust,fstree,fstree.check_complete,width-16/jobs-1,1,1,17,0,,5501,323.5882352941176,6000,0,1363700,8753205170136912308,,,structured,16,,16,wide,,17,1,width,plain
rust,fstree,fstree.check_complete,width-16/jobs-1,1,2,17,0,,5591,328.88235294117646,7000,0,1363700,8753205170136912308,,,structured,16,,16,wide,,17,1,width,plain
rust,fstree,fstree.check_complete,width-16/jobs-1,1,3,17,0,,5330,313.52941176470586,6000,0,1363700,8753205170136912308,,,structured,16,,16,wide,,17,1,width,plain
rust,fstree,fstree.check_complete,width-256/jobs-1,1,0,259,0,,68631,264.984555984556,69000,0,1363700,10166096353870829249,,,structured,256,,256,wide,,259,1,width,plain
rust,fstree,fstree.check_complete,width-256/jobs-1,1,1,259,0,,69152,266.996138996139,70000,0,1363700,10166096353870829249,,,structured,256,,256,wide,,259,1,width,plain
rust,fstree,fstree.check_complete,width-256/jobs-1,1,2,259,0,,68731,265.3706563706564,69000,0,1363700,10166096353870829249,,,structured,256,,256,wide,,259,1,width,plain
rust,fstree,fstree.check_complete,width-256/jobs-1,1,3,259,0,,91505,353.3011583011583,130000,0,1363700,10166096353870829249,,,structured,256,,256,wide,,259,1,width,plain
rust,fstree,fstree.check_complete,width-40000/jobs-1,1,0,40257,0,,11044939,274.36070745460415,11003000,0,1363700,8781341933545400491,,,structured,40000,,40000,wide,,40257,1,width,plain
rust,fstree,fstree.check_complete,width-40000/jobs-1,1,1,40257,0,,11029620,273.98017736045904,10989000,0,1363700,8781341933545400491,,,structured,40000,,40000,wide,,40257,1,width,plain
rust,fstree,fstree.check_complete,width-40000/jobs-1,1,2,40257,0,,10999812,273.2397347045234,10959000,0,1363700,8781341933545400491,,,structured,40000,,40000,wide,,40257,1,width,plain
rust,fstree,fstree.check_complete,width-40000/jobs-1,1,3,40257,0,,11004662,273.36021064659565,10952000,0,1363700,8781341933545400491,,,structured,40000,,40000,wide,,40257,1,width,plain
rust,fstree,fstree.check_complete,width-4096/jobs-1,1,0,4122,0,,1139707,276.4936923823387,1138000,0,1363700,2551262535976545999,,,structured,4096,,4096,wide,,4122,1,width,plain
rust,fstree,fstree.check_complete,width-4096/jobs-1,1,1,4122,0,,1138545,276.2117903930131,1134000,0,1363700,2551262535976545999,,,structured,4096,,4096,wide,,4122,1,width,plain
rust,fstree,fstree.check_complete,width-4096/jobs-1,1,2,4122,0,,1134828,275.31004366812226,1133000,0,1363700,2551262535976545999,,,structured,4096,,4096,wide,,4122,1,width,plain
rust,fstree,fstree.check_complete,width-4096/jobs-1,1,3,4122,0,,1130880,274.35225618631733,1129000,0,1363700,2551262535976545999,,,structured,4096,,4096,wide,,4122,1,width,plain
rust,fstree,fstree.child_keys,dir-leaf-128,1,0,64,0,,1848141,28877.203125,1846000,0,1363700,9537427053040457253,,64,structured,128,,,,,,1,,
rust,fstree,fstree.child_keys,dir-leaf-128,1,1,64,0,,1853120,28955.0,1850000,0,1363700,9537427053040457253,,64,structured,128,,,,,,1,,
rust,fstree,fstree.child_keys,dir-leaf-128,1,2,64,0,,1862889,29107.640625,1859000,0,1363700,9537427053040457253,,64,structured,128,,,,,,1,,
rust,fstree,fstree.child_keys,dir-leaf-128,1,3,64,0,,1858500,29039.0625,1843000,0,1363700,9537427053040457253,,64,structured,128,,,,,,1,,
rust,fstree,fstree.child_keys,dir-node-128,1,0,64,0,,913264,14269.75,911000,0,1363700,1477312231372574501,,64,structured,128,,,,,,1,,
rust,fstree,fstree.child_keys,dir-node-128,1,1,64,0,,912062,14250.96875,911000,0,1363700,1477312231372574501,,64,structured,128,,,,,,1,,
rust,fstree,fstree.child_keys,dir-node-128,1,2,64,0,,910149,14221.078125,908000,0,1363700,1477312231372574501,,64,structured,128,,,,,,1,,
rust,fstree,fstree.child_keys,dir-node-128,1,3,64,0,,907533,14180.203125,908000,0,1363700,1477312231372574501,,64,structured,128,,,,,,1,,
rust,fstree,fstree.child_keys,file-node-1024,1,0,64,0,,4573777,71465.265625,4551000,0,1363700,7701241629847960229,,64,structured,1024,,,,,,1,,
rust,fstree,fstree.child_keys,file-node-1024,1,1,64,0,,4566152,71346.125,4554000,0,1363700,7701241629847960229,,64,structured,1024,,,,,,1,,
rust,fstree,fstree.child_keys,file-node-1024,1,2,64,0,,4576272,71504.25,4553000,0,1363700,7701241629847960229,,64,structured,1024,,,,,,1,,
rust,fstree,fstree.child_keys,file-node-1024,1,3,64,0,,4573918,71467.46875,4563000,0,1363700,7701241629847960229,,64,structured,1024,,,,,,1,,
rust,fstree,fstree.collect_entries,width-16,1,0,16,0,,4238,264.875,5000,0,1363700,8341622732183221560,,,structured,16,1,16,wide,,17,1,width,plain
rust,fstree,fstree.collect_entries,width-16,1,1,16,0,,3967,247.9375,5000,0,1363700,8341622732183221560,,,structured,16,1,16,wide,,17,1,width,plain
rust,fstree,fstree.collect_entries,width-16,1,2,16,0,,3947,246.6875,5000,0,1363700,8341622732183221560,,,structured,16,1,16,wide,,17,1,width,plain
rust,fstree,fstree.collect_entries,width-16,1,3,16,0,,3707,231.6875,4000,0,1363700,8341622732183221560,,,structured,16,1,16,wide,,17,1,width,plain
rust,fstree,fstree.collect_entries,width-256,1,0,256,0,,55987,218.69921875,57000,0,1363700,5488379839664258588,,,structured,256,1,256,wide,,259,1,width,plain
rust,fstree,fstree.collect_entries,width-256,1,1,256,0,,55886,218.3046875,57000,0,1363700,5488379839664258588,,,structured,256,1,256,wide,,259,1,width,plain
rust,fstree,fstree.collect_entries,width-256,1,2,256,0,,56247,219.71484375,57000,0,1363700,5488379839664258588,,,structured,256,1,256,wide,,259,1,width,plain
rust,fstree,fstree.collect_entries,width-256,1,3,256,0,,56258,219.7578125,56000,0,1363700,5488379839664258588,,,structured,256,1,256,wide,,259,1,width,plain
rust,fstree,fstree.collect_entries,width-40000,1,0,40000,0,,8813747,220.343675,8777000,0,1363700,14993720166178614202,,,structured,40000,1,40000,wide,,40257,1,width,plain
rust,fstree,fstree.collect_entries,width-40000,1,1,40000,0,,8853452,221.3363,8816000,0,1363700,14993720166178614202,,,structured,40000,1,40000,wide,,40257,1,width,plain
rust,fstree,fstree.collect_entries,width-40000,1,2,40000,0,,8753131,218.828275,8717000,0,1363700,14993720166178614202,,,structured,40000,1,40000,wide,,40257,1,width,plain
rust,fstree,fstree.collect_entries,width-40000,1,3,40000,0,,8749032,218.7258,8711000,0,1363700,14993720166178614202,,,structured,40000,1,40000,wide,,40257,1,width,plain
rust,fstree,fstree.collect_entries,width-4096,1,0,4096,0,,905179,220.990966796875,904000,0,1363700,13256494381648301123,,,structured,4096,1,4096,wide,,4122,1,width,plain
rust,fstree,fstree.collect_entries,width-4096,1,1,4096,0,,911250,222.47314453125,909000,0,1363700,13256494381648301123,,,structured,4096,1,4096,wide,,4122,1,width,plain
rust,fstree,fstree.collect_entries,width-4096,1,2,4096,0,,930818,227.25048828125,917000,0,1363700,13256494381648301123,,,structured,4096,1,4096,wide,,4122,1,width,plain
rust,fstree,fstree.collect_entries,width-4096,1,3,4096,0,,918755,224.305419921875,916000,0,1363700,13256494381648301123,,,structured,4096,1,4096,wide,,4122,1,width,plain
rust,fstree,fstree.decode_dir_leaf,entries-1024,1,0,65536,4849856,encoded,14094845,215.0702667236328,14040000,0,1363700,4752332038147119141,75779,64,structured,1024,,,leaf,,,1,entries,plain
rust,fstree,fstree.decode_dir_leaf,entries-1024,1,1,65536,4849856,encoded,14155641,215.99794006347656,14099000,0,1363700,4752332038147119141,75779,64,structured,1024,,,leaf,,,1,entries,plain
rust,fstree,fstree.decode_dir_leaf,entries-1024,1,2,65536,4849856,encoded,14117008,215.408447265625,14055000,0,1363700,4752332038147119141,75779,64,structured,1024,,,leaf,,,1,entries,plain
rust,fstree,fstree.decode_dir_leaf,entries-1024,1,3,65536,4849856,encoded,14112579,215.3408660888672,14064000,0,1363700,4752332038147119141,75779,64,structured,1024,,,leaf,,,1,entries,plain
rust,fstree,fstree.decode_dir_leaf,entries-128,1,0,8192,606336,encoded,1744864,212.99609375,1729000,0,1363700,13453085420543655461,9474,64,structured,128,,,leaf,,,1,entries,plain
rust,fstree,fstree.decode_dir_leaf,entries-128,1,1,8192,606336,encoded,1735816,211.8916015625,1733000,0,1363700,13453085420543655461,9474,64,structured,128,,,leaf,,,1,entries,plain
rust,fstree,fstree.decode_dir_leaf,entries-128,1,2,8192,606336,encoded,1723863,210.4324951171875,1722000,0,1363700,13453085420543655461,9474,64,structured,128,,,leaf,,,1,entries,plain
rust,fstree,fstree.decode_dir_leaf,entries-128,1,3,8192,606336,encoded,1728993,211.0587158203125,1726000,0,1363700,13453085420543655461,9474,64,structured,128,,,leaf,,,1,entries,plain
rust,fstree,fstree.decode_dir_leaf,entries-128-partial-change,1,0,8192,680064,encoded,1818734,222.013427734375,1816000,0,1363700,868920460316997157,10626,64,partial-change,128,,,leaf,,,1,entries,partial-change
rust,fstree,fstree.decode_dir_leaf,entries-128-partial-change,1,1,8192,680064,encoded,1823523,222.5980224609375,1822000,0,1363700,868920460316997157,10626,64,partial-change,128,,,leaf,,,1,entries,partial-change
rust,fstree,fstree.decode_dir_leaf,entries-128-partial-change,1,2,8192,680064,encoded,1814547,221.5023193359375,1812000,0,1363700,868920460316997157,10626,64,partial-change,128,,,leaf,,,1,entries,partial-change
rust,fstree,fstree.decode_dir_leaf,entries-128-partial-change,1,3,8192,680064,encoded,1827381,223.0689697265625,1824000,0,1363700,868920460316997157,10626,64,partial-change,128,,,leaf,,,1,entries,partial-change
rust,fstree,fstree.decode_dir_leaf,entries-128-with-xattrs,1,0,8192,680064,encoded,1815649,221.6368408203125,1814000,0,1363700,13453085420543655461,10626,64,structured,128,,,leaf,,,1,entries,with-xattrs
rust,fstree,fstree.decode_dir_leaf,entries-128-with-xattrs,1,1,8192,680064,encoded,1826299,222.9368896484375,1821000,0,1363700,13453085420543655461,10626,64,structured,128,,,leaf,,,1,entries,with-xattrs
rust,fstree,fstree.decode_dir_leaf,entries-128-with-xattrs,1,2,8192,680064,encoded,1816330,221.719970703125,1813000,0,1363700,13453085420543655461,10626,64,structured,128,,,leaf,,,1,entries,with-xattrs
rust,fstree,fstree.decode_dir_leaf,entries-128-with-xattrs,1,3,8192,680064,encoded,1832321,223.6719970703125,1817000,0,1363700,13453085420543655461,10626,64,structured,128,,,leaf,,,1,entries,with-xattrs
rust,fstree,fstree.decode_dir_leaf,entries-8,1,0,512,37952,encoded,107626,210.20703125,108000,0,1363700,13863560569644134693,593,64,structured,8,,,leaf,,,1,entries,plain
rust,fstree,fstree.decode_dir_leaf,entries-8,1,1,512,37952,encoded,110290,215.41015625,111000,0,1363700,13863560569644134693,593,64,structured,8,,,leaf,,,1,entries,plain
rust,fstree,fstree.decode_dir_leaf,entries-8,1,2,512,37952,encoded,113346,221.37890625,111000,0,1363700,13863560569644134693,593,64,structured,8,,,leaf,,,1,entries,plain
rust,fstree,fstree.decode_dir_leaf,entries-8,1,3,512,37952,encoded,109820,214.4921875,110000,0,1363700,13863560569644134693,593,64,structured,8,,,leaf,,,1,entries,plain
rust,fstree,fstree.decode_dir_node,pairs-1024,1,0,65536,3276992,encoded,6501259,99.20133972167969,6476000,0,1363700,11961031557855502117,51203,64,structured,1024,,,index,,,1,entries,plain
rust,fstree,fstree.decode_dir_node,pairs-1024,1,1,65536,3276992,encoded,6511929,99.36415100097656,6483000,0,1363700,11961031557855502117,51203,64,structured,1024,,,index,,,1,entries,plain
rust,fstree,fstree.decode_dir_node,pairs-1024,1,2,65536,3276992,encoded,6496941,99.13545227050781,6484000,0,1363700,11961031557855502117,51203,64,structured,1024,,,index,,,1,entries,plain
rust,fstree,fstree.decode_dir_node,pairs-1024,1,3,65536,3276992,encoded,6522640,99.527587890625,6506000,0,1363700,11961031557855502117,51203,64,structured,1024,,,index,,,1,entries,plain
rust,fstree,fstree.decode_dir_node,pairs-128,1,0,8192,409728,encoded,788927,96.3045654296875,788000,0,1363700,9182210741442831141,6402,64,structured,128,,,index,,,1,entries,plain
rust,fstree,fstree.decode_dir_node,pairs-128,1,1,8192,409728,encoded,810248,98.9072265625,789000,0,1363700,9182210741442831141,6402,64,structured,128,,,index,,,1,entries,plain
rust,fstree,fstree.decode_dir_node,pairs-128,1,2,8192,409728,encoded,800670,97.738037109375,799000,0,1363700,9182210741442831141,6402,64,structured,128,,,index,,,1,entries,plain
rust,fstree,fstree.decode_dir_node,pairs-128,1,3,8192,409728,encoded,789248,96.34375,790000,0,1363700,9182210741442831141,6402,64,structured,128,,,index,,,1,entries,plain
rust,fstree,fstree.decode_dir_node,pairs-8,1,0,512,25664,encoded,45858,89.56640625,46000,0,1363700,8467071135069708069,401,64,structured,8,,,index,,,1,entries,plain
rust,fstree,fstree.decode_dir_node,pairs-8,1,1,512,25664,encoded,44656,87.21875,45000,0,1363700,8467071135069708069,401,64,structured,8,,,index,,,1,entries,plain
rust,fstree,fstree.decode_dir_node,pairs-8,1,2,512,25664,encoded,43403,84.771484375,44000,0,1363700,8467071135069708069,401,64,structured,8,,,index,,,1,entries,plain
rust,fstree,fstree.decode_dir_node,pairs-8,1,3,512,25664,encoded,43884,85.7109375,44000,0,1363700,8467071135069708069,401,64,structured,8,,,index,,,1,entries,plain
rust,fstree,fstree.decode_file_node,children-1024,1,0,65536,2228416,encoded,4503613,68.71968078613281,4495000,0,1363700,7701241629847960229,34819,64,structured,1024,,,file-index,,,1,entries,plain
rust,fstree,fstree.decode_file_node,children-1024,1,1,65536,2228416,encoded,4516748,68.92010498046875,4494000,0,1363700,7701241629847960229,34819,64,structured,1024,,,file-index,,,1,entries,plain
rust,fstree,fstree.decode_file_node,children-1024,1,2,65536,2228416,encoded,4523371,69.02116394042969,4515000,0,1363700,7701241629847960229,34819,64,structured,1024,,,file-index,,,1,entries,plain
rust,fstree,fstree.decode_file_node,children-1024,1,3,65536,2228416,encoded,4514744,68.8895263671875,4493000,0,1363700,7701241629847960229,34819,64,structured,1024,,,file-index,,,1,entries,plain
rust,fstree,fstree.decode_file_node,children-128,1,0,8192,278656,encoded,516878,63.095458984375,518000,0,1363700,934824099510310693,4354,64,structured,128,,,file-index,,,1,entries,plain
rust,fstree,fstree.decode_file_node,children-128,1,1,8192,278656,encoded,517248,63.140625,516000,0,1363700,934824099510310693,4354,64,structured,128,,,file-index,,,1,entries,plain
rust,fstree,fstree.decode_file_node,children-128,1,2,8192,278656,encoded,511908,62.48876953125,512000,0,1363700,934824099510310693,4354,64,structured,128,,,file-index,,,1,entries,plain
rust,fstree,fstree.decode_file_node,children-128,1,3,8192,278656,encoded,515364,62.91064453125,513000,0,1363700,934824099510310693,4354,64,structured,128,,,file-index,,,1,entries,plain
rust,fstree,fstree.decode_file_node,children-65536,1,0,4194304,142606656,encoded,292835250,69.81736421585083,291624000,0,1363700,3370106694439645093,2228229,64,structured,65536,,,file-index,,,1,entries,plain
rust,fstree,fstree.decode_file_node,children-65536,1,1,4194304,142606656,encoded,292442379,69.72369647026062,291270000,0,1363700,3370106694439645093,2228229,64,structured,65536,,,file-index,,,1,entries,plain
rust,fstree,fstree.decode_file_node,children-65536,1,2,4194304,142606656,encoded,292579672,69.75642967224121,291308000,0,1363700,3370106694439645093,2228229,64,structured,65536,,,file-index,,,1,entries,plain
rust,fstree,fstree.decode_file_node,children-65536,1,3,4194304,142606656,encoded,292635830,69.7698187828064,291377000,0,1363700,3370106694439645093,2228229,64,structured,65536,,,file-index,,,1,entries,plain
rust,fstree,fstree.decode_file_node,children-8,1,0,512,17472,encoded,35958,70.23046875,34000,0,1363700,6032738727359362853,273,64,structured,8,,,file-index,,,1,entries,plain
rust,fstree,fstree.decode_file_node,children-8,1,1,512,17472,encoded,32592,63.65625,33000,0,1363700,6032738727359362853,273,64,structured,8,,,file-index,,,1,entries,plain
rust,fstree,fstree.decode_file_node,children-8,1,2,512,17472,encoded,32202,62.89453125,33000,0,1363700,6032738727359362853,273,64,structured,8,,,file-index,,,1,entries,plain
rust,fstree,fstree.decode_file_node,children-8,1,3,512,17472,encoded,32462,63.40234375,33000,0,1363700,6032738727359362853,273,64,structured,8,,,file-index,,,1,entries,plain
rust,fstree,fstree.dir_builder,entries-16,1,0,16,0,,5160,322.5,6000,0,1363700,17327107032425722273,,,structured,16,1,16,wide,,,1,entries,plain
rust,fstree,fstree.dir_builder,entries-16,1,1,16,0,,5320,332.5,6000,0,1363700,17327107032425722273,,,structured,16,1,16,wide,,,1,entries,plain
rust,fstree,fstree.dir_builder,entries-16,1,2,16,0,,5561,347.5625,6000,0,1363700,17327107032425722273,,,structured,16,1,16,wide,,,1,entries,plain
rust,fstree,fstree.dir_builder,entries-16,1,3,16,0,,5911,369.4375,6000,0,1363700,17327107032425722273,,,structured,16,1,16,wide,,,1,entries,plain
rust,fstree,fstree.dir_builder,entries-256,1,0,256,0,,85884,335.484375,86000,0,1363700,6965094703770672903,,,structured,256,1,256,wide,,,1,entries,plain
rust,fstree,fstree.dir_builder,entries-256,1,1,256,0,,85042,332.1953125,86000,0,1363700,6965094703770672903,,,structured,256,1,256,wide,,,1,entries,plain
rust,fstree,fstree.dir_builder,entries-256,1,2,256,0,,84422,329.7734375,85000,0,1363700,6965094703770672903,,,structured,256,1,256,wide,,,1,entries,plain
rust,fstree,fstree.dir_builder,entries-256,1,3,256,0,,84752,331.0625,86000,0,1363700,6965094703770672903,,,structured,256,1,256,wide,,,1,entries,plain
rust,fstree,fstree.dir_builder,entries-40000,1,0,40000,0,,13159428,328.9857,13108000,0,1363700,5451962816014331386,,,structured,40000,1,40000,wide,,,1,entries,plain
rust,fstree,fstree.dir_builder,entries-40000,1,1,40000,0,,13315396,332.8849,13269000,0,1363700,5451962816014331386,,,structured,40000,1,40000,wide,,,1,entries,plain
rust,fstree,fstree.dir_builder,entries-40000,1,2,40000,0,,13316608,332.9152,13266000,0,1363700,5451962816014331386,,,structured,40000,1,40000,wide,,,1,entries,plain
rust,fstree,fstree.dir_builder,entries-40000,1,3,40000,0,,13308954,332.72385,13263000,0,1363700,5451962816014331386,,,structured,40000,1,40000,wide,,,1,entries,plain
rust,fstree,fstree.dir_builder,entries-4096,1,0,4096,0,,1295876,316.3759765625,1293000,0,1363700,13286298812054168386,,,structured,4096,1,4096,wide,,,1,entries,plain
rust,fstree,fstree.dir_builder,entries-4096,1,1,4096,0,,1292800,315.625,1286000,0,1363700,13286298812054168386,,,structured,4096,1,4096,wide,,,1,entries,plain
rust,fstree,fstree.dir_builder,entries-4096,1,2,4096,0,,1318720,321.953125,1316000,0,1363700,13286298812054168386,,,structured,4096,1,4096,wide,,,1,entries,plain
rust,fstree,fstree.dir_builder,entries-4096,1,3,4096,0,,1295124,316.1923828125,1292000,0,1363700,13286298812054168386,,,structured,4096,1,4096,wide,,,1,entries,plain
rust,fstree,fstree.encode_blob,1MiB-duplicate,1,0,4,4194304,payload,542316,135579.0,543000,0,1363700,4954928577809952085,1048576,4,duplicate,,,,,,,1,item_bytes,duplicate
rust,fstree,fstree.encode_blob,1MiB-duplicate,1,1,4,4194304,payload,541274,135318.5,539000,0,1363700,4954928577809952085,1048576,4,duplicate,,,,,,,1,item_bytes,duplicate
rust,fstree,fstree.encode_blob,1MiB-duplicate,1,2,4,4194304,payload,535663,133915.75,537000,0,1363700,4954928577809952085,1048576,4,duplicate,,,,,,,1,item_bytes,duplicate
rust,fstree,fstree.encode_blob,1MiB-duplicate,1,3,4,4194304,payload,540112,135028.0,538000,0,1363700,4954928577809952085,1048576,4,duplicate,,,,,,,1,item_bytes,duplicate
rust,fstree,fstree.encode_blob,1MiB-random,1,0,4,4194304,payload,537858,134464.5,536000,0,1363700,9939255841382022707,1048576,4,random,,,,,,,1,item_bytes,random
rust,fstree,fstree.encode_blob,1MiB-random,1,1,4,4194304,payload,536405,134101.25,537000,0,1363700,9939255841382022707,1048576,4,random,,,,,,,1,item_bytes,random
rust,fstree,fstree.encode_blob,1MiB-random,1,2,4,4194304,payload,536424,134106.0,534000,0,1363700,9939255841382022707,1048576,4,random,,,,,,,1,item_bytes,random
rust,fstree,fstree.encode_blob,1MiB-random,1,3,4,4194304,payload,533669,133417.25,535000,0,1363700,9939255841382022707,1048576,4,random,,,,,,,1,item_bytes,random
rust,fstree,fstree.encode_blob,1MiB-text,1,0,4,4194304,payload,559379,139844.75,547000,0,1363700,8948303745221278327,1048576,4,text,,,,,,,1,item_bytes,text
rust,fstree,fstree.encode_blob,1MiB-text,1,1,4,4194304,payload,537186,134296.5,537000,0,1363700,8948303745221278327,1048576,4,text,,,,,,,1,item_bytes,text
rust,fstree,fstree.encode_blob,1MiB-text,1,2,4,4194304,payload,541916,135479.0,539000,0,1363700,8948303745221278327,1048576,4,text,,,,,,,1,item_bytes,text
rust,fstree,fstree.encode_blob,1MiB-text,1,3,4,4194304,payload,536655,134163.75,534000,0,1363700,8948303745221278327,1048576,4,text,,,,,,,1,item_bytes,text
rust,fstree,fstree.encode_blob,4KiB-duplicate,1,0,1024,4194304,payload,1148665,1121.7431640625,1147000,0,1363700,17017657366255403813,4096,1024,duplicate,,,,,,,1,item_bytes,duplicate
rust,fstree,fstree.encode_blob,4KiB-duplicate,1,1,1024,4194304,payload,1146480,1119.609375,1144000,0,1363700,17017657366255403813,4096,1024,duplicate,,,,,,,1,item_bytes,duplicate
rust,fstree,fstree.encode_blob,4KiB-duplicate,1,2,1024,4194304,payload,1151430,1124.443359375,1146000,0,1363700,17017657366255403813,4096,1024,duplicate,,,,,,,1,item_bytes,duplicate
rust,fstree,fstree.encode_blob,4KiB-duplicate,1,3,1024,4194304,payload,1159655,1132.4755859375,1145000,0,1363700,17017657366255403813,4096,1024,duplicate,,,,,,,1,item_bytes,duplicate
rust,fstree,fstree.encode_blob,4KiB-random,1,0,1024,4194304,payload,1150768,1123.796875,1145000,0,1363700,14622718952877413808,4096,1024,random,,,,,,,1,item_bytes,random
rust,fstree,fstree.encode_blob,4KiB-random,1,1,1024,4194304,payload,1144907,1118.0732421875,1142000,0,1363700,14622718952877413808,4096,1024,random,,,,,,,1,item_bytes,random
rust,fstree,fstree.encode_blob,4KiB-random,1,2,1024,4194304,payload,1144968,1118.1328125,1143000,0,1363700,14622718952877413808,4096,1024,random,,,,,,,1,item_bytes,random
rust,fstree,fstree.encode_blob,4KiB-random,1,3,1024,4194304,payload,1148294,1121.380859375,1145000,0,1363700,14622718952877413808,4096,1024,random,,,,,,,1,item_bytes,random
rust,fstree,fstree.encode_blob,4KiB-text,1,0,1024,4194304,payload,1146460,1119.58984375,1144000,0,1363700,16665551570620069306,4096,1024,text,,,,,,,1,item_bytes,text
rust,fstree,fstree.encode_blob,4KiB-text,1,1,1024,4194304,payload,1154245,1127.1923828125,1151000,0,1363700,16665551570620069306,4096,1024,text,,,,,,,1,item_bytes,text
rust,fstree,fstree.encode_blob,4KiB-text,1,2,1024,4194304,payload,1255599,1226.1708984375,1253000,0,1363700,16665551570620069306,4096,1024,text,,,,,,,1,item_bytes,text
rust,fstree,fstree.encode_blob,4KiB-text,1,3,1024,4194304,payload,1433429,1399.8330078125,1428000,0,1363700,16665551570620069306,4096,1024,text,,,,,,,1,item_bytes,text
rust,fstree,fstree.encode_blob,empty,1,0,8000,0,payload,720165,90.020625,718000,0,1363700,2254434588782405797,,8000,empty,,,,,,,1,item_bytes,empty
rust,fstree,fstree.encode_blob,empty,1,1,8000,0,payload,719744,89.968,720000,0,1363700,2254434588782405797,,8000,empty,,,,,,,1,item_bytes,empty
rust,fstree,fstree.encode_blob,empty,1,2,8000,0,payload,721238,90.15475,720000,0,1363700,2254434588782405797,,8000,empty,,,,,,,1,item_bytes,empty
rust,fstree,fstree.encode_blob,empty,1,3,8000,0,payload,736296,92.037,732000,0,1363700,2254434588782405797,,8000,empty,,,,,,,1,item_bytes,empty
rust,fstree,fstree.encode_blob,large-8MiB-duplicate,1,0,2,16777216,payload,2199992,1099996.0,2193000,0,1363700,6013579253605003965,8388608,2,duplicate,,,,,,,1,item_bytes,duplicate
rust,fstree,fstree.encode_blob,large-8MiB-duplicate,1,1,2,16777216,payload,2198550,1099275.0,2192000,0,1363700,6013579253605003965,8388608,2,duplicate,,,,,,,1,item_bytes,duplicate
rust,fstree,fstree.encode_blob,large-8MiB-duplicate,1,2,2,16777216,payload,2212898,1106449.0,2200000,0,1363700,6013579253605003965,8388608,2,duplicate,,,,,,,1,item_bytes,duplicate
rust,fstree,fstree.encode_blob,large-8MiB-duplicate,1,3,2,16777216,payload,2207587,1103793.5,2200000,0,1363700,6013579253605003965,8388608,2,duplicate,,,,,,,1,item_bytes,duplicate
rust,fstree,fstree.encode_blob,large-8MiB-random,1,0,1,8388608,payload,1125630,1125630.0,1119000,0,1363700,18309876851832907018,8388608,1,random,,,,,,,1,item_bytes,random
rust,fstree,fstree.encode_blob,large-8MiB-random,1,1,1,8388608,payload,1121843,1121843.0,1120000,0,1363700,18309876851832907018,8388608,1,random,,,,,,,1,item_bytes,random
rust,fstree,fstree.encode_blob,large-8MiB-random,1,2,1,8388608,payload,1122394,1122394.0,1120000,0,1363700,18309876851832907018,8388608,1,random,,,,,,,1,item_bytes,random
rust,fstree,fstree.encode_blob,large-8MiB-random,1,3,1,8388608,payload,1121603,1121603.0,1120000,0,1363700,18309876851832907018,8388608,1,random,,,,,,,1,item_bytes,random
rust,fstree,fstree.encode_blob,large-8MiB-text,1,0,1,8388608,payload,1126202,1126202.0,1121000,0,1363700,9430261300512049942,8388608,1,text,,,,,,,1,item_bytes,text
rust,fstree,fstree.encode_blob,large-8MiB-text,1,1,1,8388608,payload,1120710,1120710.0,1118000,0,1363700,9430261300512049942,8388608,1,text,,,,,,,1,item_bytes,text
rust,fstree,fstree.encode_blob,large-8MiB-text,1,2,1,8388608,payload,1119929,1119929.0,1117000,0,1363700,9430261300512049942,8388608,1,text,,,,,,,1,item_bytes,text
rust,fstree,fstree.encode_blob,large-8MiB-text,1,3,1,8388608,payload,1118667,1118667.0,1116000,0,1363700,9430261300512049942,8388608,1,text,,,,,,,1,item_bytes,text
rust,fstree,fstree.encode_blob,tiny-64B-duplicate,1,0,16384,1048576,payload,1755664,107.1572265625,1752000,0,1363700,8354136380780258085,64,16384,duplicate,,,,,,,1,item_bytes,duplicate
rust,fstree,fstree.encode_blob,tiny-64B-duplicate,1,1,16384,1048576,payload,1766064,107.7919921875,1761000,0,1363700,8354136380780258085,64,16384,duplicate,,,,,,,1,item_bytes,duplicate
rust,fstree,fstree.encode_blob,tiny-64B-duplicate,1,2,16384,1048576,payload,1763709,107.64825439453125,1759000,0,1363700,8354136380780258085,64,16384,duplicate,,,,,,,1,item_bytes,duplicate
rust,fstree,fstree.encode_blob,tiny-64B-duplicate,1,3,16384,1048576,payload,1763759,107.65130615234375,1758000,0,1363700,8354136380780258085,64,16384,duplicate,,,,,,,1,item_bytes,duplicate
rust,fstree,fstree.encode_blob,tiny-64B-random,1,0,16384,1048576,payload,1765342,107.7479248046875,1760000,0,1363700,1495078422366159392,64,16384,random,,,,,,,1,item_bytes,random
rust,fstree,fstree.encode_blob,tiny-64B-random,1,1,16384,1048576,payload,1760192,107.43359375,1758000,0,1363700,1495078422366159392,64,16384,random,,,,,,,1,item_bytes,random
rust,fstree,fstree.encode_blob,tiny-64B-random,1,2,16384,1048576,payload,1778357,108.54229736328125,1773000,0,1363700,1495078422366159392,64,16384,random,,,,,,,1,item_bytes,random
rust,fstree,fstree.encode_blob,tiny-64B-random,1,3,16384,1048576,payload,1782295,108.78265380859375,1777000,0,1363700,1495078422366159392,64,16384,random,,,,,,,1,item_bytes,random
rust,fstree,fstree.encode_blob,tiny-64B-text,1,0,16384,1048576,payload,1799247,109.81732177734375,1793000,0,1363700,8258853772002371914,64,16384,text,,,,,,,1,item_bytes,text
rust,fstree,fstree.encode_blob,tiny-64B-text,1,1,16384,1048576,payload,1776433,108.42486572265625,1774000,0,1363700,8258853772002371914,64,16384,text,,,,,,,1,item_bytes,text
rust,fstree,fstree.encode_blob,tiny-64B-text,1,2,16384,1048576,payload,1780321,108.66217041015625,1775000,0,1363700,8258853772002371914,64,16384,text,,,,,,,1,item_bytes,text
rust,fstree,fstree.encode_blob,tiny-64B-text,1,3,16384,1048576,payload,1781033,108.70562744140625,1775000,0,1363700,8258853772002371914,64,16384,text,,,,,,,1,item_bytes,text
rust,fstree,fstree.encode_dir_leaf,entries-1024,1,0,65536,4849856,encoded,3214170,49.044342041015625,3206000,0,1363700,14926286625942829477,75779,64,structured,1024,,,leaf,,,1,entries,plain
rust,fstree,fstree.encode_dir_leaf,entries-1024,1,1,65536,4849856,encoded,3305234,50.433868408203125,3298000,0,1363700,14926286625942829477,75779,64,structured,1024,,,leaf,,,1,entries,plain
rust,fstree,fstree.encode_dir_leaf,entries-1024,1,2,65536,4849856,encoded,3287891,50.16923522949219,3277000,0,1363700,14926286625942829477,75779,64,structured,1024,,,leaf,,,1,entries,plain
rust,fstree,fstree.encode_dir_leaf,entries-1024,1,3,65536,4849856,encoded,3234418,49.353302001953125,3225000,0,1363700,14926286625942829477,75779,64,structured,1024,,,leaf,,,1,entries,plain
rust,fstree,fstree.encode_dir_leaf,entries-128,1,0,8192,606336,encoded,486660,59.40673828125,487000,0,1363700,1374923134133451557,9474,64,structured,128,,,leaf,,,1,entries,plain
rust,fstree,fstree.encode_dir_leaf,entries-128,1,1,8192,606336,encoded,486309,59.3638916015625,483000,0,1363700,1374923134133451557,9474,64,structured,128,,,leaf,,,1,entries,plain
rust,fstree,fstree.encode_dir_leaf,entries-128,1,2,8192,606336,encoded,484606,59.156005859375,485000,0,1363700,1374923134133451557,9474,64,structured,128,,,leaf,,,1,entries,plain
rust,fstree,fstree.encode_dir_leaf,entries-128,1,3,8192,606336,encoded,483083,58.9700927734375,481000,0,1363700,1374923134133451557,9474,64,structured,128,,,leaf,,,1,entries,plain
rust,fstree,fstree.encode_dir_leaf,entries-128-partial-change,1,0,8192,680064,encoded,548919,67.0067138671875,549000,0,1363700,4655539362595262373,10626,64,partial-change,128,,,leaf,,,1,entries,partial-change
rust,fstree,fstree.encode_dir_leaf,entries-128-partial-change,1,1,8192,680064,encoded,555983,67.8690185546875,554000,0,1363700,4655539362595262373,10626,64,partial-change,128,,,leaf,,,1,entries,partial-change
rust,fstree,fstree.encode_dir_leaf,entries-128-partial-change,1,2,8192,680064,encoded,553628,67.58154296875,554000,0,1363700,4655539362595262373,10626,64,partial-change,128,,,leaf,,,1,entries,partial-change
rust,fstree,fstree.encode_dir_leaf,entries-128-partial-change,1,3,8192,680064,encoded,564539,68.9134521484375,562000,0,1363700,4655539362595262373,10626,64,partial-change,128,,,leaf,,,1,entries,partial-change
rust,fstree,fstree.encode_dir_leaf,entries-128-with-xattrs,1,0,8192,680064,encoded,569358,69.501708984375,567000,0,1363700,13784683988985435685,10626,64,structured,128,,,leaf,,,1,entries,with-xattrs
rust,fstree,fstree.encode_dir_leaf,entries-128-with-xattrs,1,1,8192,680064,encoded,566502,69.153076171875,567000,0,1363700,13784683988985435685,10626,64,structured,128,,,leaf,,,1,entries,with-xattrs
rust,fstree,fstree.encode_dir_leaf,entries-128-with-xattrs,1,2,8192,680064,encoded,572023,69.8270263671875,570000,0,1363700,13784683988985435685,10626,64,structured,128,,,leaf,,,1,entries,with-xattrs
rust,fstree,fstree.encode_dir_leaf,entries-128-with-xattrs,1,3,8192,680064,encoded,551213,67.2867431640625,552000,0,1363700,13784683988985435685,10626,64,structured,128,,,leaf,,,1,entries,with-xattrs
rust,fstree,fstree.encode_dir_leaf,entries-8,1,0,512,37952,encoded,64823,126.607421875,66000,0,1363700,9483523244623033125,593,64,structured,8,,,leaf,,,1,entries,plain
rust,fstree,fstree.encode_dir_leaf,entries-8,1,1,512,37952,encoded,66407,129.701171875,67000,0,1363700,9483523244623033125,593,64,structured,8,,,leaf,,,1,entries,plain
rust,fstree,fstree.encode_dir_leaf,entries-8,1,2,512,37952,encoded,66778,130.42578125,68000,0,1363700,9483523244623033125,593,64,structured,8,,,leaf,,,1,entries,plain
rust,fstree,fstree.encode_dir_leaf,entries-8,1,3,512,37952,encoded,66157,129.212890625,66000,0,1363700,9483523244623033125,593,64,structured,8,,,leaf,,,1,entries,plain
rust,fstree,fstree.encode_dir_node,pairs-1024,1,0,65536,3276992,encoded,2080334,31.743377685546875,2076000,0,1363700,13134739177949024805,51203,64,structured,1024,,,index,,,1,entries,plain
rust,fstree,fstree.encode_dir_node,pairs-1024,1,1,65536,3276992,encoded,2065817,31.521865844726562,2061000,0,1363700,13134739177949024805,51203,64,structured,1024,,,index,,,1,entries,plain
rust,fstree,fstree.encode_dir_node,pairs-1024,1,2,65536,3276992,encoded,2068210,31.558380126953125,2062000,0,1363700,13134739177949024805,51203,64,structured,1024,,,index,,,1,entries,plain
rust,fstree,fstree.encode_dir_node,pairs-1024,1,3,65536,3276992,encoded,2066788,31.53668212890625,2062000,0,1363700,13134739177949024805,51203,64,structured,1024,,,index,,,1,entries,plain
rust,fstree,fstree.encode_dir_node,pairs-128,1,0,8192,409728,encoded,350991,42.8455810546875,352000,0,1363700,8693509944766546085,6402,64,structured,128,,,index,,,1,entries,plain
rust,fstree,fstree.encode_dir_node,pairs-128,1,1,8192,409728,encoded,356701,43.5426025390625,354000,0,1363700,8693509944766546085,6402,64,structured,128,,,index,,,1,entries,plain
rust,fstree,fstree.encode_dir_node,pairs-128,1,2,8192,409728,encoded,351421,42.8980712890625,352000,0,1363700,8693509944766546085,6402,64,structured,128,,,index,,,1,entries,plain
rust,fstree,fstree.encode_dir_node,pairs-128,1,3,8192,409728,encoded,351261,42.8785400390625,352000,0,1363700,8693509944766546085,6402,64,structured,128,,,index,,,1,entries,plain
rust,fstree,fstree.encode_dir_node,pairs-8,1,0,512,25664,encoded,48623,94.966796875,46000,0,1363700,5615932682167956261,401,64,structured,8,,,index,,,1,entries,plain
rust,fstree,fstree.encode_dir_node,pairs-8,1,1,512,25664,encoded,45547,88.958984375,46000,0,1363700,5615932682167956261,401,64,structured,8,,,index,,,1,entries,plain
rust,fstree,fstree.encode_dir_node,pairs-8,1,2,512,25664,encoded,45677,89.212890625,46000,0,1363700,5615932682167956261,401,64,structured,8,,,index,,,1,entries,plain
rust,fstree,fstree.encode_dir_node,pairs-8,1,3,512,25664,encoded,45497,88.861328125,46000,0,1363700,5615932682167956261,401,64,structured,8,,,index,,,1,entries,plain
rust,fstree,fstree.encode_file_node,children-1024,1,0,65536,2228416,encoded,886534,13.527435302734375,885000,0,1363700,7106826622917578021,34819,64,structured,1024,,,file-index,,,1,entries,plain
rust,fstree,fstree.encode_file_node,children-1024,1,1,65536,2228416,encoded,893377,13.631851196289062,891000,0,1363700,7106826622917578021,34819,64,structured,1024,,,file-index,,,1,entries,plain
rust,fstree,fstree.encode_file_node,children-1024,1,2,65536,2228416,encoded,893717,13.637039184570312,892000,0,1363700,7106826622917578021,34819,64,structured,1024,,,file-index,,,1,entries,plain
rust,fstree,fstree.encode_file_node,children-1024,1,3,65536,2228416,encoded,886634,13.528961181640625,884000,0,1363700,7106826622917578021,34819,64,structured,1024,,,file-index,,,1,entries,plain
rust,fstree,fstree.encode_file_node,children-128,1,0,8192,278656,encoded,153613,18.7515869140625,155000,0,1363700,14969072261990374693,4354,64,structured,128,,,file-index,,,1,entries,plain
rust,fstree,fstree.encode_file_node,children-128,1,1,8192,278656,encoded,157040,19.169921875,155000,0,1363700,14969072261990374693,4354,64,structured,128,,,file-index,,,1,entries,plain
rust,fstree,fstree.encode_file_node,children-128,1,2,8192,278656,encoded,154055,18.8055419921875,154000,0,1363700,14969072261990374693,4354,64,structured,128,,,file-index,,,1,entries,plain
rust,fstree,fstree.encode_file_node,children-128,1,3,8192,278656,encoded,153674,18.759033203125,154000,0,1363700,14969072261990374693,4354,64,structured,128,,,file-index,,,1,entries,plain
rust,fstree,fstree.encode_file_node,children-65536,1,0,4194304,142606656,encoded,52227679,12.452049016952515,52008000,0,1363700,7201247303332347429,2228229,64,structured,65536,,,file-index,,,1,entries,plain
rust,fstree,fstree.encode_file_node,children-65536,1,1,4194304,142606656,encoded,52308863,12.471404790878296,52071000,0,1363700,7201247303332347429,2228229,64,structured,65536,,,file-index,,,1,entries,plain
rust,fstree,fstree.encode_file_node,children-65536,1,2,4194304,142606656,encoded,52249409,12.457229852676392,52049000,0,1363700,7201247303332347429,2228229,64,structured,65536,,,file-index,,,1,entries,plain
rust,fstree,fstree.encode_file_node,children-65536,1,3,4194304,142606656,encoded,52290628,12.467057228088379,52079000,0,1363700,7201247303332347429,2228229,64,structured,65536,,,file-index,,,1,entries,plain
rust,fstree,fstree.encode_file_node,children-8,1,0,512,17472,encoded,23485,45.869140625,24000,0,1363700,6472471074395739557,273,64,structured,8,,,file-index,,,1,entries,plain
rust,fstree,fstree.encode_file_node,children-8,1,1,512,17472,encoded,23405,45.712890625,24000,0,1363700,6472471074395739557,273,64,structured,8,,,file-index,,,1,entries,plain
rust,fstree,fstree.encode_file_node,children-8,1,2,512,17472,encoded,23364,45.6328125,24000,0,1363700,6472471074395739557,273,64,structured,8,,,file-index,,,1,entries,plain
rust,fstree,fstree.encode_file_node,children-8,1,3,512,17472,encoded,23385,45.673828125,24000,0,1363700,6472471074395739557,273,64,structured,8,,,file-index,,,1,entries,plain
rust,fstree,fstree.encode_xattr_set,xattrs-64,1,0,4096,0,,411587,100.485107421875,398000,0,1363700,4027580594042018341,,64,structured,64,,,,,,1,,
rust,fstree,fstree.encode_xattr_set,xattrs-64,1,1,4096,0,,391738,95.63916015625,393000,0,1363700,4027580594042018341,,64,structured,64,,,,,,1,,
rust,fstree,fstree.encode_xattr_set,xattrs-64,1,2,4096,0,,399444,97.5205078125,398000,0,1363700,4027580594042018341,,64,structured,64,,,,,,1,,
rust,fstree,fstree.encode_xattr_set,xattrs-64,1,3,4096,0,,383332,93.5869140625,384000,0,1363700,4027580594042018341,,64,structured,64,,,,,,1,,
rust,fstree,fstree.index_builder_file,children-1024,1,0,1024,0,,71907,70.2216796875,73000,0,1363700,9757242120474664615,,,structured,1024,,1024,file-index,,,1,entries,plain
rust,fstree,fstree.index_builder_file,children-1024,1,1,1024,0,,71827,70.1435546875,73000,0,1363700,9757242120474664615,,,structured,1024,,1024,file-index,,,1,entries,plain
rust,fstree,fstree.index_builder_file,children-1024,1,2,1024,0,,72128,70.4375,73000,0,1363700,9757242120474664615,,,structured,1024,,1024,file-index,,,1,entries,plain
rust,fstree,fstree.index_builder_file,children-1024,1,3,1024,0,,72639,70.9365234375,73000,0,1363700,9757242120474664615,,,structured,1024,,1024,file-index,,,1,entries,plain
rust,fstree,fstree.index_builder_file,children-128,1,0,128,0,,8556,66.84375,9000,0,1363700,5516234319160730044,,,structured,128,,128,file-index,,,1,entries,plain
rust,fstree,fstree.index_builder_file,children-128,1,1,128,0,,8516,66.53125,9000,0,1363700,5516234319160730044,,,structured,128,,128,file-index,,,1,entries,plain
rust,fstree,fstree.index_builder_file,children-128,1,2,128,0,,8467,66.1484375,9000,0,1363700,5516234319160730044,,,structured,128,,128,file-index,,,1,entries,plain
rust,fstree,fstree.index_builder_file,children-128,1,3,128,0,,8516,66.53125,9000,0,1363700,5516234319160730044,,,structured,128,,128,file-index,,,1,entries,plain
rust,fstree,fstree.index_builder_file,children-65536,1,0,65536,0,,4503563,68.71891784667969,4485000,0,1363700,16475152812802804162,,,structured,65536,,65536,file-index,,,1,entries,plain
rust,fstree,fstree.index_builder_file,children-65536,1,1,65536,0,,4494285,68.57734680175781,4473000,0,1363700,16475152812802804162,,,structured,65536,,65536,file-index,,,1,entries,plain
rust,fstree,fstree.index_builder_file,children-65536,1,2,65536,0,,4477463,68.32066345214844,4463000,0,1363700,16475152812802804162,,,structured,65536,,65536,file-index,,,1,entries,plain
rust,fstree,fstree.index_builder_file,children-65536,1,3,65536,0,,4483815,68.41758728027344,4463000,0,1363700,16475152812802804162,,,structured,65536,,65536,file-index,,,1,entries,plain
rust,fstree,fstree.index_builder_file,children-8,1,0,8,0,,551,68.875,1000,0,1363700,5481630882257051986,,,structured,8,,8,file-index,,,1,entries,plain
rust,fstree,fstree.index_builder_file,children-8,1,1,8,0,,601,75.125,1000,0,1363700,5481630882257051986,,,structured,8,,8,file-index,,,1,entries,plain
rust,fstree,fstree.index_builder_file,children-8,1,2,8,0,,531,66.375,1000,0,1363700,5481630882257051986,,,structured,8,,8,file-index,,,1,entries,plain
rust,fstree,fstree.index_builder_file,children-8,1,3,8,0,,591,73.875,2000,0,1363700,5481630882257051986,,,structured,8,,8,file-index,,,1,entries,plain
rust,fstree,fstree.list_entries,widest/first-page-100,1,0,6400,0,,5330072,832.82375,5309000,0,1363700,10287959357742859045,,64,structured,40000,1,40000,wide,,,1,,
rust,fstree,fstree.list_entries,widest/first-page-100,1,1,6400,0,,5299012,827.970625,5288000,0,1363700,10287959357742859045,,64,structured,40000,1,40000,wide,,,1,,
rust,fstree,fstree.list_entries,widest/first-page-100,1,2,6400,0,,5369046,838.9134375,5346000,0,1363700,10287959357742859045,,64,structured,40000,1,40000,wide,,,1,,
rust,fstree,fstree.list_entries,widest/first-page-100,1,3,6400,0,,5320263,831.29109375,5312000,0,1363700,10287959357742859045,,64,structured,40000,1,40000,wide,,,1,,
rust,fstree,fstree.list_entries,width-16/full-paging-100,1,0,16,0,,3567,222.9375,4000,0,1363700,8647329350532786293,,,structured,16,1,16,wide,,17,1,width,plain
rust,fstree,fstree.list_entries,width-16/full-paging-100,1,1,16,0,,3536,221.0,4000,0,1363700,8647329350532786293,,,structured,16,1,16,wide,,17,1,width,plain
rust,fstree,fstree.list_entries,width-16/full-paging-100,1,2,16,0,,3487,217.9375,4000,0,1363700,8647329350532786293,,,structured,16,1,16,wide,,17,1,width,plain
rust,fstree,fstree.list_entries,width-16/full-paging-100,1,3,16,0,,3497,218.5625,4000,0,1363700,8647329350532786293,,,structured,16,1,16,wide,,17,1,width,plain
rust,fstree,fstree.list_entries,width-256/full-paging-100,1,0,256,0,,102186,399.1640625,101000,0,1363700,13846005503640562525,,,structured,256,1,256,wide,,259,1,width,plain
rust,fstree,fstree.list_entries,width-256/full-paging-100,1,1,256,0,,99169,387.37890625,100000,0,1363700,13846005503640562525,,,structured,256,1,256,wide,,259,1,width,plain
rust,fstree,fstree.list_entries,width-256/full-paging-100,1,2,256,0,,99230,387.6171875,100000,0,1363700,13846005503640562525,,,structured,256,1,256,wide,,259,1,width,plain
rust,fstree,fstree.list_entries,width-256/full-paging-100,1,3,256,0,,99300,387.890625,100000,0,1363700,13846005503640562525,,,structured,256,1,256,wide,,259,1,width,plain
rust,fstree,fstree.list_entries,width-40000/full-paging-100,1,0,40000,0,,32342923,808.573075,32218000,0,1363700,14411079679319204100,,,structured,40000,1,40000,wide,,40257,1,width,plain
rust,fstree,fstree.list_entries,width-40000/full-paging-100,1,1,40000,0,,32263892,806.5973,32136000,0,1363700,14411079679319204100,,,structured,40000,1,40000,wide,,40257,1,width,plain
rust,fstree,fstree.list_entries,width-40000/full-paging-100,1,2,40000,0,,32336571,808.414275,32227000,0,1363700,14411079679319204100,,,structured,40000,1,40000,wide,,40257,1,width,plain
rust,fstree,fstree.list_entries,width-40000/full-paging-100,1,3,40000,0,,32432364,810.8091,32314000,0,1363700,14411079679319204100,,,structured,40000,1,40000,wide,,40257,1,width,plain
rust,fstree,fstree.list_entries,width-4096/full-paging-100,1,0,4096,0,,2800009,683.595947265625,2796000,0,1363700,11900522544021708933,,,structured,4096,1,4096,wide,,4122,1,width,plain
rust,fstree,fstree.list_entries,width-4096/full-paging-100,1,1,4096,0,,2822752,689.1484375,2803000,0,1363700,11900522544021708933,,,structured,4096,1,4096,wide,,4122,1,width,plain
rust,fstree,fstree.list_entries,width-4096/full-paging-100,1,2,4096,0,,2827050,690.19775390625,2807000,0,1363700,11900522544021708933,,,structured,4096,1,4096,wide,,4122,1,width,plain
rust,fstree,fstree.list_entries,width-4096/full-paging-100,1,3,4096,0,,2818925,688.214111328125,2807000,0,1363700,11900522544021708933,,,structured,4096,1,4096,wide,,4122,1,width,plain
rust,fstree,fstree.lookup_entry,width-16/hit,1,0,2000,0,,5891805,2945.9025,5881000,0,1363700,14771420707203887624,,,structured,16,1,16,wide,,17,1,width,hit
rust,fstree,fstree.lookup_entry,width-16/hit,1,1,2000,0,,5919568,2959.784,5896000,0,1363700,14771420707203887624,,,structured,16,1,16,wide,,17,1,width,hit
rust,fstree,fstree.lookup_entry,width-16/hit,1,2,2000,0,,5938134,2969.067,5915000,0,1363700,14771420707203887624,,,structured,16,1,16,wide,,17,1,width,hit
rust,fstree,fstree.lookup_entry,width-16/hit,1,3,2000,0,,5923285,2961.6425,5914000,0,1363700,14771420707203887624,,,structured,16,1,16,wide,,17,1,width,hit
rust,fstree,fstree.lookup_entry,width-16/miss,1,0,2000,0,,5944425,2972.2125,5934000,0,1363700,15777377584200431653,,,structured,16,1,16,wide,,17,1,width,miss
rust,fstree,fstree.lookup_entry,width-16/miss,1,1,2000,0,,5913136,2956.568,5899000,0,1363700,15777377584200431653,,,structured,16,1,16,wide,,17,1,width,miss
rust,fstree,fstree.lookup_entry,width-16/miss,1,2,2000,0,,5850035,2925.0175,5822000,0,1363700,15777377584200431653,,,structured,16,1,16,wide,,17,1,width,miss
rust,fstree,fstree.lookup_entry,width-16/miss,1,3,2000,0,,5852740,2926.37,5828000,0,1363700,15777377584200431653,,,structured,16,1,16,wide,,17,1,width,miss
rust,fstree,fstree.lookup_entry,width-256/hit,1,0,2000,0,,49765023,24882.5115,49604000,0,1363700,11355326517270140002,,,structured,256,1,256,wide,,259,1,width,hit
rust,fstree,fstree.lookup_entry,width-256/hit,1,1,2000,0,,49912555,24956.2775,49741000,0,1363700,11355326517270140002,,,structured,256,1,256,wide,,259,1,width,hit
rust,fstree,fstree.lookup_entry,width-256/hit,1,2,2000,0,,49665704,24832.852,49505000,0,1363700,11355326517270140002,,,structured,256,1,256,wide,,259,1,width,hit
rust,fstree,fstree.lookup_entry,width-256/hit,1,3,2000,0,,49943364,24971.682,49794000,0,1363700,11355326517270140002,,,structured,256,1,256,wide,,259,1,width,hit
rust,fstree,fstree.lookup_entry,width-256/miss,1,0,2000,0,,420644,210.322,422000,0,1363700,15777377584200431653,,,structured,256,1,256,wide,,259,1,width,miss
rust,fstree,fstree.lookup_entry,width-256/miss,1,1,2000,0,,430102,215.051,429000,0,1363700,15777377584200431653,,,structured,256,1,256,wide,,259,1,width,miss
rust,fstree,fstree.lookup_entry,width-256/miss,1,2,2000,0,,424982,212.491,425000,0,1363700,15777377584200431653,,,structured,256,1,256,wide,,259,1,width,miss
rust,fstree,fstree.lookup_entry,width-256/miss,1,3,2000,0,,424962,212.481,426000,0,1363700,15777377584200431653,,,structured,256,1,256,wide,,259,1,width,miss
rust,fstree,fstree.lookup_entry,width-40000/hit,1,0,2000,0,,123544912,61772.456,123043000,0,1363700,12892554884894536865,,,structured,40000,1,40000,wide,,40257,1,width,hit
rust,fstree,fstree.lookup_entry,width-40000/hit,1,1,2000,0,,123661935,61830.9675,123156000,0,1363700,12892554884894536865,,,structured,40000,1,40000,wide,,40257,1,width,hit
rust,fstree,fstree.lookup_entry,width-40000/hit,1,2,2000,0,,123500378,61750.189,122995000,0,1363700,12892554884894536865,,,structured,40000,1,40000,wide,,40257,1,width,hit
rust,fstree,fstree.lookup_entry,width-40000/hit,1,3,2000,0,,123468056,61734.028,122991000,0,1363700,12892554884894536865,,,structured,40000,1,40000,wide,,40257,1,width,hit
rust,fstree,fstree.lookup_entry,width-40000/miss,1,0,2000,0,,435061,217.5305,434000,0,1363700,15777377584200431653,,,structured,40000,1,40000,wide,,40257,1,width,miss
rust,fstree,fstree.lookup_entry,width-40000/miss,1,1,2000,0,,431745,215.8725,433000,0,1363700,15777377584200431653,,,structured,40000,1,40000,wide,,40257,1,width,miss
rust,fstree,fstree.lookup_entry,width-40000/miss,1,2,2000,0,,438007,219.0035,438000,0,1363700,15777377584200431653,,,structured,40000,1,40000,wide,,40257,1,width,miss
rust,fstree,fstree.lookup_entry,width-40000/miss,1,3,2000,0,,429591,214.7955,430000,0,1363700,15777377584200431653,,,structured,40000,1,40000,wide,,40257,1,width,miss
rust,fstree,fstree.lookup_entry,width-4096/hit,1,0,2000,0,,96004172,48002.086,95648000,0,1363700,11788397270751236684,,,structured,4096,1,4096,wide,,4122,1,width,hit
rust,fstree,fstree.lookup_entry,width-4096/hit,1,1,2000,0,,96167514,48083.757,95768000,0,1363700,11788397270751236684,,,structured,4096,1,4096,wide,,4122,1,width,hit
rust,fstree,fstree.lookup_entry,width-4096/hit,1,2,2000,0,,96158818,48079.409,95819000,0,1363700,11788397270751236684,,,structured,4096,1,4096,wide,,4122,1,width,hit
rust,fstree,fstree.lookup_entry,width-4096/hit,1,3,2000,0,,96320717,48160.3585,95973000,0,1363700,11788397270751236684,,,structured,4096,1,4096,wide,,4122,1,width,hit
rust,fstree,fstree.lookup_entry,width-4096/miss,1,0,2000,0,,4283963,2141.9815,4275000,0,1363700,15777377584200431653,,,structured,4096,1,4096,wide,,4122,1,width,miss
rust,fstree,fstree.lookup_entry,width-4096/miss,1,1,2000,0,,4331113,2165.5565,4324000,0,1363700,15777377584200431653,,,structured,4096,1,4096,wide,,4122,1,width,miss
rust,fstree,fstree.lookup_entry,width-4096/miss,1,2,2000,0,,4284003,2142.0015,4264000,0,1363700,15777377584200431653,,,structured,4096,1,4096,wide,,4122,1,width,miss
rust,fstree,fstree.lookup_entry,width-4096/miss,1,3,2000,0,,4286819,2143.4095,4276000,0,1363700,15777377584200431653,,,structured,4096,1,4096,wide,,4122,1,width,miss
rust,fstree,fstree.reachable_keys,deep,0,0,24,0,,814526,33938.583333333336,1494000,0,1363700,5223880262323894244,,,structured,,24,,deep,,,,,
rust,fstree,fstree.reachable_keys,deep,0,1,24,0,,813064,33877.666666666664,1461000,0,1363700,5223880262323894244,,,structured,,24,,deep,,,,,
rust,fstree,fstree.reachable_keys,deep,0,2,24,0,,882716,36779.833333333336,1615000,0,1363700,5223880262323894244,,,structured,,24,,deep,,,,,
rust,fstree,fstree.reachable_keys,deep,0,3,24,0,,820958,34206.583333333336,1542000,0,1363700,5223880262323894244,,,structured,,24,,deep,,,,,
rust,fstree,fstree.reachable_keys,file-corpus,0,0,64,0,,152412,2381.4375,287000,0,1363700,9688511076259073062,,,text,64,,,file-index,,,,,
rust,fstree,fstree.reachable_keys,file-corpus,0,1,64,0,,134658,2104.03125,263000,0,1363700,9688511076259073062,,,text,64,,,file-index,,,,,
rust,fstree,fstree.reachable_keys,file-corpus,0,2,64,0,,135388,2115.4375,264000,0,1363700,9688511076259073062,,,text,64,,,file-index,,,,,
rust,fstree,fstree.reachable_keys,file-corpus,0,3,64,0,,166138,2595.90625,323000,0,1363700,9688511076259073062,,,text,64,,,file-index,,,,,
rust,fstree,fstree.reachable_keys,width-16,0,0,17,0,,104680,6157.64705882353,218000,0,1363700,8753205170136912308,,,structured,16,1,16,wide,,17,,width,plain
rust,fstree,fstree.reachable_keys,width-16,0,1,17,0,,107135,6302.058823529412,208000,0,1363700,8753205170136912308,,,structured,16,1,16,wide,,17,,width,plain
rust,fstree,fstree.reachable_keys,width-16,0,2,17,0,,104970,6174.705882352941,211000,0,1363700,8753205170136912308,,,structured,16,1,16,wide,,17,,width,plain
rust,fstree,fstree.reachable_keys,width-16,0,3,17,0,,106964,6292.0,213000,0,1363700,8753205170136912308,,,structured,16,1,16,wide,,17,,width,plain
rust,fstree,fstree.reachable_keys,width-256,0,0,259,0,,182879,706.096525096525,346000,0,1363700,10166096353870829249,,,structured,256,1,256,wide,,259,,width,plain
rust,fstree,fstree.reachable_keys,width-256,0,1,259,0,,180825,698.1660231660231,329000,0,1363700,10166096353870829249,,,structured,256,1,256,wide,,259,,width,plain
rust,fstree,fstree.reachable_keys,width-256,0,2,259,0,,181176,699.5212355212356,329000,0,1363700,10166096353870829249,,,structured,256,1,256,wide,,259,,width,plain
rust,fstree,fstree.reachable_keys,width-256,0,3,259,0,,181086,699.1737451737451,323000,0,1363700,10166096353870829249,,,structured,256,1,256,wide,,259,,width,plain
rust,fstree,fstree.reachable_keys,width-40000,0,0,40257,0,,4092097,101.64932806716844,16662000,0,1363700,8781341933545400491,,,structured,40000,1,40000,wide,,40257,,width,plain
rust,fstree,fstree.reachable_keys,width-40000,0,1,40257,0,,4017805,99.80388503862682,16302000,0,1363700,8781341933545400491,,,structured,40000,1,40000,wide,,40257,,width,plain
rust,fstree,fstree.reachable_keys,width-40000,0,2,40257,0,,4048825,100.57443425988026,16141000,0,1363700,8781341933545400491,,,structured,40000,1,40000,wide,,40257,,width,plain
rust,fstree,fstree.reachable_keys,width-40000,0,3,40257,0,,4054014,100.7033310976973,16441000,0,1363700,8781341933545400491,,,structured,40000,1,40000,wide,,40257,,width,plain
rust,fstree,fstree.reachable_keys,width-4096,0,0,4122,0,,607461,147.37045123726347,1995000,0,1363700,2551262535976545999,,,structured,4096,1,4096,wide,,4122,,width,plain
rust,fstree,fstree.reachable_keys,width-4096,0,1,4122,0,,628401,152.4505094614265,1981000,0,1363700,2551262535976545999,,,structured,4096,1,4096,wide,,4122,,width,plain
rust,fstree,fstree.reachable_keys,width-4096,0,2,4122,0,,581581,141.09194565744784,1956000,0,1363700,2551262535976545999,,,structured,4096,1,4096,wide,,4122,,width,plain
rust,fstree,fstree.reachable_keys,width-4096,0,3,4122,0,,617770,149.87142163998058,2024000,0,1363700,2551262535976545999,,,structured,4096,1,4096,wide,,4122,,width,plain
rust,fstree,fstree.resolve_entry,depth-1,1,0,256,0,,883648,3451.75,883000,0,1363700,14437412121268626213,,256,structured,,1,16,deep,,,1,depth,plain
rust,fstree,fstree.resolve_entry,depth-1,1,1,256,0,,878308,3430.890625,877000,0,1363700,14437412121268626213,,256,structured,,1,16,deep,,,1,depth,plain
rust,fstree,fstree.resolve_entry,depth-1,1,2,256,0,,882797,3448.42578125,884000,0,1363700,14437412121268626213,,256,structured,,1,16,deep,,,1,depth,plain
rust,fstree,fstree.resolve_entry,depth-1,1,3,256,0,,887325,3466.11328125,885000,0,1363700,14437412121268626213,,256,structured,,1,16,deep,,,1,depth,plain
rust,fstree,fstree.resolve_entry,depth-12,1,0,256,0,,2073390,8099.1796875,2071000,0,1363700,14437412121268626213,,256,structured,,12,16,deep,,,1,depth,plain
rust,fstree,fstree.resolve_entry,depth-12,1,1,256,0,,2078540,8119.296875,2075000,0,1363700,14437412121268626213,,256,structured,,12,16,deep,,,1,depth,plain
rust,fstree,fstree.resolve_entry,depth-12,1,2,256,0,,2106173,8227.23828125,2078000,0,1363700,14437412121268626213,,256,structured,,12,16,deep,,,1,depth,plain
rust,fstree,fstree.resolve_entry,depth-12,1,3,256,0,,2078630,8119.6484375,2076000,0,1363700,14437412121268626213,,256,structured,,12,16,deep,,,1,depth,plain
rust,fstree,fstree.resolve_entry,depth-24,1,0,256,0,,3395686,13264.3984375,3385000,0,1363700,14437412121268626213,,256,structured,,24,16,deep,,,1,depth,plain
rust,fstree,fstree.resolve_entry,depth-24,1,1,256,0,,3397540,13271.640625,3388000,0,1363700,14437412121268626213,,256,structured,,24,16,deep,,,1,depth,plain
rust,fstree,fstree.resolve_entry,depth-24,1,2,256,0,,3744213,14625.83203125,3735000,0,1363700,14437412121268626213,,256,structured,,24,16,deep,,,1,depth,plain
rust,fstree,fstree.resolve_entry,depth-24,1,3,256,0,,3449089,13473.00390625,3425000,0,1363700,14437412121268626213,,256,structured,,24,16,deep,,,1,depth,plain
rust,fstree,fstree.resolve_entry,depth-4,1,0,256,0,,1203589,4701.51953125,1202000,0,1363700,14437412121268626213,,256,structured,,4,16,deep,,,1,depth,plain
rust,fstree,fstree.resolve_entry,depth-4,1,1,256,0,,1205943,4710.71484375,1201000,0,1363700,14437412121268626213,,256,structured,,4,16,deep,,,1,depth,plain
rust,fstree,fstree.resolve_entry,depth-4,1,2,256,0,,1201445,4693.14453125,1200000,0,1363700,14437412121268626213,,256,structured,,4,16,deep,,,1,depth,plain
rust,fstree,fstree.resolve_entry,depth-4,1,3,256,0,,1209631,4725.12109375,1208000,0,1363700,14437412121268626213,,256,structured,,4,16,deep,,,1,depth,plain
rust,fstree,fstree.resolve_path,depth-1,1,0,256,0,,119508,466.828125,120000,0,1363700,11225199624901261093,,256,structured,,1,16,deep,,,1,depth,plain
rust,fstree,fstree.resolve_path,depth-1,1,1,256,0,,120320,470.0,121000,0,1363700,11225199624901261093,,256,structured,,1,16,deep,,,1,depth,plain
rust,fstree,fstree.resolve_path,depth-1,1,2,256,0,,137864,538.53125,120000,0,1363700,11225199624901261093,,256,structured,,1,16,deep,,,1,depth,plain
rust,fstree,fstree.resolve_path,depth-1,1,3,256,0,,120541,470.86328125,121000,0,1363700,11225199624901261093,,256,structured,,1,16,deep,,,1,depth,plain
rust,fstree,fstree.resolve_path,depth-12,1,0,256,0,,1340421,5236.01953125,1337000,0,1363700,11225199624901261093,,256,structured,,12,16,deep,,,1,depth,plain
rust,fstree,fstree.resolve_path,depth-12,1,1,256,0,,1328949,5191.20703125,1327000,0,1363700,11225199624901261093,,256,structured,,12,16,deep,,,1,depth,plain
rust,fstree,fstree.resolve_path,depth-12,1,2,256,0,,1328368,5188.9375,1326000,0,1363700,11225199624901261093,,256,structured,,12,16,deep,,,1,depth,plain
rust,fstree,fstree.resolve_path,depth-12,1,3,256,0,,1332305,5204.31640625,1328000,0,1363700,11225199624901261093,,256,structured,,12,16,deep,,,1,depth,plain
rust,fstree,fstree.resolve_path,depth-24,1,0,256,0,,2637839,10304.05859375,2633000,0,1363700,11225199624901261093,,256,structured,,24,16,deep,,,1,depth,plain
rust,fstree,fstree.resolve_path,depth-24,1,1,256,0,,2646415,10337.55859375,2631000,0,1363700,11225199624901261093,,256,structured,,24,16,deep,,,1,depth,plain
rust,fstree,fstree.resolve_path,depth-24,1,2,256,0,,2648069,10344.01953125,2642000,0,1363700,11225199624901261093,,256,structured,,24,16,deep,,,1,depth,plain
rust,fstree,fstree.resolve_path,depth-24,1,3,256,0,,2630606,10275.8046875,2625000,0,1363700,11225199624901261093,,256,structured,,24,16,deep,,,1,depth,plain
rust,fstree,fstree.resolve_path,depth-4,1,0,256,0,,452254,1766.6171875,451000,0,1363700,11225199624901261093,,256,structured,,4,16,deep,,,1,depth,plain
rust,fstree,fstree.resolve_path,depth-4,1,1,256,0,,444529,1736.44140625,445000,0,1363700,11225199624901261093,,256,structured,,4,16,deep,,,1,depth,plain
rust,fstree,fstree.resolve_path,depth-4,1,2,256,0,,450049,1758.00390625,449000,0,1363700,11225199624901261093,,256,structured,,4,16,deep,,,1,depth,plain
rust,fstree,fstree.resolve_path,depth-4,1,3,256,0,,441333,1723.95703125,442000,0,1363700,11225199624901261093,,256,structured,,4,16,deep,,,1,depth,plain
rust,fstree,fstree.write_content,file-corpus,1,0,64,67108864,payload,2208499,34507.796875,2204000,0,1363700,8506292028909064249,67108864,,text,64,,,file-index,,,1,,
rust,fstree,fstree.write_content,file-corpus,1,1,64,67108864,payload,1636927,25576.984375,1632000,0,1363700,8506292028909064249,67108864,,text,64,,,file-index,,,1,,
rust,fstree,fstree.write_content,file-corpus,1,2,64,67108864,payload,1252663,19572.859375,1238000,0,1363700,8506292028909064249,67108864,,text,64,,,file-index,,,1,,
rust,fstree,fstree.write_content,file-corpus,1,3,64,67108864,payload,1196075,18688.671875,1194000,0,1363700,8506292028909064249,67108864,,text,64,,,file-index,,,1,,
rust,gc,gc.close,idle,8,0,1,0,,992,992.0,3000,1000,1363700,9929646806074584996,,1,structured,,,,,5323,30000,8,,
rust,gc,gc.close,idle,8,1,1,0,,791,791.0,2000,1000,1363700,9929646806074584996,,1,structured,,,,,5323,30000,8,,
rust,gc,gc.close,idle,8,2,1,0,,471,471.0,2000,0,1363700,9929646806074584996,,1,structured,,,,,5323,30000,8,,
rust,gc,gc.close,idle,8,3,1,0,,541,541.0,1000,1000,1363700,9929646806074584996,,1,structured,,,,,5323,30000,8,,
rust,gc,gc.open,populated,8,0,1,0,,35698,35698.0,31000,7000,1363700,9929646806074584996,,1,structured,,,,,5323,30000,8,,
rust,gc,gc.open,populated,8,1,1,0,,32021,32021.0,27000,6000,1363700,9929646806074584996,,1,structured,,,,,5323,30000,8,,
rust,gc,gc.open,populated,8,2,1,0,,29997,29997.0,26000,6000,1363700,9929646806074584996,,1,structured,,,,,5323,30000,8,,
rust,gc,gc.open,populated,8,3,1,0,,30598,30598.0,26000,6000,1363700,9929646806074584996,,1,structured,,,,,5323,30000,8,,
rust,gc,gc.prepare_ref,missing-root,8,0,64,0,,9839,153.734375,10000,2000,1363700,5451865213850879781,,64,structured,,,,,5323,30000,8,,
rust,gc,gc.prepare_ref,missing-root,8,1,64,0,,9859,154.046875,10000,2000,1363700,5451865213850879781,,64,structured,,,,,5323,30000,8,,
rust,gc,gc.prepare_ref,missing-root,8,2,64,0,,11271,176.109375,10000,3000,1363700,5451865213850879781,,64,structured,,,,,5323,30000,8,,
rust,gc,gc.prepare_ref,missing-root,8,3,64,0,,10691,167.046875,9000,2000,1363700,5451865213850879781,,64,structured,,,,,5323,30000,8,,
rust,gc,gc.prepare_ref,tree-root/abort,8,0,1,0,,1689888,1689888.0,8725000,144000,1363700,3466077071251760278,,1,structured,,,,,5323,30000,8,,
rust,gc,gc.prepare_ref,tree-root/abort,8,1,1,0,,1588394,1588394.0,5491000,2409000,1363700,3466077071251760278,,1,structured,,,,,5323,30000,8,,
rust,gc,gc.prepare_ref,tree-root/abort,8,2,1,0,,1662276,1662276.0,8629000,0,1363700,3466077071251760278,,1,structured,,,,,5323,30000,8,,
rust,gc,gc.prepare_ref,tree-root/abort,8,3,1,0,,1770322,1770322.0,8351000,58000,1363700,3466077071251760278,,1,structured,,,,,5323,30000,8,,
rust,gc,gc.prepare_ref,tree-root/commit,8,0,1,0,,1563446,1563446.0,6206000,1468000,1363700,3466077071251760278,,1,structured,,,,,5323,30000,8,,
rust,gc,gc.prepare_ref,tree-root/commit,8,1,1,0,,1733040,1733040.0,7119000,1402000,1363700,3466077071251760278,,1,structured,,,,,5323,30000,8,,
rust,gc,gc.prepare_ref,tree-root/commit,8,2,1,0,,1563988,1563988.0,7839000,0,1363700,3466077071251760278,,1,structured,,,,,5323,30000,8,,
rust,gc,gc.prepare_ref,tree-root/commit,8,3,1,0,,1573716,1573716.0,7867000,0,1363700,3466077071251760278,,1,structured,,,,,5323,30000,8,,
rust,gc,gc.release_ref,batch,8,0,4096,0,,3327,0.812255859375,4000,2000,1363700,2041016804563428133,,4096,structured,,,,,5323,30000,8,,
rust,gc,gc.release_ref,batch,8,1,4096,0,,5020,1.2255859375,5000,1000,1363700,2041016804563428133,,4096,structured,,,,,5323,30000,8,,
rust,gc,gc.release_ref,batch,8,2,4096,0,,4127,1.007568359375,4000,2000,1363700,2041016804563428133,,4096,structured,,,,,5323,30000,8,,
rust,gc,gc.release_ref,batch,8,3,4096,0,,3386,0.82666015625,3000,1000,1363700,2041016804563428133,,4096,structured,,,,,5323,30000,8,,
rust,gc,gc.run,nothing-to-reclaim,8,0,1,0,,1606138,1606138.0,1590000,0,1363700,6133323038569782353,,1,structured,,,,,5323,30000,8,,
rust,gc,gc.run,nothing-to-reclaim,8,1,1,0,,1603333,1603333.0,1596000,0,1363700,6133323038569782353,,1,structured,,,,,5323,30000,8,,
rust,gc,gc.run,nothing-to-reclaim,8,2,1,0,,1579377,1579377.0,1446000,131000,1363700,6133323038569782353,,1,structured,,,,,5323,30000,8,,
rust,gc,gc.run,nothing-to-reclaim,8,3,1,0,,1616739,1616739.0,1598000,0,1363700,6133323038569782353,,1,structured,,,,,5323,30000,8,,
rust,gc,gc.run,reclaimable-packs,8,0,1,0,,13711012,13711012.0,5410000,4501000,1363700,14735239148249698622,,1,structured,,,,,5323,30000,8,,
rust,gc,gc.run,reclaimable-packs,8,1,1,0,,11466634,11466634.0,6178000,4118000,1363700,14735239148249698622,,1,structured,,,,,5323,30000,8,,
rust,gc,gc.run,reclaimable-packs,8,2,1,0,,11250191,11250191.0,4982000,5039000,1363700,14735239148249698622,,1,structured,,,,,5323,30000,8,,
rust,gc,gc.run,reclaimable-packs,8,3,1,0,,11477595,11477595.0,4569000,5623000,1363700,14735239148249698622,,1,structured,,,,,5323,30000,8,,
rust,gc,gc.status,mark+score,8,0,1,0,,3942481,3942481.0,3926000,0,1363700,4487786246251641876,,1,structured,,,,,5323,30000,8,,
rust,gc,gc.status,mark+score,8,1,1,0,,3757728,3757728.0,2800000,934000,1363700,4487786246251641876,,1,structured,,,,,5323,30000,8,,
rust,gc,gc.status,mark+score,8,2,1,0,,4059415,4059415.0,3020000,1006000,1363700,4487786246251641876,,1,structured,,,,,5323,30000,8,,
rust,gc,gc.status,mark+score,8,3,1,0,,3430634,3430634.0,3329000,93000,1363700,4487786246251641876,,1,structured,,,,,5323,30000,8,,
rust,gc,gc.why,live-root,8,0,1,0,,5961,5961.0,6000,2000,1363700,5171508924536841009,,1,structured,,,,,5323,30000,8,,
rust,gc,gc.why,live-root,8,1,1,0,,5731,5731.0,5000,2000,1363700,5171508924536841009,,1,structured,,,,,5323,30000,8,,
rust,gc,gc.why,live-root,8,2,1,0,,5661,5661.0,6000,1000,1363700,5171508924536841009,,1,structured,,,,,5323,30000,8,,
rust,gc,gc.why,live-root,8,3,1,0,,5731,5731.0,5000,2000,1363700,5171508924536841009,,1,structured,,,,,5323,30000,8,,
rust,gc,gc.wipe,store-reset,8,0,1,0,,4844073,4844073.0,0,4810000,1363700,9929646806074584996,,1,structured,,,,,5323,30000,8,,
rust,gc,gc.wipe,store-reset,8,1,1,0,,4930869,4930869.0,0,4898000,1363700,9929646806074584996,,1,structured,,,,,5323,30000,8,,
rust,gc,gc.wipe,store-reset,8,2,1,0,,4902495,4902495.0,0,4857000,1363700,9929646806074584996,,1,structured,,,,,5323,30000,8,,
rust,gc,gc.wipe,store-reset,8,3,1,0,,4938634,4938634.0,0,4880000,1363700,9929646806074584996,,1,structured,,,,,5323,30000,8,,
rust,inbox,inbox.close,drained,8,0,1,0,,4914578,4914578.0,21033000,9758000,1363700,9929646806074584996,,48,structured,,,,,,1536,8,,
rust,inbox,inbox.close,drained,8,1,1,0,,6178854,6178854.0,24415000,15688000,1363700,9929646806074584996,,48,structured,,,,,,1536,8,,
rust,inbox,inbox.close,drained,8,2,1,0,,5885753,5885753.0,24246000,12605000,1363700,9929646806074584996,,48,structured,,,,,,1536,8,,
rust,inbox,inbox.close,drained,8,3,1,0,,5209722,5209722.0,19393000,13184000,1363700,9929646806074584996,,48,structured,,,,,,1536,8,,
rust,inbox,inbox.commit,packs/duplicate,8,0,48,0,,983679,20493.3125,0,981000,1363700,14442695759380775205,,48,structured,,,,,,1536,8,,
rust,inbox,inbox.commit,packs/duplicate,8,1,48,0,,1033574,21532.791666666668,9000,1018000,1363700,14442695759380775205,,48,structured,,,,,,1536,8,,
rust,inbox,inbox.commit,packs/duplicate,8,2,48,0,,976365,20340.9375,0,973000,1363700,14442695759380775205,,48,structured,,,,,,1536,8,,
rust,inbox,inbox.commit,packs/duplicate,8,3,48,0,,983469,20488.9375,0,981000,1363700,14442695759380775205,,48,structured,,,,,,1536,8,,
rust,inbox,inbox.discard,packs,8,0,48,0,,900039,18750.8125,658000,242000,1363700,621668730929712677,,48,structured,,,,,,1536,8,,
rust,inbox,inbox.discard,packs,8,1,48,0,,849282,17693.375,0,848000,1363700,621668730929712677,,48,structured,,,,,,1536,8,,
rust,inbox,inbox.discard,packs,8,2,48,0,,846177,17628.6875,0,845000,1363700,621668730929712677,,48,structured,,,,,,1536,8,,
rust,inbox,inbox.discard,packs,8,3,48,0,,858580,17887.083333333332,0,850000,1363700,621668730929712677,,48,structured,,,,,,1536,8,,
rust,inbox,inbox.drain,packs/new,8,0,48,13557248,payload,11372664,236930.5,40436000,34462000,1363700,13961300895036949583,,48,structured,,,,,,1536,8,,
rust,inbox,inbox.drain,packs/new,8,1,48,13557248,payload,11993501,249864.60416666666,46986000,25850000,1363700,13961300895036949583,,48,structured,,,,,,1536,8,,
rust,inbox,inbox.drain,packs/new,8,2,48,13557248,payload,11582035,241292.39583333334,50497000,24144000,1363700,13961300895036949583,,48,structured,,,,,,1536,8,,
rust,inbox,inbox.drain,packs/new,8,3,48,13557248,payload,11168595,232679.0625,38239000,33721000,1363700,13961300895036949583,,48,structured,,,,,,1536,8,,
rust,inbox,inbox.open,empty,8,0,1,0,,99019,99019.0,0,178000,1363700,9929646806074584996,,1,structured,,,,,,,8,,
rust,inbox,inbox.open,empty,8,1,1,0,,100241,100241.0,0,173000,1363700,9929646806074584996,,1,structured,,,,,,,8,,
rust,inbox,inbox.open,empty,8,2,1,0,,101945,101945.0,116000,44000,1363700,9929646806074584996,,1,structured,,,,,,,8,,
rust,inbox,inbox.open,empty,8,3,1,0,,103979,103979.0,0,164000,1363700,9929646806074584996,,1,structured,,,,,,,8,,
rust,inbox,inbox.open,sweeps-staged-tmp-files,8,0,48,0,,1066718,22223.291666666668,63000,1031000,1363700,9929646806074584996,,48,structured,,,,,,1536,8,,
rust,inbox,inbox.open,sweeps-staged-tmp-files,8,1,48,0,,1181137,24607.020833333332,182000,1075000,1363700,9929646806074584996,,48,structured,,,,,,1536,8,,
rust,inbox,inbox.open,sweeps-staged-tmp-files,8,2,48,0,,1054866,21976.375,84000,1044000,1363700,9929646806074584996,,48,structured,,,,,,1536,8,,
rust,inbox,inbox.open,sweeps-staged-tmp-files,8,3,48,0,,1206505,25135.520833333332,196000,1079000,1363700,9929646806074584996,,48,structured,,,,,,1536,8,,
rust,inbox,inbox.stage,packs,8,0,48,13557248,payload,8743472,182155.66666666666,214000,4108000,1363700,768888967472186181,,48,structured,,,,,,1536,8,,
rust,inbox,inbox.stage,packs,8,1,48,13557248,payload,8608635,179346.5625,2207000,2091000,1363700,768888967472186181,,48,structured,,,,,,1536,8,,
rust,inbox,inbox.stage,packs,8,2,48,13557248,payload,8734154,181961.54166666666,1211000,3082000,1363700,768888967472186181,,48,structured,,,,,,1536,8,,
rust,inbox,inbox.stage,packs,8,3,48,13557248,payload,8509896,177289.5,184000,4084000,1363700,768888967472186181,,48,structured,,,,,,1536,8,,
rust,ingest,ingest.dir,single-file/jobs-1,1,0,1,8388608,included,15925382,15925382.0,21297000,0,1363700,16884914658931180307,8388608,,text,,,,,1,,1,,
rust,ingest,ingest.dir,single-file/jobs-1,1,1,1,8388608,included,15121757,15121757.0,20778000,0,1363700,16884914658931180307,8388608,,text,,,,,1,,1,,
rust,ingest,ingest.dir,single-file/jobs-1,1,2,1,8388608,included,15929580,15929580.0,17273000,3459000,1363700,16884914658931180307,8388608,,text,,,,,1,,1,,
rust,ingest,ingest.dir,single-file/jobs-1,1,3,1,8388608,included,15170480,15170480.0,18807000,1405000,1363700,16884914658931180307,8388608,,text,,,,,1,,1,,
rust,ingest,ingest.dir,tree/fresh-store/jobs-1,1,0,5323,54773504,included,104353020,19604.17433777945,146272000,50659000,1363700,11676859075978515035,,,tree,5323,,,,5323,,1,,
rust,ingest,ingest.dir,tree/fresh-store/jobs-1,1,1,5323,54773504,included,109909545,20648.04527522074,148792000,50669000,1363700,11676859075978515035,,,tree,5323,,,,5323,,1,,
rust,ingest,ingest.dir,tree/fresh-store/jobs-1,1,2,5323,54773504,included,109825073,20632.176028555325,150625000,49124000,1363700,11676859075978515035,,,tree,5323,,,,5323,,1,,
rust,ingest,ingest.dir,tree/fresh-store/jobs-1,1,3,5323,54773504,included,108696207,20420.1027616006,151416000,48942000,1363700,11676859075978515035,,,tree,5323,,,,5323,,1,,
rust,ingest,ingest.dir,tree/fresh-store/jobs-N,8,0,5323,54773504,included,51740026,9720.087544617696,175872000,108948000,1363700,11676859075978515035,,,tree,5323,,,,5323,,8,,
rust,ingest,ingest.dir,tree/fresh-store/jobs-N,8,1,5323,54773504,included,57087511,10724.687394326507,174364000,121401000,1363700,11676859075978515035,,,tree,5323,,,,5323,,8,,
rust,ingest,ingest.dir,tree/fresh-store/jobs-N,8,2,5323,54773504,included,50921262,9566.271275596468,179247000,97303000,1363700,11676859075978515035,,,tree,5323,,,,5323,,8,,
rust,ingest,ingest.dir,tree/fresh-store/jobs-N,8,3,5323,54773504,included,53544564,10059.095247041143,180066000,102757000,1363700,11676859075978515035,,,tree,5323,,,,5323,,8,,
rust,ingest,ingest.dir,tree/incremental-change/jobs-1,1,0,5331,54870720,included,52313612,9813.095479272182,59694000,46109000,1363700,9934276586168172514,,,tree,5331,,,,5331,,1,,
rust,ingest,ingest.dir,tree/incremental-change/jobs-1,1,1,5331,54870720,included,52859114,9915.42187206903,69620000,36449000,1363700,9934276586168172514,,,tree,5331,,,,5331,,1,,
rust,ingest,ingest.dir,tree/incremental-change/jobs-1,1,2,5331,54870720,included,53159278,9971.727255674357,72052000,34754000,1363700,9934276586168172514,,,tree,5331,,,,5331,,1,,
rust,ingest,ingest.dir,tree/incremental-change/jobs-1,1,3,5331,54870720,included,52616510,9869.913712249108,71891000,33251000,1363700,9934276586168172514,,,tree,5331,,,,5331,,1,,
rust,ingest,ingest.dir,tree/incremental-change/jobs-N,8,0,5331,54870720,included,39680259,7443.305008441193,92737000,103727000,1363700,9934276586168172514,,,tree,5331,,,,5331,,8,,
rust,ingest,ingest.dir,tree/incremental-change/jobs-N,8,1,5331,54870720,included,39084943,7331.634402551116,93446000,101357000,1363700,9934276586168172514,,,tree,5331,,,,5331,,8,,
rust,ingest,ingest.dir,tree/incremental-change/jobs-N,8,2,5331,54870720,included,41046299,7699.549615456763,98584000,98695000,1363700,9934276586168172514,,,tree,5331,,,,5331,,8,,
rust,ingest,ingest.dir,tree/incremental-change/jobs-N,8,3,5331,54870720,included,39691791,7445.468204839617,94136000,106319000,1363700,9934276586168172514,,,tree,5331,,,,5331,,8,,
rust,ingest,ingest.dir,tree/unchanged-repeat/jobs-1,1,0,5323,54773504,included,51765795,9724.92861168514,63673000,40100000,1363700,3570115954193555256,,,tree,5323,,,,5323,,1,,
rust,ingest,ingest.dir,tree/unchanged-repeat/jobs-1,1,1,5323,54773504,included,52129892,9793.32932556829,70319000,34249000,1363700,3570115954193555256,,,tree,5323,,,,5323,,1,,
rust,ingest,ingest.dir,tree/unchanged-repeat/jobs-1,1,2,5323,54773504,included,52271031,9819.844260755213,63797000,40197000,1363700,3570115954193555256,,,tree,5323,,,,5323,,1,,
rust,ingest,ingest.dir,tree/unchanged-repeat/jobs-1,1,3,5323,54773504,included,51938355,9757.346421191058,59184000,44460000,1363700,3570115954193555256,,,tree,5323,,,,5323,,1,,
rust,ingest,ingest.dir,tree/unchanged-repeat/jobs-N,8,0,5323,54773504,included,42143825,7917.306969753899,92843000,109582000,1363700,3570115954193555256,,,tree,5323,,,,5323,,8,,
rust,ingest,ingest.dir,tree/unchanged-repeat/jobs-N,8,1,5323,54773504,included,40555371,7618.8936689836555,86633000,106408000,1363700,3570115954193555256,,,tree,5323,,,,5323,,8,,
rust,ingest,ingest.dir,tree/unchanged-repeat/jobs-N,8,2,5323,54773504,included,41598184,7814.800676310351,88224000,112660000,1363700,3570115954193555256,,,tree,5323,,,,5323,,8,,
rust,ingest,ingest.dir,tree/unchanged-repeat/jobs-N,8,3,5323,54773504,included,40952610,7693.520571106519,87155000,113921000,1363700,3570115954193555256,,,tree,5323,,,,5323,,8,,
rust,ingest,ingest.objects,tree/jobs-1,1,0,5323,54773504,included,51953935,9760.27334210032,51613000,40286000,1363700,13884254140586815919,,,tree,5323,,,,5323,,1,,
rust,ingest,ingest.objects,tree/jobs-1,1,1,5323,54773504,included,51494567,9673.974638361826,61498000,30175000,1363700,13884254140586815919,,,tree,5323,,,,5323,,1,,
rust,ingest,ingest.objects,tree/jobs-1,1,2,5323,54773504,included,52431638,9850.01653203081,58557000,33917000,1363700,13884254140586815919,,,tree,5323,,,,5323,,1,,
rust,ingest,ingest.objects,tree/jobs-1,1,3,5323,54773504,included,52253397,9816.531467217734,60215000,31740000,1363700,13884254140586815919,,,tree,5323,,,,5323,,1,,
rust,ingest,ingest.objects,tree/jobs-N,8,0,5323,54773504,included,38550140,7242.182979522826,89233000,100335000,1363700,13884254140586815919,,,tree,5323,,,,5323,,8,,
rust,ingest,ingest.objects,tree/jobs-N,8,1,5323,54773504,included,38018014,7142.215667856472,98768000,89546000,1363700,13884254140586815919,,,tree,5323,,,,5323,,8,,
rust,ingest,ingest.objects,tree/jobs-N,8,2,5323,54773504,included,38511176,7234.863047153861,84620000,105472000,1363700,13884254140586815919,,,tree,5323,,,,5323,,8,,
rust,ingest,ingest.objects,tree/jobs-N,8,3,5323,54773504,included,39864361,7489.0777756904,91212000,101741000,1363700,13884254140586815919,,,tree,5323,,,,5323,,8,,
rust,ingest,ingest.scan,filtered/jobs-1,1,0,5323,54773504,logical-scanned,14520959,2727.9652451625025,9734000,16710000,1363700,912696922934256833,,,tree,5323,,,,5323,,1,,
rust,ingest,ingest.scan,filtered/jobs-1,1,1,5323,54773504,logical-scanned,14540967,2731.72402780387,8734000,17907000,1363700,912696922934256833,,,tree,5323,,,,5323,,1,,
rust,ingest,ingest.scan,filtered/jobs-1,1,2,5323,54773504,logical-scanned,13883331,2608.1779071951905,7953000,17919000,1363700,912696922934256833,,,tree,5323,,,,5323,,1,,
rust,ingest,ingest.scan,filtered/jobs-1,1,3,5323,54773504,logical-scanned,14081169,2645.3445425511927,7909000,17950000,1363700,912696922934256833,,,tree,5323,,,,5323,,1,,
rust,ingest,ingest.scan,filtered/jobs-N,8,0,5323,54773504,logical-scanned,31612237,5938.800864174338,24391000,80885000,1363700,912696922934256833,,,tree,5323,,,,5323,,8,,
rust,ingest,ingest.scan,filtered/jobs-N,8,1,5323,54773504,logical-scanned,28369173,5329.545932744692,32000000,66504000,1363700,912696922934256833,,,tree,5323,,,,5323,,8,,
rust,ingest,ingest.scan,filtered/jobs-N,8,2,5323,54773504,logical-scanned,24679575,4636.403343978959,21771000,58886000,1363700,912696922934256833,,,tree,5323,,,,5323,,8,,
rust,ingest,ingest.scan,filtered/jobs-N,8,3,5323,54773504,logical-scanned,25850671,4856.410107082473,24528000,57424000,1363700,912696922934256833,,,tree,5323,,,,5323,,8,,
rust,ingest,ingest.scan,unfiltered/jobs-1,1,0,5451,54807232,logical-scanned,8651817,1587.1981287837093,3145000,13524000,1363700,2781455543472510454,,,tree,5451,,,,5451,,1,,
rust,ingest,ingest.scan,unfiltered/jobs-1,1,1,5451,54807232,logical-scanned,8558740,1570.122913226931,6176000,10351000,1363700,2781455543472510454,,,tree,5451,,,,5451,,1,,
rust,ingest,ingest.scan,unfiltered/jobs-1,1,2,5451,54807232,logical-scanned,8489287,1557.3815813612182,4376000,12049000,1363700,2781455543472510454,,,tree,5451,,,,5451,,1,,
rust,ingest,ingest.scan,unfiltered/jobs-1,1,3,5451,54807232,logical-scanned,8629475,1583.0994312970097,4870000,11851000,1363700,2781455543472510454,,,tree,5451,,,,5451,,1,,
rust,key,key.accessors,type+length+length_size+hash,1,0,8000,0,,70455,8.806875,48000,24000,1363700,6262822620398329345,32,2000,structured,,,,,,,1,,
rust,key,key.accessors,type+length+length_size+hash,1,1,8000,0,,66327,8.290875,45000,21000,1363700,6262822620398329345,32,2000,structured,,,,,,,1,,
rust,key,key.accessors,type+length+length_size+hash,1,2,8000,0,,66327,8.290875,45000,22000,1363700,6262822620398329345,32,2000,structured,,,,,,,1,,
rust,key,key.accessors,type+length+length_size+hash,1,3,8000,0,,66317,8.289625,45000,22000,1363700,6262822620398329345,32,2000,structured,,,,,,,1,,
rust,key,key.new,1MiB-duplicate,1,0,8,8388608,payload,1183150,147893.75,1181000,0,1363700,11063746857747467653,1048576,8,duplicate,,,,,,,1,item_bytes,duplicate
rust,key,key.new,1MiB-duplicate,1,1,8,8388608,payload,1127954,140994.25,1126000,0,1363700,11063746857747467653,1048576,8,duplicate,,,,,,,1,item_bytes,duplicate
rust,key,key.new,1MiB-duplicate,1,2,8,8388608,payload,981485,122685.625,978000,0,1363700,11063746857747467653,1048576,8,duplicate,,,,,,,1,item_bytes,duplicate
rust,key,key.new,1MiB-duplicate,1,3,8,8388608,payload,965004,120625.5,962000,0,1363700,11063746857747467653,1048576,8,duplicate,,,,,,,1,item_bytes,duplicate
rust,key,key.new,1MiB-random,1,0,8,8388608,payload,967148,120893.5,965000,0,1363700,1284065684854767273,1048576,8,random,,,,,,,1,item_bytes,random
rust,key,key.new,1MiB-random,1,1,8,8388608,payload,964001,120500.125,965000,0,1363700,1284065684854767273,1048576,8,random,,,,,,,1,item_bytes,random
rust,key,key.new,1MiB-random,1,2,8,8388608,payload,979040,122380.0,965000,0,1363700,1284065684854767273,1048576,8,random,,,,,,,1,item_bytes,random
rust,key,key.new,1MiB-random,1,3,8,8388608,payload,964122,120515.25,962000,0,1363700,1284065684854767273,1048576,8,random,,,,,,,1,item_bytes,random
rust,key,key.new,1MiB-text,1,0,8,8388608,payload,982026,122753.25,981000,0,1363700,12941013600637000189,1048576,8,text,,,,,,,1,item_bytes,text
rust,key,key.new,1MiB-text,1,1,8,8388608,payload,988879,123609.875,985000,0,1363700,12941013600637000189,1048576,8,text,,,,,,,1,item_bytes,text
rust,key,key.new,1MiB-text,1,2,8,8388608,payload,985312,123164.0,982000,0,1363700,12941013600637000189,1048576,8,text,,,,,,,1,item_bytes,text
rust,key,key.new,1MiB-text,1,3,8,8388608,payload,985362,123170.25,983000,0,1363700,12941013600637000189,1048576,8,text,,,,,,,1,item_bytes,text
rust,key,key.new,4KiB-duplicate,1,0,2048,8388608,payload,2194271,1071.42138671875,2188000,0,1363700,12569752037296702245,4096,2048,duplicate,,,,,,,1,item_bytes,duplicate
rust,key,key.new,4KiB-duplicate,1,1,2048,8388608,payload,2190224,1069.4453125,2185000,0,1363700,12569752037296702245,4096,2048,duplicate,,,,,,,1,item_bytes,duplicate
rust,key,key.new,4KiB-duplicate,1,2,2048,8388608,payload,2199932,1074.185546875,2186000,0,1363700,12569752037296702245,4096,2048,duplicate,,,,,,,1,item_bytes,duplicate
rust,key,key.new,4KiB-duplicate,1,3,2048,8388608,payload,2189432,1069.05859375,2184000,0,1363700,12569752037296702245,4096,2048,duplicate,,,,,,,1,item_bytes,duplicate
rust,key,key.new,4KiB-random,1,0,2048,8388608,payload,2194162,1071.3681640625,2186000,0,1363700,605854133766566054,4096,2048,random,,,,,,,1,item_bytes,random
rust,key,key.new,4KiB-random,1,1,2048,8388608,payload,2190805,1069.72900390625,2185000,0,1363700,605854133766566054,4096,2048,random,,,,,,,1,item_bytes,random
rust,key,key.new,4KiB-random,1,2,2048,8388608,payload,2189001,1068.84814453125,2185000,0,1363700,605854133766566054,4096,2048,random,,,,,,,1,item_bytes,random
rust,key,key.new,4KiB-random,1,3,2048,8388608,payload,2192187,1070.40380859375,2187000,0,1363700,605854133766566054,4096,2048,random,,,,,,,1,item_bytes,random
rust,key,key.new,4KiB-text,1,0,2048,8388608,payload,2192639,1070.62451171875,2188000,0,1363700,16526055008685758006,4096,2048,text,,,,,,,1,item_bytes,text
rust,key,key.new,4KiB-text,1,1,2048,8388608,payload,2198549,1073.51025390625,2194000,0,1363700,16526055008685758006,4096,2048,text,,,,,,,1,item_bytes,text
rust,key,key.new,4KiB-text,1,2,2048,8388608,payload,2204511,1076.42138671875,2185000,0,1363700,16526055008685758006,4096,2048,text,,,,,,,1,item_bytes,text
rust,key,key.new,4KiB-text,1,3,2048,8388608,payload,2188521,1068.61376953125,2183000,0,1363700,16526055008685758006,4096,2048,text,,,,,,,1,item_bytes,text
rust,key,key.new,empty,1,0,8000,0,payload,620105,77.513125,619000,0,1363700,15745766035884648101,,8000,empty,,,,,,,1,item_bytes,empty
rust,key,key.new,empty,1,1,8000,0,payload,619032,77.379,620000,0,1363700,15745766035884648101,,8000,empty,,,,,,,1,item_bytes,empty
rust,key,key.new,empty,1,2,8000,0,payload,615676,76.9595,610000,0,1363700,15745766035884648101,,8000,empty,,,,,,,1,item_bytes,empty
rust,key,key.new,empty,1,3,8000,0,payload,610807,76.350875,610000,0,1363700,15745766035884648101,,8000,empty,,,,,,,1,item_bytes,empty
rust,key,key.new,large-8MiB-duplicate,1,0,2,16777216,payload,1899839,949919.5,1894000,0,1363700,14710080878821492665,8388608,2,duplicate,,,,,,,1,item_bytes,duplicate
rust,key,key.new,large-8MiB-duplicate,1,1,2,16777216,payload,1894659,947329.5,1890000,0,1363700,14710080878821492665,8388608,2,duplicate,,,,,,,1,item_bytes,duplicate
rust,key,key.new,large-8MiB-duplicate,1,2,2,16777216,payload,1906752,953376.0,1890000,0,1363700,14710080878821492665,8388608,2,duplicate,,,,,,,1,item_bytes,duplicate
rust,key,key.new,large-8MiB-duplicate,1,3,2,16777216,payload,1894659,947329.5,1890000,0,1363700,14710080878821492665,8388608,2,duplicate,,,,,,,1,item_bytes,duplicate
rust,key,key.new,large-8MiB-random,1,0,1,8388608,payload,952289,952289.0,951000,0,1363700,14902405283868958466,8388608,1,random,,,,,,,1,item_bytes,random
rust,key,key.new,large-8MiB-random,1,1,1,8388608,payload,950495,950495.0,949000,0,1363700,14902405283868958466,8388608,1,random,,,,,,,1,item_bytes,random
rust,key,key.new,large-8MiB-random,1,2,1,8388608,payload,952088,952088.0,950000,0,1363700,14902405283868958466,8388608,1,random,,,,,,,1,item_bytes,random
rust,key,key.new,large-8MiB-random,1,3,1,8388608,payload,951428,951428.0,949000,0,1363700,14902405283868958466,8388608,1,random,,,,,,,1,item_bytes,random
rust,key,key.new,large-8MiB-text,1,0,1,8388608,payload,956848,956848.0,956000,0,1363700,18070168667611237286,8388608,1,text,,,,,,,1,item_bytes,text
rust,key,key.new,large-8MiB-text,1,1,1,8388608,payload,953602,953602.0,951000,0,1363700,18070168667611237286,8388608,1,text,,,,,,,1,item_bytes,text
rust,key,key.new,large-8MiB-text,1,2,1,8388608,payload,953301,953301.0,951000,0,1363700,18070168667611237286,8388608,1,text,,,,,,,1,item_bytes,text
rust,key,key.new,large-8MiB-text,1,3,1,8388608,payload,954022,954022.0,952000,0,1363700,18070168667611237286,8388608,1,text,,,,,,,1,item_bytes,text
rust,key,key.new,tiny-64B-duplicate,1,0,16384,1048576,payload,1378063,84.11029052734375,1364000,0,1363700,16551090344971838245,64,16384,duplicate,,,,,,,1,item_bytes,duplicate
rust,key,key.new,tiny-64B-duplicate,1,1,16384,1048576,payload,1349678,82.3778076171875,1345000,0,1363700,16551090344971838245,64,16384,duplicate,,,,,,,1,item_bytes,duplicate
rust,key,key.new,tiny-64B-duplicate,1,2,16384,1048576,payload,1354758,82.6878662109375,1353000,0,1363700,16551090344971838245,64,16384,duplicate,,,,,,,1,item_bytes,duplicate
rust,key,key.new,tiny-64B-duplicate,1,3,16384,1048576,payload,1345730,82.1368408203125,1344000,0,1363700,16551090344971838245,64,16384,duplicate,,,,,,,1,item_bytes,duplicate
rust,key,key.new,tiny-64B-random,1,0,16384,1048576,payload,1353245,82.59552001953125,1352000,0,1363700,9174902224779656527,64,16384,random,,,,,,,1,item_bytes,random
rust,key,key.new,tiny-64B-random,1,1,16384,1048576,payload,1358314,82.9049072265625,1341000,0,1363700,9174902224779656527,64,16384,random,,,,,,,1,item_bytes,random
rust,key,key.new,tiny-64B-random,1,2,16384,1048576,payload,1341232,81.8623046875,1340000,0,1363700,9174902224779656527,64,16384,random,,,,,,,1,item_bytes,random
rust,key,key.new,tiny-64B-random,1,3,16384,1048576,payload,1324039,80.81292724609375,1322000,0,1363700,9174902224779656527,64,16384,random,,,,,,,1,item_bytes,random
rust,key,key.new,tiny-64B-text,1,0,16384,1048576,payload,1332986,81.3590087890625,1329000,0,1363700,10843923535440728144,64,16384,text,,,,,,,1,item_bytes,text
rust,key,key.new,tiny-64B-text,1,1,16384,1048576,payload,1353596,82.616943359375,1339000,0,1363700,10843923535440728144,64,16384,text,,,,,,,1,item_bytes,text
rust,key,key.new,tiny-64B-text,1,2,16384,1048576,payload,1334139,81.42938232421875,1332000,0,1363700,10843923535440728144,64,16384,text,,,,,,,1,item_bytes,text
rust,key,key.new,tiny-64B-text,1,3,16384,1048576,payload,1337686,81.6458740234375,1333000,0,1363700,10843923535440728144,64,16384,text,,,,,,,1,item_bytes,text
rust,key,key.new_from_hash,batch,1,0,2000,0,,70665,35.3325,71000,0,1363700,8303626853493566760,32,2000,structured,,,,,,,1,,
rust,key,key.new_from_hash,batch,1,1,2000,0,,70655,35.3275,71000,0,1363700,8303626853493566760,32,2000,structured,,,,,,,1,,
rust,key,key.new_from_hash,batch,1,2,2000,0,,70645,35.3225,71000,0,1363700,8303626853493566760,32,2000,structured,,,,,,,1,,
rust,key,key.new_from_hash,batch,1,3,2000,0,,70655,35.3275,71000,0,1363700,8303626853493566760,32,2000,structured,,,,,,,1,,
rust,key,key.parse,canonical,1,0,2000,0,,49825,24.9125,50000,0,1363700,6889037819897927473,32,2000,structured,,,,,,,1,,
rust,key,key.parse,canonical,1,1,2000,0,,49846,24.923,50000,0,1363700,6889037819897927473,32,2000,structured,,,,,,,1,,
rust,key,key.parse,canonical,1,2,2000,0,,49825,24.9125,51000,0,1363700,6889037819897927473,32,2000,structured,,,,,,,1,,
rust,key,key.parse,canonical,1,3,2000,0,,49825,24.9125,50000,0,1363700,6889037819897927473,32,2000,structured,,,,,,,1,,
rust,key,key.parse,malformed,1,0,1024,0,,871,0.8505859375,2000,0,1363700,16836505887970452261,32,1024,structured,,,,,,,1,,
rust,key,key.parse,malformed,1,1,1024,0,,841,0.8212890625,1000,0,1363700,16836505887970452261,32,1024,structured,,,,,,,1,,
rust,key,key.parse,malformed,1,2,1024,0,,841,0.8212890625,1000,0,1363700,16836505887970452261,32,1024,structured,,,,,,,1,,
rust,key,key.parse,malformed,1,3,1024,0,,832,0.8125,1000,0,1363700,16836505887970452261,32,1024,structured,,,,,,,1,,
rust,key,key.string,hex,1,0,2000,0,,1033835,516.9175,1032000,0,1363700,18028995553074937698,32,2000,structured,,,,,,,1,,
rust,key,key.string,hex,1,1,2000,0,,1027022,513.511,1026000,0,1363700,18028995553074937698,32,2000,structured,,,,,,,1,,
rust,key,key.string,hex,1,2,2000,0,,1037472,518.736,1024000,0,1363700,18028995553074937698,32,2000,structured,,,,,,,1,,
rust,key,key.string,hex,1,3,2000,0,,995932,497.966,995000,0,1363700,18028995553074937698,32,2000,structured,,,,,,,1,,
rust,key,key.type_string,names,1,0,2000,0,,28435,14.2175,29000,0,1363700,17360909890354118949,32,2000,structured,,,,,,,1,,
rust,key,key.type_string,names,1,1,2000,0,,29156,14.578,30000,0,1363700,17360909890354118949,32,2000,structured,,,,,,,1,,
rust,key,key.type_string,names,1,2,2000,0,,28565,14.2825,29000,0,1363700,17360909890354118949,32,2000,structured,,,,,,,1,,
rust,key,key.type_string,names,1,3,2000,0,,28634,14.317,29000,0,1363700,17360909890354118949,32,2000,structured,,,,,,,1,,
rust,key,key.validate,canonical,1,0,2000,0,,1774,0.887,2000,0,1363700,15777377584200431653,32,2000,structured,,,,,,,1,,
rust,key,key.validate,canonical,1,1,2000,0,,1764,0.882,3000,0,1363700,15777377584200431653,32,2000,structured,,,,,,,1,,
rust,key,key.validate,canonical,1,2,2000,0,,1763,0.8815,2000,0,1363700,15777377584200431653,32,2000,structured,,,,,,,1,,
rust,key,key.validate,canonical,1,3,2000,0,,1763,0.8815,2000,0,1363700,15777377584200431653,32,2000,structured,,,,,,,1,,
rust,packstore,packstore.append_record,pre-encoded+sync,1,0,500,16960000,payload,3860585,7721.17,1779000,1937000,1363700,15780636992960720100,,500,structured,,,,,,500,1,,
rust,packstore,packstore.append_record,pre-encoded+sync,1,1,500,16960000,payload,3975244,7950.488,1527000,2314000,1363700,15780636992960720100,,500,structured,,,,,,500,1,,
rust,packstore,packstore.append_record,pre-encoded+sync,1,2,500,16960000,payload,3757047,7514.094,1720000,1911000,1363700,15780636992960720100,,500,structured,,,,,,500,1,,
rust,packstore,packstore.append_record,pre-encoded+sync,1,3,500,16960000,payload,3928735,7857.47,357000,3421000,1363700,15780636992960720100,,500,structured,,,,,,500,1,,
rust,packstore,packstore.barrier,begin+observe+abort,1,0,30000,0,,1490628,49.6876,1484000,0,1363700,5314116508821274174,,30000,structured,,,,,,30000,1,,
rust,packstore,packstore.barrier,begin+observe+abort,1,1,30000,0,,1478675,49.28916666666667,1476000,0,1363700,5314116508821274174,,30000,structured,,,,,,30000,1,,
rust,packstore,packstore.barrier,begin+observe+abort,1,2,30000,0,,1478705,49.290166666666664,1475000,0,1363700,5314116508821274174,,30000,structured,,,,,,30000,1,,
rust,packstore,packstore.barrier,begin+observe+abort,1,3,30000,0,,1484375,49.479166666666664,1483000,0,1363700,5314116508821274174,,30000,structured,,,,,,30000,1,,
rust,packstore,packstore.close,populated,1,0,1,0,,943623,943623.0,0,267000,1363700,9929646806074584996,,1,structured,,,,,,30000,1,,
rust,packstore,packstore.close,populated,1,1,1,0,,1020009,1020009.0,205000,101000,1363700,9929646806074584996,,1,structured,,,,,,30000,1,,
rust,packstore,packstore.close,populated,1,2,1,0,,922352,922352.0,181000,89000,1363700,9929646806074584996,,1,structured,,,,,,30000,1,,
rust,packstore,packstore.close,populated,1,3,1,0,,930898,930898.0,0,279000,1363700,9929646806074584996,,1,structured,,,,,,30000,1,,
rust,packstore,packstore.compact,90-percent-dead,1,0,30000,0,,11012636,367.0878666666667,11254000,11867000,1407472,17053303969233842934,,3000,structured,,,,,,30000,1,,
rust,packstore,packstore.compact,90-percent-dead,1,1,30000,0,,11124120,370.804,8271000,15063000,1407536,17053303969233842934,,3000,structured,,,,,,30000,1,,
rust,packstore,packstore.compact,90-percent-dead,1,2,30000,0,,11011144,367.03813333333335,8833000,13831000,1407536,17053303969233842934,,3000,structured,,,,,,30000,1,,
rust,packstore,packstore.compact,90-percent-dead,1,3,30000,0,,13007948,433.5982666666667,11536000,11042000,1407600,17053303969233842934,,3000,structured,,,,,,30000,1,,
rust,packstore,packstore.compact,nothing-dead,1,0,30000,0,,1178371,39.27903333333333,0,471000,1407600,10725320858063919682,,30000,structured,,,,,,30000,1,,
rust,packstore,packstore.compact,nothing-dead,1,1,30000,0,,1193590,39.78633333333333,0,462000,1407600,10725320858063919682,,30000,structured,,,,,,30000,1,,
rust,packstore,packstore.compact,nothing-dead,1,2,30000,0,,1186056,39.5352,0,470000,1407600,10725320858063919682,,30000,structured,,,,,,30000,1,,
rust,packstore,packstore.compact,nothing-dead,1,3,30000,0,,1254957,41.8319,0,495000,1407600,10725320858063919682,,30000,structured,,,,,,30000,1,,
rust,packstore,packstore.get,hit,1,0,2000,0,,8924809,4462.4045,8882000,0,1407600,17127574681878724669,,2000,structured,,,,,,30000,1,,
rust,packstore,packstore.get,hit,1,1,2000,0,,8846559,4423.2795,8810000,0,1407600,17127574681878724669,,2000,structured,,,,,,30000,1,,
rust,packstore,packstore.get,hit,1,2,2000,0,,8741148,4370.574,8707000,0,1407600,17127574681878724669,,2000,structured,,,,,,30000,1,,
rust,packstore,packstore.get,hit,1,3,2000,0,,8842822,4421.411,8813000,0,1407600,17127574681878724669,,2000,structured,,,,,,30000,1,,
rust,packstore,packstore.get,miss,1,0,2000,0,,109609,54.8045,107000,0,1407600,15777377584200431653,,2000,structured,,,,,,30000,1,,
rust,packstore,packstore.get,miss,1,1,2000,0,,100182,50.091,100000,0,1407600,15777377584200431653,,2000,structured,,,,,,30000,1,,
rust,packstore,packstore.get,miss,1,2,2000,0,,98248,49.124,99000,0,1407600,15777377584200431653,,2000,structured,,,,,,30000,1,,
rust,packstore,packstore.get,miss,1,3,2000,0,,97787,48.8935,98000,0,1407600,15777377584200431653,,2000,structured,,,,,,30000,1,,
rust,packstore,packstore.get_record,hit,1,0,2000,0,,476019,238.0095,477000,0,1407600,12535636567310543991,,2000,structured,,,,,,30000,1,,
rust,packstore,packstore.get_record,hit,1,1,2000,0,,456712,228.356,453000,0,1407600,12535636567310543991,,2000,structured,,,,,,30000,1,,
rust,packstore,packstore.get_record,hit,1,2,2000,0,,427307,213.6535,428000,0,1407600,12535636567310543991,,2000,structured,,,,,,30000,1,,
rust,packstore,packstore.get_record,hit,1,3,2000,0,,426996,213.498,425000,0,1407600,12535636567310543991,,2000,structured,,,,,,30000,1,,
rust,packstore,packstore.has,hit,1,0,2000,0,,114028,57.014,115000,0,1407600,15777377584200431653,,2000,structured,,,,,,30000,1,,
rust,packstore,packstore.has,hit,1,1,2000,0,,152953,76.4765,153000,0,1407600,15777377584200431653,,2000,structured,,,,,,30000,1,,
rust,packstore,packstore.has,hit,1,2,2000,0,,119207,59.6035,120000,0,1407600,15777377584200431653,,2000,structured,,,,,,30000,1,,
rust,packstore,packstore.has,hit,1,3,2000,0,,104649,52.3245,102000,0,1407600,15777377584200431653,,2000,structured,,,,,,30000,1,,
rust,packstore,packstore.has,miss,1,0,2000,0,,76416,38.208,77000,0,1407600,3185947397095081253,,2000,structured,,,,,,30000,1,,
rust,packstore,packstore.has,miss,1,1,2000,0,,74913,37.4565,75000,0,1407600,3185947397095081253,,2000,structured,,,,,,30000,1,,
rust,packstore,packstore.has,miss,1,2,2000,0,,74492,37.246,75000,0,1407600,3185947397095081253,,2000,structured,,,,,,30000,1,,
rust,packstore,packstore.has,miss,1,3,2000,0,,74383,37.1915,75000,0,1407600,3185947397095081253,,2000,structured,,,,,,30000,1,,
rust,packstore,packstore.has_outside,sealed-segment,1,0,2000,0,,86275,43.1375,87000,0,1407600,12790570316016660645,,2000,structured,,,,,,30000,1,,
rust,packstore,packstore.has_outside,sealed-segment,1,1,2000,0,,81085,40.5425,81000,0,1407600,12790570316016660645,,2000,structured,,,,,,30000,1,,
rust,packstore,packstore.has_outside,sealed-segment,1,2,2000,0,,99190,49.595,90000,0,1407600,12790570316016660645,,2000,structured,,,,,,30000,1,,
rust,packstore,packstore.has_outside,sealed-segment,1,3,2000,0,,80995,40.4975,81000,0,1407600,12790570316016660645,,2000,structured,,,,,,30000,1,,
rust,packstore,packstore.liveness,tenth-live,1,0,1,0,,604074,604074.0,601000,0,1407600,9449175078257958752,,1,structured,,,,,,30000,1,,
rust,packstore,packstore.liveness,tenth-live,1,1,1,0,,602832,602832.0,603000,0,1407600,9449175078257958752,,1,structured,,,,,,30000,1,,
rust,packstore,packstore.liveness,tenth-live,1,2,1,0,,598373,598373.0,596000,0,1407600,9449175078257958752,,1,structured,,,,,,30000,1,,
rust,packstore,packstore.liveness,tenth-live,1,3,1,0,,590779,590779.0,592000,0,1407600,9449175078257958752,,1,structured,,,,,,30000,1,,
rust,packstore,packstore.mark_set_contains,all-keys,1,0,30000,0,,3654581,121.81936666666667,3647000,0,1407600,11169151250625027621,,30000,structured,,,,,,30000,1,,
rust,packstore,packstore.mark_set_contains,all-keys,1,1,30000,0,,3664370,122.14566666666667,3654000,0,1407600,11169151250625027621,,30000,structured,,,,,,30000,1,,
rust,packstore,packstore.mark_set_contains,all-keys,1,2,30000,0,,3751917,125.0639,3730000,0,1407600,11169151250625027621,,30000,structured,,,,,,30000,1,,
rust,packstore,packstore.mark_set_contains,all-keys,1,3,30000,0,,3816801,127.2267,3804000,0,1407600,11169151250625027621,,30000,structured,,,,,,30000,1,,
rust,packstore,packstore.mark_set_mark,all-keys,1,0,30000,0,,1917663,63.9221,1910000,0,1407600,17012186072422889598,,30000,structured,,,,,,30000,1,,
rust,packstore,packstore.mark_set_mark,all-keys,1,1,30000,0,,1902885,63.4295,1898000,0,1407600,17012186072422889598,,30000,structured,,,,,,30000,1,,
rust,packstore,packstore.mark_set_mark,all-keys,1,2,30000,0,,1908115,63.603833333333334,1889000,0,1407600,17012186072422889598,,30000,structured,,,,,,30000,1,,
rust,packstore,packstore.mark_set_mark,all-keys,1,3,30000,0,,1898426,63.28086666666667,1892000,0,1407600,17012186072422889598,,30000,structured,,,,,,30000,1,,
rust,packstore,packstore.missing,half-present,1,0,2000,0,,244137,122.0685,1047000,0,1407600,9607287302469448777,,2000,structured,,,,,,30000,1,,
rust,packstore,packstore.missing,half-present,1,1,2000,0,,251230,125.615,1005000,31000,1407600,9607287302469448777,,2000,structured,,,,,,30000,1,,
rust,packstore,packstore.missing,half-present,1,2,2000,0,,238786,119.393,986000,0,1407600,9607287302469448777,,2000,structured,,,,,,30000,1,,
rust,packstore,packstore.missing,half-present,1,3,2000,0,,245098,122.549,1006000,0,1407600,9607287302469448777,,2000,structured,,,,,,30000,1,,
rust,packstore,packstore.new_mark_set,snapshot,1,0,16,0,,957118,59819.875,956000,0,1407600,9521082481390710053,,16,structured,,,,,,30000,1,,
rust,packstore,packstore.new_mark_set,snapshot,1,1,16,0,,974161,60885.0625,972000,0,1407600,9521082481390710053,,16,structured,,,,,,30000,1,,
rust,packstore,packstore.new_mark_set,snapshot,1,2,16,0,,952099,59506.1875,951000,0,1407600,9521082481390710053,,16,structured,,,,,,30000,1,,
rust,packstore,packstore.new_mark_set,snapshot,1,3,16,0,,953051,59565.6875,952000,0,1407600,9521082481390710053,,16,structured,,,,,,30000,1,,
rust,packstore,packstore.oldest_inflight_write,idle,1,0,4096,0,,13155,3.211669921875,14000,0,1407600,10333885101303931685,,4096,structured,,,,,,30000,1,,
rust,packstore,packstore.oldest_inflight_write,idle,1,1,4096,0,,13395,3.270263671875,14000,0,1407600,10333885101303931685,,4096,structured,,,,,,30000,1,,
rust,packstore,packstore.oldest_inflight_write,idle,1,2,4096,0,,13135,3.206787109375,14000,0,1407600,10333885101303931685,,4096,structured,,,,,,30000,1,,
rust,packstore,packstore.oldest_inflight_write,idle,1,3,4096,0,,13145,3.209228515625,14000,0,1407600,10333885101303931685,,4096,structured,,,,,,30000,1,,
rust,packstore,packstore.open,empty,1,0,1,0,,10390,10390.0,11000,0,1407600,12161962213042174405,,1,structured,,,,,,,1,,
rust,packstore,packstore.open,empty,1,1,1,0,,10089,10089.0,11000,0,1407600,12161962213042174405,,1,structured,,,,,,,1,,
rust,packstore,packstore.open,empty,1,2,1,0,,10060,10060.0,10000,0,1407600,12161962213042174405,,1,structured,,,,,,,1,,
rust,packstore,packstore.open,empty,1,3,1,0,,10049,10049.0,10000,0,1407600,12161962213042174405,,1,structured,,,,,,,1,,
rust,packstore,packstore.open,populated-reopen,1,0,1,0,,1378183,1378183.0,1265000,112000,1407600,3253493442154923972,,1,structured,,,,,,30000,1,,
rust,packstore,packstore.open,populated-reopen,1,1,1,0,,1429360,1429360.0,488000,939000,1407600,3253493442154923972,,1,structured,,,,,,30000,1,,
rust,packstore,packstore.open,populated-reopen,1,2,1,0,,1393122,1393122.0,58000,1330000,1407600,3253493442154923972,,1,structured,,,,,,30000,1,,
rust,packstore,packstore.open,populated-reopen,1,3,1,0,,1429541,1429541.0,561000,867000,1407600,3253493442154923972,,1,structured,,,,,,30000,1,,
rust,packstore,packstore.put,1MiB-duplicate/sync-off,1,0,2,2097152,payload,552355,276177.5,310000,160000,1407600,6349179348336612933,1048576,2,duplicate,,,,,,,1,item_bytes,duplicate
rust,packstore,packstore.put,1MiB-duplicate/sync-off,1,1,2,2097152,payload,553397,276698.5,467000,0,1407600,6349179348336612933,1048576,2,duplicate,,,,,,,1,item_bytes,duplicate
rust,packstore,packstore.put,1MiB-duplicate/sync-off,1,2,2,2097152,payload,549059,274529.5,464000,0,1407600,6349179348336612933,1048576,2,duplicate,,,,,,,1,item_bytes,duplicate
rust,packstore,packstore.put,1MiB-duplicate/sync-off,1,3,2,2097152,payload,542156,271078.0,456000,0,1407600,6349179348336612933,1048576,2,duplicate,,,,,,,1,item_bytes,duplicate
rust,packstore,packstore.put,1MiB-random/sync-off,1,0,1,1048576,payload,540522,540522.0,455000,0,1407600,9929646806074584996,1048576,1,random,,,,,,,1,item_bytes,random
rust,packstore,packstore.put,1MiB-random/sync-off,1,1,1,1048576,payload,527748,527748.0,445000,0,1407600,9929646806074584996,1048576,1,random,,,,,,,1,item_bytes,random
rust,packstore,packstore.put,1MiB-random/sync-off,1,2,1,1048576,payload,528009,528009.0,263000,181000,1407600,9929646806074584996,1048576,1,random,,,,,,,1,item_bytes,random
rust,packstore,packstore.put,1MiB-random/sync-off,1,3,1,1048576,payload,522518,522518.0,0,440000,1407600,9929646806074584996,1048576,1,random,,,,,,,1,item_bytes,random
rust,packstore,packstore.put,1MiB-text/sync-off,1,0,1,1048576,payload,1947951,1947951.0,1846000,0,1407600,9929646806074584996,1048576,1,text,,,,,,,1,item_bytes,text
rust,packstore,packstore.put,1MiB-text/sync-off,1,1,1,1048576,payload,2171579,2171579.0,2057000,0,1407600,9929646806074584996,1048576,1,text,,,,,,,1,item_bytes,text
rust,packstore,packstore.put,1MiB-text/sync-off,1,2,1,1048576,payload,1972558,1972558.0,1867000,0,1407600,9929646806074584996,1048576,1,text,,,,,,,1,item_bytes,text
rust,packstore,packstore.put,1MiB-text/sync-off,1,3,1,1048576,payload,1920358,1920358.0,1835000,0,1407600,9929646806074584996,1048576,1,text,,,,,,,1,item_bytes,text
rust,packstore,packstore.put,4KiB-duplicate/sync-off,1,0,256,1048576,payload,165536,646.625,0,74000,1407600,17539378016686813989,4096,256,duplicate,,,,,,,1,item_bytes,duplicate
rust,packstore,packstore.put,4KiB-duplicate/sync-off,1,1,256,1048576,payload,133555,521.69921875,0,59000,1407600,17539378016686813989,4096,256,duplicate,,,,,,,1,item_bytes,duplicate
rust,packstore,packstore.put,4KiB-duplicate/sync-off,1,2,256,1048576,payload,140809,550.03515625,0,62000,1407600,17539378016686813989,4096,256,duplicate,,,,,,,1,item_bytes,duplicate
rust,packstore,packstore.put,4KiB-duplicate/sync-off,1,3,256,1048576,payload,145298,567.5703125,0,63000,1407600,17539378016686813989,4096,256,duplicate,,,,,,,1,item_bytes,duplicate
rust,packstore,packstore.put,4KiB-random/already-present,1,0,256,1048576,payload,19147,74.79296875,13000,6000,1407600,17539378016686813989,4096,256,random,,,,,,,1,item_bytes,random
rust,packstore,packstore.put,4KiB-random/already-present,1,1,256,1048576,payload,19467,76.04296875,13000,7000,1407600,17539378016686813989,4096,256,random,,,,,,,1,item_bytes,random
rust,packstore,packstore.put,4KiB-random/already-present,1,2,256,1048576,payload,19247,75.18359375,14000,7000,1407600,17539378016686813989,4096,256,random,,,,,,,1,item_bytes,random
rust,packstore,packstore.put,4KiB-random/already-present,1,3,256,1048576,payload,19136,74.75,13000,6000,1407600,17539378016686813989,4096,256,random,,,,,,,1,item_bytes,random
rust,packstore,packstore.put,4KiB-random/sync-off,1,0,256,1048576,payload,1930758,7542.0234375,1829000,0,1407600,17539378016686813989,4096,256,random,,,,,,,1,item_bytes,random
rust,packstore,packstore.put,4KiB-random/sync-off,1,1,256,1048576,payload,1940918,7581.7109375,870000,951000,1407600,17539378016686813989,4096,256,random,,,,,,,1,item_bytes,random
rust,packstore,packstore.put,4KiB-random/sync-off,1,2,256,1048576,payload,1946077,7601.86328125,1840000,0,1407600,17539378016686813989,4096,256,random,,,,,,,1,item_bytes,random
rust,packstore,packstore.put,4KiB-random/sync-off,1,3,256,1048576,payload,1939104,7574.625,1569000,264000,1407600,17539378016686813989,4096,256,random,,,,,,,1,item_bytes,random
rust,packstore,packstore.put,4KiB-random/sync-on,1,0,256,1048576,payload,23511352,91841.21875,1083000,4624000,1407600,17539378016686813989,4096,256,random,,,,,,,1,item_bytes,random
rust,packstore,packstore.put,4KiB-random/sync-on,1,1,256,1048576,payload,23549245,91989.23828125,2431000,3291000,1407600,17539378016686813989,4096,256,random,,,,,,,1,item_bytes,random
rust,packstore,packstore.put,4KiB-random/sync-on,1,2,256,1048576,payload,23378599,91322.65234375,2091000,3620000,1407600,17539378016686813989,4096,256,random,,,,,,,1,item_bytes,random
rust,packstore,packstore.put,4KiB-random/sync-on,1,3,256,1048576,payload,23416552,91470.90625,552000,5200000,1407600,17539378016686813989,4096,256,random,,,,,,,1,item_bytes,random
rust,packstore,packstore.put,4KiB-text/sync-off,1,0,256,1048576,payload,4038054,15773.6484375,3932000,0,1407600,17539378016686813989,4096,256,text,,,,,,,1,item_bytes,text
rust,packstore,packstore.put,4KiB-text/sync-off,1,1,256,1048576,payload,4191527,16373.15234375,4057000,0,1407600,17539378016686813989,4096,256,text,,,,,,,1,item_bytes,text
rust,packstore,packstore.put,4KiB-text/sync-off,1,2,256,1048576,payload,4114630,16072.7734375,4006000,0,1407600,17539378016686813989,4096,256,text,,,,,,,1,item_bytes,text
rust,packstore,packstore.put,4KiB-text/sync-off,1,3,256,1048576,payload,4145429,16193.08203125,4019000,0,1407600,17539378016686813989,4096,256,text,,,,,,,1,item_bytes,text
rust,packstore,packstore.put,empty/sync-off,1,0,8000,0,payload,702592,87.824,407000,210000,1407600,7961062222578218789,,8000,empty,,,,,,,1,item_bytes,empty
rust,packstore,packstore.put,empty/sync-off,1,1,8000,0,payload,691351,86.418875,609000,0,1407600,7961062222578218789,,8000,empty,,,,,,,1,item_bytes,empty
rust,packstore,packstore.put,empty/sync-off,1,2,8000,0,payload,692143,86.517875,615000,0,1407600,7961062222578218789,,8000,empty,,,,,,,1,item_bytes,empty
rust,packstore,packstore.put,empty/sync-off,1,3,8000,0,payload,707462,88.43275,625000,0,1407600,7961062222578218789,,8000,empty,,,,,,,1,item_bytes,empty
rust,packstore,packstore.put,large-8MiB-duplicate/sync-off,1,0,2,16777216,payload,3873439,1936719.5,2840000,886000,1407600,6349179348336612933,8388608,2,duplicate,,,,,,,1,item_bytes,duplicate
rust,packstore,packstore.put,large-8MiB-duplicate/sync-off,1,1,2,16777216,payload,3339089,1669544.5,2498000,731000,1407600,6349179348336612933,8388608,2,duplicate,,,,,,,1,item_bytes,duplicate
rust,packstore,packstore.put,large-8MiB-duplicate/sync-off,1,2,2,16777216,payload,3207627,1603813.5,2751000,354000,1407600,6349179348336612933,8388608,2,duplicate,,,,,,,1,item_bytes,duplicate
rust,packstore,packstore.put,large-8MiB-duplicate/sync-off,1,3,2,16777216,payload,3081867,1540933.5,1652000,1298000,1407600,6349179348336612933,8388608,2,duplicate,,,,,,,1,item_bytes,duplicate
rust,packstore,packstore.put,large-8MiB-random/sync-off,1,0,1,8388608,payload,3049406,3049406.0,1957000,985000,1407600,9929646806074584996,8388608,1,random,,,,,,,1,item_bytes,random
rust,packstore,packstore.put,large-8MiB-random/sync-off,1,1,1,8388608,payload,3082088,3082088.0,1708000,1264000,1407600,9929646806074584996,8388608,1,random,,,,,,,1,item_bytes,random
rust,packstore,packstore.put,large-8MiB-random/sync-off,1,2,1,8388608,payload,3041210,3041210.0,2633000,310000,1407600,9929646806074584996,8388608,1,random,,,,,,,1,item_bytes,random
rust,packstore,packstore.put,large-8MiB-random/sync-off,1,3,1,8388608,payload,3616288,3616288.0,2355000,1109000,1407600,9929646806074584996,8388608,1,random,,,,,,,1,item_bytes,random
rust,packstore,packstore.put,large-8MiB-text/sync-off,1,0,1,8388608,payload,14907687,14907687.0,14672000,0,1407600,9929646806074584996,8388608,1,text,,,,,,,1,item_bytes,text
rust,packstore,packstore.put,large-8MiB-text/sync-off,1,1,1,8388608,payload,14881617,14881617.0,14180000,465000,1407600,9929646806074584996,8388608,1,text,,,,,,,1,item_bytes,text
rust,packstore,packstore.put,large-8MiB-text/sync-off,1,2,1,8388608,payload,14494137,14494137.0,13670000,576000,1407600,9929646806074584996,8388608,1,text,,,,,,,1,item_bytes,text
rust,packstore,packstore.put,large-8MiB-text/sync-off,1,3,1,8388608,payload,14963043,14963043.0,14754000,0,1407600,9929646806074584996,8388608,1,text,,,,,,,1,item_bytes,text
rust,packstore,packstore.put,tiny-64B-duplicate/sync-off,1,0,16384,1048576,payload,1636055,99.85687255859375,1534000,0,1407600,2558134609619854117,64,16384,duplicate,,,,,,,1,item_bytes,duplicate
rust,packstore,packstore.put,tiny-64B-duplicate/sync-off,1,1,16384,1048576,payload,1340471,81.81585693359375,1262000,0,1407600,2558134609619854117,64,16384,duplicate,,,,,,,1,item_bytes,duplicate
rust,packstore,packstore.put,tiny-64B-duplicate/sync-off,1,2,16384,1048576,payload,1353976,82.64013671875,1275000,0,1407600,2558134609619854117,64,16384,duplicate,,,,,,,1,item_bytes,duplicate
rust,packstore,packstore.put,tiny-64B-duplicate/sync-off,1,3,16384,1048576,payload,1401216,85.5234375,1279000,0,1407600,2558134609619854117,64,16384,duplicate,,,,,,,1,item_bytes,duplicate
rust,packstore,packstore.put,tiny-64B-random/sync-off,1,0,16384,1048576,payload,27007181,1648.3875122070312,16803000,9945000,1407600,2558134609619854117,64,16384,random,,,,,,,1,item_bytes,random
rust,packstore,packstore.put,tiny-64B-random/sync-off,1,1,16384,1048576,payload,27100659,1654.0929565429688,15816000,11052000,1407600,2558134609619854117,64,16384,random,,,,,,,1,item_bytes,random
rust,packstore,packstore.put,tiny-64B-random/sync-off,1,2,16384,1048576,payload,27153259,1657.3034057617188,21067000,5821000,1407600,2558134609619854117,64,16384,random,,,,,,,1,item_bytes,random
rust,packstore,packstore.put,tiny-64B-random/sync-off,1,3,16384,1048576,payload,27132861,1656.0584106445312,20156000,6706000,1407600,2558134609619854117,64,16384,random,,,,,,,1,item_bytes,random
rust,packstore,packstore.put,tiny-64B-text/sync-off,1,0,16384,1048576,payload,36272249,2213.8823852539062,26115000,9892000,1407600,2558134609619854117,64,16384,text,,,,,,,1,item_bytes,text
rust,packstore,packstore.put,tiny-64B-text/sync-off,1,1,16384,1048576,payload,36179513,2208.2222290039062,23601000,12294000,1407600,2558134609619854117,64,16384,text,,,,,,,1,item_bytes,text
rust,packstore,packstore.put,tiny-64B-text/sync-off,1,2,16384,1048576,payload,36272911,2213.9227905273438,28286000,7741000,1407600,2558134609619854117,64,16384,text,,,,,,,1,item_bytes,text
rust,packstore,packstore.put,tiny-64B-text/sync-off,1,3,16384,1048576,payload,36230389,2211.3274536132812,29920000,6006000,1407600,2558134609619854117,64,16384,text,,,,,,,1,item_bytes,text
rust,packstore,packstore.put_verified,already-intact,1,0,250,0,,13597475,54389.9,11833000,1722000,1407600,16609681221866359237,,250,structured,,,,,,30000,1,,
rust,packstore,packstore.put_verified,already-intact,1,1,250,0,,13255843,53023.372,12281000,921000,1407600,16609681221866359237,,250,structured,,,,,,30000,1,,
rust,packstore,packstore.put_verified,already-intact,1,2,250,0,,13226155,52904.62,13177000,0,1407600,16609681221866359237,,250,structured,,,,,,30000,1,,
rust,packstore,packstore.put_verified,already-intact,1,3,250,0,,13326757,53307.028,13267000,0,1407600,16609681221866359237,,250,structured,,,,,,30000,1,,
rust,packstore,packstore.record,by-location,1,0,2000,0,,1260558,630.279,1186000,72000,1407600,1445328601160108788,,2000,structured,,,,,,30000,1,,
rust,packstore,packstore.record,by-location,1,1,2000,0,,1261290,630.645,1173000,66000,1407600,1445328601160108788,,2000,structured,,,,,,30000,1,,
rust,packstore,packstore.record,by-location,1,2,2000,0,,1189743,594.8715,1132000,56000,1407600,1445328601160108788,,2000,structured,,,,,,30000,1,,
rust,packstore,packstore.record,by-location,1,3,2000,0,,1064023,532.0115,1056000,5000,1407600,1445328601160108788,,2000,structured,,,,,,30000,1,,
rust,packstore,packstore.remove,one-sealed-segment,1,0,1,0,,620555,620555.0,409000,214000,1407600,15866661794175806913,,1,structured,,,,,,30000,1,,
rust,packstore,packstore.remove,one-sealed-segment,1,1,1,0,,634242,634242.0,416000,219000,1407600,15866661794175806913,,1,structured,,,,,,30000,1,,
rust,packstore,packstore.remove,one-sealed-segment,1,2,1,0,,627218,627218.0,0,625000,1407600,15866661794175806913,,1,structured,,,,,,30000,1,,
rust,packstore,packstore.remove,one-sealed-segment,1,3,1,0,,620626,620626.0,0,622000,1407600,15866661794175806913,,1,structured,,,,,,30000,1,,
rust,packstore,packstore.scan_index,all-segments,1,0,30000,0,,714805,23.826833333333333,469000,247000,1407600,1044911772468381076,,30000,structured,,,,,,30000,1,,
rust,packstore,packstore.scan_index,all-segments,1,1,30000,0,,720847,24.028233333333333,717000,0,1407600,1044911772468381076,,30000,structured,,,,,,30000,1,,
rust,packstore,packstore.scan_index,all-segments,1,2,30000,0,,723161,24.105366666666665,718000,0,1407600,1044911772468381076,,30000,structured,,,,,,30000,1,,
rust,packstore,packstore.scan_index,all-segments,1,3,30000,0,,715677,23.8559,713000,0,1407600,1044911772468381076,,30000,structured,,,,,,30000,1,,
rust,packstore,packstore.segments,list,1,0,64,0,,391358,6114.96875,0,390000,1407600,4309077696602640165,,64,structured,,,,,,30000,1,,
rust,packstore,packstore.segments,list,1,1,64,0,,388422,6069.09375,0,389000,1407600,4309077696602640165,,64,structured,,,,,,30000,1,,
rust,packstore,packstore.segments,list,1,2,64,0,,415173,6487.078125,393000,0,1407600,4309077696602640165,,64,structured,,,,,,30000,1,,
rust,packstore,packstore.segments,list,1,3,64,0,,388673,6073.015625,376000,13000,1407600,4309077696602640165,,64,structured,,,,,,30000,1,,
rust,packstore,packstore.sort_by_location,scattered,1,0,2000,0,,203279,101.6395,204000,0,1407600,12634380996139752061,,2000,structured,,,,,,30000,1,,
rust,packstore,packstore.sort_by_location,scattered,1,1,2000,0,,183581,91.7905,184000,0,1407600,12634380996139752061,,2000,structured,,,,,,30000,1,,
rust,packstore,packstore.sort_by_location,scattered,1,2,2000,0,,177839,88.9195,147000,32000,1407600,12634380996139752061,,2000,structured,,,,,,30000,1,,
rust,packstore,packstore.sort_by_location,scattered,1,3,2000,0,,177559,88.7795,117000,61000,1407600,12634380996139752061,,2000,structured,,,,,,30000,1,,
rust,packstore,packstore.stored_size,hit,1,0,2000,0,,132213,66.1065,133000,0,1407600,9405479852998373868,,2000,structured,,,,,,30000,1,,
rust,packstore,packstore.stored_size,hit,1,1,2000,0,,105081,52.5405,105000,0,1407600,9405479852998373868,,2000,structured,,,,,,30000,1,,
rust,packstore,packstore.stored_size,hit,1,2,2000,0,,95733,47.8665,96000,0,1407600,9405479852998373868,,2000,structured,,,,,,30000,1,,
rust,packstore,packstore.stored_size,hit,1,3,2000,0,,94380,47.19,95000,0,1407600,9405479852998373868,,2000,structured,,,,,,30000,1,,
rust,packstore,packstore.verify,full-scrub,1,0,30000,0,,181998463,6066.615433333333,181300000,0,1407600,9929646806074584996,,30000,structured,,,,,,30000,1,,
rust,packstore,packstore.verify,full-scrub,1,1,30000,0,,177464231,5915.474366666666,176846000,0,1407600,9929646806074584996,,30000,structured,,,,,,30000,1,,
rust,packstore,packstore.verify,full-scrub,1,2,30000,0,,176946924,5898.2308,176291000,0,1407600,9929646806074584996,,30000,structured,,,,,,30000,1,,
rust,packstore,packstore.verify,full-scrub,1,3,30000,0,,176710902,5890.3634,176102000,0,1407600,9929646806074584996,,30000,structured,,,,,,30000,1,,
rust,packstore,packstore.wipe,populated,1,0,1,0,,3897275,3897275.0,0,3887000,1407600,12161962213042174405,,1,structured,,,,,,30000,1,,
rust,packstore,packstore.wipe,populated,1,1,1,0,,3934085,3934085.0,0,3924000,1407600,12161962213042174405,,1,structured,,,,,,30000,1,,
rust,packstore,packstore.wipe,populated,1,2,1,0,,3806181,3806181.0,0,3795000,1407600,12161962213042174405,,1,structured,,,,,,30000,1,,
rust,packstore,packstore.wipe,populated,1,3,1,0,,3771785,3771785.0,419000,3344000,1407600,12161962213042174405,,1,structured,,,,,,30000,1,,
rust,packstore,packstore.write_batch,mixed-objects,1,0,8000,70656000,payload,169835218,21229.40225,150040000,17107000,1407600,9929646806074584996,,8000,structured,,,,,,8000,1,,
rust,packstore,packstore.write_batch,mixed-objects,1,1,8000,70656000,payload,171352507,21419.063375,151140000,14741000,1407600,9929646806074584996,,8000,structured,,,,,,8000,1,,
rust,packstore,packstore.write_batch,mixed-objects,1,2,8000,70656000,payload,168445965,21055.745625,146766000,19046000,1407600,9929646806074584996,,8000,structured,,,,,,8000,1,,
rust,packstore,packstore.write_batch,mixed-objects,1,3,8000,70656000,payload,168278716,21034.8395,150727000,14900000,1407600,9929646806074584996,,8000,structured,,,,,,8000,1,,
rust,packstore,packstore.write_parallel,duplicate-stream/writers-N,8,0,8000,70656000,payload,9537890,1192.23625,17484000,7599000,1407600,16461052147560502176,,8000,duplicate,,,,,,8000,8,,
rust,packstore,packstore.write_parallel,duplicate-stream/writers-N,8,1,8000,70656000,payload,9547749,1193.468625,15302000,9593000,1407600,16461052147560502176,,8000,duplicate,,,,,,8000,8,,
rust,packstore,packstore.write_parallel,duplicate-stream/writers-N,8,2,8000,70656000,payload,9667447,1208.430875,20206000,6012000,1407600,16461052147560502176,,8000,duplicate,,,,,,8000,8,,
rust,packstore,packstore.write_parallel,duplicate-stream/writers-N,8,3,8000,70656000,payload,9511930,1188.99125,18099000,6922000,1407600,16461052147560502176,,8000,duplicate,,,,,,8000,8,,
rust,packstore,packstore.write_parallel,mixed-objects/writers-1/verify-false,1,0,8000,70656000,payload,173594629,21699.328625,160822000,20833000,1407600,3234576589889759616,,8000,structured,,,,,,8000,1,,
rust,packstore,packstore.write_parallel,mixed-objects/writers-1/verify-false,1,1,8000,70656000,payload,172928407,21616.050875,155312000,26225000,1407600,3234576589889759616,,8000,structured,,,,,,8000,1,,
rust,packstore,packstore.write_parallel,mixed-objects/writers-1/verify-false,1,2,8000,70656000,payload,171453910,21431.73875,160361000,19055000,1407600,3234576589889759616,,8000,structured,,,,,,8000,1,,
rust,packstore,packstore.write_parallel,mixed-objects/writers-1/verify-false,1,3,8000,70656000,payload,174902558,21862.81975,150730000,29391000,1407600,3234576589889759616,,8000,structured,,,,,,8000,1,,
rust,packstore,packstore.write_parallel,mixed-objects/writers-1/verify-true,1,0,8000,70656000,payload,185091993,23136.499125,164549000,28442000,1407600,3234576589889759616,,8000,structured,,,,,,8000,1,,
rust,packstore,packstore.write_parallel,mixed-objects/writers-1/verify-true,1,1,8000,70656000,payload,185504089,23188.011125,167918000,26235000,1407600,3234576589889759616,,8000,structured,,,,,,8000,1,,
rust,packstore,packstore.write_parallel,mixed-objects/writers-1/verify-true,1,2,8000,70656000,payload,183963677,22995.459625,166692000,25882000,1407600,3234576589889759616,,8000,structured,,,,,,8000,1,,
rust,packstore,packstore.write_parallel,mixed-objects/writers-1/verify-true,1,3,8000,70656000,payload,187759628,23469.9535,173742000,20465000,1407600,3234576589889759616,,8000,structured,,,,,,8000,1,,
rust,packstore,packstore.write_parallel,mixed-objects/writers-N/verify-false,8,0,8000,70656000,payload,46377944,5797.243,169249000,37444000,1407600,3234576589889759616,,8000,structured,,,,,,8000,8,,
rust,packstore,packstore.write_parallel,mixed-objects/writers-N/verify-false,8,1,8000,70656000,payload,43550362,5443.79525,174878000,31900000,1407600,3234576589889759616,,8000,structured,,,,,,8000,8,,
rust,packstore,packstore.write_parallel,mixed-objects/writers-N/verify-false,8,2,8000,70656000,payload,43648980,5456.1225,175922000,30533000,1407600,3234576589889759616,,8000,structured,,,,,,8000,8,,
rust,packstore,packstore.write_parallel,mixed-objects/writers-N/verify-false,8,3,8000,70656000,payload,45896694,5737.08675,163517000,43335000,1407600,3234576589889759616,,8000,structured,,,,,,8000,8,,
rust,packstore,packstore.write_parallel,mixed-objects/writers-N/verify-true,8,0,8000,70656000,payload,45361151,5670.143875,189070000,31337000,1407600,3234576589889759616,,8000,structured,,,,,,8000,8,,
rust,packstore,packstore.write_parallel,mixed-objects/writers-N/verify-true,8,1,8000,70656000,payload,44116954,5514.61925,179091000,41186000,1407600,3234576589889759616,,8000,structured,,,,,,8000,8,,
rust,packstore,packstore.write_parallel,mixed-objects/writers-N/verify-true,8,2,8000,70656000,payload,43827271,5478.408875,181553000,37925000,1407600,3234576589889759616,,8000,structured,,,,,,8000,8,,
rust,packstore,packstore.write_parallel,mixed-objects/writers-N/verify-true,8,3,8000,70656000,payload,46774591,5846.823875,183472000,36363000,1407600,3234576589889759616,,8000,structured,,,,,,8000,8,,
rust,reference,reference.decode,signed,1,0,256,81152,encoded,112525,439.55078125,111000,0,1407600,9423346386722356261,317,256,structured,,,,,,,1,,
rust,reference,reference.decode,signed,1,1,256,81152,encoded,105822,413.3671875,106000,0,1407600,9423346386722356261,317,256,structured,,,,,,,1,,
rust,reference,reference.decode,signed,1,2,256,81152,encoded,122865,479.94140625,123000,0,1407600,9423346386722356261,317,256,structured,,,,,,,1,,
rust,reference,reference.decode,signed,1,3,256,81152,encoded,116733,455.98828125,117000,0,1407600,9423346386722356261,317,256,structured,,,,,,,1,,
rust,reference,reference.encode,signed,1,0,256,81152,encoded,43683,170.63671875,45000,0,1407600,1558907671059768101,317,256,structured,,,,,,,1,,
rust,reference,reference.encode,signed,1,1,256,81152,encoded,42972,167.859375,43000,0,1407600,1558907671059768101,317,256,structured,,,,,,,1,,
rust,reference,reference.encode,signed,1,2,256,81152,encoded,39836,155.609375,40000,0,1407600,1558907671059768101,317,256,structured,,,,,,,1,,
rust,reference,reference.encode,signed,1,3,256,81152,encoded,43053,168.17578125,44000,0,1407600,1558907671059768101,317,256,structured,,,,,,,1,,
rust,reference,reference.signature_payload,signed,1,0,256,0,,46619,182.10546875,47000,0,1407600,5207887851867075365,,256,structured,,,,,,,1,,
rust,reference,reference.signature_payload,signed,1,1,256,0,,43954,171.6953125,45000,0,1407600,5207887851867075365,,256,structured,,,,,,,1,,
rust,reference,reference.signature_payload,signed,1,2,256,0,,43513,169.97265625,44000,0,1407600,5207887851867075365,,256,structured,,,,,,,1,,
rust,reference,reference.signature_payload,signed,1,3,256,0,,44335,173.18359375,45000,0,1407600,5207887851867075365,,256,structured,,,,,,,1,,
rust,reference,reference.validate_name,valid,1,0,256,0,,7605,29.70703125,8000,0,1407600,17539378016686813989,,256,structured,,,,,,,1,,
rust,reference,reference.validate_name,valid,1,1,256,0,,7585,29.62890625,8000,0,1407600,17539378016686813989,,256,structured,,,,,,,1,,
rust,reference,reference.validate_name,valid,1,2,256,0,,7564,29.546875,8000,0,1407600,17539378016686813989,,256,structured,,,,,,,1,,
rust,reference,reference.validate_name,valid,1,3,256,0,,7555,29.51171875,8000,0,1407600,17539378016686813989,,256,structured,,,,,,,1,,
rust,reference,reference.validate_user,valid,1,0,256,0,,19407,75.80859375,20000,0,1407600,17539378016686813989,,256,structured,,,,,,,1,,
rust,reference,reference.validate_user,valid,1,1,256,0,,22453,87.70703125,23000,0,1407600,17539378016686813989,,256,structured,,,,,,,1,,
rust,reference,reference.validate_user,valid,1,2,256,0,,23424,91.5,24000,0,1407600,17539378016686813989,,256,structured,,,,,,,1,,
rust,reference,reference.validate_user,valid,1,3,256,0,,23064,90.09375,24000,0,1407600,17539378016686813989,,256,structured,,,,,,,1,,
rust,refstore,refstore.all,records,1,0,5000,0,,755463,151.0926,754000,0,1407600,7892593287194926980,,1,structured,5000,,,,,,1,,
rust,refstore,refstore.all,records,1,1,5000,0,,804587,160.9174,558000,248000,1407600,7892593287194926980,,1,structured,5000,,,,,,1,,
rust,refstore,refstore.all,records,1,2,5000,0,,807553,161.5106,806000,0,1407600,7892593287194926980,,1,structured,5000,,,,,,1,,
rust,refstore,refstore.all,records,1,3,5000,0,,805959,161.1918,804000,0,1407600,7892593287194926980,,1,structured,5000,,,,,,1,,
rust,refstore,refstore.close,populated,1,0,1,0,,1370287,1370287.0,697000,0,1407600,9929646806074584996,,1,structured,5000,,,,,,1,,
rust,refstore,refstore.close,populated,1,1,1,0,,917463,917463.0,498000,222000,1407600,9929646806074584996,,1,structured,5000,,,,,,1,,
rust,refstore,refstore.close,populated,1,2,1,0,,920308,920308.0,707000,0,1407600,9929646806074584996,,1,structured,5000,,,,,,1,,
rust,refstore,refstore.close,populated,1,3,1,0,,921040,921040.0,712000,0,1407600,9929646806074584996,,1,structured,5000,,,,,,1,,
rust,refstore,refstore.delete,records,1,0,5000,0,,197702582,39540.5164,54742000,62250000,1407600,14982512862514255781,,5000,structured,5000,,,,,,1,,
rust,refstore,refstore.delete,records,1,1,5000,0,,197080373,39416.0746,63560000,53131000,1407600,14982512862514255781,,5000,structured,5000,,,,,,1,,
rust,refstore,refstore.delete,records,1,2,5000,0,,196885992,39377.1984,55815000,60695000,1407600,14982512862514255781,,5000,structured,5000,,,,,,1,,
rust,refstore,refstore.delete,records,1,3,5000,0,,198234477,39646.8954,46998000,70481000,1407600,14982512862514255781,,5000,structured,5000,,,,,,1,,
rust,refstore,refstore.get,hit,1,0,2000,0,,1118787,559.3935,1095000,21000,1407600,15973922035146887013,,2000,structured,5000,,,,,,1,,
rust,refstore,refstore.get,hit,1,1,2000,0,,1131211,565.6055,1125000,0,1407600,15973922035146887013,,2000,structured,5000,,,,,,1,,
rust,refstore,refstore.get,hit,1,2,2000,0,,1147623,573.8115,1084000,36000,1407600,15973922035146887013,,2000,structured,5000,,,,,,1,,
rust,refstore,refstore.get,hit,1,3,2000,0,,1115019,557.5095,75000,1037000,1407600,15973922035146887013,,2000,structured,5000,,,,,,1,,
rust,refstore,refstore.get,miss,1,0,2000,0,,685038,342.519,681000,0,1407600,15777377584200431653,,2000,structured,5000,,,,,,1,,
rust,refstore,refstore.get,miss,1,1,2000,0,,690519,345.2595,688000,0,1407600,15777377584200431653,,2000,structured,5000,,,,,,1,,
rust,refstore,refstore.get,miss,1,2,2000,0,,682874,341.437,471000,213000,1407600,15777377584200431653,,2000,structured,5000,,,,,,1,,
rust,refstore,refstore.get,miss,1,3,2000,0,,695058,347.529,691000,0,1407600,15777377584200431653,,2000,structured,5000,,,,,,1,,
rust,refstore,refstore.open,empty,1,0,1,0,,1250249,1250249.0,0,984000,1407600,9929646806074584996,,1,structured,,,,,,,1,,
rust,refstore,refstore.open,empty,1,1,1,0,,1277841,1277841.0,986000,0,1407600,9929646806074584996,,1,structured,,,,,,,1,,
rust,refstore,refstore.open,empty,1,2,1,0,,1260087,1260087.0,980000,0,1407600,9929646806074584996,,1,structured,,,,,,,1,,
rust,refstore,refstore.open,empty,1,3,1,0,,1270857,1270857.0,997000,0,1407600,9929646806074584996,,1,structured,,,,,,,1,,
rust,refstore,refstore.open,populated-reopen,1,0,1,0,,896302,896302.0,242000,110000,1407600,2318966388260340498,,1,structured,5000,,,,,,1,,
rust,refstore,refstore.open,populated-reopen,1,1,1,0,,903826,903826.0,244000,111000,1407600,2318966388260340498,,1,structured,5000,,,,,,1,,
rust,refstore,refstore.open,populated-reopen,1,2,1,0,,1476450,1476450.0,249000,113000,1407600,2318966388260340498,,1,structured,5000,,,,,,1,,
rust,refstore,refstore.open,populated-reopen,1,3,1,0,,905309,905309.0,245000,111000,1407600,2318966388260340498,,1,structured,5000,,,,,,1,,
rust,refstore,refstore.put,records/sync-false,1,0,5000,0,,218866029,43773.2058,57038000,68448000,1407600,14982512862514255781,,5000,structured,5000,,,,,,1,,
rust,refstore,refstore.put,records/sync-false,1,1,5000,0,,219955390,43991.078,60303000,65847000,1407600,14982512862514255781,,5000,structured,5000,,,,,,1,,
rust,refstore,refstore.put,records/sync-false,1,2,5000,0,,218512213,43702.4426,61304000,64136000,1407600,14982512862514255781,,5000,structured,5000,,,,,,1,,
rust,refstore,refstore.put,records/sync-false,1,3,5000,0,,219177153,43835.4306,74340000,51867000,1407600,14982512862514255781,,5000,structured,5000,,,,,,1,,
rust,refstore,refstore.put,records/sync-true,1,0,5000,0,,220289087,44057.8174,61537000,65164000,1407600,14982512862514255781,,5000,structured,5000,,,,,,1,,
rust,refstore,refstore.put,records/sync-true,1,1,5000,0,,219976580,43995.316,67541000,58902000,1407600,14982512862514255781,,5000,structured,5000,,,,,,1,,
rust,refstore,refstore.put,records/sync-true,1,2,5000,0,,219210277,43842.0554,58981000,67092000,1407600,14982512862514255781,,5000,structured,5000,,,,,,1,,
rust,refstore,refstore.put,records/sync-true,1,3,5000,0,,217898190,43579.638,55038000,69781000,1407600,14982512862514255781,,5000,structured,5000,,,,,,1,,
rust,refstore,refstore.put_batch,records/sync-false,1,0,5000,0,,4529392,905.8784,3231000,1075000,1407600,8710676069373506828,,5000,structured,5000,,,,,,1,,
rust,refstore,refstore.put_batch,records/sync-false,1,1,5000,0,,4521336,904.2672,3558000,749000,1407600,8710676069373506828,,5000,structured,5000,,,,,,1,,
rust,refstore,refstore.put_batch,records/sync-false,1,2,5000,0,,4548388,909.6776,4291000,35000,1407600,8710676069373506828,,5000,structured,5000,,,,,,1,,
rust,refstore,refstore.put_batch,records/sync-false,1,3,5000,0,,4534772,906.9544,3238000,1079000,1407600,8710676069373506828,,5000,structured,5000,,,,,,1,,
rust,refstore,refstore.wipe,records,1,0,1,0,,16436949,16436949.0,16288000,0,1407600,12161962213042174405,,1,structured,5000,,,,,,1,,
rust,refstore,refstore.wipe,records,1,1,1,0,,16250352,16250352.0,16089000,0,1407600,12161962213042174405,,1,structured,5000,,,,,,1,,
rust,refstore,refstore.wipe,records,1,2,1,0,,15999603,15999603.0,15164000,699000,1407600,12161962213042174405,,1,structured,5000,,,,,,1,,
rust,refstore,refstore.wipe,records,1,3,1,0,,15953996,15953996.0,14799000,1023000,1407600,12161962213042174405,,1,structured,5000,,,,,,1,,
rust,tar,tarexport.write,fixture-tree,1,0,5323,64294912,encoded,12177332,2287.6821341348864,12138000,0,1407600,4304777291239815761,,,tree,5323,,,,5323,,1,,
rust,tar,tarexport.write,fixture-tree,1,1,5323,64294912,encoded,12036342,2261.1951906819463,11987000,0,1407600,4304777291239815761,,,tree,5323,,,,5323,,1,,
rust,tar,tarexport.write,fixture-tree,1,2,5323,64294912,encoded,12020342,2258.1893668983657,11976000,0,1407600,4304777291239815761,,,tree,5323,,,,5323,,1,,
rust,tar,tarexport.write,fixture-tree,1,3,5323,64294912,encoded,12000163,2254.398459515311,11963000,0,1407600,4304777291239815761,,,tree,5323,,,,5323,,1,,
rust,tar,tarextract.extract,fixture-tree,1,0,5323,64294912,encoded,171739906,32263.743377794475,24346000,145825000,1407600,4304777291239815761,,,tree,5323,,,,5323,,1,,
rust,tar,tarextract.extract,fixture-tree,1,1,5323,64294912,encoded,171681354,32252.743565658464,21791000,147963000,1407600,4304777291239815761,,,tree,5323,,,,5323,,1,,
rust,tar,tarextract.extract,fixture-tree,1,2,5323,64294912,encoded,171147765,32152.501408979897,22841000,146449000,1407600,4304777291239815761,,,tree,5323,,,,5323,,1,,
rust,tar,tarextract.extract,fixture-tree,1,3,5323,64294912,encoded,171260149,32173.61431523577,13184000,156022000,1407600,4304777291239815761,,,tree,5323,,,,5323,,1,,
rust,amberignore,amberignore.descend,8-subdirs,1,4,512,0,,1605036,3134.8359375,1413000,192000,1369284,11838577130360562469,,,structured,512,1,,,,,1,,
rust,amberignore,amberignore.descend,8-subdirs,1,5,512,0,,1608472,3141.546875,726000,879000,1369284,11838577130360562469,,,structured,512,1,,,,,1,,
rust,amberignore,amberignore.descend,8-subdirs,1,6,512,0,,1608562,3141.72265625,361000,1244000,1369284,11838577130360562469,,,structured,512,1,,,,,1,,
rust,amberignore,amberignore.ignored,mixed-names,1,4,1024,0,,112946,110.298828125,114000,0,1369284,17033983874747237157,,,structured,1024,,,,,,1,,
rust,amberignore,amberignore.ignored,mixed-names,1,5,1024,0,,112945,110.2978515625,113000,0,1369284,17033983874747237157,,,structured,1024,,,,,,1,,
rust,amberignore,amberignore.ignored,mixed-names,1,6,1024,0,,113046,110.396484375,113000,0,1369284,17033983874747237157,,,structured,1024,,,,,,1,,
rust,amberignore,amberignore.ignored,nil-matcher,1,4,1024,0,,100,0.09765625,0,0,1369284,13389487554061181733,,,structured,1024,,,,,,1,,
rust,amberignore,amberignore.ignored,nil-matcher,1,5,1024,0,,90,0.087890625,0,0,1369284,13389487554061181733,,,structured,1024,,,,,,1,,
rust,amberignore,amberignore.ignored,nil-matcher,1,6,1024,0,,90,0.087890625,1000,0,1369284,13389487554061181733,,,structured,1024,,,,,,1,,
rust,amberignore,amberignore.root,load-root,1,4,64,0,,262111,4095.484375,0,263000,1369284,3808676317670837029,,,structured,64,,,,,,1,,
rust,amberignore,amberignore.root,load-root,1,5,64,0,,268112,4189.25,142000,127000,1369284,3808676317670837029,,,structured,64,,,,,,1,,
rust,amberignore,amberignore.root,load-root,1,6,64,0,,264786,4137.28125,174000,92000,1369284,3808676317670837029,,,structured,64,,,,,,1,,
rust,amberpack,amberpack.decode_payload,mixed-records/producer-go,1,4,500,10070344,encoded,5339470,10678.94,5328000,0,1369284,4860269593321461802,,500,structured,,,,,,500,1,,
rust,amberpack,amberpack.decode_payload,mixed-records/producer-go,1,5,500,10070344,encoded,5309302,10618.604,5270000,0,1369284,4860269593321461802,,500,structured,,,,,,500,1,,
rust,amberpack,amberpack.decode_payload,mixed-records/producer-go,1,6,500,10070344,encoded,5298561,10597.122,5270000,0,1369284,4860269593321461802,,500,structured,,,,,,500,1,,
rust,amberpack,amberpack.decode_payload,mixed-records/producer-rust,1,4,500,10053753,encoded,5110893,10221.786,5100000,0,1369284,4860269593321461802,,500,structured,,,,,,500,1,,
rust,amberpack,amberpack.decode_payload,mixed-records/producer-rust,1,5,500,10053753,encoded,5088390,10176.78,5063000,0,1369284,4860269593321461802,,500,structured,,,,,,500,1,,
rust,amberpack,amberpack.decode_payload,mixed-records/producer-rust,1,6,500,10053753,encoded,4938895,9877.79,4902000,0,1369284,4860269593321461802,,500,structured,,,,,,500,1,,
rust,amberpack,amberpack.encode_record,1MiB-duplicate,1,4,4,4194304,payload,1038795,259698.75,1038000,0,1369284,10804007899247999205,1048576,4,duplicate,,,,,,,1,item_bytes,duplicate
rust,amberpack,amberpack.encode_record,1MiB-duplicate,1,5,4,4194304,payload,1044144,261036.0,1042000,0,1369284,10804007899247999205,1048576,4,duplicate,,,,,,,1,item_bytes,duplicate
rust,amberpack,amberpack.encode_record,1MiB-duplicate,1,6,4,4194304,payload,1033895,258473.75,1031000,0,1369284,10804007899247999205,1048576,4,duplicate,,,,,,,1,item_bytes,duplicate
rust,amberpack,amberpack.encode_record,1MiB-random,1,4,4,4194304,payload,1032593,258148.25,1031000,0,1369284,16911360464488762320,1048576,4,random,,,,,,,1,item_bytes,random
rust,amberpack,amberpack.encode_record,1MiB-random,1,5,4,4194304,payload,1034516,258629.0,1033000,0,1369284,16911360464488762320,1048576,4,random,,,,,,,1,item_bytes,random
rust,amberpack,amberpack.encode_record,1MiB-random,1,6,4,4194304,payload,1032232,258058.0,1031000,0,1369284,16911360464488762320,1048576,4,random,,,,,,,1,item_bytes,random
rust,amberpack,amberpack.encode_record,1MiB-text,1,4,4,4194304,payload,7224862,1806215.5,7207000,0,1369284,1673694726349869155,1048576,4,text,,,,,,,1,item_bytes,text
rust,amberpack,amberpack.encode_record,1MiB-text,1,5,4,4194304,payload,7243367,1810841.75,7212000,0,1369284,1673694726349869155,1048576,4,text,,,,,,,1,item_bytes,text
rust,amberpack,amberpack.encode_record,1MiB-text,1,6,4,4194304,payload,7266170,1816542.5,7236000,0,1369284,1673694726349869155,1048576,4,text,,,,,,,1,item_bytes,text
rust,amberpack,amberpack.encode_record,4KiB-duplicate,1,4,1024,4194304,payload,4504916,4399.33203125,4484000,0,1369284,15163794708379116325,4096,1024,duplicate,,,,,,,1,item_bytes,duplicate
rust,amberpack,amberpack.encode_record,4KiB-duplicate,1,5,1024,4194304,payload,4550312,4443.6640625,4539000,0,1369284,15163794708379116325,4096,1024,duplicate,,,,,,,1,item_bytes,duplicate
rust,amberpack,amberpack.encode_record,4KiB-duplicate,1,6,1024,4194304,payload,4573597,4466.4033203125,4552000,0,1369284,15163794708379116325,4096,1024,duplicate,,,,,,,1,item_bytes,duplicate
rust,amberpack,amberpack.encode_record,4KiB-random,1,4,1024,4194304,payload,4774801,4662.8916015625,4764000,0,1369284,833230075664003548,4096,1024,random,,,,,,,1,item_bytes,random
rust,amberpack,amberpack.encode_record,4KiB-random,1,5,1024,4194304,payload,4813434,4700.619140625,4790000,0,1369284,833230075664003548,4096,1024,random,,,,,,,1,item_bytes,random
rust,amberpack,amberpack.encode_record,4KiB-random,1,6,1024,4194304,payload,4821530,4708.525390625,4798000,0,1369284,833230075664003548,4096,1024,random,,,,,,,1,item_bytes,random
rust,amberpack,amberpack.encode_record,4KiB-text,1,4,1024,4194304,payload,14450554,14111.869140625,14411000,0,1369284,5696723707548895206,4096,1024,text,,,,,,,1,item_bytes,text
rust,amberpack,amberpack.encode_record,4KiB-text,1,5,1024,4194304,payload,14614698,14272.166015625,14563000,0,1369284,5696723707548895206,4096,1024,text,,,,,,,1,item_bytes,text
rust,amberpack,amberpack.encode_record,4KiB-text,1,6,1024,4194304,payload,14459862,14120.958984375,14405000,0,1369284,5696723707548895206,4096,1024,text,,,,,,,1,item_bytes,text
rust,amberpack,amberpack.encode_record,empty,1,4,8000,0,payload,2302097,287.762125,2285000,0,1369284,18132281937839988517,,8000,empty,,,,,,,1,item_bytes,empty
rust,amberpack,amberpack.encode_record,empty,1,5,8000,0,payload,2289594,286.19925,2287000,0,1369284,18132281937839988517,,8000,empty,,,,,,,1,item_bytes,empty
rust,amberpack,amberpack.encode_record,empty,1,6,8000,0,payload,2286437,285.804625,2283000,0,1369284,18132281937839988517,,8000,empty,,,,,,,1,item_bytes,empty
rust,amberpack,amberpack.encode_record,large-8MiB-duplicate,1,4,2,16777216,payload,4146711,2073355.5,4125000,0,1369284,11090642185545363909,8388608,2,duplicate,,,,,,,1,item_bytes,duplicate
rust,amberpack,amberpack.encode_record,large-8MiB-duplicate,1,5,2,16777216,payload,4143906,2071953.0,4135000,0,1369284,11090642185545363909,8388608,2,duplicate,,,,,,,1,item_bytes,duplicate
rust,amberpack,amberpack.encode_record,large-8MiB-duplicate,1,6,2,16777216,payload,4136121,2068060.5,4112000,0,1369284,11090642185545363909,8388608,2,duplicate,,,,,,,1,item_bytes,duplicate
rust,amberpack,amberpack.encode_record,large-8MiB-random,1,4,1,8388608,payload,2077338,2077338.0,2061000,0,1369284,16023285418421674942,8388608,1,random,,,,,,,1,item_bytes,random
rust,amberpack,amberpack.encode_record,large-8MiB-random,1,5,1,8388608,payload,2060346,2060346.0,2056000,0,1369284,16023285418421674942,8388608,1,random,,,,,,,1,item_bytes,random
rust,amberpack,amberpack.encode_record,large-8MiB-random,1,6,1,8388608,payload,2058101,2058101.0,2055000,0,1369284,16023285418421674942,8388608,1,random,,,,,,,1,item_bytes,random
rust,amberpack,amberpack.encode_record,large-8MiB-text,1,4,1,8388608,payload,14086068,14086068.0,14025000,0,1369284,9748008301829938607,8388608,1,text,,,,,,,1,item_bytes,text
rust,amberpack,amberpack.encode_record,large-8MiB-text,1,5,1,8388608,payload,14065920,14065920.0,14018000,0,1369284,9748008301829938607,8388608,1,text,,,,,,,1,item_bytes,text
rust,amberpack,amberpack.encode_record,large-8MiB-text,1,6,1,8388608,payload,14036894,14036894.0,13978000,0,1369284,9748008301829938607,8388608,1,text,,,,,,,1,item_bytes,text
rust,amberpack,amberpack.encode_record,tiny-64B-duplicate,1,4,16384,1048576,payload,10528782,642.6258544921875,10476000,0,1369284,15118262615421100837,64,16384,duplicate,,,,,,,1,item_bytes,duplicate
rust,amberpack,amberpack.encode_record,tiny-64B-duplicate,1,5,16384,1048576,payload,10511650,641.5802001953125,10480000,0,1369284,15118262615421100837,64,16384,duplicate,,,,,,,1,item_bytes,duplicate
rust,amberpack,amberpack.encode_record,tiny-64B-duplicate,1,6,16384,1048576,payload,10468648,638.95556640625,10438000,0,1369284,15118262615421100837,64,16384,duplicate,,,,,,,1,item_bytes,duplicate
rust,amberpack,amberpack.encode_record,tiny-64B-random,1,4,16384,1048576,payload,10647228,649.855224609375,10602000,0,1369284,13667126546932280967,64,16384,random,,,,,,,1,item_bytes,random
rust,amberpack,amberpack.encode_record,tiny-64B-random,1,5,16384,1048576,payload,10585651,646.0968627929688,10556000,0,1369284,13667126546932280967,64,16384,random,,,,,,,1,item_bytes,random
rust,amberpack,amberpack.encode_record,tiny-64B-random,1,6,16384,1048576,payload,10511499,641.5709838867188,10479000,0,1369284,13667126546932280967,64,16384,random,,,,,,,1,item_bytes,random
rust,amberpack,amberpack.encode_record,tiny-64B-text,1,4,16384,1048576,payload,18997229,1159.4988403320312,18936000,0,1369284,4540674614208161150,64,16384,text,,,,,,,1,item_bytes,text
rust,amberpack,amberpack.encode_record,tiny-64B-text,1,5,16384,1048576,payload,19003962,1159.9097900390625,18915000,0,1369284,4540674614208161150,64,16384,text,,,,,,,1,item_bytes,text
rust,amberpack,amberpack.encode_record,tiny-64B-text,1,6,16384,1048576,payload,19043327,1162.3124389648438,18982000,0,1369284,4540674614208161150,64,16384,text,,,,,,,1,item_bytes,text
rust,amberpack,amberpack.parse_record,corrupt-crc/producer-go,1,4,256,0,,26190,102.3046875,27000,0,1369284,17539378016686813989,,256,structured,,,,,,,1,,
rust,amberpack,amberpack.parse_record,corrupt-crc/producer-go,1,5,256,0,,26080,101.875,26000,0,1369284,17539378016686813989,,256,structured,,,,,,,1,,
rust,amberpack,amberpack.parse_record,corrupt-crc/producer-go,1,6,256,0,,26050,101.7578125,26000,0,1369284,17539378016686813989,,256,structured,,,,,,,1,,
rust,amberpack,amberpack.parse_record,corrupt-crc/producer-rust,1,4,256,0,,26040,101.71875,27000,0,1369284,17539378016686813989,,256,structured,,,,,,,1,,
rust,amberpack,amberpack.parse_record,corrupt-crc/producer-rust,1,5,256,0,,26060,101.796875,27000,0,1369284,17539378016686813989,,256,structured,,,,,,,1,,
rust,amberpack,amberpack.parse_record,corrupt-crc/producer-rust,1,6,256,0,,26040,101.71875,26000,0,1369284,17539378016686813989,,256,structured,,,,,,,1,,
rust,amberpack,amberpack.parse_record,mixed-records/producer-go,1,4,500,10070344,encoded,1137443,2274.886,1135000,0,1369284,7325024220447414200,,500,structured,,,,,,500,1,,
rust,amberpack,amberpack.parse_record,mixed-records/producer-go,1,5,500,10070344,encoded,1137503,2275.006,1136000,0,1369284,7325024220447414200,,500,structured,,,,,,500,1,,
rust,amberpack,amberpack.parse_record,mixed-records/producer-go,1,6,500,10070344,encoded,1130549,2261.098,1128000,0,1369284,7325024220447414200,,500,structured,,,,,,500,1,,
rust,amberpack,amberpack.parse_record,mixed-records/producer-rust,1,4,500,10053753,encoded,1134617,2269.234,1133000,0,1369284,15082506208932262024,,500,structured,,,,,,500,1,,
rust,amberpack,amberpack.parse_record,mixed-records/producer-rust,1,5,500,10053753,encoded,1134757,2269.514,1132000,0,1369284,15082506208932262024,,500,structured,,,,,,500,1,,
rust,amberpack,amberpack.parse_record,mixed-records/producer-rust,1,6,500,10053753,encoded,1137202,2274.404,1135000,0,1369284,15082506208932262024,,500,structured,,,,,,500,1,,
rust,amberpack,amberpack.reader_all,mixed-objects/producer-go,1,4,500,10070344,encoded,6857690,13715.38,6840000,0,1369284,8309917618078602499,,500,structured,,,,,,500,1,,
rust,amberpack,amberpack.reader_all,mixed-objects/producer-go,1,5,500,10070344,encoded,6696783,13393.566,6668000,0,1369284,8309917618078602499,,500,structured,,,,,,500,1,,
rust,amberpack,amberpack.reader_all,mixed-objects/producer-go,1,6,500,10070344,encoded,6692955,13385.91,6664000,0,1369284,8309917618078602499,,500,structured,,,,,,500,1,,
rust,amberpack,amberpack.reader_all,mixed-objects/producer-rust,1,4,500,10053753,encoded,6272803,12545.606,6246000,0,1369284,8309917618078602499,,500,structured,,,,,,500,1,,
rust,amberpack,amberpack.reader_all,mixed-objects/producer-rust,1,5,500,10053753,encoded,6352355,12704.71,6324000,0,1369284,8309917618078602499,,500,structured,,,,,,500,1,,
rust,amberpack,amberpack.reader_all,mixed-objects/producer-rust,1,6,500,10053753,encoded,6299954,12599.908,6284000,0,1369284,8309917618078602499,,500,structured,,,,,,500,1,,
rust,amberpack,amberpack.reader_all,truncated-stream/producer-go,1,4,64,0,,209735206,3277112.59375,208910000,0,1369284,9489642868898812965,5035172,64,structured,,,,,,,1,,
rust,amberpack,amberpack.reader_all,truncated-stream/producer-go,1,5,64,0,,209758391,3277474.859375,208921000,0,1369284,9489642868898812965,5035172,64,structured,,,,,,,1,,
rust,amberpack,amberpack.reader_all,truncated-stream/producer-go,1,6,64,0,,209932653,3280197.703125,209105000,0,1369284,9489642868898812965,5035172,64,structured,,,,,,,1,,
rust,amberpack,amberpack.reader_all,truncated-stream/producer-rust,1,4,64,0,,196769949,3074530.453125,196012000,0,1369284,9489642868898812965,5026876,64,structured,,,,,,,1,,
rust,amberpack,amberpack.reader_all,truncated-stream/producer-rust,1,5,64,0,,196664748,3072886.6875,195904000,0,1369284,9489642868898812965,5026876,64,structured,,,,,,,1,,
rust,amberpack,amberpack.reader_all,truncated-stream/producer-rust,1,6,64,0,,196770010,3074531.40625,195998000,0,1369284,9489642868898812965,5026876,64,structured,,,,,,,1,,
rust,amberpack,amberpack.reader_records,mixed-objects/producer-go,1,4,500,10070344,encoded,1414272,2828.544,1414000,0,1369284,13551615618179880529,,500,structured,,,,,,500,1,,
rust,amberpack,amberpack.reader_records,mixed-objects/producer-go,1,5,500,10070344,encoded,1411636,2823.272,1407000,0,1369284,13551615618179880529,,500,structured,,,,,,500,1,,
rust,amberpack,amberpack.reader_records,mixed-objects/producer-go,1,6,500,10070344,encoded,1411416,2822.832,1409000,0,1369284,13551615618179880529,,500,structured,,,,,,500,1,,
rust,amberpack,amberpack.reader_records,mixed-objects/producer-rust,1,4,500,10053753,encoded,1403782,2807.564,1402000,0,1369284,4451174990343454638,,500,structured,,,,,,500,1,,
rust,amberpack,amberpack.reader_records,mixed-objects/producer-rust,1,5,500,10053753,encoded,1411016,2822.032,1405000,0,1369284,4451174990343454638,,500,structured,,,,,,500,1,,
rust,amberpack,amberpack.reader_records,mixed-objects/producer-rust,1,6,500,10053753,encoded,1406547,2813.094,1405000,0,1369284,4451174990343454638,,500,structured,,,,,,500,1,,
rust,amberpack,amberpack.writer_add,mixed-objects,1,4,500,16960000,payload,19985518,39971.036,19913000,0,1369284,9051759507606592069,,500,structured,,,,,,500,1,,
rust,amberpack,amberpack.writer_add,mixed-objects,1,5,500,16960000,payload,19989405,39978.81,19839000,0,1369284,9051759507606592069,,500,structured,,,,,,500,1,,
rust,amberpack,amberpack.writer_add,mixed-objects,1,6,500,16960000,payload,19875738,39751.476,19804000,0,1369284,9051759507606592069,,500,structured,,,,,,500,1,,
rust,amberpack,amberpack.writer_add_record,pre-encoded-records/producer-go,1,4,500,10070344,encoded,3737,7.474,5000,0,1369284,4408672499635271307,,500,structured,,,,,,500,1,,
rust,amberpack,amberpack.writer_add_record,pre-encoded-records/producer-go,1,5,500,10070344,encoded,3687,7.374,4000,0,1369284,4408672499635271307,,500,structured,,,,,,500,1,,
rust,amberpack,amberpack.writer_add_record,pre-encoded-records/producer-go,1,6,500,10070344,encoded,3647,7.294,5000,0,1369284,4408672499635271307,,500,structured,,,,,,500,1,,
rust,amberpack,amberpack.writer_add_record,pre-encoded-records/producer-rust,1,4,500,10053753,encoded,3687,7.374,4000,0,1369284,9051759507606592069,,500,structured,,,,,,500,1,,
rust,amberpack,amberpack.writer_add_record,pre-encoded-records/producer-rust,1,5,500,10053753,encoded,3688,7.376,5000,0,1369284,9051759507606592069,,500,structured,,,,,,500,1,,
rust,amberpack,amberpack.writer_add_record,pre-encoded-records/producer-rust,1,6,500,10053753,encoded,3597,7.194,4000,0,1369284,9051759507606592069,,500,structured,,,,,,500,1,,
rust,binaryfuse,binaryfuse.contains,store-keys/rust-only,1,4,30000,0,,86044,2.868133333333333,87000,0,1369284,30000,,,,,,,,,,1,,
rust,binaryfuse,binaryfuse.contains,store-keys/rust-only,1,5,30000,0,,85914,2.8638,86000,0,1369284,30000,,,,,,,,,,1,,
rust,binaryfuse,binaryfuse.contains,store-keys/rust-only,1,6,30000,0,,85964,2.865466666666667,87000,0,1369284,30000,,,,,,,,,,1,,
rust,binaryfuse,binaryfuse.new,store-keys/rust-only,1,4,30000,0,,464196,15.4732,463000,0,1369284,73757,,,,,,,,,,1,,
rust,binaryfuse,binaryfuse.new,store-keys/rust-only,1,5,30000,0,,458576,15.285866666666667,460000,0,1369284,73757,,,,,,,,,,1,,
rust,binaryfuse,binaryfuse.new,store-keys/rust-only,1,6,30000,0,,461221,15.374033333333333,460000,0,1369284,73757,,,,,,,,,,1,,
rust,binaryfuse,binaryfuse.parse_section,store-keys/rust-only,1,4,16,0,,29476,1842.25,30000,0,1369284,16,,,,,,,,,,1,,
rust,binaryfuse,binaryfuse.parse_section,store-keys/rust-only,1,5,16,0,,29416,1838.5,30000,0,1369284,16,,,,,,,,,,1,,
rust,binaryfuse,binaryfuse.parse_section,store-keys/rust-only,1,6,16,0,,29396,1837.25,29000,0,1369284,16,,,,,,,,,,1,,
rust,binaryfuse,binaryfuse.section_bytes,store-keys/rust-only,1,4,16,0,,39345,2459.0625,40000,0,1369284,1180112,,,,,,,,,,1,,
rust,binaryfuse,binaryfuse.section_bytes,store-keys/rust-only,1,5,16,0,,39295,2455.9375,40000,0,1369284,1180112,,,,,,,,,,1,,
rust,binaryfuse,binaryfuse.section_bytes,store-keys/rust-only,1,6,16,0,,39355,2459.6875,40000,0,1369284,1180112,,,,,,,,,,1,,
rust,cbor,cbor.decode_xattrs,xattrs-3,1,4,64,4544,encoded,10911,170.484375,11000,0,1369284,10124439526398863653,71,64,structured,3,,,,,,1,,
rust,cbor,cbor.decode_xattrs,xattrs-3,1,5,64,4544,encoded,11071,172.984375,11000,0,1369284,10124439526398863653,71,64,structured,3,,,,,,1,,
rust,cbor,cbor.decode_xattrs,xattrs-3,1,6,64,4544,encoded,11081,173.140625,12000,0,1369284,10124439526398863653,71,64,structured,3,,,,,,1,,
rust,cbor,cbor.decode_xattrs,xattrs-64,1,4,64,282752,encoded,358475,5601.171875,359000,0,1369284,5919729855399850789,4418,64,structured,64,,,,,,1,,
rust,cbor,cbor.decode_xattrs,xattrs-64,1,5,64,282752,encoded,361431,5647.359375,362000,0,1369284,5919729855399850789,4418,64,structured,64,,,,,,1,,
rust,cbor,cbor.decode_xattrs,xattrs-64,1,6,64,282752,encoded,356150,5564.84375,355000,0,1369284,5919729855399850789,4418,64,structured,64,,,,,,1,,
rust,cbor,cbor.encode_xattrs,xattrs-3,1,4,64,4544,encoded,15199,237.484375,16000,0,1369284,7087683166235696933,71,64,structured,3,,,,,,1,,
rust,cbor,cbor.encode_xattrs,xattrs-3,1,5,64,4544,encoded,15119,236.234375,16000,0,1369284,7087683166235696933,71,64,structured,3,,,,,,1,,
rust,cbor,cbor.encode_xattrs,xattrs-3,1,6,64,4544,encoded,14918,233.09375,16000,0,1369284,7087683166235696933,71,64,structured,3,,,,,,1,,
rust,cbor,cbor.encode_xattrs,xattrs-64,1,4,64,282752,encoded,288862,4513.46875,288000,0,1369284,7055603837320979365,4418,64,structured,64,,,,,,1,,
rust,cbor,cbor.encode_xattrs,xattrs-64,1,5,64,282752,encoded,286537,4477.140625,287000,0,1369284,7055603837320979365,4418,64,structured,64,,,,,,1,,
rust,cbor,cbor.encode_xattrs,xattrs-64,1,6,64,282752,encoded,290004,4531.3125,290000,0,1369284,7055603837320979365,4418,64,structured,64,,,,,,1,,
rust,cbor,cbor.head_primitives,append+read/rust-only,1,4,16384,0,,82988,5.065185546875,84000,0,1369284,12836905238751536933,,,,,,,,,,1,,
rust,cbor,cbor.head_primitives,append+read/rust-only,1,5,16384,0,,83008,5.06640625,83000,0,1369284,12836905238751536933,,,,,,,,,,1,,
rust,cbor,cbor.head_primitives,append+read/rust-only,1,6,16384,0,,82959,5.06341552734375,84000,0,1369284,12836905238751536933,,,,,,,,,,1,,
rust,chunkers,chunkers.item_chunker,is_boundary/bits-7,1,4,2000,0,,65024,32.512,65000,0,1369284,13540704555984963781,32,2000,structured,,,,,,,1,,
rust,chunkers,chunkers.item_chunker,is_boundary/bits-7,1,5,2000,0,,65034,32.517,65000,0,1369284,13540704555984963781,32,2000,structured,,,,,,,1,,
rust,chunkers,chunkers.item_chunker,is_boundary/bits-7,1,6,2000,0,,64994,32.497,65000,0,1369284,13540704555984963781,32,2000,structured,,,,,,,1,,
rust,chunkers,chunkers.new_item_chunker,bits-4..12,1,4,2304,0,,29857,12.95876736111111,31000,0,1369284,10832436384879348517,,2304,structured,,,,,,,1,,
rust,chunkers,chunkers.new_item_chunker,bits-4..12,1,5,2304,0,,29857,12.95876736111111,30000,0,1369284,10832436384879348517,,2304,structured,,,,,,,1,,
rust,chunkers,chunkers.new_item_chunker,bits-4..12,1,6,2304,0,,29867,12.96310763888889,31000,0,1369284,10832436384879348517,,2304,structured,,,,,,,1,,
rust,chunkers,chunkers.split_bytes,compressible/4-16-64KiB,1,4,1024,67108864,payload,41374576,40404.859375,41206000,0,1369284,9068445193624773413,67108864,1,text,1024,,,,,,1,,
rust,chunkers,chunkers.split_bytes,compressible/4-16-64KiB,1,5,1024,67108864,payload,41079231,40116.4365234375,40912000,0,1369284,9068445193624773413,67108864,1,text,1024,,,,,,1,,
rust,chunkers,chunkers.split_bytes,compressible/4-16-64KiB,1,6,1024,67108864,payload,41068401,40105.8603515625,40913000,0,1369284,9068445193624773413,67108864,1,text,1024,,,,,,1,,
rust,chunkers,chunkers.split_bytes,compressible/default-sizes,1,4,64,67108864,payload,42246782,660105.96875,42079000,0,1369284,7216463888747825957,67108864,1,text,64,,,,,,1,,
rust,chunkers,chunkers.split_bytes,compressible/default-sizes,1,5,64,67108864,payload,42303930,660998.90625,42135000,0,1369284,7216463888747825957,67108864,1,text,64,,,,,,1,,
rust,chunkers,chunkers.split_bytes,compressible/default-sizes,1,6,64,67108864,payload,42243916,660061.1875,42080000,0,1369284,7216463888747825957,67108864,1,text,64,,,,,,1,,
rust,chunkers,chunkers.split_bytes,random/default-sizes,1,4,881,67108864,payload,39229829,44528.750283768444,39073000,0,1369284,4335383197352982352,67108864,1,random,881,,,,,,1,,
rust,chunkers,chunkers.split_bytes,random/default-sizes,1,5,881,67108864,payload,38934575,44193.615209988646,38789000,0,1369284,4335383197352982352,67108864,1,random,881,,,,,,1,,
rust,chunkers,chunkers.split_bytes,random/default-sizes,1,6,881,67108864,payload,38841186,44087.61180476731,38671000,0,1369284,4335383197352982352,67108864,1,random,881,,,,,,1,,
rust,chunkers,chunkers.split_bytes,tiny-64KiB/default-sizes,1,4,1,65536,payload,21842,21842.0,23000,0,1369284,14713704181997794188,65536,1,text,1,,,,,,1,,
rust,chunkers,chunkers.split_bytes,tiny-64KiB/default-sizes,1,5,1,65536,payload,22012,22012.0,23000,0,1369284,14713704181997794188,65536,1,text,1,,,,,,1,,
rust,chunkers,chunkers.split_bytes,tiny-64KiB/default-sizes,1,6,1,65536,payload,21661,21661.0,22000,0,1369284,14713704181997794188,65536,1,text,1,,,,,,1,,
rust,fstree,fstree.check_complete,incomplete/jobs-1,1,4,1,0,,5390,5390.0,6000,0,1369284,15567951148124569360,,,structured,16,,,wide,,,1,,
rust,fstree,fstree.check_complete,incomplete/jobs-1,1,5,1,0,,5882,5882.0,6000,0,1369284,15567951148124569360,,,structured,16,,,wide,,,1,,
rust,fstree,fstree.check_complete,incomplete/jobs-1,1,6,1,0,,5340,5340.0,5000,0,1369284,15567951148124569360,,,structured,16,,,wide,,,1,,
rust,fstree,fstree.check_complete,widest/jobs-1,1,4,40257,0,,11005894,273.390814019922,10956000,0,1369284,8781341933545400491,,,structured,40000,,40000,wide,,40257,1,,
rust,fstree,fstree.check_complete,widest/jobs-1,1,5,40257,0,,10969294,272.48165536428445,10929000,0,1369284,8781341933545400491,,,structured,40000,,40000,wide,,40257,1,,
rust,fstree,fstree.check_complete,widest/jobs-1,1,6,40257,0,,10997678,273.1867252900117,10960000,0,1369284,8781341933545400491,,,structured,40000,,40000,wide,,40257,1,,
rust,fstree,fstree.check_complete,widest/jobs-N,8,4,40257,0,,5075065,126.06664679434633,24625000,0,1369284,8781341933545400491,,,structured,40000,,40000,wide,,40257,8,,
rust,fstree,fstree.check_complete,widest/jobs-N,8,5,40257,0,,5174795,128.54397992895645,25265000,0,1369284,8781341933545400491,,,structured,40000,,40000,wide,,40257,8,,
rust,fstree,fstree.check_complete,widest/jobs-N,8,6,40257,0,,5480729,136.14350299326824,27870000,0,1369284,8781341933545400491,,,structured,40000,,40000,wide,,40257,8,,
rust,fstree,fstree.check_complete,width-16/jobs-1,1,4,17,0,,5170,304.11764705882354,6000,0,1369284,8753205170136912308,,,structured,16,,16,wide,,17,1,width,plain
rust,fstree,fstree.check_complete,width-16/jobs-1,1,5,17,0,,5440,320.0,6000,0,1369284,8753205170136912308,,,structured,16,,16,wide,,17,1,width,plain
rust,fstree,fstree.check_complete,width-16/jobs-1,1,6,17,0,,5220,307.05882352941177,5000,0,1369284,8753205170136912308,,,structured,16,,16,wide,,17,1,width,plain
rust,fstree,fstree.check_complete,width-256/jobs-1,1,4,259,0,,69523,268.42857142857144,70000,0,1369284,10166096353870829249,,,structured,256,,256,wide,,259,1,width,plain
rust,fstree,fstree.check_complete,width-256/jobs-1,1,5,259,0,,70053,270.4749034749035,70000,0,1369284,10166096353870829249,,,structured,256,,256,wide,,259,1,width,plain
rust,fstree,fstree.check_complete,width-256/jobs-1,1,6,259,0,,79051,305.2162162162162,71000,0,1369284,10166096353870829249,,,structured,256,,256,wide,,259,1,width,plain
rust,fstree,fstree.check_complete,width-40000/jobs-1,1,4,40257,0,,10997277,273.17676428944037,10947000,0,1369284,8781341933545400491,,,structured,40000,,40000,wide,,40257,1,width,plain
rust,fstree,fstree.check_complete,width-40000/jobs-1,1,5,40257,0,,11037064,274.16508930123956,10993000,0,1369284,8781341933545400491,,,structured,40000,,40000,wide,,40257,1,width,plain
rust,fstree,fstree.check_complete,width-40000/jobs-1,1,6,40257,0,,10952272,272.0588220682117,10913000,0,1369284,8781341933545400491,,,structured,40000,,40000,wide,,40257,1,width,plain
rust,fstree,fstree.check_complete,width-4096/jobs-1,1,4,4122,0,,1141871,277.0186802523047,1137000,0,1369284,2551262535976545999,,,structured,4096,,4096,wide,,4122,1,width,plain
rust,fstree,fstree.check_complete,width-4096/jobs-1,1,5,4122,0,,1147382,278.3556525958273,1145000,0,1369284,2551262535976545999,,,structured,4096,,4096,wide,,4122,1,width,plain
rust,fstree,fstree.check_complete,width-4096/jobs-1,1,6,4122,0,,1132553,274.7581271227559,1130000,0,1369284,2551262535976545999,,,structured,4096,,4096,wide,,4122,1,width,plain
rust,fstree,fstree.child_keys,dir-leaf-128,1,4,64,0,,1859211,29050.171875,1858000,0,1369284,9537427053040457253,,64,structured,128,,,,,,1,,
rust,fstree,fstree.child_keys,dir-leaf-128,1,5,64,0,,1877456,29335.25,1873000,0,1369284,9537427053040457253,,64,structured,128,,,,,,1,,
rust,fstree,fstree.child_keys,dir-leaf-128,1,6,64,0,,1879059,29360.296875,1875000,0,1369284,9537427053040457253,,64,structured,128,,,,,,1,,
rust,fstree,fstree.child_keys,dir-node-128,1,4,64,0,,901502,14085.96875,901000,0,1369284,1477312231372574501,,64,structured,128,,,,,,1,,
rust,fstree,fstree.child_keys,dir-node-128,1,5,64,0,,901983,14093.484375,900000,0,1369284,1477312231372574501,,64,structured,128,,,,,,1,,
rust,fstree,fstree.child_keys,dir-node-128,1,6,64,0,,902684,14104.4375,901000,0,1369284,1477312231372574501,,64,structured,128,,,,,,1,,
rust,fstree,fstree.child_keys,file-node-1024,1,4,64,0,,4605087,71954.484375,4590000,0,1369284,7701241629847960229,,64,structured,1024,,,,,,1,,
rust,fstree,fstree.child_keys,file-node-1024,1,5,64,0,,4633471,72397.984375,4608000,0,1369284,7701241629847960229,,64,structured,1024,,,,,,1,,
rust,fstree,fstree.child_keys,file-node-1024,1,6,64,0,,4600087,71876.359375,4575000,0,1369284,7701241629847960229,,64,structured,1024,,,,,,1,,
rust,fstree,fstree.collect_entries,width-16,1,4,16,0,,3838,239.875,4000,0,1369284,8341622732183221560,,,structured,16,1,16,wide,,17,1,width,plain
rust,fstree,fstree.collect_entries,width-16,1,5,16,0,,3677,229.8125,4000,0,1369284,8341622732183221560,,,structured,16,1,16,wide,,17,1,width,plain
rust,fstree,fstree.collect_entries,width-16,1,6,16,0,,3877,242.3125,4000,0,1369284,8341622732183221560,,,structured,16,1,16,wide,,17,1,width,plain
rust,fstree,fstree.collect_entries,width-256,1,4,256,0,,57019,222.73046875,57000,0,1369284,5488379839664258588,,,structured,256,1,256,wide,,259,1,width,plain
rust,fstree,fstree.collect_entries,width-256,1,5,256,0,,57220,223.515625,57000,0,1369284,5488379839664258588,,,structured,256,1,256,wide,,259,1,width,plain
rust,fstree,fstree.collect_entries,width-256,1,6,256,0,,57750,225.5859375,58000,0,1369284,5488379839664258588,,,structured,256,1,256,wide,,259,1,width,plain
rust,fstree,fstree.collect_entries,width-40000,1,4,40000,0,,8900513,222.512825,8865000,0,1369284,14993720166178614202,,,structured,40000,1,40000,wide,,40257,1,width,plain
rust,fstree,fstree.collect_entries,width-40000,1,5,40000,0,,8885944,222.1486,8848000,0,1369284,14993720166178614202,,,structured,40000,1,40000,wide,,40257,1,width,plain
rust,fstree,fstree.collect_entries,width-40000,1,6,40000,0,,8912385,222.809625,8874000,0,1369284,14993720166178614202,,,structured,40000,1,40000,wide,,40257,1,width,plain
rust,fstree,fstree.collect_entries,width-4096,1,4,4096,0,,916811,223.830810546875,915000,0,1369284,13256494381648301123,,,structured,4096,1,4096,wide,,4122,1,width,plain
rust,fstree,fstree.collect_entries,width-4096,1,5,4096,0,,912814,222.85498046875,913000,0,1369284,13256494381648301123,,,structured,4096,1,4096,wide,,4122,1,width,plain
rust,fstree,fstree.collect_entries,width-4096,1,6,4096,0,,918665,224.283447265625,917000,0,1369284,13256494381648301123,,,structured,4096,1,4096,wide,,4122,1,width,plain
rust,fstree,fstree.decode_dir_leaf,entries-1024,1,4,65536,4849856,encoded,14119492,215.44635009765625,14068000,0,1369284,4752332038147119141,75779,64,structured,1024,,,leaf,,,1,entries,plain
rust,fstree,fstree.decode_dir_leaf,entries-1024,1,5,65536,4849856,encoded,14131785,215.63392639160156,14075000,0,1369284,4752332038147119141,75779,64,structured,1024,,,leaf,,,1,entries,plain
rust,fstree,fstree.decode_dir_leaf,entries-1024,1,6,65536,4849856,encoded,14115073,215.37892150878906,14067000,0,1369284,4752332038147119141,75779,64,structured,1024,,,leaf,,,1,entries,plain
rust,fstree,fstree.decode_dir_leaf,entries-128,1,4,8192,606336,encoded,1742919,212.7586669921875,1740000,0,1369284,13453085420543655461,9474,64,structured,128,,,leaf,,,1,entries,plain
rust,fstree,fstree.decode_dir_leaf,entries-128,1,5,8192,606336,encoded,1745604,213.08642578125,1742000,0,1369284,13453085420543655461,9474,64,structured,128,,,leaf,,,1,entries,plain
rust,fstree,fstree.decode_dir_leaf,entries-128,1,6,8192,606336,encoded,1745825,213.1134033203125,1742000,0,1369284,13453085420543655461,9474,64,structured,128,,,leaf,,,1,entries,plain
rust,fstree,fstree.decode_dir_leaf,entries-128-partial-change,1,4,8192,680064,encoded,1838793,224.4620361328125,1836000,0,1369284,868920460316997157,10626,64,partial-change,128,,,leaf,,,1,entries,partial-change
rust,fstree,fstree.decode_dir_leaf,entries-128-partial-change,1,5,8192,680064,encoded,1840656,224.689453125,1837000,0,1369284,868920460316997157,10626,64,partial-change,128,,,leaf,,,1,entries,partial-change
rust,fstree,fstree.decode_dir_leaf,entries-128-partial-change,1,6,8192,680064,encoded,1840095,224.6209716796875,1836000,0,1369284,868920460316997157,10626,64,partial-change,128,,,leaf,,,1,entries,partial-change
rust,fstree,fstree.decode_dir_leaf,entries-128-with-xattrs,1,4,8192,680064,encoded,1835656,224.0791015625,1834000,0,1369284,13453085420543655461,10626,64,structured,128,,,leaf,,,1,entries,with-xattrs
rust,fstree,fstree.decode_dir_leaf,entries-128-with-xattrs,1,5,8192,680064,encoded,1838232,224.3935546875,1834000,0,1369284,13453085420543655461,10626,64,structured,128,,,leaf,,,1,entries,with-xattrs
rust,fstree,fstree.decode_dir_leaf,entries-128-with-xattrs,1,6,8192,680064,encoded,1842009,224.8546142578125,1839000,0,1369284,13453085420543655461,10626,64,structured,128,,,leaf,,,1,entries,with-xattrs
rust,fstree,fstree.decode_dir_leaf,entries-8,1,4,512,37952,encoded,108958,212.80859375,109000,0,1369284,13863560569644134693,593,64,structured,8,,,leaf,,,1,entries,plain
rust,fstree,fstree.decode_dir_leaf,entries-8,1,5,512,37952,encoded,114909,224.431640625,113000,0,1369284,13863560569644134693,593,64,structured,8,,,leaf,,,1,entries,plain
rust,fstree,fstree.decode_dir_leaf,entries-8,1,6,512,37952,encoded,111152,217.09375,111000,0,1369284,13863560569644134693,593,64,structured,8,,,leaf,,,1,entries,plain
rust,fstree,fstree.decode_dir_node,pairs-1024,1,4,65536,3276992,encoded,6532569,99.67909240722656,6518000,0,1369284,11961031557855502117,51203,64,structured,1024,,,index,,,1,entries,plain
rust,fstree,fstree.decode_dir_node,pairs-1024,1,5,65536,3276992,encoded,6582173,100.43598937988281,6544000,0,1369284,11961031557855502117,51203,64,structured,1024,,,index,,,1,entries,plain
rust,fstree,fstree.decode_dir_node,pairs-1024,1,6,65536,3276992,encoded,6551606,99.96957397460938,6522000,0,1369284,11961031557855502117,51203,64,structured,1024,,,index,,,1,entries,plain
rust,fstree,fstree.decode_dir_node,pairs-128,1,4,8192,409728,encoded,787946,96.184814453125,786000,0,1369284,9182210741442831141,6402,64,structured,128,,,index,,,1,entries,plain
rust,fstree,fstree.decode_dir_node,pairs-128,1,5,8192,409728,encoded,785070,95.833740234375,783000,0,1369284,9182210741442831141,6402,64,structured,128,,,index,,,1,entries,plain
rust,fstree,fstree.decode_dir_node,pairs-128,1,6,8192,409728,encoded,781493,95.3970947265625,781000,0,1369284,9182210741442831141,6402,64,structured,128,,,index,,,1,entries,plain
rust,fstree,fstree.decode_dir_node,pairs-8,1,4,512,25664,encoded,44044,86.0234375,45000,0,1369284,8467071135069708069,401,64,structured,8,,,index,,,1,entries,plain
rust,fstree,fstree.decode_dir_node,pairs-8,1,5,512,25664,encoded,43774,85.49609375,44000,0,1369284,8467071135069708069,401,64,structured,8,,,index,,,1,entries,plain
rust,fstree,fstree.decode_dir_node,pairs-8,1,6,512,25664,encoded,43974,85.88671875,45000,0,1369284,8467071135069708069,401,64,structured,8,,,index,,,1,entries,plain
rust,fstree,fstree.decode_file_node,children-1024,1,4,65536,2228416,encoded,4583095,69.93247985839844,4562000,0,1369284,7701241629847960229,34819,64,structured,1024,,,file-index,,,1,entries,plain
rust,fstree,fstree.decode_file_node,children-1024,1,5,65536,2228416,encoded,4590830,70.05050659179688,4579000,0,1369284,7701241629847960229,34819,64,structured,1024,,,file-index,,,1,entries,plain
rust,fstree,fstree.decode_file_node,children-1024,1,6,65536,2228416,encoded,4600668,70.20062255859375,4577000,0,1369284,7701241629847960229,34819,64,structured,1024,,,file-index,,,1,entries,plain
rust,fstree,fstree.decode_file_node,children-128,1,4,8192,278656,encoded,515996,62.98779296875,517000,0,1369284,934824099510310693,4354,64,structured,128,,,file-index,,,1,entries,plain
rust,fstree,fstree.decode_file_node,children-128,1,5,8192,278656,encoded,517469,63.1676025390625,517000,0,1369284,934824099510310693,4354,64,structured,128,,,file-index,,,1,entries,plain
rust,fstree,fstree.decode_file_node,children-128,1,6,8192,278656,encoded,515915,62.9779052734375,517000,0,1369284,934824099510310693,4354,64,structured,128,,,file-index,,,1,entries,plain
rust,fstree,fstree.decode_file_node,children-65536,1,4,4194304,142606656,encoded,295492995,70.45102000236511,294243000,0,1369284,3370106694439645093,2228229,64,structured,65536,,,file-index,,,1,entries,plain
rust,fstree,fstree.decode_file_node,children-65536,1,5,4194304,142606656,encoded,295431397,70.43633389472961,294181000,0,1369284,3370106694439645093,2228229,64,structured,65536,,,file-index,,,1,entries,plain
rust,fstree,fstree.decode_file_node,children-65536,1,6,4194304,142606656,encoded,295332648,70.41279029846191,294087000,0,1369284,3370106694439645093,2228229,64,structured,65536,,,file-index,,,1,entries,plain
rust,fstree,fstree.decode_file_node,children-8,1,4,512,17472,encoded,31881,62.267578125,33000,0,1369284,6032738727359362853,273,64,structured,8,,,file-index,,,1,entries,plain
rust,fstree,fstree.decode_file_node,children-8,1,5,512,17472,encoded,32312,63.109375,33000,0,1369284,6032738727359362853,273,64,structured,8,,,file-index,,,1,entries,plain
rust,fstree,fstree.decode_file_node,children-8,1,6,512,17472,encoded,31971,62.443359375,32000,0,1369284,6032738727359362853,273,64,structured,8,,,file-index,,,1,entries,plain
rust,fstree,fstree.dir_builder,entries-16,1,4,16,0,,5100,318.75,6000,0,1369284,17327107032425722273,,,structured,16,1,16,wide,,,1,entries,plain
rust,fstree,fstree.dir_builder,entries-16,1,5,16,0,,5330,333.125,6000,0,1369284,17327107032425722273,,,structured,16,1,16,wide,,,1,entries,plain
rust,fstree,fstree.dir_builder,entries-16,1,6,16,0,,5340,333.75,6000,0,1369284,17327107032425722273,,,structured,16,1,16,wide,,,1,entries,plain
rust,fstree,fstree.dir_builder,entries-256,1,4,256,0,,85653,334.58203125,86000,0,1369284,6965094703770672903,,,structured,256,1,256,wide,,,1,entries,plain
rust,fstree,fstree.dir_builder,entries-256,1,5,256,0,,86134,336.4609375,86000,0,1369284,6965094703770672903,,,structured,256,1,256,wide,,,1,entries,plain
rust,fstree,fstree.dir_builder,entries-256,1,6,256,0,,85884,335.484375,86000,0,1369284,6965094703770672903,,,structured,256,1,256,wide,,,1,entries,plain
rust,fstree,fstree.dir_builder,entries-40000,1,4,40000,0,,13284587,332.114675,13227000,0,1369284,5451962816014331386,,,structured,40000,1,40000,wide,,,1,entries,plain
rust,fstree,fstree.dir_builder,entries-40000,1,5,40000,0,,13515057,337.876425,13465000,0,1369284,5451962816014331386,,,structured,40000,1,40000,wide,,,1,entries,plain
rust,fstree,fstree.dir_builder,entries-40000,1,6,40000,0,,13372164,334.3041,13313000,0,1369284,5451962816014331386,,,structured,40000,1,40000,wide,,,1,entries,plain
rust,fstree,fstree.dir_builder,entries-4096,1,4,4096,0,,1311185,320.113525390625,1310000,0,1369284,13286298812054168386,,,structured,4096,1,4096,wide,,,1,entries,plain
rust,fstree,fstree.dir_builder,entries-4096,1,5,4096,0,,1326885,323.946533203125,1310000,0,1369284,13286298812054168386,,,structured,4096,1,4096,wide,,,1,entries,plain
rust,fstree,fstree.dir_builder,entries-4096,1,6,4096,0,,1313660,320.7177734375,1311000,0,1369284,13286298812054168386,,,structured,4096,1,4096,wide,,,1,entries,plain
rust,fstree,fstree.encode_blob,1MiB-duplicate,1,4,4,4194304,payload,546564,136641.0,544000,0,1369284,4954928577809952085,1048576,4,duplicate,,,,,,,1,item_bytes,duplicate
rust,fstree,fstree.encode_blob,1MiB-duplicate,1,5,4,4194304,payload,540072,135018.0,541000,0,1369284,4954928577809952085,1048576,4,duplicate,,,,,,,1,item_bytes,duplicate
rust,fstree,fstree.encode_blob,1MiB-duplicate,1,6,4,4194304,payload,537126,134281.5,535000,0,1369284,4954928577809952085,1048576,4,duplicate,,,,,,,1,item_bytes,duplicate
rust,fstree,fstree.encode_blob,1MiB-random,1,4,4,4194304,payload,536275,134068.75,535000,0,1369284,9939255841382022707,1048576,4,random,,,,,,,1,item_bytes,random
rust,fstree,fstree.encode_blob,1MiB-random,1,5,4,4194304,payload,532748,133187.0,533000,0,1369284,9939255841382022707,1048576,4,random,,,,,,,1,item_bytes,random
rust,fstree,fstree.encode_blob,1MiB-random,1,6,4,4194304,payload,544921,136230.25,543000,0,1369284,9939255841382022707,1048576,4,random,,,,,,,1,item_bytes,random
rust,fstree,fstree.encode_blob,1MiB-text,1,4,4,4194304,payload,561974,140493.5,547000,0,1369284,8948303745221278327,1048576,4,text,,,,,,,1,item_bytes,text
rust,fstree,fstree.encode_blob,1MiB-text,1,5,4,4194304,payload,537216,134304.0,538000,0,1369284,8948303745221278327,1048576,4,text,,,,,,,1,item_bytes,text
rust,fstree,fstree.encode_blob,1MiB-text,1,6,4,4194304,payload,541004,135251.0,540000,0,1369284,8948303745221278327,1048576,4,text,,,,,,,1,item_bytes,text
rust,fstree,fstree.encode_blob,4KiB-duplicate,1,4,1024,4194304,payload,1137954,1111.283203125,1136000,0,1369284,17017657366255403813,4096,1024,duplicate,,,,,,,1,item_bytes,duplicate
rust,fstree,fstree.encode_blob,4KiB-duplicate,1,5,1024,4194304,payload,1149987,1123.0341796875,1146000,0,1369284,17017657366255403813,4096,1024,duplicate,,,,,,,1,item_bytes,duplicate
rust,fstree,fstree.encode_blob,4KiB-duplicate,1,6,1024,4194304,payload,1145609,1118.7587890625,1144000,0,1369284,17017657366255403813,4096,1024,duplicate,,,,,,,1,item_bytes,duplicate
rust,fstree,fstree.encode_blob,4KiB-random,1,4,1024,4194304,payload,1148012,1121.10546875,1147000,0,1369284,14622718952877413808,4096,1024,random,,,,,,,1,item_bytes,random
rust,fstree,fstree.encode_blob,4KiB-random,1,5,1024,4194304,payload,1149947,1122.9951171875,1145000,0,1369284,14622718952877413808,4096,1024,random,,,,,,,1,item_bytes,random
rust,fstree,fstree.encode_blob,4KiB-random,1,6,1024,4194304,payload,1146620,1119.74609375,1144000,0,1369284,14622718952877413808,4096,1024,random,,,,,,,1,item_bytes,random
rust,fstree,fstree.encode_blob,4KiB-text,1,4,1024,4194304,payload,1148183,1121.2724609375,1146000,0,1369284,16665551570620069306,4096,1024,text,,,,,,,1,item_bytes,text
rust,fstree,fstree.encode_blob,4KiB-text,1,5,1024,4194304,payload,1159295,1132.1240234375,1143000,0,1369284,16665551570620069306,4096,1024,text,,,,,,,1,item_bytes,text
rust,fstree,fstree.encode_blob,4KiB-text,1,6,1024,4194304,payload,1145588,1118.73828125,1143000,0,1369284,16665551570620069306,4096,1024,text,,,,,,,1,item_bytes,text
rust,fstree,fstree.encode_blob,empty,1,4,8000,0,payload,712030,89.00375,710000,0,1369284,2254434588782405797,,8000,empty,,,,,,,1,item_bytes,empty
rust,fstree,fstree.encode_blob,empty,1,5,8000,0,payload,711099,88.887375,710000,0,1369284,2254434588782405797,,8000,empty,,,,,,,1,item_bytes,empty
rust,fstree,fstree.encode_blob,empty,1,6,8000,0,payload,717911,89.738875,719000,0,1369284,2254434588782405797,,8000,empty,,,,,,,1,item_bytes,empty
rust,fstree,fstree.encode_blob,large-8MiB-duplicate,1,4,2,16777216,payload,2176066,1088033.0,2171000,0,1369284,6013579253605003965,8388608,2,duplicate,,,,,,,1,item_bytes,duplicate
rust,fstree,fstree.encode_blob,large-8MiB-duplicate,1,5,2,16777216,payload,2172990,1086495.0,2169000,0,1369284,6013579253605003965,8388608,2,duplicate,,,,,,,1,item_bytes,duplicate
rust,fstree,fstree.encode_blob,large-8MiB-duplicate,1,6,2,16777216,payload,2168482,1084241.0,2164000,0,1369284,6013579253605003965,8388608,2,duplicate,,,,,,,1,item_bytes,duplicate
rust,fstree,fstree.encode_blob,large-8MiB-random,1,4,1,8388608,payload,1091926,1091926.0,1090000,0,1369284,18309876851832907018,8388608,1,random,,,,,,,1,item_bytes,random
rust,fstree,fstree.encode_blob,large-8MiB-random,1,5,1,8388608,payload,1090643,1090643.0,1089000,0,1369284,18309876851832907018,8388608,1,random,,,,,,,1,item_bytes,random
rust,fstree,fstree.encode_blob,large-8MiB-random,1,6,1,8388608,payload,1089942,1089942.0,1088000,0,1369284,18309876851832907018,8388608,1,random,,,,,,,1,item_bytes,random
rust,fstree,fstree.encode_blob,large-8MiB-text,1,4,1,8388608,payload,1090033,1090033.0,1088000,0,1369284,9430261300512049942,8388608,1,text,,,,,,,1,item_bytes,text
rust,fstree,fstree.encode_blob,large-8MiB-text,1,5,1,8388608,payload,1107966,1107966.0,1090000,0,1369284,9430261300512049942,8388608,1,text,,,,,,,1,item_bytes,text
rust,fstree,fstree.encode_blob,large-8MiB-text,1,6,1,8388608,payload,1091855,1091855.0,1090000,0,1369284,9430261300512049942,8388608,1,text,,,,,,,1,item_bytes,text
rust,fstree,fstree.encode_blob,tiny-64B-duplicate,1,4,16384,1048576,payload,1620916,98.932861328125,1617000,0,1369284,8354136380780258085,64,16384,duplicate,,,,,,,1,item_bytes,duplicate
rust,fstree,fstree.encode_blob,tiny-64B-duplicate,1,5,16384,1048576,payload,1620034,98.8790283203125,1618000,0,1369284,8354136380780258085,64,16384,duplicate,,,,,,,1,item_bytes,duplicate
rust,fstree,fstree.encode_blob,tiny-64B-duplicate,1,6,16384,1048576,payload,1641356,100.180419921875,1624000,0,1369284,8354136380780258085,64,16384,duplicate,,,,,,,1,item_bytes,duplicate
rust,fstree,fstree.encode_blob,tiny-64B-random,1,4,16384,1048576,payload,1762177,107.55474853515625,1758000,0,1369284,1495078422366159392,64,16384,random,,,,,,,1,item_bytes,random
rust,fstree,fstree.encode_blob,tiny-64B-random,1,5,16384,1048576,payload,1769169,107.98150634765625,1752000,0,1369284,1495078422366159392,64,16384,random,,,,,,,1,item_bytes,random
rust,fstree,fstree.encode_blob,tiny-64B-random,1,6,16384,1048576,payload,1751696,106.9150390625,1750000,0,1369284,1495078422366159392,64,16384,random,,,,,,,1,item_bytes,random
rust,fstree,fstree.encode_blob,tiny-64B-text,1,4,16384,1048576,payload,1761966,107.5418701171875,1756000,0,1369284,8258853772002371914,64,16384,text,,,,,,,1,item_bytes,text
rust,fstree,fstree.encode_blob,tiny-64B-text,1,5,16384,1048576,payload,1766945,107.84576416015625,1749000,0,1369284,8258853772002371914,64,16384,text,,,,,,,1,item_bytes,text
rust,fstree,fstree.encode_blob,tiny-64B-text,1,6,16384,1048576,payload,1754442,107.0826416015625,1749000,0,1369284,8258853772002371914,64,16384,text,,,,,,,1,item_bytes,text
rust,fstree,fstree.encode_dir_leaf,entries-1024,1,4,65536,4849856,encoded,3351392,51.13818359375,3329000,0,1369284,14926286625942829477,75779,64,structured,1024,,,leaf,,,1,entries,plain
rust,fstree,fstree.encode_dir_leaf,entries-1024,1,5,65536,4849856,encoded,3330572,50.82049560546875,3324000,0,1369284,14926286625942829477,75779,64,structured,1024,,,leaf,,,1,entries,plain
rust,fstree,fstree.encode_dir_leaf,entries-1024,1,6,65536,4849856,encoded,3338587,50.94279479980469,3321000,0,1369284,14926286625942829477,75779,64,structured,1024,,,leaf,,,1,entries,plain
rust,fstree,fstree.encode_dir_leaf,entries-128,1,4,8192,606336,encoded,496549,60.6138916015625,495000,0,1369284,1374923134133451557,9474,64,structured,128,,,leaf,,,1,entries,plain
rust,fstree,fstree.encode_dir_leaf,entries-128,1,5,8192,606336,encoded,494344,60.3447265625,495000,0,1369284,1374923134133451557,9474,64,structured,128,,,leaf,,,1,entries,plain
rust,fstree,fstree.encode_dir_leaf,entries-128,1,6,8192,606336,encoded,496618,60.622314453125,495000,0,1369284,1374923134133451557,9474,64,structured,128,,,leaf,,,1,entries,plain
rust,fstree,fstree.encode_dir_leaf,entries-128-partial-change,1,4,8192,680064,encoded,567494,69.274169921875,566000,0,1369284,4655539362595262373,10626,64,partial-change,128,,,leaf,,,1,entries,partial-change
rust,fstree,fstree.encode_dir_leaf,entries-128-partial-change,1,5,8192,680064,encoded,563647,68.8045654296875,564000,0,1369284,4655539362595262373,10626,64,partial-change,128,,,leaf,,,1,entries,partial-change
rust,fstree,fstree.encode_dir_leaf,entries-128-partial-change,1,6,8192,680064,encoded,570921,69.6925048828125,570000,0,1369284,4655539362595262373,10626,64,partial-change,128,,,leaf,,,1,entries,partial-change
rust,fstree,fstree.encode_dir_leaf,entries-128-with-xattrs,1,4,8192,680064,encoded,565661,69.0504150390625,566000,0,1369284,13784683988985435685,10626,64,structured,128,,,leaf,,,1,entries,with-xattrs
rust,fstree,fstree.encode_dir_leaf,entries-128-with-xattrs,1,5,8192,680064,encoded,568006,69.336669921875,566000,0,1369284,13784683988985435685,10626,64,structured,128,,,leaf,,,1,entries,with-xattrs
rust,fstree,fstree.encode_dir_leaf,entries-128-with-xattrs,1,6,8192,680064,encoded,580459,70.8568115234375,566000,0,1369284,13784683988985435685,10626,64,structured,128,,,leaf,,,1,entries,with-xattrs
rust,fstree,fstree.encode_dir_leaf,entries-8,1,4,512,37952,encoded,67329,131.501953125,68000,0,1369284,9483523244623033125,593,64,structured,8,,,leaf,,,1,entries,plain
rust,fstree,fstree.encode_dir_leaf,entries-8,1,5,512,37952,encoded,68231,133.263671875,69000,0,1369284,9483523244623033125,593,64,structured,8,,,leaf,,,1,entries,plain
rust,fstree,fstree.encode_dir_leaf,entries-8,1,6,512,37952,encoded,66116,129.1328125,66000,0,1369284,9483523244623033125,593,64,structured,8,,,leaf,,,1,entries,plain
rust,fstree,fstree.encode_dir_node,pairs-1024,1,4,65536,3276992,encoded,2075364,31.66754150390625,2072000,0,1369284,13134739177949024805,51203,64,structured,1024,,,index,,,1,entries,plain
rust,fstree,fstree.encode_dir_node,pairs-1024,1,5,65536,3276992,encoded,2073882,31.644927978515625,2070000,0,1369284,13134739177949024805,51203,64,structured,1024,,,index,,,1,entries,plain
rust,fstree,fstree.encode_dir_node,pairs-1024,1,6,65536,3276992,encoded,2088058,31.861236572265625,2072000,0,1369284,13134739177949024805,51203,64,structured,1024,,,index,,,1,entries,plain
rust,fstree,fstree.encode_dir_node,pairs-128,1,4,8192,409728,encoded,350479,42.7830810546875,351000,0,1369284,8693509944766546085,6402,64,structured,128,,,index,,,1,entries,plain
rust,fstree,fstree.encode_dir_node,pairs-128,1,5,8192,409728,encoded,358635,43.7786865234375,357000,0,1369284,8693509944766546085,6402,64,structured,128,,,index,,,1,entries,plain
rust,fstree,fstree.encode_dir_node,pairs-128,1,6,8192,409728,encoded,351011,42.8480224609375,352000,0,1369284,8693509944766546085,6402,64,structured,128,,,index,,,1,entries,plain
rust,fstree,fstree.encode_dir_node,pairs-8,1,4,512,25664,encoded,46188,90.2109375,47000,0,1369284,5615932682167956261,401,64,structured,8,,,index,,,1,entries,plain
rust,fstree,fstree.encode_dir_node,pairs-8,1,5,512,25664,encoded,46369,90.564453125,46000,0,1369284,5615932682167956261,401,64,structured,8,,,index,,,1,entries,plain
rust,fstree,fstree.encode_dir_node,pairs-8,1,6,512,25664,encoded,46368,90.5625,46000,0,1369284,5615932682167956261,401,64,structured,8,,,index,,,1,entries,plain
rust,fstree,fstree.encode_file_node,children-1024,1,4,65536,2228416,encoded,871154,13.292755126953125,870000,0,1369284,7106826622917578021,34819,64,structured,1024,,,file-index,,,1,entries,plain
rust,fstree,fstree.encode_file_node,children-1024,1,5,65536,2228416,encoded,871776,13.30224609375,871000,0,1369284,7106826622917578021,34819,64,structured,1024,,,file-index,,,1,entries,plain
rust,fstree,fstree.encode_file_node,children-1024,1,6,65536,2228416,encoded,871876,13.30377197265625,870000,0,1369284,7106826622917578021,34819,64,structured,1024,,,file-index,,,1,entries,plain
rust,fstree,fstree.encode_file_node,children-128,1,4,8192,278656,encoded,153363,18.7210693359375,154000,0,1369284,14969072261990374693,4354,64,structured,128,,,file-index,,,1,entries,plain
rust,fstree,fstree.encode_file_node,children-128,1,5,8192,278656,encoded,153343,18.7186279296875,154000,0,1369284,14969072261990374693,4354,64,structured,128,,,file-index,,,1,entries,plain
rust,fstree,fstree.encode_file_node,children-128,1,6,8192,278656,encoded,153343,18.7186279296875,154000,0,1369284,14969072261990374693,4354,64,structured,128,,,file-index,,,1,entries,plain
rust,fstree,fstree.encode_file_node,children-65536,1,4,4194304,142606656,encoded,52170299,12.438368558883667,51934000,0,1369284,7201247303332347429,2228229,64,structured,65536,,,file-index,,,1,entries,plain
rust,fstree,fstree.encode_file_node,children-65536,1,5,4194304,142606656,encoded,52151673,12.433927774429321,51953000,0,1369284,7201247303332347429,2228229,64,structured,65536,,,file-index,,,1,entries,plain
rust,fstree,fstree.encode_file_node,children-65536,1,6,4194304,142606656,encoded,52147245,12.43287205696106,51945000,0,1369284,7201247303332347429,2228229,64,structured,65536,,,file-index,,,1,entries,plain
rust,fstree,fstree.encode_file_node,children-8,1,4,512,17472,encoded,23364,45.6328125,24000,0,1369284,6472471074395739557,273,64,structured,8,,,file-index,,,1,entries,plain
rust,fstree,fstree.encode_file_node,children-8,1,5,512,17472,encoded,23354,45.61328125,23000,0,1369284,6472471074395739557,273,64,structured,8,,,file-index,,,1,entries,plain
rust,fstree,fstree.encode_file_node,children-8,1,6,512,17472,encoded,26040,50.859375,24000,0,1369284,6472471074395739557,273,64,structured,8,,,file-index,,,1,entries,plain
rust,fstree,fstree.encode_xattr_set,xattrs-64,1,4,4096,0,,397820,97.1240234375,397000,0,1369284,4027580594042018341,,64,structured,64,,,,,,1,,
rust,fstree,fstree.encode_xattr_set,xattrs-64,1,5,4096,0,,399233,97.468994140625,400000,0,1369284,4027580594042018341,,64,structured,64,,,,,,1,,
rust,fstree,fstree.encode_xattr_set,xattrs-64,1,6,4096,0,,387440,94.58984375,388000,0,1369284,4027580594042018341,,64,structured,64,,,,,,1,,
rust,fstree,fstree.index_builder_file,children-1024,1,4,1024,0,,72008,70.3203125,73000,0,1369284,9757242120474664615,,,structured,1024,,1024,file-index,,,1,entries,plain
rust,fstree,fstree.index_builder_file,children-1024,1,5,1024,0,,72018,70.330078125,73000,0,1369284,9757242120474664615,,,structured,1024,,1024,file-index,,,1,entries,plain
rust,fstree,fstree.index_builder_file,children-1024,1,6,1024,0,,71928,70.2421875,73000,0,1369284,9757242120474664615,,,structured,1024,,1024,file-index,,,1,entries,plain
rust,fstree,fstree.index_builder_file,children-128,1,4,128,0,,8516,66.53125,9000,0,1369284,5516234319160730044,,,structured,128,,128,file-index,,,1,entries,plain
rust,fstree,fstree.index_builder_file,children-128,1,5,128,0,,8546,66.765625,9000,0,1369284,5516234319160730044,,,structured,128,,128,file-index,,,1,entries,plain
rust,fstree,fstree.index_builder_file,children-128,1,6,128,0,,8536,66.6875,9000,0,1369284,5516234319160730044,,,structured,128,,128,file-index,,,1,entries,plain
rust,fstree,fstree.index_builder_file,children-65536,1,4,65536,0,,4510887,68.83067321777344,4501000,0,1369284,16475152812802804162,,,structured,65536,,65536,file-index,,,1,entries,plain
rust,fstree,fstree.index_builder_file,children-65536,1,5,65536,0,,4503833,68.72303771972656,4479000,0,1369284,16475152812802804162,,,structured,65536,,65536,file-index,,,1,entries,plain
rust,fstree,fstree.index_builder_file,children-65536,1,6,65536,0,,4484046,68.42111206054688,4475000,0,1369284,16475152812802804162,,,structured,65536,,65536,file-index,,,1,entries,plain
rust,fstree,fstree.index_builder_file,children-8,1,4,8,0,,561,70.125,1000,0,1369284,5481630882257051986,,,structured,8,,8,file-index,,,1,entries,plain
rust,fstree,fstree.index_builder_file,children-8,1,5,8,0,,531,66.375,1000,0,1369284,5481630882257051986,,,structured,8,,8,file-index,,,1,entries,plain
rust,fstree,fstree.index_builder_file,children-8,1,6,8,0,,531,66.375,1000,0,1369284,5481630882257051986,,,structured,8,,8,file-index,,,1,entries,plain
rust,fstree,fstree.list_entries,widest/first-page-100,1,4,6400,0,,5477313,855.83015625,5454000,0,1369284,10287959357742859045,,64,structured,40000,1,40000,wide,,,1,,
rust,fstree,fstree.list_entries,widest/first-page-100,1,5,6400,0,,5506459,860.38421875,5498000,0,1369284,10287959357742859045,,64,structured,40000,1,40000,wide,,,1,,
rust,fstree,fstree.list_entries,widest/first-page-100,1,6,6400,0,,5514154,861.5865625,5489000,0,1369284,10287959357742859045,,64,structured,40000,1,40000,wide,,,1,,
rust,fstree,fstree.list_entries,width-16/full-paging-100,1,4,16,0,,3466,216.625,4000,0,1369284,8647329350532786293,,,structured,16,1,16,wide,,17,1,width,plain
rust,fstree,fstree.list_entries,width-16/full-paging-100,1,5,16,0,,3697,231.0625,5000,0,1369284,8647329350532786293,,,structured,16,1,16,wide,,17,1,width,plain
rust,fstree,fstree.list_entries,width-16/full-paging-100,1,6,16,0,,3778,236.125,4000,0,1369284,8647329350532786293,,,structured,16,1,16,wide,,17,1,width,plain
rust,fstree,fstree.list_entries,width-256/full-paging-100,1,4,256,0,,102926,402.0546875,103000,0,1369284,13846005503640562525,,,structured,256,1,256,wide,,259,1,width,plain
rust,fstree,fstree.list_entries,width-256/full-paging-100,1,5,256,0,,103427,404.01171875,104000,0,1369284,13846005503640562525,,,structured,256,1,256,wide,,259,1,width,plain
rust,fstree,fstree.list_entries,width-256/full-paging-100,1,6,256,0,,107725,420.80078125,108000,0,1369284,13846005503640562525,,,structured,256,1,256,wide,,259,1,width,plain
rust,fstree,fstree.list_entries,width-40000/full-paging-100,1,4,40000,0,,33170213,829.255325,33053000,0,1369284,14411079679319204100,,,structured,40000,1,40000,wide,,40257,1,width,plain
rust,fstree,fstree.list_entries,width-40000/full-paging-100,1,5,40000,0,,33249575,831.239375,33134000,0,1369284,14411079679319204100,,,structured,40000,1,40000,wide,,40257,1,width,plain
rust,fstree,fstree.list_entries,width-40000/full-paging-100,1,6,40000,0,,33202034,830.05085,33072000,0,1369284,14411079679319204100,,,structured,40000,1,40000,wide,,40257,1,width,plain
rust,fstree,fstree.list_entries,width-4096/full-paging-100,1,4,4096,0,,2892505,706.177978515625,2874000,0,1369284,11900522544021708933,,,structured,4096,1,4096,wide,,4122,1,width,plain
rust,fstree,fstree.list_entries,width-4096/full-paging-100,1,5,4096,0,,2887716,705.0087890625,2882000,0,1369284,11900522544021708933,,,structured,4096,1,4096,wide,,4122,1,width,plain
rust,fstree,fstree.list_entries,width-4096/full-paging-100,1,6,4096,0,,2890361,705.654541015625,2884000,0,1369284,11900522544021708933,,,structured,4096,1,4096,wide,,4122,1,width,plain
rust,fstree,fstree.lookup_entry,width-16/hit,1,4,2000,0,,6037003,3018.5015,6027000,0,1369284,14771420707203887624,,,structured,16,1,16,wide,,17,1,width,hit
rust,fstree,fstree.lookup_entry,width-16/hit,1,5,2000,0,,6077078,3038.539,6055000,0,1369284,14771420707203887624,,,structured,16,1,16,wide,,17,1,width,hit
rust,fstree,fstree.lookup_entry,width-16/hit,1,6,2000,0,,6099031,3049.5155,6062000,0,1369284,14771420707203887624,,,structured,16,1,16,wide,,17,1,width,hit
rust,fstree,fstree.lookup_entry,width-16/miss,1,4,2000,0,,6061138,3030.569,6038000,0,1369284,15777377584200431653,,,structured,16,1,16,wide,,17,1,width,miss
rust,fstree,fstree.lookup_entry,width-16/miss,1,5,2000,0,,6055607,3027.8035,6044000,0,1369284,15777377584200431653,,,structured,16,1,16,wide,,17,1,width,miss
rust,fstree,fstree.lookup_entry,width-16/miss,1,6,2000,0,,6082980,3041.49,6059000,0,1369284,15777377584200431653,,,structured,16,1,16,wide,,17,1,width,miss
rust,fstree,fstree.lookup_entry,width-256/hit,1,4,2000,0,,50873861,25436.9305,50686000,0,1369284,11355326517270140002,,,structured,256,1,256,wide,,259,1,width,hit
rust,fstree,fstree.lookup_entry,width-256/hit,1,5,2000,0,,51140391,25570.1955,50966000,0,1369284,11355326517270140002,,,structured,256,1,256,wide,,259,1,width,hit
rust,fstree,fstree.lookup_entry,width-256/hit,1,6,2000,0,,51046442,25523.221,50885000,0,1369284,11355326517270140002,,,structured,256,1,256,wide,,259,1,width,hit
rust,fstree,fstree.lookup_entry,width-256/miss,1,4,2000,0,,417107,208.5535,418000,0,1369284,15777377584200431653,,,structured,256,1,256,wide,,259,1,width,miss
rust,fstree,fstree.lookup_entry,width-256/miss,1,5,2000,0,,424411,212.2055,425000,0,1369284,15777377584200431653,,,structured,256,1,256,wide,,259,1,width,miss
rust,fstree,fstree.lookup_entry,width-256/miss,1,6,2000,0,,436404,218.202,423000,0,1369284,15777377584200431653,,,structured,256,1,256,wide,,259,1,width,miss
rust,fstree,fstree.lookup_entry,width-40000/hit,1,4,2000,0,,127227697,63613.8485,126714000,0,1369284,12892554884894536865,,,structured,40000,1,40000,wide,,40257,1,width,hit
rust,fstree,fstree.lookup_entry,width-40000/hit,1,5,2000,0,,127603093,63801.5465,127056000,0,1369284,12892554884894536865,,,structured,40000,1,40000,wide,,40257,1,width,hit
rust,fstree,fstree.lookup_entry,width-40000/hit,1,6,2000,0,,127943785,63971.8925,127457000,0,1369284,12892554884894536865,,,structured,40000,1,40000,wide,,40257,1,width,hit
rust,fstree,fstree.lookup_entry,width-40000/miss,1,4,2000,0,,412958,206.479,414000,0,1369284,15777377584200431653,,,structured,40000,1,40000,wide,,40257,1,width,miss
rust,fstree,fstree.lookup_entry,width-40000/miss,1,5,2000,0,,422337,211.1685,423000,0,1369284,15777377584200431653,,,structured,40000,1,40000,wide,,40257,1,width,miss
rust,fstree,fstree.lookup_entry,width-40000/miss,1,6,2000,0,,425172,212.586,424000,0,1369284,15777377584200431653,,,structured,40000,1,40000,wide,,40257,1,width,miss
rust,fstree,fstree.lookup_entry,width-4096/hit,1,4,2000,0,,99014352,49507.176,98629000,0,1369284,11788397270751236684,,,structured,4096,1,4096,wide,,4122,1,width,hit
rust,fstree,fstree.lookup_entry,width-4096/hit,1,5,2000,0,,99118801,49559.4005,98715000,0,1369284,11788397270751236684,,,structured,4096,1,4096,wide,,4122,1,width,hit
rust,fstree,fstree.lookup_entry,width-4096/hit,1,6,2000,0,,99190148,49595.074,98789000,0,1369284,11788397270751236684,,,structured,4096,1,4096,wide,,4122,1,width,hit
rust,fstree,fstree.lookup_entry,width-4096/miss,1,4,2000,0,,4141852,2070.926,4133000,0,1369284,15777377584200431653,,,structured,4096,1,4096,wide,,4122,1,width,miss
rust,fstree,fstree.lookup_entry,width-4096/miss,1,5,2000,0,,4134257,2067.1285,4113000,0,1369284,15777377584200431653,,,structured,4096,1,4096,wide,,4122,1,width,miss
rust,fstree,fstree.lookup_entry,width-4096/miss,1,6,2000,0,,4149586,2074.793,4141000,0,1369284,15777377584200431653,,,structured,4096,1,4096,wide,,4122,1,width,miss
rust,fstree,fstree.reachable_keys,deep,0,4,24,0,,769229,32051.208333333332,1424000,0,1369284,5223880262323894244,,,structured,,24,,deep,,,,,
rust,fstree,fstree.reachable_keys,deep,0,5,24,0,,814797,33949.875,1495000,0,1369284,5223880262323894244,,,structured,,24,,deep,,,,,
rust,fstree,fstree.reachable_keys,deep,0,6,24,0,,802783,33449.291666666664,1493000,0,1369284,5223880262323894244,,,structured,,24,,deep,,,,,
rust,fstree,fstree.reachable_keys,file-corpus,0,4,64,0,,162470,2538.59375,325000,0,1369284,9688511076259073062,,,text,64,,,file-index,,,,,
rust,fstree,fstree.reachable_keys,file-corpus,0,5,64,0,,147351,2302.359375,321000,0,1369284,9688511076259073062,,,text,64,,,file-index,,,,,
rust,fstree,fstree.reachable_keys,file-corpus,0,6,64,0,,139747,2183.546875,342000,0,1369284,9688511076259073062,,,text,64,,,file-index,,,,,
rust,fstree,fstree.reachable_keys,width-16,0,4,17,0,,110261,6485.941176470588,212000,0,1369284,8753205170136912308,,,structured,16,1,16,wide,,17,,width,plain
rust,fstree,fstree.reachable_keys,width-16,0,5,17,0,,102446,6026.235294117647,219000,0,1369284,8753205170136912308,,,structured,16,1,16,wide,,17,,width,plain
rust,fstree,fstree.reachable_keys,width-16,0,6,17,0,,109129,6419.35294117647,213000,0,1369284,8753205170136912308,,,structured,16,1,16,wide,,17,,width,plain
rust,fstree,fstree.reachable_keys,width-256,0,4,259,0,,171547,662.3436293436293,325000,0,1369284,10166096353870829249,,,structured,256,1,256,wide,,259,,width,plain
rust,fstree,fstree.reachable_keys,width-256,0,5,259,0,,175044,675.8455598455598,317000,0,1369284,10166096353870829249,,,structured,256,1,256,wide,,259,,width,plain
rust,fstree,fstree.reachable_keys,width-256,0,6,259,0,,188931,729.4633204633204,345000,0,1369284,10166096353870829249,,,structured,256,1,256,wide,,259,,width,plain
rust,fstree,fstree.reachable_keys,width-40000,0,4,40257,0,,4098479,101.80785950269518,16529000,0,1369284,8781341933545400491,,,structured,40000,1,40000,wide,,40257,,width,plain
rust,fstree,fstree.reachable_keys,width-40000,0,5,40257,0,,4106495,102.00698015252006,16786000,0,1369284,8781341933545400491,,,structured,40000,1,40000,wide,,40257,,width,plain
rust,fstree,fstree.reachable_keys,width-40000,0,6,40257,0,,4190866,104.10278957696798,17115000,0,1369284,8781341933545400491,,,structured,40000,1,40000,wide,,40257,,width,plain
rust,fstree,fstree.reachable_keys,width-4096,0,4,4122,0,,592341,143.7023289665211,1962000,0,1369284,2551262535976545999,,,structured,4096,1,4096,wide,,4122,,width,plain
rust,fstree,fstree.reachable_keys,width-4096,0,5,4122,0,,615115,149.22731683648715,2004000,0,1369284,2551262535976545999,,,structured,4096,1,4096,wide,,4122,,width,plain
rust,fstree,fstree.reachable_keys,width-4096,0,6,4122,0,,619965,150.40393013100436,2064000,0,1369284,2551262535976545999,,,structured,4096,1,4096,wide,,4122,,width,plain
rust,fstree,fstree.resolve_entry,depth-1,1,4,256,0,,888968,3472.53125,891000,0,1369284,14437412121268626213,,256,structured,,1,16,deep,,,1,depth,plain
rust,fstree,fstree.resolve_entry,depth-1,1,5,256,0,,892675,3487.01171875,881000,0,1369284,14437412121268626213,,256,structured,,1,16,deep,,,1,depth,plain
rust,fstree,fstree.resolve_entry,depth-1,1,6,256,0,,884089,3453.47265625,882000,0,1369284,14437412121268626213,,256,structured,,1,16,deep,,,1,depth,plain
rust,fstree,fstree.resolve_entry,depth-12,1,4,256,0,,2115671,8264.33984375,2104000,0,1369284,14437412121268626213,,256,structured,,12,16,deep,,,1,depth,plain
rust,fstree,fstree.resolve_entry,depth-12,1,5,256,0,,2139817,8358.66015625,2114000,0,1369284,14437412121268626213,,256,structured,,12,16,deep,,,1,depth,plain
rust,fstree,fstree.resolve_entry,depth-12,1,6,256,0,,2123967,8296.74609375,2117000,0,1369284,14437412121268626213,,256,structured,,12,16,deep,,,1,depth,plain
rust,fstree,fstree.resolve_entry,depth-24,1,4,256,0,,3474367,13571.74609375,3469000,0,1369284,14437412121268626213,,256,structured,,24,16,deep,,,1,depth,plain
rust,fstree,fstree.resolve_entry,depth-24,1,5,256,0,,3520475,13751.85546875,3492000,0,1369284,14437412121268626213,,256,structured,,24,16,deep,,,1,depth,plain
rust,fstree,fstree.resolve_entry,depth-24,1,6,256,0,,3488253,13625.98828125,3482000,0,1369284,14437412121268626213,,256,structured,,24,16,deep,,,1,depth,plain
rust,fstree,fstree.resolve_entry,depth-4,1,4,256,0,,1250569,4885.03515625,1236000,0,1369284,14437412121268626213,,256,structured,,4,16,deep,,,1,depth,plain
rust,fstree,fstree.resolve_entry,depth-4,1,5,256,0,,1245389,4864.80078125,1244000,0,1369284,14437412121268626213,,256,structured,,4,16,deep,,,1,depth,plain
rust,fstree,fstree.resolve_entry,depth-4,1,6,256,0,,1243154,4856.0703125,1241000,0,1369284,14437412121268626213,,256,structured,,4,16,deep,,,1,depth,plain
rust,fstree,fstree.resolve_path,depth-1,1,4,256,0,,120710,471.5234375,121000,0,1369284,11225199624901261093,,256,structured,,1,16,deep,,,1,depth,plain
rust,fstree,fstree.resolve_path,depth-1,1,5,256,0,,120841,472.03515625,122000,0,1369284,11225199624901261093,,256,structured,,1,16,deep,,,1,depth,plain
rust,fstree,fstree.resolve_path,depth-1,1,6,256,0,,119919,468.43359375,121000,0,1369284,11225199624901261093,,256,structured,,1,16,deep,,,1,depth,plain
rust,fstree,fstree.resolve_path,depth-12,1,4,256,0,,1340671,5236.99609375,1339000,0,1369284,11225199624901261093,,256,structured,,12,16,deep,,,1,depth,plain
rust,fstree,fstree.resolve_path,depth-12,1,5,256,0,,1335782,5217.8984375,1334000,0,1369284,11225199624901261093,,256,structured,,12,16,deep,,,1,depth,plain
rust,fstree,fstree.resolve_path,depth-12,1,6,256,0,,1362914,5323.8828125,1347000,0,1369284,11225199624901261093,,256,structured,,12,16,deep,,,1,depth,plain
rust,fstree,fstree.resolve_path,depth-24,1,4,256,0,,2695570,10529.5703125,2677000,0,1369284,11225199624901261093,,256,structured,,24,16,deep,,,1,depth,plain
rust,fstree,fstree.resolve_path,depth-24,1,5,256,0,,2688175,10500.68359375,2685000,0,1369284,11225199624901261093,,256,structured,,24,16,deep,,,1,depth,plain
rust,fstree,fstree.resolve_path,depth-24,1,6,256,0,,2691942,10515.3984375,2687000,0,1369284,11225199624901261093,,256,structured,,24,16,deep,,,1,depth,plain
rust,fstree,fstree.resolve_path,depth-4,1,4,256,0,,453596,1771.859375,455000,0,1369284,11225199624901261093,,256,structured,,4,16,deep,,,1,depth,plain
rust,fstree,fstree.resolve_path,depth-4,1,5,256,0,,456562,1783.4453125,455000,0,1369284,11225199624901261093,,256,structured,,4,16,deep,,,1,depth,plain
rust,fstree,fstree.resolve_path,depth-4,1,6,256,0,,460640,1799.375,461000,0,1369284,11225199624901261093,,256,structured,,4,16,deep,,,1,depth,plain
rust,fstree,fstree.write_content,file-corpus,1,4,64,67108864,payload,2267812,35434.5625,2264000,0,1369284,8506292028909064249,67108864,,text,64,,,file-index,,,1,,
rust,fstree,fstree.write_content,file-corpus,1,5,64,67108864,payload,1640253,25628.953125,1636000,0,1369284,8506292028909064249,67108864,,text,64,,,file-index,,,1,,
rust,fstree,fstree.write_content,file-corpus,1,6,64,67108864,payload,1246922,19483.15625,1244000,0,1369284,8506292028909064249,67108864,,text,64,,,file-index,,,1,,
rust,gc,gc.close,idle,8,4,1,0,,932,932.0,3000,0,1369284,9929646806074584996,,1,structured,,,,,5323,30000,8,,
rust,gc,gc.close,idle,8,5,1,0,,832,832.0,2000,0,1369284,9929646806074584996,,1,structured,,,,,5323,30000,8,,
rust,gc,gc.close,idle,8,6,1,0,,471,471.0,1000,0,1369284,9929646806074584996,,1,structured,,,,,5323,30000,8,,
rust,gc,gc.open,populated,8,4,1,0,,29627,29627.0,26000,6000,1369284,9929646806074584996,,1,structured,,,,,5323,30000,8,,
rust,gc,gc.open,populated,8,5,1,0,,36810,36810.0,31000,8000,1369284,9929646806074584996,,1,structured,,,,,5323,30000,8,,
rust,gc,gc.open,populated,8,6,1,0,,31551,31551.0,26000,6000,1369284,9929646806074584996,,1,structured,,,,,5323,30000,8,,
rust,gc,gc.prepare_ref,missing-root,8,4,64,0,,11572,180.8125,11000,3000,1369284,5451865213850879781,,64,structured,,,,,5323,30000,8,,
rust,gc,gc.prepare_ref,missing-root,8,5,64,0,,9489,148.265625,9000,3000,1369284,5451865213850879781,,64,structured,,,,,5323,30000,8,,
rust,gc,gc.prepare_ref,missing-root,8,6,64,0,,10700,167.1875,9000,3000,1369284,5451865213850879781,,64,structured,,,,,5323,30000,8,,
rust,gc,gc.prepare_ref,tree-root/abort,8,4,1,0,,1713163,1713163.0,6397000,2230000,1369284,3466077071251760278,,1,structured,,,,,5323,30000,8,,
rust,gc,gc.prepare_ref,tree-root/abort,8,5,1,0,,1608753,1608753.0,7701000,563000,1369284,3466077071251760278,,1,structured,,,,,5323,30000,8,,
rust,gc,gc.prepare_ref,tree-root/abort,8,6,1,0,,1750393,1750393.0,7583000,1267000,1369284,3466077071251760278,,1,structured,,,,,5323,30000,8,,
rust,gc,gc.prepare_ref,tree-root/commit,8,4,1,0,,1716909,1716909.0,4664000,3820000,1369284,3466077071251760278,,1,structured,,,,,5323,30000,8,,
rust,gc,gc.prepare_ref,tree-root/commit,8,5,1,0,,1713242,1713242.0,5318000,2701000,1369284,3466077071251760278,,1,structured,,,,,5323,30000,8,,
rust,gc,gc.prepare_ref,tree-root/commit,8,6,1,0,,1744041,1744041.0,7767000,892000,1369284,3466077071251760278,,1,structured,,,,,5323,30000,8,,
rust,gc,gc.release_ref,batch,8,4,4096,0,,5120,1.25,6000,2000,1369284,2041016804563428133,,4096,structured,,,,,5323,30000,8,,
rust,gc,gc.release_ref,batch,8,5,4096,0,,3386,0.82666015625,4000,2000,1369284,2041016804563428133,,4096,structured,,,,,5323,30000,8,,
rust,gc,gc.release_ref,batch,8,6,4096,0,,3346,0.81689453125,3000,1000,1369284,2041016804563428133,,4096,structured,,,,,5323,30000,8,,
rust,gc,gc.run,nothing-to-reclaim,8,4,1,0,,1655442,1655442.0,1503000,150000,1369284,6133323038569782353,,1,structured,,,,,5323,30000,8,,
rust,gc,gc.run,nothing-to-reclaim,8,5,1,0,,1661885,1661885.0,1658000,0,1369284,6133323038569782353,,1,structured,,,,,5323,30000,8,,
rust,gc,gc.run,nothing-to-reclaim,8,6,1,0,,1675791,1675791.0,1667000,0,1369284,6133323038569782353,,1,structured,,,,,5323,30000,8,,
rust,gc,gc.run,reclaimable-packs,8,4,1,0,,10539664,10539664.0,5134000,4124000,1369284,1155823227134505205,,1,structured,,,,,5323,30000,8,,
rust,gc,gc.run,reclaimable-packs,8,5,1,0,,11921342,11921342.0,6458000,4220000,1369284,14735239148249698622,,1,structured,,,,,5323,30000,8,,
rust,gc,gc.run,reclaimable-packs,8,6,1,0,,14086669,14086669.0,5395000,5175000,1369284,14735239148249698622,,1,structured,,,,,5323,30000,8,,
rust,gc,gc.status,mark+score,8,4,1,0,,4134377,4134377.0,4104000,5000,1369284,4487786246251641876,,1,structured,,,,,5323,30000,8,,
rust,gc,gc.status,mark+score,8,5,1,0,,3799177,3799177.0,3787000,0,1369284,4487786246251641876,,1,structured,,,,,5323,30000,8,,
rust,gc,gc.status,mark+score,8,6,1,0,,3514333,3514333.0,3392000,112000,1369284,4487786246251641876,,1,structured,,,,,5323,30000,8,,
rust,gc,gc.why,live-root,8,4,1,0,,7885,7885.0,7000,2000,1369284,5171508924536841009,,1,structured,,,,,5323,30000,8,,
rust,gc,gc.why,live-root,8,5,1,0,,5521,5521.0,5000,2000,1369284,5171508924536841009,,1,structured,,,,,5323,30000,8,,
rust,gc,gc.why,live-root,8,6,1,0,,6332,6332.0,6000,2000,1369284,5171508924536841009,,1,structured,,,,,5323,30000,8,,
rust,gc,gc.wipe,store-reset,8,4,1,0,,4946880,4946880.0,0,4901000,1369284,9929646806074584996,,1,structured,,,,,5323,30000,8,,
rust,gc,gc.wipe,store-reset,8,5,1,0,,5065596,5065596.0,0,5018000,1369284,9929646806074584996,,1,structured,,,,,5323,30000,8,,
rust,gc,gc.wipe,store-reset,8,6,1,0,,4857910,4857910.0,0,4825000,1369284,9929646806074584996,,1,structured,,,,,5323,30000,8,,
rust,inbox,inbox.close,drained,8,4,1,0,,6165608,6165608.0,29336000,11368000,1369284,9929646806074584996,,48,structured,,,,,,1536,8,,
rust,inbox,inbox.close,drained,8,5,1,0,,6627310,6627310.0,28346000,15066000,1369284,9929646806074584996,,48,structured,,,,,,1536,8,,
rust,inbox,inbox.close,drained,8,6,1,0,,6941700,6941700.0,32537000,11190000,1369284,9929646806074584996,,48,structured,,,,,,1536,8,,
rust,inbox,inbox.commit,packs/duplicate,8,4,48,0,,1032622,21512.958333333332,10000,1016000,1369284,14442695759380775205,,48,structured,,,,,,1536,8,,
rust,inbox,inbox.commit,packs/duplicate,8,5,48,0,,1282470,26718.125,41000,1240000,1369284,14442695759380775205,,48,structured,,,,,,1536,8,,
rust,inbox,inbox.commit,packs/duplicate,8,6,48,0,,991013,20646.104166666668,0,990000,1369284,14442695759380775205,,48,structured,,,,,,1536,8,,
rust,inbox,inbox.discard,packs,8,4,48,0,,906742,18890.458333333332,0,894000,1369284,621668730929712677,,48,structured,,,,,,1536,8,,
rust,inbox,inbox.discard,packs,8,5,48,0,,1039094,21647.791666666668,15000,1020000,1369284,621668730929712677,,48,structured,,,,,,1536,8,,
rust,inbox,inbox.discard,packs,8,6,48,0,,858911,17893.979166666668,0,857000,1369284,621668730929712677,,48,structured,,,,,,1536,8,,
rust,inbox,inbox.drain,packs/new,8,4,48,13557248,payload,11770765,245224.27083333334,46440000,26343000,1369284,13961300895036949583,,48,structured,,,,,,1536,8,,
rust,inbox,inbox.drain,packs/new,8,5,48,13557248,payload,10969705,228535.52083333334,38135000,33158000,1369284,13961300895036949583,,48,structured,,,,,,1536,8,,
rust,inbox,inbox.drain,packs/new,8,6,48,13557248,payload,11144168,232170.16666666666,38795000,32823000,1369284,13961300895036949583,,48,structured,,,,,,1536,8,,
rust,inbox,inbox.open,empty,8,4,1,0,,117094,117094.0,137000,52000,1369284,9929646806074584996,,1,structured,,,,,,,8,,
rust,inbox,inbox.open,empty,8,5,1,0,,150147,150147.0,171000,66000,1369284,9929646806074584996,,1,structured,,,,,,,8,,
rust,inbox,inbox.open,empty,8,6,1,0,,105923,105923.0,122000,46000,1369284,9929646806074584996,,1,structured,,,,,,,8,,
rust,inbox,inbox.open,sweeps-staged-tmp-files,8,4,48,0,,1349118,28106.625,266000,1122000,1369284,9929646806074584996,,48,structured,,,,,,1536,8,,
rust,inbox,inbox.open,sweeps-staged-tmp-files,8,5,48,0,,1176878,24518.291666666668,0,1254000,1369284,9929646806074584996,,48,structured,,,,,,1536,8,,
rust,inbox,inbox.open,sweeps-staged-tmp-files,8,6,48,0,,1310764,27307.583333333332,250000,1119000,1369284,9929646806074584996,,48,structured,,,,,,1536,8,,
rust,inbox,inbox.stage,packs,8,4,48,13557248,payload,9246894,192643.625,1624000,3257000,1369284,768888967472186181,,48,structured,,,,,,1536,8,,
rust,inbox,inbox.stage,packs,8,5,48,13557248,payload,8876015,184916.97916666666,2177000,2465000,1369284,768888967472186181,,48,structured,,,,,,1536,8,,
rust,inbox,inbox.stage,packs,8,6,48,13557248,payload,8524764,177599.25,187000,4113000,1369284,768888967472186181,,48,structured,,,,,,1536,8,,
rust,ingest,ingest.dir,single-file/jobs-1,1,4,1,8388608,included,16311129,16311129.0,20692000,1102000,1369284,16884914658931180307,8388608,,text,,,,,1,,1,,
rust,ingest,ingest.dir,single-file/jobs-1,1,5,1,8388608,included,16342368,16342368.0,17722000,4220000,1369284,16884914658931180307,8388608,,text,,,,,1,,1,,
rust,ingest,ingest.dir,single-file/jobs-1,1,6,1,8388608,included,16014401,16014401.0,20621000,681000,1369284,16884914658931180307,8388608,,text,,,,,1,,1,,
rust,ingest,ingest.dir,tree/fresh-store/jobs-1,1,4,5323,54773504,included,109150534,20505.45444298328,146837000,53181000,1369284,11676859075978515035,,,tree,5323,,,,5323,,1,,
rust,ingest,ingest.dir,tree/fresh-store/jobs-1,1,5,5323,54773504,included,107048979,20110.647942889347,155605000,41715000,1369284,11676859075978515035,,,tree,5323,,,,5323,,1,,
rust,ingest,ingest.dir,tree/fresh-store/jobs-1,1,6,5323,54773504,included,109494561,20570.0847266579,154983000,42417000,1369284,11676859075978515035,,,tree,5323,,,,5323,,1,,
rust,ingest,ingest.dir,tree/fresh-store/jobs-N,8,4,5323,54773504,included,58757532,11038.424196881459,176118000,109834000,1369284,11676859075978515035,,,tree,5323,,,,5323,,8,,
rust,ingest,ingest.dir,tree/fresh-store/jobs-N,8,5,5323,54773504,included,60727184,11408.450873567537,185067000,118707000,1369284,11676859075978515035,,,tree,5323,,,,5323,,8,,
rust,ingest,ingest.dir,tree/fresh-store/jobs-N,8,6,5323,54773504,included,55696344,10463.337215855721,162032000,132611000,1369284,11676859075978515035,,,tree,5323,,,,5323,,8,,
rust,ingest,ingest.dir,tree/incremental-change/jobs-1,1,4,5331,54870720,included,53017296,9945.093978615645,65946000,40354000,1369284,9934276586168172514,,,tree,5331,,,,5331,,1,,
rust,ingest,ingest.dir,tree/incremental-change/jobs-1,1,5,5331,54870720,included,52697025,9885.016882386044,65106000,40698000,1369284,9934276586168172514,,,tree,5331,,,,5331,,1,,
rust,ingest,ingest.dir,tree/incremental-change/jobs-1,1,6,5331,54870720,included,51603566,9679.903582817482,58069000,45121000,1369284,9934276586168172514,,,tree,5331,,,,5331,,1,,
rust,ingest,ingest.dir,tree/incremental-change/jobs-N,8,4,5331,54870720,included,39505806,7410.58075407991,89824000,112323000,1369284,9934276586168172514,,,tree,5331,,,,5331,,8,,
rust,ingest,ingest.dir,tree/incremental-change/jobs-N,8,5,5331,54870720,included,43050296,8075.463515287938,92707000,121182000,1369284,9934276586168172514,,,tree,5331,,,,5331,,8,,
rust,ingest,ingest.dir,tree/incremental-change/jobs-N,8,6,5331,54870720,included,39129587,7340.008816357156,92087000,110663000,1369284,9934276586168172514,,,tree,5331,,,,5331,,8,,
rust,ingest,ingest.dir,tree/unchanged-repeat/jobs-1,1,4,5323,54773504,included,51484408,9672.066128123239,59687000,43402000,1369284,3570115954193555256,,,tree,5323,,,,5323,,1,,
rust,ingest,ingest.dir,tree/unchanged-repeat/jobs-1,1,5,5323,54773504,included,51951310,9759.780199135826,65894000,38293000,1369284,3570115954193555256,,,tree,5323,,,,5323,,1,,
rust,ingest,ingest.dir,tree/unchanged-repeat/jobs-1,1,6,5323,54773504,included,54403624,10220.48168326132,69663000,33618000,1369284,3570115954193555256,,,tree,5323,,,,5323,,1,,
rust,ingest,ingest.dir,tree/unchanged-repeat/jobs-N,8,4,5323,54773504,included,39031429,7332.599849708811,90191000,113158000,1369284,3570115954193555256,,,tree,5323,,,,5323,,8,,
rust,ingest,ingest.dir,tree/unchanged-repeat/jobs-N,8,5,5323,54773504,included,40001944,7514.924666541424,102174000,110845000,1369284,3570115954193555256,,,tree,5323,,,,5323,,8,,
rust,ingest,ingest.dir,tree/unchanged-repeat/jobs-N,8,6,5323,54773504,included,42224238,7932.413676498215,85615000,121461000,1369284,3570115954193555256,,,tree,5323,,,,5323,,8,,
rust,ingest,ingest.objects,tree/jobs-1,1,4,5323,54773504,included,52458259,9855.017659214729,48839000,44101000,1369284,13884254140586815919,,,tree,5323,,,,5323,,1,,
rust,ingest,ingest.objects,tree/jobs-1,1,5,5323,54773504,included,51970887,9763.458012399024,55410000,36557000,1369284,13884254140586815919,,,tree,5323,,,,5323,,1,,
rust,ingest,ingest.objects,tree/jobs-1,1,6,5323,54773504,included,51714808,9715.349990606801,63516000,28102000,1369284,13884254140586815919,,,tree,5323,,,,5323,,1,,
rust,ingest,ingest.objects,tree/jobs-N,8,4,5323,54773504,included,37260026,6999.817020477174,76087000,91509000,1369284,13884254140586815919,,,tree,5323,,,,5323,,8,,
rust,ingest,ingest.objects,tree/jobs-N,8,5,5323,54773504,included,38071947,7152.347736238963,80140000,112275000,1369284,13884254140586815919,,,tree,5323,,,,5323,,8,,
rust,ingest,ingest.objects,tree/jobs-N,8,6,5323,54773504,included,37950084,7129.454067255308,77342000,111722000,1369284,13884254140586815919,,,tree,5323,,,,5323,,8,,
rust,ingest,ingest.scan,filtered/jobs-1,1,4,5323,54773504,logical-scanned,14195056,2666.739808378734,6814000,19500000,1369284,912696922934256833,,,tree,5323,,,,5323,,1,,
rust,ingest,ingest.scan,filtered/jobs-1,1,5,5323,54773504,logical-scanned,13910152,2613.216607176404,11915000,13737000,1369284,912696922934256833,,,tree,5323,,,,5323,,1,,
rust,ingest,ingest.scan,filtered/jobs-1,1,6,5323,54773504,logical-scanned,13787467,2590.168513995867,4933000,20746000,1369284,912696922934256833,,,tree,5323,,,,5323,,1,,
rust,ingest,ingest.scan,filtered/jobs-N,8,4,5323,54773504,logical-scanned,28489302,5352.113845575803,21016000,78335000,1369284,912696922934256833,,,tree,5323,,,,5323,,8,,
rust,ingest,ingest.scan,filtered/jobs-N,8,5,5323,54773504,logical-scanned,28263941,5309.776629720082,18112000,79062000,1369284,912696922934256833,,,tree,5323,,,,5323,,8,,
rust,ingest,ingest.scan,filtered/jobs-N,8,6,5323,54773504,logical-scanned,20576235,3865.5335337215856,20479000,53538000,1369284,912696922934256833,,,tree,5323,,,,5323,,8,,
rust,ingest,ingest.scan,unfiltered/jobs-1,1,4,5451,54807232,logical-scanned,8471563,1554.1300678774537,5428000,10930000,1369284,2781455543472510454,,,tree,5451,,,,5451,,1,,
rust,ingest,ingest.scan,unfiltered/jobs-1,1,5,5451,54807232,logical-scanned,12108600,2221.3538800220144,5742000,16738000,1369284,2781455543472510454,,,tree,5451,,,,5451,,1,,
rust,ingest,ingest.scan,unfiltered/jobs-1,1,6,5451,54807232,logical-scanned,8269587,1517.0770500825536,6606000,9508000,1369284,2781455543472510454,,,tree,5451,,,,5451,,1,,
rust,key,key.accessors,type+length+length_size+hash,1,4,8000,0,,66306,8.28825,44000,22000,1369284,6262822620398329345,32,2000,structured,,,,,,,1,,
rust,key,key.accessors,type+length+length_size+hash,1,5,8000,0,,66327,8.290875,45000,22000,1369284,6262822620398329345,32,2000,structured,,,,,,,1,,
rust,key,key.accessors,type+length+length_size+hash,1,6,8000,0,,66327,8.290875,44000,22000,1369284,6262822620398329345,32,2000,structured,,,,,,,1,,
rust,key,key.new,1MiB-duplicate,1,4,8,8388608,payload,1188771,148596.375,1187000,0,1369284,11063746857747467653,1048576,8,duplicate,,,,,,,1,item_bytes,duplicate
rust,key,key.new,1MiB-duplicate,1,5,8,8388608,payload,1060566,132570.75,1059000,0,1369284,11063746857747467653,1048576,8,duplicate,,,,,,,1,item_bytes,duplicate
rust,key,key.new,1MiB-duplicate,1,6,8,8388608,payload,968229,121028.625,966000,0,1369284,11063746857747467653,1048576,8,duplicate,,,,,,,1,item_bytes,duplicate
rust,key,key.new,1MiB-random,1,4,8,8388608,payload,964462,120557.75,963000,0,1369284,1284065684854767273,1048576,8,random,,,,,,,1,item_bytes,random
rust,key,key.new,1MiB-random,1,5,8,8388608,payload,1068130,133516.25,984000,0,1369284,1284065684854767273,1048576,8,random,,,,,,,1,item_bytes,random
rust,key,key.new,1MiB-random,1,6,8,8388608,payload,1177259,147157.375,1007000,0,1369284,1284065684854767273,1048576,8,random,,,,,,,1,item_bytes,random
rust,key,key.new,1MiB-text,1,4,8,8388608,payload,960865,120108.125,960000,0,1369284,12941013600637000189,1048576,8,text,,,,,,,1,item_bytes,text
rust,key,key.new,1MiB-text,1,5,8,8388608,payload,960435,120054.375,959000,0,1369284,12941013600637000189,1048576,8,text,,,,,,,1,item_bytes,text
rust,key,key.new,1MiB-text,1,6,8,8388608,payload,970935,121366.875,969000,0,1369284,12941013600637000189,1048576,8,text,,,,,,,1,item_bytes,text
rust,key,key.new,4KiB-duplicate,1,4,2048,8388608,payload,2189492,1069.087890625,2186000,0,1369284,12569752037296702245,4096,2048,duplicate,,,,,,,1,item_bytes,duplicate
rust,key,key.new,4KiB-duplicate,1,5,2048,8388608,payload,2190605,1069.63134765625,2186000,0,1369284,12569752037296702245,4096,2048,duplicate,,,,,,,1,item_bytes,duplicate
rust,key,key.new,4KiB-duplicate,1,6,2048,8388608,payload,2237635,1092.59521484375,2188000,0,1369284,12569752037296702245,4096,2048,duplicate,,,,,,,1,item_bytes,duplicate
rust,key,key.new,4KiB-random,1,4,2048,8388608,payload,2263454,1105.2021484375,2208000,0,1369284,605854133766566054,4096,2048,random,,,,,,,1,item_bytes,random
rust,key,key.new,4KiB-random,1,5,2048,8388608,payload,2189322,1069.0048828125,2185000,0,1369284,605854133766566054,4096,2048,random,,,,,,,1,item_bytes,random
rust,key,key.new,4KiB-random,1,6,2048,8388608,payload,2188510,1068.6083984375,2185000,0,1369284,605854133766566054,4096,2048,random,,,,,,,1,item_bytes,random
rust,key,key.new,4KiB-text,1,4,2048,8388608,payload,2213849,1080.98095703125,2210000,0,1369284,16526055008685758006,4096,2048,text,,,,,,,1,item_bytes,text
rust,key,key.new,4KiB-text,1,5,2048,8388608,payload,2198269,1073.37353515625,2192000,0,1369284,16526055008685758006,4096,2048,text,,,,,,,1,item_bytes,text
rust,key,key.new,4KiB-text,1,6,2048,8388608,payload,2194853,1071.70556640625,2186000,0,1369284,16526055008685758006,4096,2048,text,,,,,,,1,item_bytes,text
rust,key,key.new,empty,1,4,8000,0,payload,684347,85.543375,683000,0,1369284,15745766035884648101,,8000,empty,,,,,,,1,item_bytes,empty
rust,key,key.new,empty,1,5,8000,0,payload,678747,84.843375,679000,0,1369284,15745766035884648101,,8000,empty,,,,,,,1,item_bytes,empty
rust,key,key.new,empty,1,6,8000,0,payload,682203,85.275375,680000,0,1369284,15745766035884648101,,8000,empty,,,,,,,1,item_bytes,empty
rust,key,key.new,large-8MiB-duplicate,1,4,2,16777216,payload,1966647,983323.5,1948000,0,1369284,14710080878821492665,8388608,2,duplicate,,,,,,,1,item_bytes,duplicate
rust,key,key.new,large-8MiB-duplicate,1,5,2,16777216,payload,1910019,955009.5,1905000,0,1369284,14710080878821492665,8388608,2,duplicate,,,,,,,1,item_bytes,duplicate
rust,key,key.new,large-8MiB-duplicate,1,6,2,16777216,payload,1897164,948582.0,1892000,0,1369284,14710080878821492665,8388608,2,duplicate,,,,,,,1,item_bytes,duplicate
rust,key,key.new,large-8MiB-random,1,4,1,8388608,payload,952039,952039.0,951000,0,1369284,14902405283868958466,8388608,1,random,,,,,,,1,item_bytes,random
rust,key,key.new,large-8MiB-random,1,5,1,8388608,payload,951477,951477.0,949000,0,1369284,14902405283868958466,8388608,1,random,,,,,,,1,item_bytes,random
rust,key,key.new,large-8MiB-random,1,6,1,8388608,payload,962819,962819.0,948000,0,1369284,14902405283868958466,8388608,1,random,,,,,,,1,item_bytes,random
rust,key,key.new,large-8MiB-text,1,4,1,8388608,payload,963480,963480.0,962000,0,1369284,18070168667611237286,8388608,1,text,,,,,,,1,item_bytes,text
rust,key,key.new,large-8MiB-text,1,5,1,8388608,payload,952399,952399.0,950000,0,1369284,18070168667611237286,8388608,1,text,,,,,,,1,item_bytes,text
rust,key,key.new,large-8MiB-text,1,6,1,8388608,payload,951728,951728.0,950000,0,1369284,18070168667611237286,8388608,1,text,,,,,,,1,item_bytes,text
rust,key,key.new,tiny-64B-duplicate,1,4,16384,1048576,payload,1344969,82.09039306640625,1331000,0,1369284,16551090344971838245,64,16384,duplicate,,,,,,,1,item_bytes,duplicate
rust,key,key.new,tiny-64B-duplicate,1,5,16384,1048576,payload,1338887,81.71917724609375,1334000,0,1369284,16551090344971838245,64,16384,duplicate,,,,,,,1,item_bytes,duplicate
rust,key,key.new,tiny-64B-duplicate,1,6,16384,1048576,payload,1349408,82.361328125,1347000,0,1369284,16551090344971838245,64,16384,duplicate,,,,,,,1,item_bytes,duplicate
rust,key,key.new,tiny-64B-random,1,4,16384,1048576,payload,1333738,81.4049072265625,1332000,0,1369284,9174902224779656527,64,16384,random,,,,,,,1,item_bytes,random
rust,key,key.new,tiny-64B-random,1,5,16384,1048576,payload,1333167,81.37005615234375,1332000,0,1369284,9174902224779656527,64,16384,random,,,,,,,1,item_bytes,random
rust,key,key.new,tiny-64B-random,1,6,16384,1048576,payload,1354578,82.6768798828125,1336000,0,1369284,9174902224779656527,64,16384,random,,,,,,,1,item_bytes,random
rust,key,key.new,tiny-64B-text,1,4,16384,1048576,payload,1354748,82.687255859375,1351000,0,1369284,10843923535440728144,64,16384,text,,,,,,,1,item_bytes,text
rust,key,key.new,tiny-64B-text,1,5,16384,1048576,payload,1337966,81.6629638671875,1336000,0,1369284,10843923535440728144,64,16384,text,,,,,,,1,item_bytes,text
rust,key,key.new,tiny-64B-text,1,6,16384,1048576,payload,1337014,81.6048583984375,1335000,0,1369284,10843923535440728144,64,16384,text,,,,,,,1,item_bytes,text
rust,key,key.new_from_hash,batch,1,4,2000,0,,68130,34.065,69000,0,1369284,8303626853493566760,32,2000,structured,,,,,,,1,,
rust,key,key.new_from_hash,batch,1,5,2000,0,,68110,34.055,68000,0,1369284,8303626853493566760,32,2000,structured,,,,,,,1,,
rust,key,key.new_from_hash,batch,1,6,2000,0,,68100,34.05,69000,0,1369284,8303626853493566760,32,2000,structured,,,,,,,1,,
rust,key,key.parse,canonical,1,4,2000,0,,49835,24.9175,50000,0,1369284,6889037819897927473,32,2000,structured,,,,,,,1,,
rust,key,key.parse,canonical,1,5,2000,0,,49825,24.9125,50000,0,1369284,6889037819897927473,32,2000,structured,,,,,,,1,,
rust,key,key.parse,canonical,1,6,2000,0,,49835,24.9175,50000,0,1369284,6889037819897927473,32,2000,structured,,,,,,,1,,
rust,key,key.parse,malformed,1,4,1024,0,,862,0.841796875,1000,0,1369284,16836505887970452261,32,1024,structured,,,,,,,1,,
rust,key,key.parse,malformed,1,5,1024,0,,842,0.822265625,2000,0,1369284,16836505887970452261,32,1024,structured,,,,,,,1,,
rust,key,key.parse,malformed,1,6,1024,0,,842,0.822265625,1000,0,1369284,16836505887970452261,32,1024,structured,,,,,,,1,,
rust,key,key.string,hex,1,4,2000,0,,1028886,514.443,1027000,0,1369284,18028995553074937698,32,2000,structured,,,,,,,1,,
rust,key,key.string,hex,1,5,2000,0,,1028625,514.3125,1027000,0,1369284,18028995553074937698,32,2000,structured,,,,,,,1,,
rust,key,key.string,hex,1,6,2000,0,,994400,497.2,993000,0,1369284,18028995553074937698,32,2000,structured,,,,,,,1,,
rust,key,key.type_string,names,1,4,2000,0,,29065,14.5325,29000,0,1369284,17360909890354118949,32,2000,structured,,,,,,,1,,
rust,key,key.type_string,names,1,5,2000,0,,28795,14.3975,30000,0,1369284,17360909890354118949,32,2000,structured,,,,,,,1,,
rust,key,key.type_string,names,1,6,2000,0,,28935,14.4675,29000,0,1369284,17360909890354118949,32,2000,structured,,,,,,,1,,
rust,key,key.validate,canonical,1,4,2000,0,,1794,0.897,2000,0,1369284,15777377584200431653,32,2000,structured,,,,,,,1,,
rust,key,key.validate,canonical,1,5,2000,0,,2495,1.2475,2000,0,1369284,15777377584200431653,32,2000,structured,,,,,,,1,,
rust,key,key.validate,canonical,1,6,2000,0,,1763,0.8815,3000,0,1369284,15777377584200431653,32,2000,structured,,,,,,,1,,
rust,packstore,packstore.append_record,pre-encoded+sync,1,4,500,16960000,payload,3728973,7457.946,2397000,1201000,1369284,15780636992960720100,,500,structured,,,,,,500,1,,
rust,packstore,packstore.append_record,pre-encoded+sync,1,5,500,16960000,payload,3701110,7402.22,145000,3422000,1369284,15780636992960720100,,500,structured,,,,,,500,1,,
rust,packstore,packstore.append_record,pre-encoded+sync,1,6,500,16960000,payload,3706821,7413.642,1690000,1870000,1369284,15780636992960720100,,500,structured,,,,,,500,1,,
rust,packstore,packstore.barrier,begin+observe+abort,1,4,30000,0,,1454027,48.46756666666667,1440000,0,1369284,5314116508821274174,,30000,structured,,,,,,30000,1,,
rust,packstore,packstore.barrier,begin+observe+abort,1,5,30000,0,,1446894,48.2298,1445000,0,1369284,5314116508821274174,,30000,structured,,,,,,30000,1,,
rust,packstore,packstore.barrier,begin+observe+abort,1,6,30000,0,,1449178,48.305933333333336,1442000,0,1369284,5314116508821274174,,30000,structured,,,,,,30000,1,,
rust,packstore,packstore.close,populated,1,4,1,0,,3053313,3053313.0,105000,196000,1369284,9929646806074584996,,1,structured,,,,,,30000,1,,
rust,packstore,packstore.close,populated,1,5,1,0,,2117836,2117836.0,0,269000,1369284,9929646806074584996,,1,structured,,,,,,30000,1,,
rust,packstore,packstore.close,populated,1,6,1,0,,930648,930648.0,0,260000,1369284,9929646806074584996,,1,structured,,,,,,30000,1,,
rust,packstore,packstore.compact,90-percent-dead,1,4,30000,0,,11333139,377.7713,10032000,12868000,1369284,17053303969233842934,,3000,structured,,,,,,30000,1,,
rust,packstore,packstore.compact,90-percent-dead,1,5,30000,0,,11518974,383.9658,9775000,13500000,1369284,17053303969233842934,,3000,structured,,,,,,30000,1,,
rust,packstore,packstore.compact,90-percent-dead,1,6,30000,0,,11685653,389.5217666666667,8327000,15115000,1369284,17053303969233842934,,3000,structured,,,,,,30000,1,,
rust,packstore,packstore.compact,nothing-dead,1,4,30000,0,,1163442,38.7814,295000,152000,1369284,10725320858063919682,,30000,structured,,,,,,30000,1,,
rust,packstore,packstore.compact,nothing-dead,1,5,30000,0,,1162571,38.75236666666667,293000,151000,1369284,10725320858063919682,,30000,structured,,,,,,30000,1,,
rust,packstore,packstore.compact,nothing-dead,1,6,30000,0,,1166158,38.87193333333333,0,451000,1369284,10725320858063919682,,30000,structured,,,,,,30000,1,,
rust,packstore,packstore.get,hit,1,4,2000,0,,9748222,4874.111,9677000,0,1369284,17127574681878724669,,2000,structured,,,,,,30000,1,,
rust,packstore,packstore.get,hit,1,5,2000,0,,9352185,4676.0925,9318000,0,1369284,17127574681878724669,,2000,structured,,,,,,30000,1,,
rust,packstore,packstore.get,hit,1,6,2000,0,,9180287,4590.1435,9145000,0,1369284,17127574681878724669,,2000,structured,,,,,,30000,1,,
rust,packstore,packstore.get,miss,1,4,2000,0,,113287,56.6435,111000,0,1369284,15777377584200431653,,2000,structured,,,,,,30000,1,,
rust,packstore,packstore.get,miss,1,5,2000,0,,104870,52.435,106000,0,1369284,15777377584200431653,,2000,structured,,,,,,30000,1,,
rust,packstore,packstore.get,miss,1,6,2000,0,,102336,51.168,103000,0,1369284,15777377584200431653,,2000,structured,,,,,,30000,1,,
rust,packstore,packstore.get_record,hit,1,4,2000,0,,457985,228.9925,459000,0,1369284,12535636567310543991,,2000,structured,,,,,,30000,1,,
rust,packstore,packstore.get_record,hit,1,5,2000,0,,434169,217.0845,433000,0,1369284,12535636567310543991,,2000,structured,,,,,,30000,1,,
rust,packstore,packstore.get_record,hit,1,6,2000,0,,421866,210.933,422000,0,1369284,12535636567310543991,,2000,structured,,,,,,30000,1,,
rust,packstore,packstore.has,hit,1,4,2000,0,,127564,63.782,127000,0,1369284,15777377584200431653,,2000,structured,,,,,,30000,1,,
rust,packstore,packstore.has,hit,1,5,2000,0,,149826,74.913,150000,0,1369284,15777377584200431653,,2000,structured,,,,,,30000,1,,
rust,packstore,packstore.has,hit,1,6,2000,0,,116904,58.452,117000,0,1369284,15777377584200431653,,2000,structured,,,,,,30000,1,,
rust,packstore,packstore.has,miss,1,4,2000,0,,79162,39.581,80000,0,1369284,3185947397095081253,,2000,structured,,,,,,30000,1,,
rust,packstore,packstore.has,miss,1,5,2000,0,,73611,36.8055,74000,0,1369284,3185947397095081253,,2000,structured,,,,,,30000,1,,
rust,packstore,packstore.has,miss,1,6,2000,0,,73080,36.54,74000,0,1369284,3185947397095081253,,2000,structured,,,,,,30000,1,,
rust,packstore,packstore.has_outside,sealed-segment,1,4,2000,0,,87116,43.558,88000,0,1369284,12790570316016660645,,2000,structured,,,,,,30000,1,,
rust,packstore,packstore.has_outside,sealed-segment,1,5,2000,0,,79372,39.686,80000,0,1369284,12790570316016660645,,2000,structured,,,,,,30000,1,,
rust,packstore,packstore.has_outside,sealed-segment,1,6,2000,0,,78350,39.175,79000,0,1369284,12790570316016660645,,2000,structured,,,,,,30000,1,,
rust,packstore,packstore.liveness,tenth-live,1,4,1,0,,590859,590859.0,590000,0,1369284,6616399134770590528,,1,structured,,,,,,30000,1,,
rust,packstore,packstore.liveness,tenth-live,1,5,1,0,,593844,593844.0,595000,0,1369284,6616399134770590528,,1,structured,,,,,,30000,1,,
rust,packstore,packstore.liveness,tenth-live,1,6,1,0,,595438,595438.0,594000,0,1369284,6616399134770590528,,1,structured,,,,,,30000,1,,
rust,packstore,packstore.mark_set_contains,all-keys,1,4,30000,0,,3763299,125.4433,3741000,0,1369284,11169151250625027621,,30000,structured,,,,,,30000,1,,
rust,packstore,packstore.mark_set_contains,all-keys,1,5,30000,0,,3712692,123.7564,3697000,0,1369284,11169151250625027621,,30000,structured,,,,,,30000,1,,
rust,packstore,packstore.mark_set_contains,all-keys,1,6,30000,0,,3756826,125.22753333333333,3749000,0,1369284,11169151250625027621,,30000,structured,,,,,,30000,1,,
rust,packstore,packstore.mark_set_mark,all-keys,1,4,30000,0,,1897434,63.2478,1893000,0,1369284,17012186072422889598,,30000,structured,,,,,,30000,1,,
rust,packstore,packstore.mark_set_mark,all-keys,1,5,30000,0,,1909238,63.64126666666667,1905000,0,1369284,17012186072422889598,,30000,structured,,,,,,30000,1,,
rust,packstore,packstore.mark_set_mark,all-keys,1,6,30000,0,,1946047,64.86823333333334,1930000,0,1369284,17012186072422889598,,30000,structured,,,,,,30000,1,,
rust,packstore,packstore.missing,half-present,1,4,2000,0,,264125,132.0625,1110000,0,1369284,9607287302469448777,,2000,structured,,,,,,30000,1,,
rust,packstore,packstore.missing,half-present,1,5,2000,0,,234067,117.0335,828000,0,1369284,9607287302469448777,,2000,structured,,,,,,30000,1,,
rust,packstore,packstore.missing,half-present,1,6,2000,0,,253675,126.8375,1031000,0,1369284,9607287302469448777,,2000,structured,,,,,,30000,1,,
rust,packstore,packstore.new_mark_set,snapshot,1,4,16,0,,961377,60086.0625,958000,0,1369284,9521082481390710053,,16,structured,,,,,,30000,1,,
rust,packstore,packstore.new_mark_set,snapshot,1,5,16,0,,955325,59707.8125,953000,0,1369284,9521082481390710053,,16,structured,,,,,,30000,1,,
rust,packstore,packstore.new_mark_set,snapshot,1,6,16,0,,956006,59750.375,955000,0,1369284,9521082481390710053,,16,structured,,,,,,30000,1,,
rust,packstore,packstore.oldest_inflight_write,idle,1,4,4096,0,,13125,3.204345703125,14000,0,1369284,10333885101303931685,,4096,structured,,,,,,30000,1,,
rust,packstore,packstore.oldest_inflight_write,idle,1,5,4096,0,,13085,3.194580078125,14000,0,1369284,10333885101303931685,,4096,structured,,,,,,30000,1,,
rust,packstore,packstore.oldest_inflight_write,idle,1,6,4096,0,,13105,3.199462890625,14000,0,1369284,10333885101303931685,,4096,structured,,,,,,30000,1,,
rust,packstore,packstore.open,empty,1,4,1,0,,10359,10359.0,12000,0,1369284,12161962213042174405,,1,structured,,,,,,,1,,
rust,packstore,packstore.open,empty,1,5,1,0,,10150,10150.0,11000,0,1369284,12161962213042174405,,1,structured,,,,,,,1,,
rust,packstore,packstore.open,empty,1,6,1,0,,10029,10029.0,11000,0,1369284,12161962213042174405,,1,structured,,,,,,,1,,
rust,packstore,packstore.open,populated-reopen,1,4,1,0,,1466061,1466061.0,0,1438000,1369284,3253493442154923972,,1,structured,,,,,,30000,1,,
rust,packstore,packstore.open,populated-reopen,1,5,1,0,,1405264,1405264.0,0,1370000,1369284,3253493442154923972,,1,structured,,,,,,30000,1,,
rust,packstore,packstore.open,populated-reopen,1,6,1,0,,1405865,1405865.0,0,1404000,1369284,3253493442154923972,,1,structured,,,,,,30000,1,,
rust,packstore,packstore.put,1MiB-duplicate/sync-off,1,4,2,2097152,payload,536405,268202.5,0,435000,1369284,6349179348336612933,1048576,2,duplicate,,,,,,,1,item_bytes,duplicate
rust,packstore,packstore.put,1MiB-duplicate/sync-off,1,5,2,2097152,payload,525113,262556.5,21000,412000,1369284,6349179348336612933,1048576,2,duplicate,,,,,,,1,item_bytes,duplicate
rust,packstore,packstore.put,1MiB-duplicate/sync-off,1,6,2,2097152,payload,522177,261088.5,0,430000,1369284,6349179348336612933,1048576,2,duplicate,,,,,,,1,item_bytes,duplicate
rust,packstore,packstore.put,1MiB-random/sync-off,1,4,1,1048576,payload,513361,513361.0,415000,0,1369284,9929646806074584996,1048576,1,random,,,,,,,1,item_bytes,random
rust,packstore,packstore.put,1MiB-random/sync-off,1,5,1,1048576,payload,498672,498672.0,0,408000,1369284,9929646806074584996,1048576,1,random,,,,,,,1,item_bytes,random
rust,packstore,packstore.put,1MiB-random/sync-off,1,6,1,1048576,payload,491900,491900.0,121000,287000,1369284,9929646806074584996,1048576,1,random,,,,,,,1,item_bytes,random
rust,packstore,packstore.put,1MiB-text/sync-off,1,4,1,1048576,payload,1984140,1984140.0,1889000,0,1369284,9929646806074584996,1048576,1,text,,,,,,,1,item_bytes,text
rust,packstore,packstore.put,1MiB-text/sync-off,1,5,1,1048576,payload,2258805,2258805.0,1625000,506000,1369284,9929646806074584996,1048576,1,text,,,,,,,1,item_bytes,text
rust,packstore,packstore.put,1MiB-text/sync-off,1,6,1,1048576,payload,1949343,1949343.0,1857000,0,1369284,9929646806074584996,1048576,1,text,,,,,,,1,item_bytes,text
rust,packstore,packstore.put,4KiB-duplicate/sync-off,1,4,256,1048576,payload,138625,541.50390625,40000,21000,1369284,17539378016686813989,4096,256,duplicate,,,,,,,1,item_bytes,duplicate
rust,packstore,packstore.put,4KiB-duplicate/sync-off,1,5,256,1048576,payload,138895,542.55859375,40000,22000,1369284,17539378016686813989,4096,256,duplicate,,,,,,,1,item_bytes,duplicate
rust,packstore,packstore.put,4KiB-duplicate/sync-off,1,6,256,1048576,payload,148624,580.5625,0,61000,1369284,17539378016686813989,4096,256,duplicate,,,,,,,1,item_bytes,duplicate
rust,packstore,packstore.put,4KiB-random/already-present,1,4,256,1048576,payload,19156,74.828125,14000,6000,1369284,17539378016686813989,4096,256,random,,,,,,,1,item_bytes,random
rust,packstore,packstore.put,4KiB-random/already-present,1,5,256,1048576,payload,19718,77.0234375,13000,7000,1369284,17539378016686813989,4096,256,random,,,,,,,1,item_bytes,random
rust,packstore,packstore.put,4KiB-random/already-present,1,6,256,1048576,payload,19397,75.76953125,13000,7000,1369284,17539378016686813989,4096,256,random,,,,,,,1,item_bytes,random
rust,packstore,packstore.put,4KiB-random/sync-off,1,4,256,1048576,payload,1938684,7572.984375,1819000,0,1369284,17539378016686813989,4096,256,random,,,,,,,1,item_bytes,random
rust,packstore,packstore.put,4KiB-random/sync-off,1,5,256,1048576,payload,1904759,7440.46484375,0,1799000,1369284,17539378016686813989,4096,256,random,,,,,,,1,item_bytes,random
rust,packstore,packstore.put,4KiB-random/sync-off,1,6,256,1048576,payload,1920969,7503.78515625,858000,953000,1369284,17539378016686813989,4096,256,random,,,,,,,1,item_bytes,random
rust,packstore,packstore.put,4KiB-random/sync-on,1,4,256,1048576,payload,23197302,90614.4609375,432000,5317000,1369284,17539378016686813989,4096,256,random,,,,,,,1,item_bytes,random
rust,packstore,packstore.put,4KiB-random/sync-on,1,5,256,1048576,payload,23494260,91774.453125,1081000,4632000,1369284,17539378016686813989,4096,256,random,,,,,,,1,item_bytes,random
rust,packstore,packstore.put,4KiB-random/sync-on,1,6,256,1048576,payload,23362187,91258.54296875,2421000,3297000,1369284,17539378016686813989,4096,256,random,,,,,,,1,item_bytes,random
rust,packstore,packstore.put,4KiB-text/sync-off,1,4,256,1048576,payload,4151320,16216.09375,4031000,0,1369284,17539378016686813989,4096,256,text,,,,,,,1,item_bytes,text
rust,packstore,packstore.put,4KiB-text/sync-off,1,5,256,1048576,payload,4117316,16083.265625,3014000,979000,1369284,17539378016686813989,4096,256,text,,,,,,,1,item_bytes,text
rust,packstore,packstore.put,4KiB-text/sync-off,1,6,256,1048576,payload,4135720,16155.15625,4027000,0,1369284,17539378016686813989,4096,256,text,,,,,,,1,item_bytes,text
rust,packstore,packstore.put,empty/sync-off,1,4,8000,0,payload,696260,87.0325,614000,0,1369284,7961062222578218789,,8000,empty,,,,,,,1,item_bytes,empty
rust,packstore,packstore.put,empty/sync-off,1,5,8000,0,payload,704395,88.049375,621000,0,1369284,7961062222578218789,,8000,empty,,,,,,,1,item_bytes,empty
rust,packstore,packstore.put,empty/sync-off,1,6,8000,0,payload,708894,88.61175,626000,0,1369284,7961062222578218789,,8000,empty,,,,,,,1,item_bytes,empty
rust,packstore,packstore.put,large-8MiB-duplicate/sync-off,1,4,2,16777216,payload,3151059,1575529.5,2027000,1021000,1369284,6349179348336612933,8388608,2,duplicate,,,,,,,1,item_bytes,duplicate
rust,packstore,packstore.put,large-8MiB-duplicate/sync-off,1,5,2,16777216,payload,3078831,1539415.5,1970000,1002000,1369284,6349179348336612933,8388608,2,duplicate,,,,,,,1,item_bytes,duplicate
rust,packstore,packstore.put,large-8MiB-duplicate/sync-off,1,6,2,16777216,payload,3135158,1567579.0,1661000,1326000,1369284,6349179348336612933,8388608,2,duplicate,,,,,,,1,item_bytes,duplicate
rust,packstore,packstore.put,large-8MiB-random/sync-off,1,4,1,8388608,payload,3112866,3112866.0,1984000,995000,1369284,9929646806074584996,8388608,1,random,,,,,,,1,item_bytes,random
rust,packstore,packstore.put,large-8MiB-random/sync-off,1,5,1,8388608,payload,3099020,3099020.0,1688000,1283000,1369284,9929646806074584996,8388608,1,random,,,,,,,1,item_bytes,random
rust,packstore,packstore.put,large-8MiB-random/sync-off,1,6,1,8388608,payload,3169695,3169695.0,2359000,642000,1369284,9929646806074584996,8388608,1,random,,,,,,,1,item_bytes,random
rust,packstore,packstore.put,large-8MiB-text/sync-off,1,4,1,8388608,payload,14416529,14416529.0,14167000,0,1369284,9929646806074584996,8388608,1,text,,,,,,,1,item_bytes,text
rust,packstore,packstore.put,large-8MiB-text/sync-off,1,5,1,8388608,payload,14432270,14432270.0,13937000,262000,1369284,9929646806074584996,8388608,1,text,,,,,,,1,item_bytes,text
rust,packstore,packstore.put,large-8MiB-text/sync-off,1,6,1,8388608,payload,14423863,14423863.0,13785000,400000,1369284,9929646806074584996,8388608,1,text,,,,,,,1,item_bytes,text
rust,packstore,packstore.put,tiny-64B-duplicate/sync-off,1,4,16384,1048576,payload,1370438,83.6448974609375,1188000,77000,1369284,2558134609619854117,64,16384,duplicate,,,,,,,1,item_bytes,duplicate
rust,packstore,packstore.put,tiny-64B-duplicate/sync-off,1,5,16384,1048576,payload,1358374,82.9085693359375,1260000,0,1369284,2558134609619854117,64,16384,duplicate,,,,,,,1,item_bytes,duplicate
rust,packstore,packstore.put,tiny-64B-duplicate/sync-off,1,6,16384,1048576,payload,1348415,82.30072021484375,1255000,0,1369284,2558134609619854117,64,16384,duplicate,,,,,,,1,item_bytes,duplicate
rust,packstore,packstore.put,tiny-64B-random/sync-off,1,4,16384,1048576,payload,27010287,1648.5770874023438,17839000,8900000,1369284,2558134609619854117,64,16384,random,,,,,,,1,item_bytes,random
rust,packstore,packstore.put,tiny-64B-random/sync-off,1,5,16384,1048576,payload,27074810,1652.5152587890625,21683000,5120000,1369284,2558134609619854117,64,16384,random,,,,,,,1,item_bytes,random
rust,packstore,packstore.put,tiny-64B-random/sync-off,1,6,16384,1048576,payload,27024183,1649.4252319335938,21349000,5434000,1369284,2558134609619854117,64,16384,random,,,,,,,1,item_bytes,random
rust,packstore,packstore.put,tiny-64B-text/sync-off,1,4,16384,1048576,payload,36235168,2211.619140625,27073000,8852000,1369284,2558134609619854117,64,16384,text,,,,,,,1,item_bytes,text
rust,packstore,packstore.put,tiny-64B-text/sync-off,1,5,16384,1048576,payload,36281697,2214.4590454101562,28164000,7807000,1369284,2558134609619854117,64,16384,text,,,,,,,1,item_bytes,text
rust,packstore,packstore.put,tiny-64B-text/sync-off,1,6,16384,1048576,payload,36284903,2214.6547241210938,25761000,10246000,1369284,2558134609619854117,64,16384,text,,,,,,,1,item_bytes,text
rust,packstore,packstore.put_verified,already-intact,1,4,250,0,,13399647,53598.588,13353000,0,1369284,16609681221866359237,,250,structured,,,,,,30000,1,,
rust,packstore,packstore.put_verified,already-intact,1,5,250,0,,13327529,53310.116,11281000,1990000,1369284,16609681221866359237,,250,structured,,,,,,30000,1,,
rust,packstore,packstore.put_verified,already-intact,1,6,250,0,,13523002,54092.008,10361000,3105000,1369284,16609681221866359237,,250,structured,,,,,,30000,1,,
rust,packstore,packstore.record,by-location,1,4,2000,0,,1301447,650.7235,1272000,0,1369284,5136015927278237873,,2000,structured,,,,,,30000,1,,
rust,packstore,packstore.record,by-location,1,5,2000,0,,1172780,586.39,1162000,0,1369284,5136015927278237873,,2000,structured,,,,,,30000,1,,
rust,packstore,packstore.record,by-location,1,6,2000,0,,1053142,526.571,1050000,0,1369284,5136015927278237873,,2000,structured,,,,,,30000,1,,
rust,packstore,packstore.remove,one-sealed-segment,1,4,1,0,,661203,661203.0,0,659000,1369284,15866661794175806913,,1,structured,,,,,,30000,1,,
rust,packstore,packstore.remove,one-sealed-segment,1,5,1,0,,664128,664128.0,0,661000,1369284,15866661794175806913,,1,structured,,,,,,30000,1,,
rust,packstore,packstore.remove,one-sealed-segment,1,6,1,0,,614323,614323.0,0,613000,1369284,15866661794175806913,,1,structured,,,,,,30000,1,,
rust,packstore,packstore.scan_index,all-segments,1,4,30000,0,,718072,23.935733333333335,717000,0,1369284,9421769087122522480,,30000,structured,,,,,,30000,1,,
rust,packstore,packstore.scan_index,all-segments,1,5,30000,0,,720135,24.0045,717000,0,1369284,9421769087122522480,,30000,structured,,,,,,30000,1,,
rust,packstore,packstore.scan_index,all-segments,1,6,30000,0,,715407,23.8469,694000,22000,1369284,9421769087122522480,,30000,structured,,,,,,30000,1,,
rust,packstore,packstore.segments,list,1,4,64,0,,390315,6098.671875,343000,48000,1369284,4309077696602640165,,64,structured,,,,,,30000,1,,
rust,packstore,packstore.segments,list,1,5,64,0,,395425,6178.515625,0,393000,1369284,4309077696602640165,,64,structured,,,,,,30000,1,,
rust,packstore,packstore.segments,list,1,6,64,0,,390026,6094.15625,0,390000,1369284,4309077696602640165,,64,structured,,,,,,30000,1,,
rust,packstore,packstore.sort_by_location,scattered,1,4,2000,0,,202136,101.068,153000,51000,1369284,11026385892513961437,,2000,structured,,,,,,30000,1,,
rust,packstore,packstore.sort_by_location,scattered,1,5,2000,0,,181687,90.8435,119000,63000,1369284,11026385892513961437,,2000,structured,,,,,,30000,1,,
rust,packstore,packstore.sort_by_location,scattered,1,6,2000,0,,176667,88.3335,116000,62000,1369284,11026385892513961437,,2000,structured,,,,,,30000,1,,
rust,packstore,packstore.stored_size,hit,1,4,2000,0,,133214,66.607,134000,0,1369284,9405479852998373868,,2000,structured,,,,,,30000,1,,
rust,packstore,packstore.stored_size,hit,1,5,2000,0,,106744,53.372,107000,0,1369284,9405479852998373868,,2000,structured,,,,,,30000,1,,
rust,packstore,packstore.stored_size,hit,1,6,2000,0,,115360,57.68,116000,0,1369284,9405479852998373868,,2000,structured,,,,,,30000,1,,
rust,packstore,packstore.verify,full-scrub,1,4,30000,0,,180535297,6017.843233333333,179903000,0,1369284,9929646806074584996,,30000,structured,,,,,,30000,1,,
rust,packstore,packstore.verify,full-scrub,1,5,30000,0,,176629065,5887.6355,175973000,0,1369284,9929646806074584996,,30000,structured,,,,,,30000,1,,
rust,packstore,packstore.verify,full-scrub,1,6,30000,0,,176277273,5875.9091,175627000,0,1369284,9929646806074584996,,30000,structured,,,,,,30000,1,,
rust,packstore,packstore.wipe,populated,1,4,1,0,,3920049,3920049.0,0,3908000,1369284,12161962213042174405,,1,structured,,,,,,30000,1,,
rust,packstore,packstore.wipe,populated,1,5,1,0,,3836589,3836589.0,0,3827000,1369284,12161962213042174405,,1,structured,,,,,,30000,1,,
rust,packstore,packstore.wipe,populated,1,6,1,0,,3747399,3747399.0,0,3736000,1369284,12161962213042174405,,1,structured,,,,,,30000,1,,
rust,packstore,packstore.write_batch,mixed-objects,1,4,8000,70656000,payload,168844224,21105.528,150413000,15757000,1369284,9929646806074584996,,8000,structured,,,,,,8000,1,,
rust,packstore,packstore.write_batch,mixed-objects,1,5,8000,70656000,payload,168830317,21103.789625,148206000,17856000,1369284,9929646806074584996,,8000,structured,,,,,,8000,1,,
rust,packstore,packstore.write_batch,mixed-objects,1,6,8000,70656000,payload,171193472,21399.184,149853000,16143000,1369284,9929646806074584996,,8000,structured,,,,,,8000,1,,
rust,packstore,packstore.write_parallel,duplicate-stream/writers-N,8,4,8000,70656000,payload,9397081,1174.635125,15978000,8420000,1369284,16461052147560502176,,8000,duplicate,,,,,,8000,8,,
rust,packstore,packstore.write_parallel,duplicate-stream/writers-N,8,5,8000,70656000,payload,9499126,1187.39075,16960000,8301000,1369284,16461052147560502176,,8000,duplicate,,,,,,8000,8,,
rust,packstore,packstore.write_parallel,duplicate-stream/writers-N,8,6,8000,70656000,payload,9402621,1175.327625,18456000,6564000,1369284,16461052147560502176,,8000,duplicate,,,,,,8000,8,,
rust,packstore,packstore.write_parallel,mixed-objects/writers-1/verify-false,1,4,8000,70656000,payload,172364318,21545.53975,148866000,32075000,1369284,3234576589889759616,,8000,structured,,,,,,8000,1,,
rust,packstore,packstore.write_parallel,mixed-objects/writers-1/verify-false,1,5,8000,70656000,payload,172520627,21565.078375,157098000,24165000,1369284,3234576589889759616,,8000,structured,,,,,,8000,1,,
rust,packstore,packstore.write_parallel,mixed-objects/writers-1/verify-false,1,6,8000,70656000,payload,173871227,21733.903375,154975000,27797000,1369284,3234576589889759616,,8000,structured,,,,,,8000,1,,
rust,packstore,packstore.write_parallel,mixed-objects/writers-1/verify-true,1,4,8000,70656000,payload,186303105,23287.888125,172922000,22240000,1369284,3234576589889759616,,8000,structured,,,,,,8000,1,,
rust,packstore,packstore.write_parallel,mixed-objects/writers-1/verify-true,1,5,8000,70656000,payload,185932546,23241.56825,166493000,28383000,1369284,3234576589889759616,,8000,structured,,,,,,8000,1,,
rust,packstore,packstore.write_parallel,mixed-objects/writers-1/verify-true,1,6,8000,70656000,payload,187331379,23416.422375,173229000,20718000,1369284,3234576589889759616,,8000,structured,,,,,,8000,1,,
rust,packstore,packstore.write_parallel,mixed-objects/writers-N/verify-false,8,4,8000,70656000,payload,46204592,5775.574,168551000,38281000,1369284,3234576589889759616,,8000,structured,,,,,,8000,8,,
rust,packstore,packstore.write_parallel,mixed-objects/writers-N/verify-false,8,5,8000,70656000,payload,43618803,5452.350375,172405000,34247000,1369284,3234576589889759616,,8000,structured,,,,,,8000,8,,
rust,packstore,packstore.write_parallel,mixed-objects/writers-N/verify-false,8,6,8000,70656000,payload,43539792,5442.474,173633000,33140000,1369284,3234576589889759616,,8000,structured,,,,,,8000,8,,
rust,packstore,packstore.write_parallel,mixed-objects/writers-N/verify-true,8,4,8000,70656000,payload,44065576,5508.197,181450000,39222000,1369284,3234576589889759616,,8000,structured,,,,,,8000,8,,
rust,packstore,packstore.write_parallel,mixed-objects/writers-N/verify-true,8,5,8000,70656000,payload,44121143,5515.142875,179412000,41515000,1369284,3234576589889759616,,8000,structured,,,,,,8000,8,,
rust,packstore,packstore.write_parallel,mixed-objects/writers-N/verify-true,8,6,8000,70656000,payload,46673608,5834.201,192442000,27806000,1369284,3234576589889759616,,8000,structured,,,,,,8000,8,,
rust,reference,reference.decode,signed,1,4,256,81152,encoded,104169,406.91015625,0,105000,1369284,9423346386722356261,317,256,structured,,,,,,,1,,
rust,reference,reference.decode,signed,1,5,256,81152,encoded,107856,421.3125,0,109000,1369284,9423346386722356261,317,256,structured,,,,,,,1,,
rust,reference,reference.decode,signed,1,6,256,81152,encoded,110321,430.94140625,0,111000,1369284,9423346386722356261,317,256,structured,,,,,,,1,,
rust,reference,reference.encode,signed,1,4,256,81152,encoded,43433,169.66015625,44000,0,1369284,1558907671059768101,317,256,structured,,,,,,,1,,
rust,reference,reference.encode,signed,1,5,256,81152,encoded,42912,167.625,43000,0,1369284,1558907671059768101,317,256,structured,,,,,,,1,,
rust,reference,reference.encode,signed,1,6,256,81152,encoded,40196,157.015625,41000,0,1369284,1558907671059768101,317,256,structured,,,,,,,1,,
rust,reference,reference.signature_payload,signed,1,4,256,0,,44025,171.97265625,45000,0,1369284,5207887851867075365,,256,structured,,,,,,,1,,
rust,reference,reference.signature_payload,signed,1,5,256,0,,43483,169.85546875,44000,0,1369284,5207887851867075365,,256,structured,,,,,,,1,,
rust,reference,reference.signature_payload,signed,1,6,256,0,,43623,170.40234375,44000,0,1369284,5207887851867075365,,256,structured,,,,,,,1,,
rust,reference,reference.validate_name,valid,1,4,256,0,,7524,29.390625,8000,0,1369284,17539378016686813989,,256,structured,,,,,,,1,,
rust,reference,reference.validate_name,valid,1,5,256,0,,7504,29.3125,8000,0,1369284,17539378016686813989,,256,structured,,,,,,,1,,
rust,reference,reference.validate_name,valid,1,6,256,0,,7464,29.15625,8000,0,1369284,17539378016686813989,,256,structured,,,,,,,1,,
rust,reference,reference.validate_user,valid,1,4,256,0,,27002,105.4765625,28000,0,1369284,17539378016686813989,,256,structured,,,,,,,1,,
rust,reference,reference.validate_user,valid,1,5,256,0,,23044,90.015625,20000,4000,1369284,17539378016686813989,,256,structured,,,,,,,1,,
rust,reference,reference.validate_user,valid,1,6,256,0,,27181,106.17578125,19000,9000,1369284,17539378016686813989,,256,structured,,,,,,,1,,
rust,refstore,refstore.all,records,1,4,5000,0,,833301,166.6602,830000,0,1369284,7892593287194926980,,1,structured,5000,,,,,,1,,
rust,refstore,refstore.all,records,1,5,5000,0,,840305,168.061,807000,0,1369284,7892593287194926980,,1,structured,5000,,,,,,1,,
rust,refstore,refstore.all,records,1,6,5000,0,,826519,165.3038,810000,0,1369284,7892593287194926980,,1,structured,5000,,,,,,1,,
rust,refstore,refstore.close,populated,1,4,1,0,,928914,928914.0,0,706000,1369284,9929646806074584996,,1,structured,5000,,,,,,1,,
rust,refstore,refstore.close,populated,1,5,1,0,,910109,910109.0,693000,0,1369284,9929646806074584996,,1,structured,5000,,,,,,1,,
rust,refstore,refstore.close,populated,1,6,1,0,,913966,913966.0,476000,216000,1369284,9929646806074584996,,1,structured,5000,,,,,,1,,
rust,refstore,refstore.delete,records,1,4,5000,0,,199093137,39818.6274,54584000,63615000,1369284,14982512862514255781,,5000,structured,5000,,,,,,1,,
rust,refstore,refstore.delete,records,1,5,5000,0,,200367852,40073.5704,55204000,64242000,1369284,14982512862514255781,,5000,structured,5000,,,,,,1,,
rust,refstore,refstore.delete,records,1,6,5000,0,,198582150,39716.43,55904000,62062000,1369284,14982512862514255781,,5000,structured,5000,,,,,,1,,
rust,refstore,refstore.get,hit,1,4,2000,0,,1102816,551.408,1071000,28000,1369284,15973922035146887013,,2000,structured,5000,,,,,,1,,
rust,refstore,refstore.get,hit,1,5,2000,0,,1122014,561.007,1077000,28000,1369284,15973922035146887013,,2000,structured,5000,,,,,,1,,
rust,refstore,refstore.get,hit,1,6,2000,0,,1115290,557.645,1084000,29000,1369284,15973922035146887013,,2000,structured,5000,,,,,,1,,
rust,refstore,refstore.get,miss,1,4,2000,0,,694266,347.133,476000,219000,1369284,15777377584200431653,,2000,structured,5000,,,,,,1,,
rust,refstore,refstore.get,miss,1,5,2000,0,,702491,351.2455,699000,0,1369284,15777377584200431653,,2000,structured,5000,,,,,,1,,
rust,refstore,refstore.get,miss,1,6,2000,0,,685700,342.85,470000,216000,1369284,15777377584200431653,,2000,structured,5000,,,,,,1,,
rust,refstore,refstore.open,empty,1,4,1,0,,1272601,1272601.0,666000,306000,1369284,9929646806074584996,,1,structured,,,,,,,1,,
rust,refstore,refstore.open,empty,1,5,1,0,,1276568,1276568.0,976000,0,1369284,9929646806074584996,,1,structured,,,,,,,1,,
rust,refstore,refstore.open,empty,1,6,1,0,,1237164,1237164.0,982000,0,1369284,9929646806074584996,,1,structured,,,,,,,1,,
rust,refstore,refstore.open,populated-reopen,1,4,1,0,,926580,926580.0,350000,0,1369284,2318966388260340498,,1,structured,5000,,,,,,1,,
rust,refstore,refstore.open,populated-reopen,1,5,1,0,,900641,900641.0,0,356000,1369284,2318966388260340498,,1,structured,5000,,,,,,1,,
rust,refstore,refstore.open,populated-reopen,1,6,1,0,,895030,895030.0,240000,110000,1369284,2318966388260340498,,1,structured,5000,,,,,,1,,
rust,refstore,refstore.put,records/sync-false,1,4,5000,0,,219678239,43935.6478,61366000,65245000,1369284,14982512862514255781,,5000,structured,5000,,,,,,1,,
rust,refstore,refstore.put,records/sync-false,1,5,5000,0,,219199043,43839.8086,60006000,66326000,1369284,14982512862514255781,,5000,structured,5000,,,,,,1,,
rust,refstore,refstore.put,records/sync-false,1,6,5000,0,,219799311,43959.8622,63869000,62938000,1369284,14982512862514255781,,5000,structured,5000,,,,,,1,,
rust,refstore,refstore.put,records/sync-true,1,4,5000,0,,220390540,44078.108,65348000,61635000,1369284,14982512862514255781,,5000,structured,5000,,,,,,1,,
rust,refstore,refstore.put,records/sync-true,1,5,5000,0,,218681355,43736.271,58238000,67661000,1369284,14982512862514255781,,5000,structured,5000,,,,,,1,,
rust,refstore,refstore.put,records/sync-true,1,6,5000,0,,220176641,44035.3282,65440000,61388000,1369284,14982512862514255781,,5000,structured,5000,,,,,,1,,
rust,refstore,refstore.put_batch,records/sync-false,1,4,5000,0,,4492271,898.4542,3190000,1074000,1369284,8710676069373506828,,5000,structured,5000,,,,,,1,,
rust,refstore,refstore.put_batch,records/sync-false,1,5,5000,0,,4513622,902.7244,4254000,0,1369284,8710676069373506828,,5000,structured,5000,,,,,,1,,
rust,refstore,refstore.put_batch,records/sync-false,1,6,5000,0,,4517219,903.4438,4258000,16000,1369284,8710676069373506828,,5000,structured,5000,,,,,,1,,
rust,refstore,refstore.wipe,records,1,4,1,0,,17231496,17231496.0,17038000,0,1369284,12161962213042174405,,1,structured,5000,,,,,,1,,
rust,refstore,refstore.wipe,records,1,5,1,0,,17119332,17119332.0,16921000,0,1369284,12161962213042174405,,1,structured,5000,,,,,,1,,
rust,refstore,refstore.wipe,records,1,6,1,0,,16647581,16647581.0,16445000,0,1369284,12161962213042174405,,1,structured,5000,,,,,,1,,
rust,tar,tarexport.write,fixture-tree,1,4,5323,64294912,encoded,12291440,2309.1189179034377,12250000,0,1369284,4304777291239815761,,,tree,5323,,,,5323,,1,,
rust,tar,tarexport.write,fixture-tree,1,5,5323,64294912,encoded,12066310,2266.825098628593,12027000,0,1369284,4304777291239815761,,,tree,5323,,,,5323,,1,,
rust,tar,tarexport.write,fixture-tree,1,6,5323,64294912,encoded,12105284,2274.1469096374226,12054000,0,1369284,4304777291239815761,,,tree,5323,,,,5323,,1,,
rust,tar,tarextract.extract,fixture-tree,1,4,5323,64294912,encoded,172362144,32380.63948900996,16352000,154408000,1369284,4304777291239815761,,,tree,5323,,,,5323,,1,,
rust,tar,tarextract.extract,fixture-tree,1,5,5323,64294912,encoded,172174205,32345.33251925606,18599000,151615000,1369284,4304777291239815761,,,tree,5323,,,,5323,,1,,
rust,tar,tarextract.extract,fixture-tree,1,6,5323,64294912,encoded,173036401,32507.308096937817,21776000,148564000,1369284,4304777291239815761,,,tree,5323,,,,5323,,1,,
