core,group,op,workload,threads,n,ops_per_call,bytes_per_call,bytes_kind,ns_per_op_min,ns_per_op_p25,ns_per_op_median,ns_per_op_p75,ns_per_op_max,ns_per_op_mad,variation,cpu_ns_per_op_median,ops_per_s_median,bytes_per_s_median,entries_per_s_median,objects_per_s_median,max_rss_kib_max,item_bytes,items,content,entries,depth,width,shape,files,objects,workers,sweep,series
go,amberignore,amberignore.descend,8-subdirs,1,7,512,0,,5011.29296875,5058.5791015625,5091.091796875,5198.26953125,5756.818359375,79.798828125,0.015674207283785747,5167.96875,196421.52212101483,,,,1813432.0,,,structured,512,1,,,,,1,,
go,amberignore,amberignore.ignored,mixed-names,1,7,1024,0,,202.26171875,207.0947265625,210.822265625,214.1982421875,215.3330078125,4.2666015625,0.02023790774589822,214.84375,4743332.00544742,,,,1813432.0,,,structured,1024,,,,,,1,,
go,amberignore,amberignore.ignored,nil-matcher,1,7,1024,0,,5.0,5.05859375,5.078125,7.8515625,8.580078125,0.078125,0.015384615384615385,9.765625,196923076.92307693,,,,1813432.0,,,structured,1024,,,,,,1,,
go,amberignore,amberignore.root,load-root,1,7,64,0,,7178.078125,7276.9453125,7317.265625,7405.625,7612.359375,64.953125,0.008876693607798336,7375.0,136663.07214315457,,,,1813432.0,,,structured,64,,,,,,1,,
go,amberpack,amberpack.decode_payload,mixed-records/producer-go,1,7,500,10070344,encoded,14832.214,15188.493999999999,15493.556,16349.692000000001,16696.274,552.0159999999996,0.035628747848460325,17260.0,64542.96224830504,1299939665.2388902,,,1813432.0,,500,structured,,,,,,500,1,,
go,amberpack,amberpack.decode_payload,mixed-records/producer-rust,1,7,500,10053753,encoded,14224.414,14306.269,14521.782,14657.14,14982.2,231.86399999999958,0.015966635499692777,16406.0,68862.07216166721,1384644529.1631565,,,1813432.0,,500,structured,,,,,,500,1,,
go,amberpack,amberpack.encode_record,1MiB-duplicate,1,7,4,4194304,payload,366525.25,404306.0,439512.25,461422.75,494474.75,43370.25,0.09867813695750233,440250.0,2275.249438439998,2385771955.1616592,,,1813432.0,1048576,4,duplicate,,,,,,,1,item_bytes,duplicate
go,amberpack,amberpack.encode_record,1MiB-random,1,7,4,4194304,payload,360135.25,376571.875,384344.25,401929.0,425037.0,13996.75,0.0364172223208751,397750.0,2601.834162993202,2728220859.2947598,,,1813432.0,1048576,4,random,,,,,,,1,item_bytes,random
go,amberpack,amberpack.encode_record,1MiB-text,1,7,4,4194304,payload,3132726.75,3152177.625,3175255.5,3197213.875,3218147.75,39623.25,0.012478759583283927,3424250.0,314.9352863100308,330233582.77782685,,,1813432.0,1048576,4,text,,,,,,,1,item_bytes,text
go,amberpack,amberpack.encode_record,4KiB-duplicate,1,7,1024,4194304,payload,3249.9287109375,3341.43701171875,3492.2373046875,3805.580078125,4006.9619140625,174.494140625,0.049966289630656836,3484.375,286349.3837196393,1172887075.7156427,,,1813432.0,4096,1024,duplicate,,,,,,,1,item_bytes,duplicate
go,amberpack,amberpack.encode_record,4KiB-random,1,7,1024,4194304,payload,3456.1923828125,3581.685546875,3668.3359375,3820.330078125,4022.126953125,108.8603515625,0.0296756767693117,4616.2109375,272603.16858589236,1116582578.527815,,,1813432.0,4096,1024,random,,,,,,,1,item_bytes,random
go,amberpack,amberpack.encode_record,4KiB-text,1,7,1024,4194304,payload,23979.537109375,24013.484375,24286.892578125,24369.27587890625,24857.9345703125,254.744140625,0.01048895571162718,24995.1171875,41174.47288833861,168650640.95063496,,,1813432.0,4096,1024,text,,,,,,,1,item_bytes,text
go,amberpack,amberpack.encode_record,empty,1,7,8000,0,payload,61.1405,61.783625,61.997125,63.756812499999995,64.805125,0.856624999999994,0.01381717297374667,62.375,16129780.211582392,,,,1813432.0,,8000,empty,,,,,,,1,item_bytes,empty
go,amberpack,amberpack.encode_record,large-8MiB-duplicate,1,7,2,16777216,payload,3719470.0,3754509.25,3810949.5,3999367.25,4991580.0,91479.5,0.024004385258844286,4285500.0,262.40179776719685,2201185819.9642897,,,1813432.0,8388608,2,duplicate,,,,,,,1,item_bytes,duplicate
go,amberpack,amberpack.encode_record,large-8MiB-random,1,7,1,8388608,payload,3603223.0,3659360.0,3667516.0,4013902.5,4182019.0,64293.0,0.017530393868765672,4087000.0,272.66411380345716,2287272366.364591,,,1813432.0,8388608,1,random,,,,,,,1,item_bytes,random
go,amberpack,amberpack.encode_record,large-8MiB-text,1,7,1,8388608,payload,25276395.0,25469658.5,25683472.0,26253862.0,28156385.0,313700.0,0.01221408071307493,26385000.0,38.93554578602146,326615030.8649859,,,1813432.0,8388608,1,text,,,,,,,1,item_bytes,text
go,amberpack,amberpack.encode_record,tiny-64B-duplicate,1,7,16384,1048576,payload,470.92156982421875,504.56121826171875,513.45703125,517.0298461914062,539.2056274414062,4.037841796875,0.00786403058313363,512.5732421875,1947582.639126631,124645288.90410438,,,1813432.0,64,16384,duplicate,,,,,,,1,item_bytes,duplicate
go,amberpack,amberpack.encode_record,tiny-64B-random,1,7,16384,1048576,payload,546.0822143554688,550.1748046875,562.1578369140625,570.1063537597656,587.722412109375,15.207275390625,0.027051611472864244,560.4248046875,1778859.8403065058,113847029.77961637,,,1813432.0,64,16384,random,,,,,,,1,item_bytes,random
go,amberpack,amberpack.encode_record,tiny-64B-text,1,7,16384,1048576,payload,1127.1470336914062,1129.7282409667969,1135.0582885742188,1141.6464538574219,1161.6666870117188,6.97198486328125,0.006142402494623401,1131.4697265625,881012.0238460444,56384769.526146844,,,1813432.0,64,16384,text,,,,,,,1,item_bytes,text
go,amberpack,amberpack.parse_record,corrupt-crc/producer-go,1,7,256,0,,121.28515625,126.51171875,131.578125,137.646484375,175.8046875,5.3203125,0.04043462771642323,156.25,7600047.500296877,,,,1813432.0,,256,structured,,,,,,,1,,
go,amberpack,amberpack.parse_record,corrupt-crc/producer-rust,1,7,256,0,,123.515625,126.86328125,129.23046875,132.4609375,148.52734375,2.38671875,0.01846869993652329,148.4375,7738113.230360003,,,,1813432.0,,256,structured,,,,,,,1,,
go,amberpack,amberpack.parse_record,mixed-records/producer-go,1,7,500,10070344,encoded,712.862,719.435,723.842,737.97,748.188,8.538000000000011,0.011795391812025291,736.0,1381516.9608837287,27824702075.867386,,,1813432.0,,500,structured,,,,,,500,1,,
go,amberpack,amberpack.parse_record,mixed-records/producer-rust,1,7,500,10053753,encoded,706.128,712.1,714.264,737.178,746.566,8.135999999999967,0.011390746278686826,722.0,1400042.5612938632,28151364201.471725,,,1813432.0,,500,structured,,,,,,500,1,,
go,amberpack,amberpack.reader_all,mixed-objects/producer-go,1,7,500,10070344,encoded,16349.632,16378.537,16479.28,17091.078,17749.686,129.64799999999923,0.007867334009738243,16436.0,60682.26281730755,1222182522.5373924,,,1813432.0,,500,structured,,,,,,500,1,,
go,amberpack,amberpack.reader_all,mixed-objects/producer-rust,1,7,500,10053753,encoded,15624.106,15827.223999999998,16054.79,16702.266,17432.54,373.9360000000015,0.02329124205299487,15998.0,62286.70695786118,1252430333.8754354,,,1813432.0,,500,structured,,,,,,500,1,,
go,amberpack,amberpack.reader_all,truncated-stream/producer-go,1,7,64,0,,4602598.46875,4802289.859375,5268742.71875,5332959.28125,5558661.65625,289918.9375,0.05502620890336106,5672515.625,189.798601560345,,,,1813432.0,5035172,64,structured,,,,,,,1,,
go,amberpack,amberpack.reader_all,truncated-stream/producer-rust,1,7,64,0,,4995759.359375,5040369.1796875,5068666.90625,5102929.390625,5152953.703125,36268.8125,0.007155493381361905,5453125.0,197.29053388119354,,,,1813432.0,5026876,64,structured,,,,,,,1,,
go,amberpack,amberpack.reader_records,mixed-objects/producer-go,1,7,500,10070344,encoded,1423.8,1455.45,1472.332,1867.728,2553.638,48.53200000000015,0.03296267417946506,1562.0,679194.6381658484,13679447298.571247,,,1813432.0,,500,structured,,,,,,500,1,,
go,amberpack,amberpack.reader_records,mixed-objects/producer-rust,1,7,500,10053753,encoded,1418.41,1426.2939999999999,1437.666,1481.699,1529.602,16.47199999999998,0.011457459521196147,1456.0,695571.8504854396,13986215157.06708,,,1813432.0,,500,structured,,,,,,500,1,,
go,amberpack,amberpack.writer_add,mixed-objects,1,7,500,16960000,payload,65447.942,66207.133,67028.018,67626.31400000001,68611.246,804.218000000008,0.011998236319623953,70946.0,14919.134264122205,506057034.23902524,,,1813432.0,,500,structured,,,,,,500,1,,
go,amberpack,amberpack.writer_add_record,pre-encoded-records/producer-go,1,7,500,10070344,encoded,28.654,28.926000000000002,29.096,34.836999999999996,41.278,0.44200000000000017,0.015191091558977184,38.0,34368985.42755018,692215012372.8347,,,1813432.0,,500,structured,,,,,,500,1,,
go,amberpack,amberpack.writer_add_record,pre-encoded-records/producer-rust,1,7,500,10053753,encoded,28.756,29.116,29.456,32.372,37.39,0.620000000000001,0.021048343291689333,36.0,33948940.79304726,682628530689.8425,,,1813432.0,,500,structured,,,,,,500,1,,
go,cbor,cbor.decode_xattrs,xattrs-3,1,7,64,4544,encoded,369.765625,394.9765625,409.84375,421.5859375,427.390625,17.375,0.042394205108654215,484.375,2439954.2508577965,173236751.81090355,,,1813432.0,71,64,structured,3,,,,,,1,,
go,cbor,cbor.decode_xattrs,xattrs-64,1,7,64,282752,encoded,8824.046875,8830.3046875,8915.3125,9016.6015625,9164.859375,87.984375,0.009868905324406744,8937.5,112166.56735251848,495551894.5634267,,,1813432.0,4418,64,structured,64,,,,,,1,,
go,cbor,cbor.encode_xattrs,xattrs-3,1,7,64,4544,encoded,401.390625,437.5546875,444.28125,452.3515625,455.5625,9.71875,0.021875219807272982,500.0,2250826.4753464162,159808679.74959555,,,1813432.0,71,64,structured,3,,,,,,1,,
go,cbor,cbor.encode_xattrs,xattrs-64,1,7,64,282752,encoded,23876.71875,24633.1484375,25172.609375,25607.75,27102.40625,796.53125,0.03164277640565421,25156.25,39725.71874066989,175508225.39627957,,,1813432.0,4418,64,structured,64,,,,,,1,,
go,chunkers,chunkers.item_chunker,is_boundary/bits-7,1,7,2000,0,,51.398,51.94425,52.706,53.054,53.6675,0.5509999999999948,0.010454217736121025,54.0,18973171.934884075,,,,1813432.0,32,2000,structured,,,,,,,1,,
go,chunkers,chunkers.new_item_chunker,bits-4..12,1,7,2304,0,,13.03732638888889,13.082682291666668,13.09375,13.171875,13.180555555555555,0.056423611111110716,0.004309201803235186,15.625,76372315.03579952,,,,1813432.0,,2304,structured,,,,,,,1,,
go,chunkers,chunkers.split_bytes,compressible/4-16-64KiB,1,7,1024,67108864,payload,55456.9736328125,55817.51953125,56308.587890625,56389.2177734375,56449.833984375,141.24609375,0.0025084289811060333,56568.359375,17759.280377309788,1163872198.8073742,,,1813432.0,67108864,1,text,1024,,,,,,1,,
go,chunkers,chunkers.split_bytes,compressible/default-sizes,1,7,64,67108864,payload,887049.953125,893979.5390625,897013.21875,900141.8515625,921097.953125,3693.453125,0.00411750133420205,904890.625,1114.8107732386748,1168963821.3595166,,,1813432.0,67108864,1,text,64,,,,,,1,,
go,chunkers,chunkers.split_bytes,random/default-sizes,1,7,881,67108864,payload,48693.92622020431,48974.4494892168,49214.239500567535,49644.128830874004,49791.15323496027,364.48581157775334,0.0074061047224665555,49631.1010215664,20319.322418635933,1547794148.4272304,,,1813432.0,67108864,1,random,881,,,,,,1,,
go,chunkers,chunkers.split_bytes,tiny-64KiB/default-sizes,1,7,1,65536,payload,48924.0,49494.5,49905.0,52004.5,53913.0,981.0,0.019657348963029758,57000.0,20038.07233744114,1313215108.7065425,,,1813432.0,65536,1,text,1,,,,,,1,,
go,fstree,fstree.check_complete,incomplete/jobs-1,1,7,1,0,,26230.0,30513.5,32412.0,33544.0,34656.0,2174.0,0.0670739232383068,41000.0,30852.770578797976,,,30852.770578797976,1813432.0,,,structured,16,,,wide,,,1,,
go,fstree,fstree.check_complete,widest/jobs-1,1,7,40257,0,,657.9444071838439,665.2124102640535,668.5220210149788,671.8546091362992,686.7170678391336,4.74267829197413,0.007094273850207047,695.4318503614278,1495837.0383697415,,,1495837.0383697415,1813432.0,,,structured,40000,,40000,wide,,40257,1,,
go,fstree,fstree.check_complete,widest/jobs-N,8,7,40257,0,,344.78187644384826,347.1617979481829,350.6915319074943,357.7521052239362,363.11881163524356,5.411630275480036,0.01543131151768877,849.7900986163897,2851508.830454967,,,2851508.830454967,1813432.0,,,structured,40000,,40000,wide,,40257,8,,
go,fstree,fstree.check_complete,width-16/jobs-1,1,7,17,0,,1335.4705882352941,1468.7058823529412,1547.6470588235295,1832.8823529411766,2024.4117647058824,180.3529411764705,0.11653363740022799,2000.0,646142.1512732801,,,646142.1512732801,1813432.0,,,structured,16,,16,wide,,17,1,width,plain
go,fstree,fstree.check_complete,width-256/jobs-1,1,7,259,0,,715.5366795366796,728.4169884169885,751.5135135135135,756.6196911196911,789.4247104247104,13.926640926640971,0.018531457753208514,818.5328185328185,1330648.0615694455,,,1330648.0615694455,1813432.0,,,structured,256,,256,wide,,259,1,width,plain
go,fstree,fstree.check_complete,width-40000/jobs-1,1,7,40257,0,,665.417964577589,667.747385547855,670.7460069056314,677.7085227413866,686.1757706734232,5.328042328042329,0.0079434573939878,699.0833892242343,1490877.3063194577,,,1490877.3063194577,1813432.0,,,structured,40000,,40000,wide,,40257,1,width,plain
go,fstree,fstree.check_complete,width-4096/jobs-1,1,7,4122,0,,651.7399320718098,659.3842794759826,661.9437166424066,669.781416787967,707.4308588064047,4.666909267345886,0.0070503113029276344,695.536147501213,1510702.4583182458,,,1510702.4583182458,1813432.0,,,structured,4096,,4096,wide,,4122,1,width,plain
go,fstree,fstree.child_keys,dir-leaf-128,1,7,64,0,,46120.296875,46365.9921875,46672.75,47060.3671875,48168.875,392.9375,0.008418991809996198,46703.125,21425.778425312415,,,,1813432.0,,64,structured,128,,,,,,1,,
go,fstree,fstree.child_keys,dir-node-128,1,7,64,0,,20805.375,20977.6484375,21196.265625,21371.0546875,21650.890625,247.34375,0.011669213548082246,21218.75,47178.12173577156,,,,1813432.0,,64,structured,128,,,,,,1,,
go,fstree,fstree.child_keys,file-node-1024,1,7,64,0,,86888.9375,87665.59375,88033.484375,88474.2421875,91793.015625,664.390625,0.007547021791956647,87843.75,11359.314096216585,,,,1813432.0,,64,structured,1024,,,,,,1,,
go,fstree,fstree.collect_entries,width-16,1,7,16,0,,511.0,621.8125,677.5,697.875,734.5625,45.0625,0.06651291512915129,875.0,1476014.7601476014,,1476014.7601476014,,1813432.0,,,structured,16,1,16,wide,,17,1,width,plain
go,fstree,fstree.collect_entries,width-256,1,7,256,0,,369.61328125,377.888671875,378.96484375,384.876953125,396.33984375,1.765625,0.004659073339174354,390.625,2638767.200948307,,2638767.200948307,,1813432.0,,,structured,256,1,256,wide,,259,1,width,plain
go,fstree,fstree.collect_entries,width-40000,1,7,40000,0,,382.411275,390.46275,397.111075,398.9880375,402.582525,2.2239999999999895,0.005600448186946157,395.95,2518187.134418248,,2518187.134418248,,1813432.0,,,structured,40000,1,40000,wide,,40257,1,width,plain
go,fstree,fstree.collect_entries,width-4096,1,7,4096,0,,362.40869140625,364.978271484375,365.48095703125,370.1552734375,371.08251953125,3.072265625,0.008406089471680216,366.2109375,2736120.667196612,,2736120.667196612,,1813432.0,,,structured,4096,1,4096,wide,,4122,1,width,plain
go,fstree,fstree.decode_dir_leaf,entries-1024,1,7,65536,4849856,encoded,348.4752960205078,350.2788848876953,350.7823791503906,354.17716217041016,355.1223602294922,2.3070831298828125,0.0065769641436113834,349.91455078125,2850770.3335100277,210965356.54595348,2850770.3335100277,,1813432.0,75779,64,structured,1024,,,leaf,,,1,entries,plain
go,fstree,fstree.decode_dir_leaf,entries-128,1,7,8192,606336,encoded,353.854736328125,355.19024658203125,356.189453125,358.29608154296875,362.3388671875,1.4822998046875,0.004161548837795897,355.8349609375,2807494.6948220367,207798474.52143732,2807494.6948220367,,1813432.0,9474,64,structured,128,,,leaf,,,1,entries,plain
go,fstree,fstree.decode_dir_leaf,entries-128-partial-change,1,7,8192,680064,encoded,367.7655029296875,369.6954345703125,370.9112548828125,372.79400634765625,397.5208740234375,2.015625,0.005434251383492869,371.09375,2696062.701887935,223815330.2364156,2696062.701887935,,1813432.0,10626,64,partial-change,128,,,leaf,,,1,entries,partial-change
go,fstree,fstree.decode_dir_leaf,entries-128-with-xattrs,1,7,8192,680064,encoded,367.985595703125,369.85076904296875,370.206787109375,385.527099609375,400.2457275390625,0.7545166015625,0.0020380949994295576,370.9716796875,2701193.0489123017,224241229.20111027,2701193.0489123017,,1813432.0,10626,64,structured,128,,,leaf,,,1,entries,with-xattrs
go,fstree,fstree.decode_dir_leaf,entries-8,1,7,512,37952,encoded,368.046875,373.5068359375,374.330078125,379.19140625,381.470703125,2.7578125,0.007367328091329823,386.71875,2671439.0812754035,198020421.8995393,2671439.0812754035,,1813432.0,593,64,structured,8,,,leaf,,,1,entries,plain
go,fstree,fstree.decode_dir_node,pairs-1024,1,7,65536,3276992,encoded,167.74583435058594,168.55838012695312,169.32705688476562,170.00706481933594,170.69671630859375,0.9122314453125,0.005387393261865485,168.9453125,5905730.710718862,295303837.48138463,5905730.710718862,,1813432.0,51203,64,structured,1024,,,index,,,1,entries,plain
go,fstree,fstree.decode_dir_node,pairs-128,1,7,8192,409728,encoded,165.8514404296875,166.33831787109375,167.4952392578125,168.60882568359375,173.6826171875,1.4835205078125,0.008857090591864712,167.236328125,5970318.944174749,298609233.4422402,5970318.944174749,,1813432.0,6402,64,structured,128,,,index,,,1,entries,plain
go,fstree,fstree.decode_dir_node,pairs-8,1,7,512,25664,encoded,185.626953125,186.6259765625,187.60546875,189.7470703125,205.021484375,1.818359375,0.009692464655298062,201.171875,5330335.019884648,267183042.871718,5330335.019884648,,1813432.0,401,64,structured,8,,,index,,,1,entries,plain
go,fstree,fstree.decode_file_node,children-1024,1,7,65536,2228416,encoded,85.53219604492188,85.97271728515625,86.02232360839844,89.79899597167969,91.46270751953125,0.4901275634765625,0.005697678729393342,85.968017578125,11624889.424660567,395280297.7316956,11624889.424660567,,1813432.0,34819,64,structured,1024,,,file-index,,,1,entries,plain
go,fstree,fstree.decode_file_node,children-128,1,7,8192,278656,encoded,86.0677490234375,86.6444091796875,87.41552734375,88.86053466796875,93.6102294921875,0.89892578125,0.01028336507901043,87.646484375,11439615.253565105,389125662.60955054,11439615.253565105,,1813432.0,4354,64,structured,128,,,file-index,,,1,entries,plain
go,fstree,fstree.decode_file_node,children-65536,1,7,4194304,142606656,encoded,88.48835754394531,88.81651663780212,89.04858088493347,89.11021554470062,89.25031304359436,0.07684159278869629,0.0008629176571380653,88.95421028137207,11229825.226436533,381814914.4665138,11229825.226436533,,1813432.0,2228229,64,structured,65536,,,file-index,,,1,entries,plain
go,fstree,fstree.decode_file_node,children-8,1,7,512,17472,encoded,107.94140625,108.8701171875,110.54296875,112.5478515625,116.6484375,2.23046875,0.020177391427258915,119.140625,9046256.051450582,308703487.7557511,9046256.051450582,,1813432.0,273,64,structured,8,,,file-index,,,1,entries,plain
go,fstree,fstree.dir_builder,entries-16,1,7,16,0,,1159.125,1294.96875,1363.25,1827.5625,2296.875,123.375,0.09050064184852374,1562.5,733541.1699981662,,733541.1699981662,,1813432.0,,,structured,16,1,16,wide,,,1,entries,plain
go,fstree,fstree.dir_builder,entries-256,1,7,256,0,,532.69921875,545.296875,545.609375,552.1875,581.97265625,4.85546875,0.008899166642801912,558.59375,1832813.0817033707,,1832813.0817033707,,1813432.0,,,structured,256,1,256,wide,,,1,entries,plain
go,fstree,fstree.dir_builder,entries-40000,1,7,40000,0,,479.604175,482.4900625,496.599125,501.8452625,510.8654,13.494025000000022,0.0271728730895368,518.875,2013696.6612657644,,2013696.6612657644,,1813432.0,,,structured,40000,1,40000,wide,,,1,entries,plain
go,fstree,fstree.dir_builder,entries-4096,1,7,4096,0,,474.289794921875,478.1314697265625,482.15380859375,485.914794921875,492.73095703125,5.26611328125,0.010922060942770831,478.515625,2074026.964375954,,2074026.964375954,,1813432.0,,,structured,4096,1,4096,wide,,,1,entries,plain
go,fstree,fstree.encode_blob,1MiB-duplicate,1,7,4,4194304,payload,189409.25,190630.375,192750.75,192832.125,194331.25,1580.5,0.008199708691146468,192500.0,5188.047257922472,5440061841.523314,,,1813432.0,1048576,4,duplicate,,,,,,,1,item_bytes,duplicate
go,fstree,fstree.encode_blob,1MiB-random,1,7,4,4194304,payload,189767.5,192988.75,202469.25,212513.375,219842.5,10565.0,0.052180763251703656,226750.0,4939.021604515254,5178939517.976187,,,1813432.0,1048576,4,random,,,,,,,1,item_bytes,random
go,fstree,fstree.encode_blob,1MiB-text,1,7,4,4194304,payload,190346.25,191479.5,205397.5,213410.25,227053.75,13543.5,0.06593799827164401,205000.0,4868.608429995496,5105105953.090958,,,1813432.0,1048576,4,text,,,,,,,1,item_bytes,text
go,fstree,fstree.encode_blob,4KiB-duplicate,1,7,1024,4194304,payload,1771.65625,1779.41455078125,1786.146484375,1839.779296875,1917.431640625,12.19140625,0.006825535507109295,1786.1328125,559864.4952963728,2293204972.733943,,,1813432.0,4096,1024,duplicate,,,,,,,1,item_bytes,duplicate
go,fstree,fstree.encode_blob,4KiB-random,1,7,1024,4194304,payload,1799.3056640625,1808.89501953125,1817.3291015625,1842.2548828125,1890.1630859375,18.0234375,0.009917541894037707,1817.3828125,550258.0678096344,2253857045.7482624,,,1813432.0,4096,1024,random,,,,,,,1,item_bytes,random
go,fstree,fstree.encode_blob,4KiB-text,1,7,1024,4194304,payload,1802.271484375,1837.13720703125,1915.896484375,1939.9462890625,2137.84375,78.568359375,0.04100866618617467,1914.0625,521948.8673607635,2137902560.7096872,,,1813432.0,4096,1024,text,,,,,,,1,item_bytes,text
go,fstree,fstree.encode_blob,empty,1,7,8000,0,payload,120.415,121.8985,122.3225,122.71256249999999,124.668125,0.41449999999998965,0.00338858345766306,122.25,8175110.874941241,,,,1813432.0,,8000,empty,,,,,,,1,item_bytes,empty
go,fstree,fstree.encode_blob,large-8MiB-duplicate,1,7,2,16777216,payload,1505952.0,1511928.25,1515630.5,1570798.5,1715161.5,6632.5,0.004376066594067618,1515500.0,659.7914201383517,5534731585.303938,,,1813432.0,8388608,2,duplicate,,,,,,,1,item_bytes,duplicate
go,fstree,fstree.encode_blob,large-8MiB-random,1,7,1,8388608,payload,1511156.0,1513897.0,1528089.0,1608988.5,1849183.0,14227.0,0.009310321584672097,1519000.0,654.4121448423489,5489606953.521687,,,1813432.0,8388608,1,random,,,,,,,1,item_bytes,random
go,fstree,fstree.encode_blob,large-8MiB-text,1,7,1,8388608,payload,1512539.0,1520589.5,1523721.0,1533719.5,1775692.0,6052.0,0.0039718557399943955,1528000.0,656.2881262383337,5505343826.067896,,,1813432.0,8388608,1,text,,,,,,,1,item_bytes,text
go,fstree,fstree.encode_blob,tiny-64B-duplicate,1,7,16384,1048576,payload,134.7642822265625,135.17245483398438,135.32012939453125,135.40945434570312,142.73785400390625,0.14617919921875,0.00108024726160702,135.31494140625,7389883.563327522,472952548.0529614,,,1813432.0,64,16384,duplicate,,,,,,,1,item_bytes,duplicate
go,fstree,fstree.encode_blob,tiny-64B-random,1,7,16384,1048576,payload,134.54473876953125,134.90432739257812,135.77996826171875,136.05426025390625,139.7451171875,0.65057373046875,0.004791382254669226,135.68115234375,7364856.633877532,471350824.568162,,,1813432.0,64,16384,random,,,,,,,1,item_bytes,random
go,fstree,fstree.encode_blob,tiny-64B-text,1,7,16384,1048576,payload,134.638916015625,134.98440551757812,135.43511962890625,135.6292724609375,136.19647216796875,0.4482421875,0.0033096451550246983,135.498046875,7383609.2347391965,472550991.0233086,,,1813432.0,64,16384,text,,,,,,,1,item_bytes,text
go,fstree,fstree.encode_dir_leaf,entries-1024,1,7,65536,4849856,encoded,151.10116577148438,151.8761978149414,152.247314453125,155.33456420898438,158.0267791748047,1.146148681640625,0.0075282029489821285,151.79443359375,6568260.357117086,486070509.3769293,6568260.357117086,,1813432.0,75779,64,structured,1024,,,leaf,,,1,entries,plain
go,fstree,fstree.encode_dir_leaf,entries-128,1,7,8192,606336,encoded,163.977783203125,164.7716064453125,165.4356689453125,167.50750732421875,171.27685546875,1.317138671875,0.007961636570106305,165.6494140625,6044645.670279041,447398227.18924713,6044645.670279041,,1813432.0,9474,64,structured,128,,,leaf,,,1,entries,plain
go,fstree,fstree.encode_dir_leaf,entries-128-partial-change,1,7,8192,680064,encoded,173.940673828125,175.33489990234375,175.5966796875,177.42877197265625,180.0264892578125,0.3167724609375,0.0018039775097185378,175.78125,5694868.500814744,472763067.887949,5694868.500814744,,1813432.0,10626,64,partial-change,128,,,leaf,,,1,entries,partial-change
go,fstree,fstree.encode_dir_leaf,entries-128-with-xattrs,1,7,8192,680064,encoded,172.65283203125,174.217041015625,175.2872314453125,175.41259765625,175.640625,0.3533935546875,0.002016082699085555,175.048828125,5704922.097032424,473597673.4614573,5704922.097032424,,1813432.0,10626,64,structured,128,,,leaf,,,1,entries,with-xattrs
go,fstree,fstree.encode_dir_leaf,entries-8,1,7,512,37952,encoded,232.3203125,234.873046875,235.0390625,235.3232421875,247.603515625,0.3125,0.001329566229017783,244.140625,4254611.932856905,315373109.5230181,4254611.932856905,,1813432.0,593,64,structured,8,,,leaf,,,1,entries,plain
go,fstree,fstree.encode_dir_node,pairs-1024,1,7,65536,3276992,encoded,64.42788696289062,64.72515869140625,65.17486572265625,65.49284362792969,65.85012817382812,0.357269287109375,0.005481703462646033,65.0177001953125,15343338.093788777,767211855.8752605,15343338.093788777,,1813432.0,51203,64,structured,1024,,,index,,,1,entries,plain
go,fstree,fstree.encode_dir_node,pairs-128,1,7,8192,409728,encoded,69.36474609375,69.509033203125,70.2098388671875,71.2071533203125,72.1947021484375,0.7705078125,0.010974356656159426,70.556640625,14243018.01762643,712373448.0378469,14243018.01762643,,1813432.0,6402,64,structured,128,,,index,,,1,entries,plain
go,fstree,fstree.encode_dir_node,pairs-8,1,7,512,25664,encoded,130.267578125,131.619140625,133.771484375,135.62109375,145.513671875,2.857421875,0.02136047071878057,142.578125,7475434.72865048,374706165.7736053,7475434.72865048,,1813432.0,401,64,structured,8,,,index,,,1,entries,plain
go,fstree,fstree.encode_file_node,children-1024,1,7,65536,2228416,encoded,38.62220764160156,38.969093322753906,39.11907958984375,40.940635681152344,43.99195861816406,0.1930999755859375,0.004936209583930776,39.031982421875,25562973.630382244,869215994.957304,25562973.630382244,,1813432.0,34819,64,structured,1024,,,file-index,,,1,entries,plain
go,fstree,fstree.encode_file_node,children-128,1,7,8192,278656,encoded,47.54443359375,47.97003173828125,48.076416015625,48.3253173828125,50.2020263671875,0.1871337890625,0.0038924238654079557,48.9501953125,20800219.377313744,707532462.2564379,20800219.377313744,,1813432.0,4354,64,structured,128,,,file-index,,,1,entries,plain
go,fstree,fstree.encode_file_node,children-65536,1,7,4194304,142606656,encoded,41.499393701553345,41.95592725276947,42.44748830795288,42.561280488967896,42.893566846847534,0.29775047302246094,0.007014560457907588,43.019771575927734,23558519.946930334,800991475.5680637,23558519.946930334,,1813432.0,2228229,64,structured,65536,,,file-index,,,1,entries,plain
go,fstree,fstree.encode_file_node,children-8,1,7,512,17472,encoded,104.26171875,105.3681640625,109.369140625,115.474609375,124.3203125,4.48046875,0.04096648034716145,115.234375,9143346.965015983,312016715.1811704,9143346.965015983,,1813432.0,273,64,structured,8,,,file-index,,,1,entries,plain
go,fstree,fstree.encode_xattr_set,xattrs-64,1,7,4096,0,,407.389404296875,423.8529052734375,427.3154296875,428.9053955078125,447.5712890625,2.3017578125,0.005386554410598508,427.001953125,2340191.648898122,,,,1813432.0,,64,structured,64,,,,,,1,,
go,fstree,fstree.index_builder_file,children-1024,1,7,1024,0,,127.05859375,129.05517578125,130.0341796875,130.33203125,131.177734375,0.5478515625,0.004213135068153655,132.8125,7690285.757200255,,7690285.757200255,,1813432.0,,,structured,1024,,1024,file-index,,,1,entries,plain
go,fstree,fstree.index_builder_file,children-128,1,7,128,0,,186.4453125,191.26171875,197.015625,200.54296875,204.0625,5.875,0.029819969862796416,218.75,5075739.5511142835,,5075739.5511142835,,1813432.0,,,structured,128,,128,file-index,,,1,entries,plain
go,fstree,fstree.index_builder_file,children-65536,1,7,65536,0,,116.09518432617188,117.40070343017578,118.18719482421875,119.8653564453125,121.9078369140625,1.0320892333984375,0.008732665454438413,133.331298828125,8461153.524180958,,8461153.524180958,,1813432.0,,,structured,65536,,65536,file-index,,,1,entries,plain
go,fstree,fstree.index_builder_file,children-8,1,7,8,0,,1162.25,1189.125,1219.875,1305.0,2204.25,45.125,0.036991495030228506,1875.0,819756.1225535403,,819756.1225535403,,1813432.0,,,structured,8,,8,file-index,,,1,entries,plain
go,fstree,fstree.list_entries,widest/first-page-100,1,7,6400,0,,1359.62078125,1367.107734375,1379.685625,1386.44375,1419.85921875,13.063906249999945,0.009468755789928554,1525.625,724802.7970139937,,724802.7970139937,,1813432.0,,64,structured,40000,1,40000,wide,,,1,,
go,fstree,fstree.list_entries,width-16/full-paging-100,1,7,16,0,,487.8125,518.15625,557.3125,594.90625,659.375,51.375,0.09218346977683077,812.5,1794325.445777728,,1794325.445777728,,1813432.0,,,structured,16,1,16,wide,,17,1,width,plain
go,fstree,fstree.list_entries,width-256/full-paging-100,1,7,256,0,,644.7890625,652.298828125,657.5859375,667.173828125,692.61328125,5.7578125,0.008755984840384456,667.96875,1520713.7850328498,,1520713.7850328498,,1813432.0,,,structured,256,1,256,wide,,259,1,width,plain
go,fstree,fstree.list_entries,width-40000/full-paging-100,1,7,40000,0,,1327.17125,1339.1242000000002,1357.24765,1359.2947374999999,1362.5213,5.273650000000089,0.003885547342815505,1352.55,736785.2138112009,,736785.2138112009,,1813432.0,,,structured,40000,1,40000,wide,,40257,1,width,plain
go,fstree,fstree.list_entries,width-4096/full-paging-100,1,7,4096,0,,1134.430419921875,1140.846435546875,1151.498779296875,1174.142333984375,1219.962158203125,14.49072265625,0.01258422754481623,1152.34375,868433.3999994488,,868433.3999994488,,1813432.0,,,structured,4096,1,4096,wide,,4122,1,width,plain
go,fstree,fstree.lookup_entry,width-16/hit,1,7,2000,0,,5020.07,5034.369500000001,5069.8295,5206.40575,5311.0255,38.31850000000031,0.007558143720612363,5254.5,197245.29197678147,,,,1813432.0,,,structured,16,1,16,wide,,17,1,width,hit
go,fstree,fstree.lookup_entry,width-16/miss,1,7,2000,0,,5291.2375,5310.88,5393.3675,5524.15525,5663.8595,92.00550000000021,0.017059008124330522,5373.5,185412.91688356115,,,,1813432.0,,,structured,16,1,16,wide,,17,1,width,miss
go,fstree,fstree.lookup_entry,width-256/hit,1,7,2000,0,,40947.5355,41258.70775,41831.6835,41997.75375,42121.938,290.25450000000274,0.006938628229007392,41699.5,23905.3252542418,,,,1813432.0,,,structured,256,1,256,wide,,259,1,width,hit
go,fstree,fstree.lookup_entry,width-256/miss,1,7,2000,0,,627.158,635.30375,638.9805,659.8154999999999,688.6355,3.7870000000000346,0.005926628433888099,640.0,1564992.984918945,,,,1813432.0,,,structured,256,1,256,wide,,259,1,width,miss
go,fstree,fstree.lookup_entry,width-40000/hit,1,7,2000,0,,102313.867,102982.68825,103122.2815,103884.86725000001,104669.086,390.55250000000524,0.003787275594751123,103945.5,9697.225327583545,,,,1813432.0,,,structured,40000,1,40000,wide,,40257,1,width,hit
go,fstree,fstree.lookup_entry,width-40000/miss,1,7,2000,0,,629.553,637.0342499999999,639.742,641.999,643.0685,2.3045000000000755,0.00360223340033963,639.5,1563130.1368364121,,,,1813432.0,,,structured,40000,1,40000,wide,,40257,1,width,miss
go,fstree,fstree.lookup_entry,width-4096/hit,1,7,2000,0,,79290.231,79724.9725,79978.5155,80376.20425000001,81058.075,506.1869999999908,0.006329037202497099,79855.5,12503.35785489792,,,,1813432.0,,,structured,4096,1,4096,wide,,4122,1,width,hit
go,fstree,fstree.lookup_entry,width-4096/miss,1,7,2000,0,,3676.5685,3714.18475,3756.2005,3785.26075,3800.39,29.45600000000013,0.007841966902459049,4165.5,266226.4700726173,,,,1813432.0,,,structured,4096,1,4096,wide,,4122,1,width,miss
go,fstree,fstree.reachable_keys,deep,0,7,24,0,,5050.041666666667,5348.770833333334,5994.375,6087.6875,6206.041666666667,211.66666666666697,0.03531088172939914,8083.333333333333,166823.06328849963,,,166823.06328849963,1813432.0,,,structured,,24,,deep,,,,,
go,fstree,fstree.reachable_keys,file-corpus,0,7,64,0,,495.328125,536.40625,582.21875,584.15625,600.515625,18.296875,0.03142611776072138,812.5,1717567.4950351564,,,1717567.4950351564,1813432.0,,,text,64,,,file-index,,,,,
go,fstree,fstree.reachable_keys,width-16,0,7,17,0,,1181.1176470588234,1213.5,1264.1764705882354,1352.2941176470588,1745.0588235294117,81.3529411764705,0.06435251965939223,1823.5294117647059,791028.8027546415,,,791028.8027546415,1813432.0,,,structured,16,1,16,wide,,17,,width,plain
go,fstree,fstree.reachable_keys,width-256,0,7,259,0,,325.33204633204633,338.4073359073359,343.4749034749035,343.8822393822394,345.2162162162162,1.7413127413126972,0.005069694244604188,552.1235521235521,2911420.8633093527,,,2911420.8633093527,1813432.0,,,structured,256,1,256,wide,,259,,width,plain
go,fstree,fstree.reachable_keys,width-40000,0,7,40257,0,,117.1881163524356,118.54176913331843,119.95066696475148,120.6421864520456,124.52756042427404,1.1665052040638813,0.009724874680410646,418.3620239958268,8336760.64755737,,,8336760.64755737,1813432.0,,,structured,40000,1,40000,wide,,40257,,width,plain
go,fstree,fstree.reachable_keys,width-4096,0,7,4122,0,,141.55143134400777,142.53444929645804,143.05337214944203,144.37700145560407,144.98083454633672,0.9454148471615724,0.006608826013370283,429.1606016496846,6990397.954096047,,,6990397.954096047,1813432.0,,,structured,4096,1,4096,wide,,4122,,width,plain
go,fstree,fstree.resolve_entry,depth-1,1,7,256,0,,6047.1796875,6092.146484375,6202.59375,6238.107421875,6533.76953125,83.83203125,0.013515641138031973,6214.84375,161222.87551074903,,,,1813432.0,,256,structured,,1,16,deep,,,1,depth,plain
go,fstree,fstree.resolve_entry,depth-12,1,7,256,0,,15742.140625,15882.15625,15935.32421875,16487.158203125,18335.69140625,61.71875,0.0038730777706662404,15894.53125,62753.665144971994,,,,1813432.0,,256,structured,,12,16,deep,,,1,depth,plain
go,fstree,fstree.resolve_entry,depth-24,1,7,256,0,,25738.96875,26073.94921875,26578.11328125,26722.904296875,26949.33203125,228.01171875,0.008578927944853591,26539.0625,37624.943103296486,,,,1813432.0,,256,structured,,24,16,deep,,,1,depth,plain
go,fstree,fstree.resolve_entry,depth-4,1,7,256,0,,8545.42578125,8714.7734375,8933.08203125,8998.537109375,10282.92578125,128.05859375,0.014335320475287391,8917.96875,111943.44756958094,,,,1813432.0,,256,structured,,4,16,deep,,,1,depth,plain
go,fstree,fstree.resolve_path,depth-1,1,7,256,0,,858.90625,874.658203125,893.97265625,901.841796875,912.875,9.82421875,0.01098939512446637,906.25,1118602.4460689425,,,,1813432.0,,256,structured,,1,16,deep,,,1,depth,plain
go,fstree,fstree.resolve_path,depth-12,1,7,256,0,,9936.01171875,10086.75,10181.75390625,10380.0625,11471.4453125,161.63671875,0.015875135093451866,10160.15625,98214.9057232818,,,,1813432.0,,256,structured,,12,16,deep,,,1,depth,plain
go,fstree,fstree.resolve_path,depth-24,1,7,256,0,,19841.88671875,20336.484375,20444.2109375,20695.431640625,22074.70703125,241.515625,0.011813399193460557,20394.53125,48913.60214669572,,,,1813432.0,,256,structured,,24,16,deep,,,1,depth,plain
go,fstree,fstree.resolve_path,depth-4,1,7,256,0,,3339.859375,3348.251953125,3356.87890625,3447.5625,3463.5703125,17.01953125,0.005070046232025889,3371.09375,297895.76208368776,,,,1813432.0,,256,structured,,4,16,deep,,,1,depth,plain
go,fstree,fstree.write_content,file-corpus,1,7,64,67108864,payload,149.34375,156.703125,165.0,169.15625,178.3125,4.703125,0.02850378787878788,265.625,6060606.060606061,6355006060606.061,,,1813432.0,67108864,,text,64,,,file-index,,,1,,
go,gc,gc.begin_write,gate-span,8,7,4096,0,,32.828857421875,33.8145751953125,34.58251953125,34.83349609375,35.529296875,0.35498046875,0.010264737027885634,36.1328125,28916343.09918814,,,,1813432.0,,4096,structured,,,,,5323,30000,8,,
go,gc,gc.close,idle,8,7,1,0,,260.0,291.0,331.0,341.0,360.0,20.0,0.06042296072507553,3000.0,3021148.0362537764,,,,1813432.0,,1,structured,,,,,5323,30000,8,,
go,gc,gc.open,populated,8,7,1,0,,38162.0,39330.0,44555.0,46333.5,49425.0,4308.0,0.09668948490629559,48000.0,22444.17012680956,,,,1813432.0,,1,structured,,,,,5323,30000,8,,
go,gc,gc.prepare_ref,missing-root,8,7,64,0,,2191.53125,2443.1015625,2522.78125,2730.609375,2946.890625,149.8125,0.05938386453443001,3421.875,396387.91512343765,,,,1813432.0,,64,structured,,,,,5323,30000,8,,
go,gc,gc.prepare_ref,tree-root/abort,8,7,1,0,,2805600.0,2843301.0,2890772.0,2935467.5,3122976.0,69843.0,0.02416067403447937,7423000.0,345.9283540867284,,,,1813432.0,,1,structured,,,,,5323,30000,8,,
go,gc,gc.prepare_ref,tree-root/commit,8,7,1,0,,2634543.0,2810178.5,2833272.0,2883889.0,2922723.0,34195.0,0.012069084789600152,7463000.0,352.94881677438667,,,,1813432.0,,1,structured,,,,,5323,30000,8,,
go,gc,gc.release_ref,batch,8,7,4096,0,,6.406494140625,6.4381103515625,6.455078125,6.46875,7.443359375,0.024169921875,0.0037443267776096825,8.30078125,154916792.73827535,,,,1813432.0,,4096,structured,,,,,5323,30000,8,,
go,gc,gc.run,nothing-to-reclaim,8,7,1,0,,2827722.0,3294367.5,3762828.0,3832185.5,3908135.0,91495.0,0.02431548824447995,3783000.0,265.75756319449096,,,,1813432.0,,1,structured,,,,,5323,30000,8,,
go,gc,gc.run,reclaimable-packs,8,7,1,0,,13403815.0,14720500.0,14911254.0,15743238.5,16269469.0,671634.0,0.04504208700354779,12401000.0,67.0634408078623,,,,1813432.0,,1,structured,,,,,5323,30000,8,,
go,gc,gc.status,mark+score,8,7,1,0,,5111243.0,5208905.0,5281348.0,5436730.5,5564089.0,147943.0,0.028012355936401084,5427000.0,189.34559888876854,,,,1813432.0,,1,structured,,,,,5323,30000,8,,
go,gc,gc.why,live-root,8,7,1,0,,50777.0,53688.0,55416.0,64774.0,69112.0,4639.0,0.08371228526057456,60000.0,18045.329868629997,,,,1813432.0,,1,structured,,,,,5323,30000,8,,
go,gc,gc.wipe,store-reset,8,7,1,0,,5126212.0,5416386.0,6598525.0,7084262.5,7176519.0,577994.0,0.08759442451153857,6587000.0,151.54902042501922,,,,1813432.0,,1,structured,,,,,5323,30000,8,,
go,inbox,inbox.close,drained,8,7,1,0,,1496479.0,4459449.0,6419063.0,6634573.5,8593796.0,260346.0,0.04055825593236895,34687000.0,155.7859768629783,,,,1813432.0,,48,structured,,,,,,1536,8,,
go,inbox,inbox.commit,packs/duplicate,8,7,48,0,,17920.291666666668,18933.552083333332,19738.958333333332,21478.635416666664,29422.875,1398.3125,0.07084023768562593,23041.666666666668,50661.234656506276,,,,1813432.0,,48,structured,,,,,,1536,8,,
go,inbox,inbox.discard,packs,8,7,48,0,,16079.270833333334,16619.96875,17391.145833333332,19479.302083333336,20670.125,1279.5208333333358,0.07357311850498652,18687.5,57500.524093318556,,,,1813432.0,,48,structured,,,,,,1536,8,,
go,inbox,inbox.drain,packs/new,8,7,48,13557248,payload,287842.9583333333,291626.3541666667,294965.5416666667,298403.25,303224.6458333333,5418.479166666628,0.0183698717350175,1551854.1666666667,3390.226513746733,957544617.1466639,,,1813432.0,,48,structured,,,,,,1536,8,,
go,inbox,inbox.open,empty,8,7,1,0,,59564.0,62008.5,65946.0,68531.0,82027.0,3797.0,0.057577411821793587,66000.0,15163.921996785248,,,,1813432.0,,1,structured,,,,,,,8,,
go,inbox,inbox.open,sweeps-staged-tmp-files,8,7,48,0,,17236.041666666668,17643.291666666664,18066.375,18506.28125,22955.729166666668,546.2291666666679,0.030234574820165522,18062.5,55351.44709439497,,,,1813432.0,,48,structured,,,,,,1536,8,,
go,inbox,inbox.stage,packs,8,7,48,13557248,payload,175576.4375,175679.34375,178145.3125,181453.07291666666,186381.04166666666,2503.541666666657,0.014053368183160345,89395.83333333333,5613.394963732206,1585462242.6097608,,,1813432.0,,48,structured,,,,,,1536,8,,
go,ingest,ingest.dir,single-file/jobs-1,1,7,1,8388608,included,27149943.0,27557797.5,27805536.0,27816256.5,28110497.0,164564.0,0.0059183897767696335,35487000.0,35.964061257441685,301688411.9766654,,,1813432.0,8388608,,text,,,,,1,,1,,
go,ingest,ingest.dir,tree/fresh-store/jobs-1,1,7,5323,54773504,included,113714.66485064813,114094.86426826977,115711.97670486568,116847.89160247981,119900.63159872252,1886.9864737929747,0.01630761592299051,264431.8993049032,8642.14775753589,88927430.91602162,,,1813432.0,,,tree,5323,,,,5323,,1,,
go,ingest,ingest.dir,tree/fresh-store/jobs-N,8,7,5323,54773504,included,88342.7458200263,90623.17941010708,91535.43208716888,92282.28423821155,93545.09299267331,1363.7266578996932,0.01489834730447354,611864.9257937253,10924.731300199723,112415144.38670199,,,1818084.0,,,tree,5323,,,,5323,,8,,
go,ingest,ingest.dir,tree/incremental-change/jobs-1,1,7,5331,54870720,included,90850.63196398424,91853.66751078598,93226.60570249484,93723.5553367098,93973.29487900957,746.6891765147302,0.00800940000859377,208946.9142749953,10726.551636892204,110405854.7052061,,,1818084.0,,,tree,5331,,,,5331,,1,,
go,ingest,ingest.dir,tree/incremental-change/jobs-N,8,7,5331,54870720,included,86959.61827049335,88063.78277996623,88875.9737385106,89105.89645469893,89363.86025135998,398.0159444757155,0.004478330056295657,567540.7990996061,11251.634811250375,115810411.41819024,,,1818084.0,,,tree,5331,,,,5331,,8,,
go,ingest,ingest.dir,tree/unchanged-repeat/jobs-1,1,7,5323,54773504,included,92538.8431335713,93370.41546120608,93499.84482434718,93950.65273342101,94131.52564343416,444.24779259815114,0.004751321175267553,208718.01615630282,10695.204915886683,110053325.04999793,,,1818084.0,,,tree,5323,,,,5323,,1,,
go,ingest,ingest.dir,tree/unchanged-repeat/jobs-N,8,7,5323,54773504,included,86129.07120045087,86927.59327446928,87694.23821153484,88489.55664099193,89342.1777193312,873.7213977080683,0.009963270284650737,557042.0815329702,11403.257732712309,117339166.45420788,,,1823900.0,,,tree,5323,,,,5323,,8,,
go,ingest,ingest.objects,tree/jobs-1,1,7,5323,54773504,included,89500.90381363893,91695.31955664098,93454.68307345481,93822.18964869434,94425.7764418561,971.0933684012853,0.010391061597608884,203751.2680819087,10700.373347946683,110106508.05471559,,,1823900.0,,,tree,5323,,,,5323,,1,,
go,ingest,ingest.objects,tree/jobs-N,8,7,5323,54773504,included,84558.45350366335,85948.78151418373,87217.47567161375,88285.36708622957,88875.2806687958,1324.8664287056163,0.015190378057878304,556738.681194815,11465.592099513895,117980585.14467269,,,1823900.0,,,tree,5323,,,,5323,,8,,
go,ingest,ingest.scan,filtered/jobs-1,1,7,5323,54773504,logical-scanned,2125.506857035506,2187.0124929551002,2239.9618636107457,2268.8136389254178,2275.0184106706743,34.104076648506634,0.015225293431349752,2960.172834867556,446436.1720819802,4593814288.423264,,,1823900.0,,,tree,5323,,,,5323,,1,,
go,ingest,ingest.scan,filtered/jobs-N,8,7,5323,54773504,logical-scanned,941.2645124929551,963.9303024610183,973.9590456509487,983.119763291377,995.2789780199136,9.277475108021804,0.009525528973162493,2816.8326131880517,1026737.2169962719,10565093943.658495,,,1823900.0,,,tree,5323,,,,5323,,8,,
go,ingest,ingest.scan,unfiltered/jobs-1,1,7,5451,54807232,logical-scanned,1299.5140341221795,1308.329389102917,1310.6307099614748,1311.7224362502293,1315.1520821867548,1.2351862043663004,0.0009424364887670059,2287.1032838011374,762991.4303086903,7671518681.882264,,,1823900.0,,,tree,5451,,,,5451,,1,,
go,key,key.accessors,type+length+length_size+hash,1,7,8000,0,,12.4925,12.528875,12.541375,12.5565,12.6805,0.013749999999999929,0.0010963710119504383,13.0,79736073.59639592,,,,1823900.0,32,2000,structured,,,,,,,1,,
go,key,key.new,1MiB-duplicate,1,7,8,8388608,payload,188850.75,190062.4375,190314.75,190941.625,230521.625,591.25,0.0031066956187053288,190625.0,5254.453477725715,5509693809.859719,,,1823900.0,1048576,8,duplicate,,,,,,,1,item_bytes,duplicate
go,key,key.new,1MiB-random,1,7,8,8388608,payload,191066.25,192061.9375,192487.625,220006.4375,223359.125,1421.375,0.007384240934969196,192375.0,5195.139168037425,5447498248.264011,,,1823900.0,1048576,8,random,,,,,,,1,item_bytes,random
go,key,key.new,1MiB-text,1,7,8,8388608,payload,190810.75,191495.25,192216.0,192427.625,224190.75,716.375,0.0037269269987930246,192125.0,5202.48054272277,5455196237.5660715,,,1823900.0,1048576,8,text,,,,,,,1,item_bytes,text
go,key,key.new,4KiB-duplicate,1,7,2048,8388608,payload,1756.95947265625,1759.963623046875,1761.94970703125,1778.952392578125,1971.51513671875,2.46533203125,0.0013992068113021768,1758.30078125,567553.089630988,2324697455.1285267,,,1823900.0,4096,2048,duplicate,,,,,,,1,item_bytes,duplicate
go,key,key.new,4KiB-random,1,7,2048,8388608,payload,1776.65087890625,1781.1416015625,1785.2900390625,1802.25634765625,1844.17724609375,7.97412109375,0.004466568971581451,1781.73828125,560133.0753657959,2294305076.6983,,,1823900.0,4096,2048,random,,,,,,,1,item_bytes,random
go,key,key.new,4KiB-text,1,7,2048,8388608,payload,1793.318359375,1796.456787109375,1798.7880859375,1841.958740234375,1984.96337890625,5.4697265625,0.003040784295415913,1793.45703125,555929.8551162105,2277088686.5559983,,,1823900.0,4096,2048,text,,,,,,,1,item_bytes,text
go,key,key.new,empty,1,7,8000,0,payload,105.80075,106.56925,106.96175,107.311875,115.40925,0.6573750000000018,0.006145888600364166,107.0,9349136.490380907,,,,1823900.0,,8000,empty,,,,,,,1,item_bytes,empty
go,key,key.new,large-8MiB-duplicate,1,7,2,16777216,payload,1505721.0,1516792.25,1520790.0,1525997.75,1571632.0,4408.5,0.0028988223226086443,1518500.0,657.5529823315513,5515954208.01031,,,1823900.0,8388608,2,duplicate,,,,,,,1,item_bytes,duplicate
go,key,key.new,large-8MiB-random,1,7,1,8388608,payload,1519001.0,1520990.5,1541775.0,1633254.5,1775732.0,22774.0,0.01477128634204083,1540000.0,648.6030711355419,5440876911.352176,,,1823900.0,8388608,1,random,,,,,,,1,item_bytes,random
go,key,key.new,large-8MiB-text,1,7,1,8388608,payload,1520665.0,1525344.0,1527568.0,1531891.5,1916571.0,4298.0,0.0028136226996114083,1527000.0,654.6353419291318,5491479266.38945,,,1823900.0,8388608,1,text,,,,,,,1,item_bytes,text
go,key,key.new,tiny-64B-duplicate,1,7,16384,1048576,payload,105.63336181640625,106.50717163085938,107.14190673828125,107.28656005859375,107.57794189453125,0.267822265625,0.0024996966525826117,107.0556640625,9333416.124866342,597338631.9914459,,,1823900.0,64,16384,duplicate,,,,,,,1,item_bytes,duplicate
go,key,key.new,tiny-64B-random,1,7,16384,1048576,payload,105.2681884765625,106.81442260742188,107.15472412109375,107.41464233398438,107.429931640625,0.26055908203125,0.0024316154436345386,107.0556640625,9332299.702157011,597267180.9380487,,,1823900.0,64,16384,random,,,,,,,1,item_bytes,random
go,key,key.new,tiny-64B-text,1,7,16384,1048576,payload,105.9390869140625,106.598876953125,106.7908935546875,107.16241455078125,120.501220703125,0.26544189453125,0.0024856229374587775,106.87255859375,9364094.322217662,599302036.6219304,,,1823900.0,64,16384,text,,,,,,,1,item_bytes,text
go,key,key.new_from_hash,batch,1,7,2000,0,,40.763,40.8705,41.1735,41.37375,41.5745,0.40050000000000097,0.009727130314401278,43.0,24287466.452936962,,,,1823900.0,32,2000,structured,,,,,,,1,,
go,key,key.parse,canonical,1,7,2000,0,,31.8255,31.9485,31.976,32.11125,32.136,0.11999999999999744,0.003752814610958139,33.5,31273455.091318488,,,,1823900.0,32,2000,structured,,,,,,,1,,
go,key,key.parse,malformed,1,7,1024,0,,56.1318359375,56.6171875,57.326171875,57.64892578125,58.0498046875,0.5283203125,0.009216040339341078,62.5,17444039.385370176,,,,1823900.0,32,1024,structured,,,,,,,1,,
go,key,key.string,hex,1,7,2000,0,,86.58,87.05875,87.7925,88.281,89.2605,0.5759999999999934,0.006560924908164061,89.5,11390494.632229405,,,,1823900.0,32,2000,structured,,,,,,,1,,
go,key,key.type_string,names,1,7,2000,0,,12.138,12.15575,12.1885,12.20575,14.207,0.03049999999999997,0.002502358780817982,15.0,82044550.19075358,,,,1823900.0,32,2000,structured,,,,,,,1,,
go,key,key.validate,canonical,1,7,2000,0,,6.5825,6.585,6.6025,6.613,6.668,0.01499999999999968,0.0022718667171525452,10.0,151457781.14350626,,,,1823900.0,32,2000,structured,,,,,,,1,,
go,packstore,packstore.append_record,pre-encoded+sync,1,7,500,16960000,payload,6432.246,6533.971,6663.61,6818.494,7181.178,162.17199999999957,0.024336958495470108,6410.0,150068.80654780217,5090333918.10145,,,1823900.0,,500,structured,,,,,,500,1,,
go,packstore,packstore.barrier,begin+observe+abort,1,7,30000,0,,53.1452,53.24705,53.6311,54.44283333333333,55.155366666666666,0.4859000000000009,0.009060041654935305,53.53333333333333,18645897.62283451,,,,1823900.0,,30000,structured,,,,,,30000,1,,
go,packstore,packstore.close,populated,1,7,1,0,,1058442.0,1084792.5,1104750.0,1120536.0,1136061.0,24116.0,0.02182937316134872,385000.0,905.1821679112921,,,,1823900.0,,1,structured,,,,,,30000,1,,
go,packstore,packstore.compact,90-percent-dead,1,7,30000,0,,428.0273,461.75104999999996,469.0677,477.31196666666665,525.5148666666666,7.869066666666697,0.016775972139345126,567.0333333333333,2131888.424634653,,,,1823900.0,,3000,structured,,,,,,30000,1,,
go,packstore,packstore.compact,nothing-dead,1,7,30000,0,,72.86116666666666,74.074,74.9739,76.42448333333334,145.3012,1.7540333333333393,0.023395252659036535,48.56666666666667,13337974.948615452,,,,1823900.0,,30000,structured,,,,,,30000,1,,
go,packstore,packstore.get,hit,1,7,2000,0,,6998.143,7021.465249999999,7108.94,7235.87225,7460.817,98.67349999999988,0.01388019873567647,7089.5,140667.9476827769,,,140667.9476827769,1823900.0,,2000,structured,,,,,,30000,1,,
go,packstore,packstore.get,miss,1,7,2000,0,,53.7925,53.9055,54.033,54.105999999999995,54.5745,0.11500000000000199,0.002128328984139359,57.0,18507208.557733238,,,18507208.557733238,1823900.0,,2000,structured,,,,,,30000,1,,
go,packstore,packstore.get_record,hit,1,7,2000,0,,356.2655,360.6115,366.305,367.56225,370.8685,4.093000000000018,0.0111737486520796,368.5,2729965.465936856,,,,1823900.0,,2000,structured,,,,,,30000,1,,
go,packstore,packstore.has,hit,1,7,2000,0,,91.575,92.0935,92.8425,98.07475,104.4795,1.0764999999999958,0.011594905350459065,96.0,10770929.261922073,,,10770929.261922073,1823900.0,,2000,structured,,,,,,30000,1,,
go,packstore,packstore.has,miss,1,7,2000,0,,49.66,49.88525,50.036,51.019999999999996,53.693,0.2910000000000039,0.005815812614917338,53.0,19985610.360540412,,,19985610.360540412,1823900.0,,2000,structured,,,,,,30000,1,,
go,packstore,packstore.has_outside,sealed-segment,1,7,2000,0,,81.3955,81.7085,82.638,84.37125,89.591,1.2425000000000068,0.015035455843558735,86.0,12100970.497833926,,,,1823900.0,,2000,structured,,,,,,30000,1,,
go,packstore,packstore.liveness,tenth-live,1,7,1,0,,693605.0,711203.5,727189.0,744222.0,761975.0,19577.0,0.026921474334732787,728000.0,1375.1583151010261,,,,1823900.0,,1,structured,,,,,,30000,1,,
go,packstore,packstore.mark_set_contains,all-keys,1,7,30000,0,,126.3467,128.18936666666667,128.6364,133.78323333333333,150.1281,0.6686333333333465,0.005197854832173059,128.26666666666668,7773849.392551408,,,,1823900.0,,30000,structured,,,,,,30000,1,,
go,packstore,packstore.mark_set_mark,all-keys,1,7,30000,0,,70.04513333333334,70.35841666666667,70.46293333333334,74.90358333333333,84.2593,0.4177999999999997,0.0059293586036724705,70.8,14191858.792897258,,,,1823900.0,,30000,structured,,,,,,30000,1,,
go,packstore,packstore.missing,half-present,1,7,2000,0,,82.0665,83.13125,84.902,86.79825,88.2185,1.8684999999999974,0.022007726555322578,466.5,11778285.55275494,,,,1823900.0,,2000,structured,,,,,,30000,1,,
go,packstore,packstore.new_mark_set,snapshot,1,7,16,0,,136435.625,138269.4375,138914.6875,149265.125,172699.875,2479.0625,0.017845935117551916,138937.5,7198.662848375914,,,,1823900.0,,16,structured,,,,,,30000,1,,
go,packstore,packstore.oldest_inflight_write,idle,1,7,4096,0,,13.26025390625,13.3299560546875,13.416748046875,13.5230712890625,14.255859375,0.11474609375,0.00855245200618688,15.13671875,74533709.39859885,,,,1823900.0,,4096,structured,,,,,,30000,1,,
go,packstore,packstore.open,empty,1,7,1,0,,19628.0,21225.5,26470.0,27162.0,27833.0,1363.0,0.051492255383452964,31000.0,37778.617302606726,,,,1823900.0,,1,structured,,,,,,,1,,
go,packstore,packstore.open,populated-reopen,1,7,1,0,,1104890.0,1109555.0,1131652.0,1251711.5,1357493.0,26762.0,0.023648612824437195,1154000.0,883.6638825363274,,,,1823900.0,,1,structured,,,,,,30000,1,,
go,packstore,packstore.put,1MiB-duplicate/sync-off,1,7,2,2097152,payload,504178.0,509052.5,513641.0,526075.0,528910.5,9463.0,0.018423373523531027,464500.0,1946.8850812143112,2041456970.9193776,,1946.8850812143112,1823900.0,1048576,2,duplicate,,,,,,,1,item_bytes,duplicate
go,packstore,packstore.put,1MiB-random/sync-off,1,7,1,1048576,payload,965575.0,971816.5,975724.0,1008136.0,1020690.0,10149.0,0.01040150698353223,887000.0,1024.8799865535746,1074664556.780401,,1024.8799865535746,1823900.0,1048576,1,random,,,,,,,1,item_bytes,random
go,packstore,packstore.put,1MiB-text/sync-off,1,7,1,1048576,payload,3657847.0,3697283.0,3733853.0,3770548.0,3879842.0,50156.0,0.013432773063106663,3608000.0,267.8198632886726,280829480.96778315,,267.8198632886726,1823900.0,1048576,1,text,,,,,,,1,item_bytes,text
go,packstore,packstore.put,4KiB-duplicate/sync-off,1,7,256,1048576,payload,639.65625,669.931640625,692.88671875,735.369140625,928.21875,40.390625,0.05829325906674409,355.46875,1443237.3618072039,5911500233.962307,,1443237.3618072039,1823900.0,4096,256,duplicate,,,,,,,1,item_bytes,duplicate
go,packstore,packstore.put,4KiB-random/already-present,1,7,256,1048576,payload,90.875,93.22265625,93.69140625,95.61328125,107.625,1.8828125,0.020095893266624976,117.1875,10673337.502605796,43717990410.67334,,10673337.502605796,1823900.0,4096,256,random,,,,,,,1,item_bytes,random
go,packstore,packstore.put,4KiB-random/sync-off,1,7,256,1048576,payload,6976.0234375,7124.56640625,7185.05078125,7433.4375,8077.421875,209.02734375,0.029091978625325043,6785.15625,139177.86115159895,570072519.2769493,,139177.86115159895,1823900.0,4096,256,random,,,,,,,1,item_bytes,random
go,packstore,packstore.put,4KiB-random/sync-on,1,7,256,1048576,payload,90934.7265625,91509.669921875,91743.1796875,92168.447265625,92578.84375,243.2734375,0.0026516787223709666,22480.46875,10899.992821332853,44646370.596179366,,10899.992821332853,1823900.0,4096,256,random,,,,,,,1,item_bytes,random
go,packstore,packstore.put,4KiB-text/sync-off,1,7,256,1048576,payload,26191.1640625,26337.693359375,26924.79296875,27786.205078125,28860.79296875,612.5,0.02274855003382541,26464.84375,37140.48985114353,152127446.4302839,,37140.48985114353,1823900.0,4096,256,text,,,,,,,1,item_bytes,text
go,packstore,packstore.put,empty/sync-off,1,7,8000,0,payload,99.852,100.41368750000001,100.78625,101.3961875,101.774375,0.6599999999999966,0.006548512321869269,89.0,9921988.36646864,,,9921988.36646864,1823900.0,,8000,empty,,,,,,,1,item_bytes,empty
go,packstore,packstore.put,large-8MiB-duplicate/sync-off,1,7,2,16777216,payload,3178612.0,3241547.25,3279540.0,3372504.75,3465044.0,44801.0,0.013660757301328845,3245500.0,304.9208120651067,2557861163.4558506,,304.9208120651067,1823900.0,8388608,2,duplicate,,,,,,,1,item_bytes,duplicate
go,packstore,packstore.put,large-8MiB-random/sync-off,1,7,1,8388608,payload,6458497.0,6622836.0,6677946.0,6752474.0,6979974.0,90483.0,0.013549525557708912,7409000.0,149.74664365360246,1256165892.9257588,,149.74664365360246,1823900.0,8388608,1,random,,,,,,,1,item_bytes,random
go,packstore,packstore.put,large-8MiB-text/sync-off,1,7,1,8388608,payload,26378439.0,26677666.5,26764887.0,27236563.0,27856894.0,161608.0,0.006038060239148404,26588000.0,37.36238453014952,313418397.7686885,,37.36238453014952,1823900.0,8388608,1,text,,,,,,,1,item_bytes,text
go,packstore,packstore.put,tiny-64B-duplicate/sync-off,1,7,16384,1048576,payload,89.10699462890625,91.45858764648438,92.0269775390625,92.82440185546875,93.46466064453125,0.80596923828125,0.008757967063942114,86.0595703125,10866378.8243565,695448244.758816,,10866378.8243565,1823900.0,64,16384,duplicate,,,,,,,1,item_bytes,duplicate
go,packstore,packstore.put,tiny-64B-random/sync-off,1,7,16384,1048576,payload,1669.5130004882812,1693.7176208496094,1702.8512573242188,1718.9827880859375,1742.4869384765625,13.97930908203125,0.00820935417694537,1692.5048828125,587250.3518430338,37584022.51795416,,587250.3518430338,1823900.0,64,16384,random,,,,,,,1,item_bytes,random
go,packstore,packstore.put,tiny-64B-text/sync-off,1,7,16384,1048576,payload,2301.85986328125,2310.6012573242188,2316.6072387695312,2342.1893615722656,2384.779541015625,10.2423095703125,0.0044212542371890005,2304.5654296875,431665.7494911184,27626607.96743158,,431665.7494911184,1823900.0,64,16384,text,,,,,,,1,item_bytes,text
go,packstore,packstore.put_verified,already-intact,1,7,250,0,,85044.656,86978.228,87898.628,89949.688,91682.616,1071.80799999999,0.012193682932115733,87572.0,11376.741853126536,,,,1823900.0,,250,structured,,,,,,30000,1,,
go,packstore,packstore.record,by-location,1,7,2000,0,,369.275,371.8705,461.4665,630.7,808.3495,89.68599999999998,0.19434996906601015,465.0,2167004.5387910064,,,,1823900.0,,2000,structured,,,,,,30000,1,,
go,packstore,packstore.remove,one-sealed-segment,1,7,1,0,,646675.0,746105.5,819035.0,879049.0,1071847.0,86986.0,0.10620547351456287,824000.0,1220.9490436916615,,,,1823900.0,,1,structured,,,,,,30000,1,,
go,packstore,packstore.scan_index,all-segments,1,7,30000,0,,28.3742,28.914066666666667,29.3003,29.37545,30.388366666666666,0.3339666666666652,0.01139806304599834,29.4,34129343.385562606,,,34129343.385562606,1823900.0,,30000,structured,,,,,,30000,1,,
go,packstore,packstore.segments,list,1,7,64,0,,7023.578125,7105.6875,7123.921875,7144.6640625,7246.5,22.859375,0.0032088188782951805,7250.0,140372.11771079394,,,,1823900.0,,64,structured,,,,,,30000,1,,
go,packstore,packstore.sort_by_location,scattered,1,7,2000,0,,182.4685,185.71724999999998,190.4135,194.747,203.519,7.484000000000009,0.039303935907905735,193.5,5251728.475134378,,,,1823900.0,,2000,structured,,,,,,30000,1,,
go,packstore,packstore.stored_size,hit,1,7,2000,0,,93.794,94.23525000000001,95.728,97.15325,98.6085,1.8934999999999889,0.019780001671402193,97.5,10446264.415844893,,,,1823900.0,,2000,structured,,,,,,30000,1,,
go,packstore,packstore.verify,full-scrub,1,7,30000,0,,9181.971266666667,9225.831083333334,9258.317833333333,9317.824866666666,9396.5416,52.66696666666576,0.005688610783812735,9273.966666666667,108010.98190857457,,,,1823900.0,,30000,structured,,,,,,30000,1,,
go,packstore,packstore.wipe,populated,1,7,1,0,,4049836.0,4283062.0,5209552.0,5575350.5,6236453.0,834835.0,0.16025082387122733,6222000.0,191.95508558125536,,,,1823900.0,,1,structured,,,,,,30000,1,,
go,packstore,packstore.write_batch,mixed-objects,1,7,8000,70656000,payload,31599.94075,31830.610625,32065.64125,32225.8461875,32478.23325,256.11175000000003,0.007987108319563079,32018.25,31186.028440956252,275435003.19052565,,,1823900.0,,8000,structured,,,,,,8000,1,,
go,packstore,packstore.write_parallel,duplicate-stream/writers-N,8,7,8000,70656000,payload,316.8065,319.004375,327.84,337.54475,393.209875,10.979749999999967,0.033491184724255635,573.0,3050268.4236212787,26939970717.423134,,,1823900.0,,8000,duplicate,,,,,,8000,8,,
go,packstore,packstore.write_parallel,mixed-objects/writers-1/verify-false,1,7,8000,70656000,payload,32184.848,32391.6956875,32445.20625,32575.910375,32976.91825,62.9173750000009,0.0019391886282122464,33507.0,30821.194117081624,272212786.44206494,,,1823900.0,,8000,structured,,,,,,8000,1,,
go,packstore,packstore.write_parallel,mixed-objects/writers-1/verify-true,1,7,8000,70656000,payload,34917.60575,35037.383125,35095.050625,35277.1811875,35615.926875,114.3807500000039,0.0032591703947714105,35946.125,28494.04637381115,251659417.57350007,,,1823900.0,,8000,structured,,,,,,8000,1,,
go,packstore,packstore.write_parallel,mixed-objects/writers-N/verify-false,8,7,8000,70656000,payload,8958.6095,9086.476875,9124.97325,9248.3445625,9365.612,91.90937500000109,0.010072289800959262,35329.375,109589.36235785678,967893248.344591,,,1823900.0,,8000,structured,,,,,,8000,8,,
go,packstore,packstore.write_parallel,mixed-objects/writers-N/verify-true,8,7,8000,70656000,payload,9314.41775,9444.849375000002,9517.072625,9838.6480625,9956.549625,202.65487500000017,0.02129382458085426,37910.75,105074.32688630975,928016455.0598876,,,1823900.0,,8000,structured,,,,,,8000,8,,
go,reference,reference.decode,signed,1,7,256,81152,encoded,835.03125,848.49609375,863.015625,872.64453125,1000.62109375,13.42578125,0.015556822913837741,878.90625,1158727.572284685,367316640.4142451,,,1823900.0,317,256,structured,,,,,,,1,,
go,reference,reference.encode,signed,1,7,256,81152,encoded,257.015625,264.841796875,277.796875,289.02734375,313.13671875,14.67578125,0.05282918049384105,292.96875,3599752.517014455,1141121547.8935823,,,1823900.0,317,256,structured,,,,,,,1,,
go,reference,reference.signature_payload,signed,1,7,256,0,,240.49609375,262.435546875,267.54296875,288.775390625,304.13671875,20.15625,0.07533836562468062,273.4375,3737717.36432524,,,,1823900.0,,256,structured,,,,,,,1,,
go,reference,reference.validate_name,valid,1,7,256,0,,55.10546875,56.49609375,57.0234375,58.25390625,60.11328125,0.9375,0.016440608302507192,82.03125,17536648.856007673,,,,1823900.0,,256,structured,,,,,,,1,,
go,reference,reference.validate_user,valid,1,7,256,0,,61.7578125,70.681640625,75.10546875,79.134765625,87.78515625,5.16796875,0.06880948665938524,101.5625,13314609.663494045,,,,1823900.0,,256,structured,,,,,,,1,,
go,refstore,refstore.all,records,1,7,5000,0,,104.147,107.4773,108.4852,128.08069999999998,129.9922,4.3382000000000005,0.039988864840549684,110.6,9217847.227087198,,,,1823900.0,,1,structured,5000,,,,,,1,,
go,refstore,refstore.close,populated,1,7,1,0,,129397.0,131897.0,133355.0,139421.0,150097.0,2455.0,0.018409508454876083,79000.0,7498.781448014697,,,,1823900.0,,1,structured,5000,,,,,,1,,
go,refstore,refstore.delete,records,1,7,5000,0,,1634.9632,1671.6102,1687.7902,1751.591,1820.8422,24.577199999999948,0.01456176247498057,1712.6,592490.7017471722,,,,1823900.0,,5000,structured,5000,,,,,,1,,
go,refstore,refstore.get,hit,1,7,2000,0,,1015.51,1018.91875,1025.7095,1039.2002499999999,1047.922,9.768500000000131,0.00952365167720503,1024.0,974934.9109080106,,,,1823900.0,,2000,structured,5000,,,,,,1,,
go,refstore,refstore.get,miss,1,7,2000,0,,204.9265,206.36175,209.991,229.804,238.4405,5.0645000000000095,0.024117700282393097,211.5,4762108.852284146,,,,1823900.0,,2000,structured,5000,,,,,,1,,
go,refstore,refstore.open,empty,1,7,1,0,,729814.0,736180.5,748920.0,762547.0,843090.0,12875.0,0.01719142231479998,405000.0,1335.2561021203867,,,,1823900.0,,1,structured,,,,,,,1,,
go,refstore,refstore.open,populated-reopen,1,7,1,0,,2380057.0,2423304.0,2456282.0,2492040.5,2521026.0,45517.0,0.01853085272782197,2118000.0,407.11937798672955,,,,1823900.0,,1,structured,5000,,,,,,1,,
go,refstore,refstore.put,records/sync-false,1,7,5000,0,,438.0528,448.9345,476.5704,480.1553,505.5998,23.326599999999985,0.048946808278483064,607.0,2098325.8716865336,,,,1823900.0,,5000,structured,5000,,,,,,1,,
go,refstore,refstore.put,records/sync-true,1,7,5000,0,,59463.988,59834.8194,60237.6854,60313.4503,62314.1862,173.86160000000382,0.002886259637061085,11401.6,16600.903460344445,,,,1823900.0,,5000,structured,5000,,,,,,1,,
go,refstore,refstore.put_batch,records/sync-false,1,7,5000,0,,110.3148,112.17320000000001,115.5788,115.703,117.9412,2.3225999999999942,0.02009538081378241,116.8,8652105.749497313,,,,1823900.0,,5000,structured,5000,,,,,,1,,
go,refstore,refstore.wipe,records,1,7,1,0,,1132904.0,1157821.5,1168963.0,1308419.0,1323669.0,36059.0,0.030846998579082487,1209000.0,855.4590692776418,,,,1823900.0,,1,structured,5000,,,,,,1,,
go,tar,tarexport.write,fixture-tree,1,7,5323,64294912,encoded,2347.7518316738683,2352.4611121547996,2357.4414803682134,2360.7071200450873,2365.5859477738118,3.497088108209482,0.0014834252036929735,2355.814390381364,424188.68435445026,5123647216.224902,,,1823900.0,,,tree,5323,,,,5323,,1,,
go,tar,tarextract.extract,fixture-tree,1,7,5323,64294912,encoded,39113.09299267331,39239.33392823595,39362.652827353,41972.1472853654,44744.55870749577,249.55983467969054,0.006340015643109097,39714.25887657336,25404.79180572664,306856820.1254021,,,1823900.0,,,tree,5323,,,,5323,,1,,
rust,amberignore,amberignore.descend,8-subdirs,1,7,512,0,,3134.8359375,3141.634765625,3155.873046875,3165.2158203125,3459.2265625,14.326171875,0.004539527307407382,3146.484375,316869.5271155528,,,,1369284.0,,,structured,512,1,,,,,1,,
rust,amberignore,amberignore.ignored,mixed-names,1,7,1024,0,,110.2978515625,110.34765625,118.517578125,119.35400390625,121.4921875,2.974609375,0.025098465747103706,119.140625,8437566.94846822,,,,1369284.0,,,structured,1024,,,,,,1,,
rust,amberignore,amberignore.ignored,nil-matcher,1,7,1024,0,,0.078125,0.087890625,0.087890625,0.0927734375,0.09765625,0.0,0.0,0.0,11377777777.777779,,,,1369284.0,,,structured,1024,,,,,,1,,
rust,amberignore,amberignore.root,load-root,1,7,64,0,,4095.484375,4163.265625,4281.921875,4285.6875,4331.09375,49.171875,0.01148359928916265,4281.25,233539.99189908153,,,,1369284.0,,,structured,64,,,,,,1,,
rust,amberpack,amberpack.decode_payload,mixed-records/producer-go,1,7,500,10070344,encoded,10597.122,10613.505000000001,10678.94,10794.380000000001,10940.018,71.91799999999967,0.006734563542823507,10656.0,93642.25288277675,1886019398.9291072,,,1369284.0,,500,structured,,,,,,500,1,,
rust,amberpack,amberpack.decode_payload,mixed-records/producer-rust,1,7,500,10053753,encoded,9737.34,9752.079,9769.742,10027.285,10221.786,32.402000000000044,0.0033165665991998603,9724.0,102356.84831800062,2058140941.6952875,,,1369284.0,,500,structured,,,,,,500,1,,
rust,amberpack,amberpack.encode_record,1MiB-duplicate,1,7,4,4194304,payload,258035.25,258392.375,259698.75,260714.25,261341.75,1337.25,0.0051492354121843095,259250.0,3850.615376469852,4037662868.9972515,,,1369284.0,1048576,4,duplicate,,,,,,,1,item_bytes,duplicate
rust,amberpack,amberpack.encode_record,1MiB-random,1,7,4,4194304,payload,257740.0,258024.25,258148.25,258366.125,258629.0,157.75,0.000611082972671711,257750.0,3873.7430914213055,4061914035.830187,,,1369284.0,1048576,4,random,,,,,,,1,item_bytes,random
rust,amberpack,amberpack.encode_record,1MiB-text,1,7,4,4194304,payload,1760483.0,1768390.5,1778019.0,1808528.625,1816542.5,17536.0,0.00986266176008243,1773250.0,562.4236861360874,589743979.113834,,,1369284.0,1048576,4,text,,,,,,,1,item_bytes,text
rust,amberpack,amberpack.encode_record,4KiB-duplicate,1,7,1024,4194304,payload,4341.7509765625,4371.16259765625,4399.33203125,4455.03369140625,4494.54296875,48.53125,0.011031504250023751,4381.8359375,227307.23502946558,931050434.680691,,,1369284.0,4096,1024,duplicate,,,,,,,1,item_bytes,duplicate
rust,amberpack,amberpack.encode_record,4KiB-random,1,7,1024,4194304,payload,4342.0537109375,4350.92333984375,4500.4326171875,4681.75537109375,4708.525390625,158.37890625,0.035191929248121326,4475.5859375,222200.8604641524,910134724.4611683,,,1369284.0,4096,1024,random,,,,,,,1,item_bytes,random
rust,amberpack,amberpack.encode_record,4KiB-text,1,7,1024,4194304,payload,14111.869140625,14168.13916015625,14217.1884765625,14221.4833984375,14272.166015625,7.6611328125,0.0005388641238828357,14166.015625,70337.39488285835,288101969.4401878,,,1369284.0,4096,1024,text,,,,,,,1,item_bytes,text
rust,amberpack,amberpack.encode_record,empty,1,7,8000,0,payload,285.804625,286.98068750000004,290.13175,290.2958125,291.509375,1.3776249999999663,0.004748273844554987,289.625,3446709.986066675,,,,1369284.0,,8000,empty,,,,,,,1,item_bytes,empty
rust,amberpack,amberpack.encode_record,large-8MiB-duplicate,1,7,2,16777216,payload,2059103.5,2069818.75,2071953.0,2074793.25,2106654.0,3892.5,0.001878662305563881,2062500.0,482.6364304595712,4048647821.644603,,,1369284.0,8388608,2,duplicate,,,,,,,1,item_bytes,duplicate
rust,amberpack,amberpack.encode_record,large-8MiB-random,1,7,1,8388608,payload,2058101.0,2061673.0,2077288.0,2077764.0,2091405.0,14117.0,0.0067958800127859015,2061000.0,481.39689826350514,4038249871.9484253,,,1369284.0,8388608,1,random,,,,,,,1,item_bytes,random
rust,amberpack,amberpack.encode_record,large-8MiB-text,1,7,1,8388608,payload,14036894.0,14060219.0,14086068.0,14101332.0,14207020.0,24727.0,0.001755422450040707,14025000.0,70.9921320839854,595525167.1367766,,,1369284.0,8388608,1,text,,,,,,,1,item_bytes,text
rust,amberpack,amberpack.encode_record,tiny-64B-duplicate,1,7,16384,1048576,payload,613.7383422851562,617.3399047851562,619.009033203125,640.2678833007812,642.6258544921875,5.27069091796875,0.008514723752406366,617.12646484375,1615485.3101664747,103391059.85065438,,,1369284.0,64,16384,duplicate,,,,,,,1,item_bytes,duplicate
rust,amberpack,amberpack.encode_record,tiny-64B-random,1,7,16384,1048576,payload,616.0810546875,618.6078186035156,622.2683715820312,643.8339233398438,649.855224609375,6.18731689453125,0.009943164681182257,620.361328125,1607023.6664248873,102849514.65119278,,,1369284.0,64,16384,random,,,,,,,1,item_bytes,random
rust,amberpack,amberpack.encode_record,tiny-64B-text,1,7,16384,1048576,payload,1159.4988403320312,1160.2213745117188,1160.9016723632812,1161.5789489746094,1162.3124389648438,0.99188232421875,0.0008544068355070472,1156.8603515625,861399.3965262114,55129561.37767753,,,1369284.0,64,16384,text,,,,,,,1,item_bytes,text
rust,amberpack,amberpack.parse_record,corrupt-crc/producer-go,1,7,256,0,,101.7578125,101.9140625,102.0703125,102.1875,102.5390625,0.1953125,0.0019135093761959434,101.5625,9797168.00612323,,,,1369284.0,,256,structured,,,,,,,1,,
rust,amberpack,amberpack.parse_record,corrupt-crc/producer-rust,1,7,256,0,,101.71875,101.7578125,101.875,101.89453125,102.0703125,0.078125,0.0007668711656441718,105.46875,9815950.9202454,,,,1369284.0,,256,structured,,,,,,,1,,
rust,amberpack,amberpack.parse_record,mixed-records/producer-go,1,7,500,10070344,encoded,2261.098,2272.732,2275.006,2348.957,2478.814,4.427999999999884,0.001946368493094033,2272.0,439559.28028321685,8853026321.688822,,,1369284.0,,500,structured,,,,,,500,1,,
rust,amberpack,amberpack.parse_record,mixed-records/producer-rust,1,7,500,10053753,encoded,2267.752,2268.9939999999997,2269.276,2271.959,2292.96,0.5219999999999345,0.0002300293133139973,2266.0,440669.1825939198,8860758233.022339,,,1369284.0,,500,structured,,,,,,500,1,,
rust,amberpack,amberpack.reader_all,mixed-objects/producer-go,1,7,500,10070344,encoded,13385.91,13439.744,13581.004,13728.374,13782.048,160.36399999999958,0.011807963534949225,13548.0,73632.25870487926,1483004349.3102572,,,1369284.0,,500,structured,,,,,,500,1,,
rust,amberpack,amberpack.reader_all,mixed-objects/producer-rust,1,7,500,10053753,encoded,12488.938,12572.757,12704.71,12777.659,13063.354,104.80199999999968,0.00824906668471769,12648.0,78710.96624795056,1582681226.0964634,,,1369284.0,,500,structured,,,,,,500,1,,
rust,amberpack,amberpack.reader_all,truncated-stream/producer-go,1,7,64,0,,3275864.765625,3277293.7265625,3280197.703125,3281998.2890625,3283499.515625,3085.109375,0.0009405254360311447,3266812.5,304.85967325911895,,,,1369284.0,5035172,64,structured,,,,,,,1,,
rust,amberpack,amberpack.reader_all,truncated-stream/producer-rust,1,7,64,0,,3072886.6875,3074530.9296875,3077561.125,3080104.2578125,3082406.9375,3030.671875,0.0009847641531409064,3065437.5,324.9326201441409,,,,1369284.0,5026876,64,structured,,,,,,,1,,
rust,amberpack,amberpack.reader_records,mixed-objects/producer-go,1,7,500,10070344,encoded,2822.832,2824.5950000000003,2828.544,2839.534,2848.902,5.2719999999999345,0.0018638564575979497,2828.0,353538.78179020726,7120514299.9366455,,,1369284.0,,500,structured,,,,,,500,1,,
rust,amberpack,amberpack.reader_records,mixed-objects/producer-rust,1,7,500,10053753,encoded,2807.564,2813.285,2815.038,2823.945,2828.202,6.994000000000142,0.0024845135305456415,2810.0,355234.99149922666,7142889722.980649,,,1369284.0,,500,structured,,,,,,500,1,,
rust,amberpack,amberpack.writer_add,mixed-objects,1,7,500,16960000,payload,39562.154,39613.251,39635.654,39861.256,39978.81,73.5,0.0018543909985691165,39470.0,25229.809504341723,855795138.3872712,,,1369284.0,,500,structured,,,,,,500,1,,
rust,amberpack,amberpack.writer_add_record,pre-encoded-records/producer-go,1,7,500,10070344,encoded,7.294,7.4239999999999995,7.594,7.715,7.814,0.20199999999999996,0.02659994732683697,8.0,131682907.55859889,2652184356070.582,,,1369284.0,,500,structured,,,,,,500,1,,
rust,amberpack,amberpack.writer_add_record,pre-encoded-records/producer-rust,1,7,500,10053753,encoded,7.194,7.375,7.716,7.765000000000001,8.016,0.2999999999999998,0.038880248833592514,10.0,129600829.44530845,2605949455676.516,,,1369284.0,,500,structured,,,,,,500,1,,
rust,binaryfuse,binaryfuse.contains,store-keys/rust-only,1,7,30000,0,,2.8244,2.8267333333333333,2.8294,2.8646333333333334,2.868133333333333,0.0050000000000003375,0.0017671591150068345,2.8666666666666667,353431823.001343,,,,1369284.0,,,,,,,,,,1,,
rust,binaryfuse,binaryfuse.new,store-keys/rust-only,1,7,30000,0,,15.2331,15.272516666666668,15.344666666666667,15.387716666666666,15.4732,0.05879999999999974,0.0038319502976061,15.333333333333334,65169222.748403355,,,,1369284.0,,,,,,,,,,1,,
rust,binaryfuse,binaryfuse.parse_section,store-keys/rust-only,1,7,16,0,,1837.25,1840.375,1918.625,1922.125,1928.0625,9.4375,0.004918887223923383,1937.5,521206.5932634048,,,,1369284.0,,,,,,,,,,1,,
rust,binaryfuse,binaryfuse.section_bytes,store-keys/rust-only,1,7,16,0,,2455.9375,2459.375,2537.9375,2544.53125,2722.6875,78.25,0.030832122540448693,2562.5,394020.73534119735,,,,1369284.0,,,,,,,,,,1,,
rust,cbor,cbor.decode_xattrs,xattrs-3,1,7,64,4544,encoded,170.484375,173.0625,173.296875,174.703125,183.171875,0.625,0.0036065278153457757,187.5,5770444.504553242,409701559.82328016,,,1369284.0,71,64,structured,3,,,,,,1,,
rust,cbor,cbor.decode_xattrs,xattrs-64,1,7,64,282752,encoded,5526.34375,5544.34375,5564.84375,5624.265625,5663.484375,36.328125,0.0065281482521409515,5546.875,179699.56479011654,793912677.2427348,,,1369284.0,4418,64,structured,64,,,,,,1,,
rust,cbor,cbor.encode_xattrs,xattrs-3,1,7,64,4544,encoded,233.09375,236.859375,252.5,256.1953125,263.78125,11.28125,0.044678217821782176,265.625,3960396.0396039602,281188118.8118812,,,1369284.0,71,64,structured,3,,,,,,1,,
rust,cbor,cbor.encode_xattrs,xattrs-64,1,7,64,282752,encoded,4476.84375,4481.84375,4513.46875,4539.0625,4799.15625,33.34375,0.007387610692995271,4500.0,221559.08357624055,978848031.2398307,,,1369284.0,4418,64,structured,64,,,,,,1,,
rust,cbor,cbor.head_primitives,append+read/rust-only,1,7,16384,0,,5.06341552734375,5.064605712890625,5.065185546875,5.066436767578125,5.06768798828125,0.001220703125,0.00024099869860702753,5.126953125,197426133.89887694,,,,1369284.0,,,,,,,,,,1,,
rust,chunkers,chunkers.item_chunker,is_boundary/bits-7,1,7,2000,0,,32.497,32.5145,32.537,32.72,33.3985,0.02499999999999858,0.0007683560254479079,33.0,30734241.01791806,,,,1369284.0,32,2000,structured,,,,,,,1,,
rust,chunkers,chunkers.new_item_chunker,bits-4..12,1,7,2304,0,,12.893663194444445,12.926215277777779,12.95876736111111,12.967447916666668,14.733072916666666,0.013020833333333925,0.001004789496600508,13.45486111111111,77167833.3389155,,,,1369284.0,,2304,structured,,,,,,,1,,
rust,chunkers,chunkers.split_bytes,compressible/4-16-64KiB,1,7,1024,67108864,payload,40076.625,40111.1484375,40272.02734375,40447.435546875,41167.546875,166.1669921875,0.00412611440613973,40102.5390625,24831.131332532594,1627333023.008856,,,1369284.0,67108864,1,text,1024,,,,,,1,,
rust,chunkers,chunkers.split_bytes,compressible/default-sizes,1,7,64,67108864,payload,660061.1875,660149.9609375,660510.65625,660605.125,660998.90625,316.703125,0.00047948223394011293,657843.75,1513.9801160475222,1587523214.1646466,,,1369284.0,67108864,1,text,64,,,,,,1,,
rust,chunkers,chunkers.split_bytes,random/default-sizes,1,7,881,67108864,payload,44087.61180476731,44244.871169125996,44528.750283768444,44723.79909194098,45942.154370034055,335.1350737797984,0.00752626273237139,44278.09307604995,22457.400974141387,1710659100.7572324,,,1369284.0,67108864,1,random,881,,,,,,1,,
rust,chunkers,chunkers.split_bytes,tiny-64KiB/default-sizes,1,7,1,65536,payload,21661.0,21927.0,22133.0,22202.5,22233.0,100.0,0.004518140333438757,22000.0,45181.40333438756,2961008448.9224234,,,1369284.0,65536,1,text,1,,,,,,1,,
rust,fstree,fstree.check_complete,incomplete/jobs-1,1,7,1,0,,5340.0,5636.0,6001.0,6201.5,6312.0,210.0,0.03499416763872688,7000.0,166638.89351774706,,,166638.89351774706,1369284.0,,,structured,16,,,wide,,,1,,
rust,fstree,fstree.check_complete,widest/jobs-1,1,7,40257,0,,271.6205380430733,272.22905333233973,272.48165536428445,272.9973296569541,273.390814019922,0.32627865961200087,0.0011974334902501765,271.48073626946865,3669971.8322801813,,,3669971.8322801813,1369284.0,,,structured,40000,,40000,wide,,40257,1,,
rust,fstree,fstree.check_complete,widest/jobs-N,8,7,40257,0,,126.06664679434633,128.18260178354075,129.253545967161,135.29706634870954,136.3353950865688,3.1868991728146625,0.024656183696688268,634.9951561219167,7736731.650318256,,,7736731.650318256,1369284.0,,,structured,40000,,40000,wide,,40257,8,,
rust,fstree,fstree.check_complete,width-16/jobs-1,1,7,17,0,,304.11764705882354,309.7058823529412,313.52941176470586,321.7941176470588,328.88235294117646,6.470588235294144,0.02063789868667926,352.94117647058823,3189493.4333958724,,,3189493.4333958724,1369284.0,,,structured,16,,16,wide,,17,1,width,plain
rust,fstree,fstree.check_complete,width-256/jobs-1,1,7,259,0,,264.984555984556,266.1833976833977,268.42857142857144,287.8455598455598,353.3011583011583,3.057915057915068,0.011391913467485616,270.27027027027026,3725385.8435337944,,,3725385.8435337944,1369284.0,,,structured,256,,256,wide,,259,1,width,plain
rust,fstree,fstree.check_complete,width-40000/jobs-1,1,7,40257,0,,272.0588220682117,273.2082494969819,273.36021064659565,274.07263333084927,274.36070745460415,0.6199667138633913,0.002267947893356338,272.2259482822863,3658176.8708570967,,,3658176.8708570967,1369284.0,,,structured,40000,,40000,wide,,40257,1,width,plain
rust,fstree,fstree.check_complete,width-4096/jobs-1,1,7,4122,0,,274.35225618631733,275.0340853954391,276.2117903930131,276.7561863173217,278.3556525958273,0.9017467248908133,0.003264693095134521,275.10917030567686,3620410.260464013,,,3620410.260464013,1369284.0,,,structured,4096,,4096,wide,,4122,1,width,plain
rust,fstree,fstree.child_keys,dir-leaf-128,1,7,64,0,,28877.203125,28997.03125,29050.171875,29221.4453125,29360.296875,95.171875,0.0032761208921418816,29031.25,34423.204251696014,,,,1369284.0,,64,structured,128,,,,,,1,,
rust,fstree,fstree.child_keys,dir-node-128,1,7,64,0,,14085.96875,14098.9609375,14180.203125,14236.0234375,14269.75,75.765625,0.005343056395745389,14187.5,70520.8515833584,,,,1369284.0,,64,structured,128,,,,,,1,,
rust,fstree,fstree.child_keys,file-node-1024,1,7,64,0,,71346.125,71466.3671875,71504.25,71915.421875,72397.984375,158.125,0.002211407014268383,71296.875,13985.182698930483,,,,1369284.0,,64,structured,1024,,,,,,1,,
rust,fstree,fstree.collect_entries,width-16,1,7,16,0,,229.8125,235.78125,242.3125,247.3125,264.875,5.625,0.02321382512251741,250.0,4126902.244003095,,4126902.244003095,,1369284.0,,,structured,16,1,16,wide,,17,1,width,plain
rust,fstree,fstree.collect_entries,width-256,1,7,256,0,,218.3046875,219.20703125,219.7578125,223.123046875,225.5859375,1.453125,0.006612392904120303,222.65625,4550463.934018273,,4550463.934018273,,1369284.0,,,structured,256,1,256,wide,,259,1,width,plain
rust,fstree,fstree.collect_entries,width-40000,1,7,40000,0,,218.7258,219.585975,221.3363,222.3307125,222.809625,1.176524999999998,0.005315553752366865,220.4,4518011.731469262,,4518011.731469262,,1369284.0,,,structured,40000,1,40000,wide,,40257,1,width,plain
rust,fstree,fstree.collect_entries,width-4096,1,7,4096,0,,220.990966796875,222.6640625,223.830810546875,224.29443359375,227.25048828125,0.975830078125,0.004359677185374084,223.388671875,4467660.182960283,,4467660.182960283,,1369284.0,,,structured,4096,1,4096,wide,,4122,1,width,plain
rust,fstree,fstree.decode_dir_leaf,entries-1024,1,7,65536,4849856,encoded,215.0702667236328,215.35989379882812,215.408447265625,215.5401382446289,215.99794006347656,0.0675811767578125,0.0003137350350725876,214.6453857421875,4642343.476748047,343547017.89501005,4642343.476748047,,1369284.0,75779,64,structured,1024,,,leaf,,,1,entries,plain
rust,fstree,fstree.decode_dir_leaf,entries-128,1,7,8192,606336,encoded,210.4324951171875,211.47515869140625,212.7586669921875,213.041259765625,213.1134033203125,0.354736328125,0.001667317873062374,211.5478515625,4700161.051661035,347885357.8393488,4700161.051661035,,1369284.0,9474,64,structured,128,,,leaf,,,1,entries,plain
rust,fstree,fstree.decode_dir_leaf,entries-128-partial-change,1,7,8192,680064,encoded,221.5023193359375,222.30572509765625,223.0689697265625,224.54150390625,224.689453125,1.39306640625,0.006245003094592754,222.65625,4482918.449956522,372152276.9471719,4482918.449956522,,1369284.0,10626,64,partial-change,128,,,leaf,,,1,entries,partial-change
rust,fstree,fstree.decode_dir_leaf,entries-128-with-xattrs,1,7,8192,680064,encoded,221.6368408203125,222.32843017578125,223.6719970703125,224.236328125,224.8546142578125,0.735107421875,0.0032865420414872723,222.2900390625,4470832.348698727,371148941.69744277,4470832.348698727,,1369284.0,10626,64,structured,128,,,leaf,,,1,entries,with-xattrs
rust,fstree,fstree.decode_dir_leaf,entries-8,1,7,512,37952,encoded,210.20703125,213.650390625,215.41015625,219.236328125,224.431640625,2.6015625,0.012077250884033004,216.796875,4642306.646114788,344110980.1432587,4642306.646114788,,1369284.0,593,64,structured,8,,,leaf,,,1,entries,plain
rust,fstree,fstree.decode_dir_node,pairs-1024,1,7,65536,3276992,encoded,99.13545227050781,99.28274536132812,99.527587890625,99.82433319091797,100.43598937988281,0.3262481689453125,0.003277967203463628,99.273681640625,10047465.44344008,502402708.1059203,10047465.44344008,,1369284.0,51203,64,structured,1024,,,index,,,1,entries,plain
rust,fstree,fstree.decode_dir_node,pairs-128,1,7,8192,409728,encoded,95.3970947265625,96.00927734375,96.3045654296875,97.0408935546875,98.9072265625,0.4708251953125,0.004888918746601397,96.19140625,10383723.715882458,519348431.4771836,10383723.715882458,,1369284.0,6402,64,structured,128,,,index,,,1,entries,plain
rust,fstree,fstree.decode_dir_node,pairs-8,1,7,512,25664,encoded,84.771484375,85.603515625,85.88671875,86.62109375,89.56640625,0.390625,0.004548142083958703,87.890625,11643243.73493428,583617592.2135807,11643243.73493428,,1369284.0,401,64,structured,8,,,index,,,1,entries,plain
rust,fstree,fstree.decode_file_node,children-1024,1,7,65536,2228416,encoded,68.71968078613281,68.90481567382812,69.02116394042969,69.99149322509766,70.20062255859375,0.301483154296875,0.004367981313051704,68.8934326171875,14488309.714149028,492644976.5009326,14488309.714149028,,1369284.0,34819,64,structured,1024,,,file-index,,,1,entries,plain
rust,fstree,fstree.decode_file_node,children-128,1,7,8192,278656,encoded,62.48876953125,62.94427490234375,62.98779296875,63.1180419921875,63.1676025390625,0.107666015625,0.0017093155760897372,63.1103515625,15876092.062729169,540035194.0712719,15876092.062729169,,1369284.0,4354,64,structured,128,,,file-index,,,1,entries,plain
rust,fstree,fstree.decode_file_node,children-65536,1,7,4194304,142606656,encoded,69.72369647026062,69.7631242275238,69.81736421585083,70.42456209659576,70.45102000236511,0.09366774559020996,0.0013416110253120141,69.52857971191406,14323084.3964311,486985962.243275,14323084.3964311,,1369284.0,2228229,64,structured,65536,,,file-index,,,1,entries,plain
rust,fstree,fstree.decode_file_node,children-8,1,7,512,17472,encoded,62.267578125,62.6689453125,63.109375,63.529296875,70.23046875,0.546875,0.008665511265164644,64.453125,15845506.313443922,540727902.9462738,15845506.313443922,,1369284.0,273,64,structured,8,,,file-index,,,1,entries,plain
rust,fstree,fstree.dir_builder,entries-16,1,7,16,0,,318.75,327.5,333.125,340.65625,369.4375,10.625,0.03189493433395872,375.0,3001876.17260788,,3001876.17260788,,1369284.0,,,structured,16,1,16,wide,,,1,entries,plain
rust,fstree,fstree.dir_builder,entries-256,1,7,256,0,,329.7734375,331.62890625,334.58203125,335.484375,336.4609375,1.87890625,0.005615681879210302,335.9375,2988803.661284485,,2988803.661284485,,1369284.0,,,structured,256,1,256,wide,,,1,entries,plain
rust,fstree,fstree.dir_builder,entries-40000,1,7,40000,0,,328.9857,332.4192625,332.8849,333.60965,337.876425,0.770225000000039,0.002313787738644916,331.65,3004041.336810411,,3004041.336810411,,1369284.0,,,structured,40000,1,40000,wide,,,1,entries,plain
rust,fstree,fstree.dir_builder,entries-4096,1,7,4096,0,,315.625,316.2841796875,320.113525390625,321.33544921875,323.946533203125,3.737548828125,0.011675697937362004,319.82421875,3123891.746778677,,3123891.746778677,,1369284.0,,,structured,4096,1,4096,wide,,,1,entries,plain
rust,fstree,fstree.encode_blob,1MiB-duplicate,1,7,4,4194304,payload,133915.75,134649.75,135028.0,135448.75,136641.0,551.0,0.004080635127529105,134750.0,7405.871374825962,7765618982.729508,,,1369284.0,1048576,4,duplicate,,,,,,,1,item_bytes,duplicate
rust,fstree,fstree.encode_blob,1MiB-random,1,7,4,4194304,payload,133187.0,133743.0,134101.25,134285.25,136230.25,363.25,0.002708774153857626,133750.0,7457.05204090193,7819285800.840782,,,1369284.0,1048576,4,random,,,,,,,1,item_bytes,random
rust,fstree,fstree.encode_blob,1MiB-text,1,7,4,4194304,payload,134163.75,134300.25,135251.0,137661.875,140493.5,954.5,0.0070572491146091345,134750.0,7393.660675336966,7752815136.3021345,,,1369284.0,1048576,4,text,,,,,,,1,item_bytes,text
rust,fstree,fstree.encode_blob,4KiB-duplicate,1,7,1024,4194304,payload,1111.283203125,1119.18408203125,1121.7431640625,1123.73876953125,1132.4755859375,2.7001953125,0.0024071422042109755,1118.1640625,891469.6626083322,3651459738.043729,,,1369284.0,4096,1024,duplicate,,,,,,,1,item_bytes,duplicate
rust,fstree,fstree.encode_blob,4KiB-random,1,7,1024,4194304,payload,1118.0732421875,1118.939453125,1121.10546875,1122.18798828125,1123.796875,1.8896484375,0.0016855224509848329,1118.1640625,891976.7389191054,3653536722.6126556,,,1369284.0,4096,1024,random,,,,,,,1,item_bytes,random
rust,fstree,fstree.encode_blob,4KiB-text,1,7,1024,4194304,payload,1118.73828125,1120.43115234375,1127.1923828125,1179.1474609375,1399.8330078125,7.6025390625,0.006744668592889725,1119.140625,887160.0050249298,3633807380.5821123,,,1369284.0,4096,1024,text,,,,,,,1,item_bytes,text
rust,fstree,fstree.encode_blob,empty,1,7,8000,0,payload,88.887375,89.37131249999999,89.968,90.0876875,92.037,0.22912500000001046,0.00254673884047673,89.875,11115063.1335586,,,,1369284.0,,8000,empty,,,,,,,1,item_bytes,empty
rust,fstree,fstree.encode_blob,large-8MiB-duplicate,1,7,2,16777216,payload,1084241.0,1087264.0,1099275.0,1101894.75,1106449.0,7174.0,0.006526119487844261,1096000.0,909.6904778149235,7631036819.72209,,,1369284.0,8388608,2,duplicate,,,,,,,1,item_bytes,duplicate
rust,fstree,fstree.encode_blob,large-8MiB-random,1,7,1,8388608,payload,1089942.0,1091284.5,1121603.0,1122118.5,1125630.0,4027.0,0.003590396958638663,1119000.0,891.5810674543488,7479124075.09609,,,1369284.0,8388608,1,random,,,,,,,1,item_bytes,random
rust,fstree,fstree.encode_blob,large-8MiB-text,1,7,1,8388608,payload,1090033.0,1099910.5,1118667.0,1120319.5,1126202.0,7535.0,0.006735695251580676,1116000.0,893.9210685574885,7498753427.069897,,,1369284.0,8388608,1,text,,,,,,,1,item_bytes,text
rust,fstree,fstree.encode_blob,tiny-64B-duplicate,1,7,16384,1048576,payload,98.8790283203125,99.556640625,107.1572265625,107.6497802734375,107.7919921875,0.634765625,0.005923684714159429,106.93359375,9332081.765075777,597253232.9648497,,,1369284.0,64,16384,duplicate,,,,,,,1,item_bytes,duplicate
rust,fstree,fstree.encode_blob,tiny-64B-random,1,7,16384,1048576,payload,106.9150390625,107.49417114257812,107.7479248046875,108.26190185546875,108.78265380859375,0.3143310546875,0.0029172817505050013,107.2998046875,9280921.203936687,593978957.051948,,,1369284.0,64,16384,random,,,,,,,1,item_bytes,random
rust,fstree,fstree.encode_blob,tiny-64B-text,1,7,16384,1048576,payload,107.0826416015625,107.69381713867188,108.42486572265625,108.68389892578125,109.81732177734375,0.5791015625,0.005341040163068351,108.2763671875,9222976.60536592,590270502.7434189,,,1369284.0,64,16384,text,,,,,,,1,item_bytes,text
rust,fstree,fstree.encode_dir_leaf,entries-1024,1,7,65536,4849856,encoded,49.044342041015625,49.761268615722656,50.433868408203125,50.88164520263672,51.13818359375,0.5089263916015625,0.010090964815199166,50.323486328125,19827945.615953363,1467326065.2649705,19827945.615953363,,1369284.0,75779,64,structured,1024,,,leaf,,,1,entries,plain
rust,fstree,fstree.encode_dir_leaf,entries-128,1,7,8192,606336,encoded,58.9700927734375,59.25994873046875,59.40673828125,60.47930908203125,60.622314453125,0.4366455078125,0.007350100686310771,59.4482421875,16833107.302839763,1245912957.7117496,16833107.302839763,,1369284.0,9474,64,structured,128,,,leaf,,,1,entries,plain
rust,fstree,fstree.encode_dir_leaf,entries-128-partial-change,1,7,8192,680064,encoded,67.0067138671875,67.72528076171875,68.8045654296875,69.09381103515625,69.6925048828125,0.887939453125,0.012905240336593649,68.603515625,14533919.279265214,1206542392.6677513,14533919.279265214,,1369284.0,10626,64,partial-change,128,,,leaf,,,1,entries,partial-change
rust,fstree,fstree.encode_dir_leaf,entries-128-with-xattrs,1,7,8192,680064,encoded,67.2867431640625,69.10174560546875,69.336669921875,69.66436767578125,70.8568115234375,0.2862548828125,0.004128477516082576,69.091796875,14422382.862152865,1197283127.2909088,14422382.862152865,,1369284.0,10626,64,structured,128,,,leaf,,,1,entries,with-xattrs
rust,fstree,fstree.encode_dir_leaf,entries-8,1,7,512,37952,encoded,126.607421875,129.1728515625,129.701171875,130.9638671875,133.263671875,0.724609375,0.005586760431882181,130.859375,7710030.569066514,571506015.9320554,7710030.569066514,,1369284.0,593,64,structured,8,,,leaf,,,1,entries,plain
rust,fstree,fstree.encode_dir_node,pairs-1024,1,7,65536,3276992,encoded,31.521865844726562,31.547531127929688,31.644927978515625,31.705459594726562,31.861236572265625,0.09844970703125,0.003111073821943582,31.585693359375,31600640.730764817,1580124616.5403817,31600640.730764817,,1369284.0,51203,64,structured,1024,,,index,,,1,entries,plain
rust,fstree,fstree.encode_dir_node,pairs-128,1,7,8192,409728,encoded,42.7830810546875,42.8468017578125,42.8785400390625,43.2203369140625,43.7786865234375,0.032958984375,0.0007686592021317482,42.96875,23321689.569864005,1166448879.8927293,23321689.569864005,,1369284.0,6402,64,structured,128,,,index,,,1,entries,plain
rust,fstree,fstree.encode_dir_node,pairs-8,1,7,512,25664,encoded,88.861328125,89.0859375,90.2109375,90.5634765625,94.966796875,0.998046875,0.011063479691694812,89.84375,11085130.336884039,555642158.1363125,11085130.336884039,,1369284.0,401,64,structured,8,,,index,,,1,entries,plain
rust,fstree,fstree.encode_file_node,children-1024,1,7,65536,2228416,encoded,13.292755126953125,13.303009033203125,13.527435302734375,13.580406188964844,13.637039184570312,0.1096038818359375,0.00810234012457503,13.48876953125,73923842.74037994,2513627226.930947,73923842.74037994,,1369284.0,34819,64,structured,1024,,,file-index,,,1,entries,plain
rust,fstree,fstree.encode_file_node,children-128,1,7,8192,278656,encoded,18.7186279296875,18.7198486328125,18.7515869140625,18.78228759765625,19.169921875,0.032958984375,0.0017576637393970562,18.798828125,53328819.82644698,1814013136.9089856,53328819.82644698,,1369284.0,4354,64,structured,128,,,file-index,,,1,entries,plain
rust,fstree,fstree.encode_file_node,children-65536,1,7,4194304,142606656,encoded,12.43287205696106,12.436148166656494,12.452049016952515,12.462143540382385,12.471404790878296,0.015008211135864258,0.0012052804414302998,12.399673461914062,80308068.06482823,2730480441.223513,80308068.06482823,,1369284.0,2228229,64,structured,65536,,,file-index,,,1,entries,plain
rust,fstree,fstree.encode_file_node,children-8,1,7,512,17472,encoded,45.61328125,45.6328125,45.673828125,45.791015625,50.859375,0.041015625,0.0008980115458627325,46.875,21894376.737224717,747145606.1577934,21894376.737224717,,1369284.0,273,64,structured,8,,,file-index,,,1,entries,plain
rust,fstree,fstree.encode_xattr_set,xattrs-64,1,7,4096,0,,93.5869140625,95.114501953125,97.1240234375,97.4947509765625,100.485107421875,1.48486328125,0.01528832135136494,96.923828125,10296113.820320748,,,,1369284.0,,64,structured,64,,,,,,1,,
rust,fstree,fstree.index_builder_file,children-1024,1,7,1024,0,,70.1435546875,70.23193359375,70.3203125,70.3837890625,70.9365234375,0.0986328125,0.001402621930896567,71.2890625,14220642.150872126,,14220642.150872126,,1369284.0,,,structured,1024,,1024,file-index,,,1,entries,plain
rust,fstree,fstree.index_builder_file,children-128,1,7,128,0,,66.1484375,66.53125,66.53125,66.7265625,66.84375,0.15625,0.0023485204321277596,70.3125,15030530.765617661,,15030530.765617661,,1369284.0,,,structured,128,,128,file-index,,,1,entries,plain
rust,fstree,fstree.index_builder_file,children-65536,1,7,65536,0,,68.32066345214844,68.41934967041016,68.57734680175781,68.72097778320312,68.83067321777344,0.1562347412109375,0.002278226681218481,68.2830810546875,14582074.79053954,,14582074.79053954,,1369284.0,,,structured,65536,,65536,file-index,,,1,entries,plain
rust,fstree,fstree.index_builder_file,children-8,1,7,8,0,,66.375,66.375,68.875,72.0,75.125,2.5,0.036297640653357534,125.0,14519056.261343013,,14519056.261343013,,1369284.0,,,structured,8,,8,file-index,,,1,entries,plain
rust,fstree,fstree.list_entries,widest/first-page-100,1,7,6400,0,,827.970625,832.057421875,838.9134375,858.1071875,861.5865625,10.942812499999945,0.013044030540993623,835.3125,1192018.0978147702,,1192018.0978147702,,1369284.0,,64,structured,40000,1,40000,wide,,,1,,
rust,fstree,fstree.list_entries,width-16/full-paging-100,1,7,16,0,,216.625,218.25,221.0,227.0,236.125,3.0625,0.013857466063348416,250.0,4524886.877828054,,4524886.877828054,,1369284.0,,,structured,16,1,16,wide,,17,1,width,plain
rust,fstree,fstree.list_entries,width-256/full-paging-100,1,7,256,0,,387.37890625,387.75390625,399.1640625,403.033203125,420.80078125,11.2734375,0.028242616405378427,394.53125,2505235.5508582387,,2505235.5508582387,,1369284.0,,,structured,256,1,256,wide,,259,1,width,plain
rust,fstree,fstree.list_entries,width-40000/full-paging-100,1,7,40000,0,,806.5973,808.4936749999999,810.8091,829.6530875,831.239375,4.211799999999926,0.005194564293863902,807.85,1233335.9356721577,,1233335.9356721577,,1369284.0,,,structured,40000,1,40000,wide,,40257,1,width,plain
rust,fstree,fstree.list_entries,width-4096/full-paging-100,1,7,4096,0,,683.595947265625,688.6812744140625,690.19775390625,705.3316650390625,706.177978515625,6.601806640625,0.009565094356307813,685.302734375,1448860.1192055324,,1448860.1192055324,,1369284.0,,,structured,4096,1,4096,wide,,4122,1,width,plain
rust,fstree,fstree.lookup_entry,width-16/hit,1,7,2000,0,,2945.9025,2960.71325,2969.067,3028.52025,3049.5155,23.16449999999986,0.007801945863801612,2957.5,336806.1414579058,,,,1369284.0,,,structured,16,1,16,wide,,17,1,width,hit
rust,fstree,fstree.lookup_entry,width-16/miss,1,7,2000,0,,2925.0175,2941.469,2972.2125,3029.1862499999997,3041.49,47.195000000000164,0.015878743528600383,2967.0,336449.69866723864,,,,1369284.0,,,structured,16,1,16,wide,,17,1,width,miss
rust,fstree,fstree.lookup_entry,width-256/hit,1,7,2000,0,,24832.852,24919.394500000002,24971.682,25480.07575,25570.1955,138.83000000000175,0.005559497353842715,24897.0,40045.360180383526,,,,1369284.0,,,structured,256,1,256,wide,,259,1,width,hit
rust,fstree,fstree.lookup_entry,width-256/miss,1,7,2000,0,,208.5535,211.26375000000002,212.481,213.77100000000002,218.202,2.158999999999992,0.010160908504760388,212.5,4706303.151811221,,,,1369284.0,,,structured,256,1,256,wide,,259,1,width,miss
rust,fstree,fstree.lookup_entry,width-40000/hit,1,7,2000,0,,61734.028,61761.322499999995,61830.9675,63707.697499999995,63971.8925,96.93950000000041,0.0015678147038537026,61578.0,16173.125545868257,,,,1369284.0,,,structured,40000,1,40000,wide,,40257,1,width,hit
rust,fstree,fstree.lookup_entry,width-40000/miss,1,7,2000,0,,206.479,211.87725,214.7955,216.7015,219.0035,2.734999999999985,0.012733041427776584,215.0,4655591.015640458,,,,1369284.0,,,structured,40000,1,40000,wide,,40257,1,width,miss
rust,fstree,fstree.lookup_entry,width-4096/hit,1,7,2000,0,,48002.086,48081.583,48160.3585,49533.28825,49595.074,158.27249999999913,0.0032863646561102555,47986.5,20763.96503568386,,,,1369284.0,,,structured,4096,1,4096,wide,,4122,1,width,hit
rust,fstree,fstree.lookup_entry,width-4096/miss,1,7,2000,0,,2067.1285,2072.8595,2141.9815,2142.7055,2165.5565,23.575000000000273,0.011006164152211527,2132.0,466857.4401786383,,,,1369284.0,,,structured,4096,1,4096,wide,,4122,1,width,miss
rust,fstree,fstree.reachable_keys,deep,0,7,24,0,,32051.208333333332,33663.479166666664,33938.583333333336,34078.22916666667,36779.833333333336,268.0,0.007896617173669103,62250.0,29464.98945398919,,,29464.98945398919,1369284.0,,,structured,,24,,deep,,,,,
rust,fstree,fstree.reachable_keys,file-corpus,0,7,64,0,,2104.03125,2149.4921875,2302.359375,2460.015625,2595.90625,186.921875,0.0811870974747372,5015.625,434337.0591309187,,,434337.0591309187,1369284.0,,,text,64,,,file-index,,,,,
rust,fstree,fstree.reachable_keys,width-16,0,7,17,0,,6026.235294117647,6166.176470588236,6292.0,6360.7058823529405,6485.941176470588,127.35294117647027,0.020240454732433293,12529.411764705883,158931.9771137953,,,158931.9771137953,1369284.0,,,structured,16,1,16,wide,,17,,width,plain
rust,fstree,fstree.reachable_keys,width-256,0,7,259,0,,662.3436293436293,687.0057915057914,699.1737451737451,702.8088803088804,729.4633204633204,6.92277992277991,0.009901372828379867,1270.2702702702702,1430259.6556332351,,,1430259.6556332351,1369284.0,,,structured,256,1,256,wide,,259,,width,plain
rust,fstree,fstree.reachable_keys,width-40000,0,7,40257,0,,99.80388503862682,100.63888267878878,101.64932806716844,101.90741982760761,104.10278957696798,0.945996969471139,0.009306475384136701,410.58697866209604,9837743.337951178,,,9837743.337951178,1369284.0,,,structured,40000,1,40000,wide,,40257,,width,plain
rust,fstree,fstree.reachable_keys,width-4096,0,7,4122,0,,141.09194565744784,145.53639010189227,149.22731683648715,150.13767588549246,152.4505094614265,1.8568655992236813,0.01244320167773508,483.98835516739445,6701185.957097453,,,6701185.957097453,1369284.0,,,structured,4096,1,4096,wide,,4122,,width,plain
rust,fstree,fstree.resolve_entry,depth-1,1,7,256,0,,3430.890625,3450.087890625,3453.47265625,3469.322265625,3487.01171875,12.640625,0.0036602649733228215,3449.21875,289563.60728388204,,,,1369284.0,,256,structured,,1,16,deep,,,1,depth,plain
rust,fstree,fstree.resolve_entry,depth-12,1,7,256,0,,8099.1796875,8119.47265625,8227.23828125,8280.54296875,8358.66015625,107.58984375,0.013077273329398866,8117.1875,121547.47022205679,,,,1369284.0,,256,structured,,12,16,deep,,,1,depth,plain
rust,fstree,fstree.resolve_entry,depth-24,1,7,256,0,,13264.3984375,13372.322265625,13571.74609375,13688.921875,14625.83203125,180.109375,0.013270906614068117,13550.78125,73682.48662274308,,,,1369284.0,,256,structured,,24,16,deep,,,1,depth,plain
rust,fstree,fstree.resolve_entry,depth-4,1,7,256,0,,4693.14453125,4706.1171875,4725.12109375,4860.435546875,4885.03515625,31.9765625,0.006767353019226524,4718.75,211634.7877989238,,,,1369284.0,,256,structured,,4,16,deep,,,1,depth,plain
rust,fstree,fstree.resolve_path,depth-1,1,7,256,0,,466.828125,469.216796875,470.86328125,471.779296875,538.53125,1.171875,0.0024887797512879433,472.65625,2123758.721099045,,,,1369284.0,,256,structured,,1,16,deep,,,1,depth,plain
rust,fstree,fstree.resolve_path,depth-12,1,7,256,0,,5188.9375,5197.76171875,5217.8984375,5236.5078125,5323.8828125,19.09765625,0.003660028357920679,5210.9375,191648.0383775197,,,,1369284.0,,256,structured,,12,16,deep,,,1,depth,plain
rust,fstree,fstree.resolve_path,depth-24,1,7,256,0,,10275.8046875,10320.80859375,10344.01953125,10508.041015625,10529.5703125,68.21484375,0.006594616681060803,10320.3125,96674.21808117538,,,,1369284.0,,256,structured,,24,16,deep,,,1,depth,plain
rust,fstree,fstree.resolve_path,depth-4,1,7,256,0,,1723.95703125,1747.22265625,1766.6171875,1777.65234375,1799.375,16.828125,0.009525620558358799,1761.71875,566053.5893546547,,,,1369284.0,,256,structured,,4,16,deep,,,1,depth,plain
rust,fstree,fstree.write_content,file-corpus,1,7,64,67108864,payload,18688.671875,19528.0078125,25576.984375,30068.375,35434.5625,6093.828125,0.2382543632061784,25500.0,39097.65065882596,40996858137.22909,,,1369284.0,67108864,,text,64,,,file-index,,,1,,
rust,gc,gc.close,idle,8,7,1,0,,471.0,506.0,791.0,882.0,992.0,201.0,0.25410872313527183,2000.0,1264222.5031605563,,,,1369284.0,,1,structured,,,,,5323,30000,8,,
rust,gc,gc.open,populated,8,7,1,0,,29627.0,30297.5,31551.0,33859.5,36810.0,1554.0,0.049253589426642576,32000.0,31694.71649076099,,,,1369284.0,,1,structured,,,,,5323,30000,8,,
rust,gc,gc.prepare_ref,missing-root,8,7,64,0,,148.265625,153.890625,167.046875,171.6484375,180.8125,13.0,0.0778224674960247,187.5,5986343.653540361,,,,1369284.0,,64,structured,,,,,5323,30000,8,,
rust,gc,gc.prepare_ref,tree-root/abort,8,7,1,0,,1588394.0,1635514.5,1689888.0,1731778.0,1770322.0,60505.0,0.03580414796720256,8627000.0,591.755193243576,,,,1369284.0,,1,structured,,,,,5323,30000,8,,
rust,gc,gc.prepare_ref,tree-root/commit,8,7,1,0,,1563446.0,1568852.0,1713242.0,1724974.5,1744041.0,30799.0,0.017977028347425525,8019000.0,583.6887024716882,,,,1369284.0,,1,structured,,,,,5323,30000,8,,
rust,gc,gc.release_ref,batch,8,7,4096,0,,0.812255859375,0.82177734375,0.82666015625,1.1165771484375,1.25,0.014404296875,0.017424689899586534,1.46484375,1209686946.2492616,,,,1369284.0,,4096,structured,,,,,5323,30000,8,,
rust,gc,gc.run,nothing-to-reclaim,8,7,1,0,,1579377.0,1604735.5,1616739.0,1658663.5,1675791.0,37362.0,0.023109481493302258,1598000.0,618.5290266394267,,,,1369284.0,,1,structured,,,,,5323,30000,8,,
rust,gc,gc.run,reclaimable-packs,8,7,1,0,,10539664.0,11358412.5,11477595.0,12816177.0,14086669.0,443747.0,0.038662019351615035,10192000.0,87.12626643473655,,,,1369284.0,,1,structured,,,,,5323,30000,8,,
rust,gc,gc.status,mark+score,8,7,1,0,,3430634.0,3636030.5,3799177.0,4000948.0,4134377.0,260238.0,0.06849851954778627,3787000.0,263.21490154315,,,,1369284.0,,1,structured,,,,,5323,30000,8,,
rust,gc,gc.why,live-root,8,7,1,0,,5521.0,5696.0,5731.0,6146.5,7885.0,210.0,0.03664281975222474,7000.0,174489.61786773687,,,,1369284.0,,1,structured,,,,,5323,30000,8,,
rust,gc,gc.wipe,store-reset,8,7,1,0,,4844073.0,4880202.5,4930869.0,4942757.0,5065596.0,28374.0,0.005754360945301934,4880000.0,202.8040087862809,,,,1369284.0,,1,structured,,,,,5323,30000,8,,
rust,inbox,inbox.close,drained,8,7,1,0,,4914578.0,5547737.5,6165608.0,6403082.0,6941700.0,461702.0,0.07488345026151516,40103000.0,162.19000624107144,,,,1369284.0,,48,structured,,,,,,1536,8,,
rust,inbox,inbox.commit,packs/duplicate,8,7,48,0,,20340.9375,20491.125,20646.104166666668,21522.875,26718.125,305.1666666666679,0.014780835367447306,20625.0,48435.28793265073,,,,1369284.0,,48,structured,,,,,,1536,8,,
rust,inbox,inbox.discard,packs,8,7,48,0,,17628.6875,17790.229166666664,17893.979166666668,18820.635416666664,21647.791666666668,265.2916666666679,0.014825750281461126,17854.166666666668,55884.71913853705,,,,1369284.0,,48,structured,,,,,,1536,8,,
rust,inbox,inbox.drain,packs/new,8,7,48,13557248,payload,228535.52083333334,232424.6145833333,236930.5,243258.33333333334,249864.60416666666,4760.333333333343,0.020091686521293558,1516312.5,4220.646982976021,1192090788.9303684,,,1369284.0,,48,structured,,,,,,1536,8,,
rust,inbox,inbox.open,empty,8,7,1,0,,99019.0,101093.0,103979.0,111508.5,150147.0,3738.0,0.03594956673943777,173000.0,9617.326575558527,,,,1369284.0,,1,structured,,,,,,,8,,
rust,inbox,inbox.open,sweeps-staged-tmp-files,8,7,48,0,,21976.375,23370.791666666668,24607.020833333332,26221.552083333332,28106.625,2383.7291666666642,0.09687191240304883,26187.5,40638.80819921821,,,,1369284.0,,48,structured,,,,,,1536,8,,
rust,inbox,inbox.stage,packs,8,7,48,13557248,payload,177289.5,178472.90625,181961.54166666666,183536.32291666666,192643.625,2955.4375,0.01624209969276933,89583.33333333333,5495.666781236053,1552210780.8037276,,,1369284.0,,48,structured,,,,,,1536,8,,
rust,ingest,ingest.dir,single-file/jobs-1,1,7,1,8388608,included,15121757.0,15547931.0,15929580.0,16162765.0,16342368.0,381549.0,0.023952232262244202,21297000.0,62.77629416469235,526605723.4402916,,,1369284.0,8388608,,text,,,,,1,,1,,
rust,ingest,ingest.dir,tree/fresh-store/jobs-1,1,7,5323,54773504,included,19604.17433777945,20265.375352244973,20505.45444298328,20601.130377606612,20648.04527522074,126.72158557204602,0.00617989647215103,37471.538606049224,48767.51221391185,501816179.84571654,,,1369284.0,,,tree,5323,,,,5323,,1,,
rust,ingest,ingest.dir,tree/fresh-store/jobs-N,8,7,5323,54773504,included,9566.271275596468,9889.591395829419,10463.337215855721,10881.555795603983,11408.450873567537,575.0869810257373,0.054962099487176376,53720.08266015405,95571.80270216659,983430869.358319,,,1369284.0,,,tree,5323,,,,5323,,8,,
rust,ingest,ingest.dir,tree/incremental-change/jobs-1,1,7,5331,54870720,included,9679.903582817482,9841.504595760645,9885.016882386044,9930.257925342337,9971.727255674357,60.07709622960101,0.006077591666702304,19846.933033202025,101163.20608231678,1041248913.0078975,,,1369284.0,,,tree,5331,,,,5331,,1,,
rust,ingest,ingest.dir,tree/incremental-change/jobs-N,8,7,5331,54870720,included,7331.634402551116,7375.294785218533,7443.305008441193,7572.50891014819,8075.463515287938,103.2961920840371,0.013877731997666693,37601.76327143125,134348.921462433,1382821619.1834836,,,1369284.0,,,tree,5331,,,,5331,,8,,
rust,ingest,ingest.dir,tree/unchanged-repeat/jobs-1,1,7,5323,54773504,included,9672.066128123239,9741.137516438099,9759.780199135826,9806.58679316175,10220.48168326132,34.851587450686566,0.003570939789583835,19495.209468344918,102461.32388191944,1054323827.4453522,,,1369284.0,,,tree,5323,,,,5323,,1,,
rust,ingest,ingest.dir,tree/unchanged-repeat/jobs-N,8,7,5323,54773504,included,7332.599849708811,7566.90916776254,7693.520571106519,7866.053823032125,7932.413676498215,178.59590456509522,0.023213807373937873,38028.36746195754,129979.50557974205,1337485058.9498446,,,1369284.0,,,tree,5323,,,,5323,,8,,
rust,ingest,ingest.objects,tree/jobs-1,1,7,5323,54773504,included,9673.974638361826,9737.81166635356,9763.458012399024,9833.27399962427,9855.017659214729,53.07345481871016,0.005435928003306816,17275.032876197634,102422.72755514063,1053926672.446441,,,1369284.0,,,tree,5323,,,,5323,,1,,
rust,ingest,ingest.objects,tree/jobs-N,8,7,5323,54773504,included,6999.817020477174,7135.83486755589,7152.347736238963,7238.523013338343,7489.0777756904,82.51531091489778,0.011536814757595689,35613.00018786399,139814.23119757968,1438684078.8573277,,,1369284.0,,,tree,5323,,,,5323,,8,,
rust,ingest,ingest.scan,filtered/jobs-1,1,7,5323,54773504,logical-scanned,2590.168513995867,2610.6972571857973,2645.3445425511927,2697.352526770618,2731.72402780387,37.16663535600219,0.014049827823243913,4860.417058049972,378022.59173226316,3889840680.1310315,,,1369284.0,,,tree,5323,,,,5323,,1,,
rust,ingest,ingest.scan,filtered/jobs-N,8,7,5323,54773504,logical-scanned,3865.5335337215856,4746.406725530716,5309.776629720082,5340.829889160248,5938.800864174338,453.3665226376097,0.08538335117526592,18255.495021604358,188331.83949824973,1937928755.229145,,,1369284.0,,,tree,5323,,,,5323,,8,,
rust,ingest,ingest.scan,unfiltered/jobs-1,1,7,5451,54807232,logical-scanned,1517.0770500825536,1555.755824619336,1570.122913226931,1585.1487800403595,2221.3538800220144,15.992845349477193,0.010185728273086947,3031.9207484865165,636892.8136618241,6403656613.00612,,,1369284.0,,,tree,5451,,,,5451,,1,,
rust,key,key.accessors,type+length+length_size+hash,1,7,8000,0,,8.28825,8.29025,8.290875,8.290875,8.806875,0.0,0.0,8.375,120614531.03562652,,,,1369284.0,32,2000,structured,,,,,,,1,,
rust,key,key.new,1MiB-duplicate,1,7,8,8388608,payload,120625.5,121857.125,132570.75,144444.0,148596.375,11542.125,0.08706388852744666,132375.0,7543.142058108595,7909557726.723278,,,1369284.0,1048576,8,duplicate,,,,,,,1,item_bytes,duplicate
rust,key,key.new,1MiB-random,1,7,8,8388608,payload,120500.125,120536.5,120893.5,127948.125,147157.375,393.375,0.003253897025067518,120625.0,8271.743311261565,8673551514.349407,,,1369284.0,1048576,8,random,,,,,,,1,item_bytes,random
rust,key,key.new,1MiB-text,1,7,8,8388608,payload,120054.375,120737.5,122753.25,123167.125,123609.875,856.625,0.006978430306325902,122625.0,8146.42382177254,8542144505.338963,,,1369284.0,1048576,8,text,,,,,,,1,item_bytes,text
rust,key,key.new,4KiB-duplicate,1,7,2048,8388608,payload,1069.05859375,1069.2666015625,1069.63134765625,1072.803466796875,1092.59521484375,0.57275390625,0.0005354685121233631,1067.3828125,934901.5454634678,3829356730.2183642,,,1369284.0,4096,2048,duplicate,,,,,,,1,item_bytes,duplicate
rust,key,key.new,4KiB-random,1,7,2048,8388608,payload,1068.6083984375,1068.926513671875,1069.72900390625,1070.885986328125,1105.2021484375,0.880859375,0.0008234416116450346,1066.89453125,934816.1976990193,3829007145.775183,,,1369284.0,4096,2048,random,,,,,,,1,item_bytes,random
rust,key,key.new,4KiB-text,1,7,2048,8388608,payload,1068.61376953125,1071.1650390625,1073.37353515625,1074.9658203125,1080.98095703125,2.7490234375,0.002561106033883933,1068.359375,931642.1238711004,3816006139.376027,,,1369284.0,4096,2048,text,,,,,,,1,item_bytes,text
rust,key,key.new,empty,1,7,8000,0,payload,76.350875,77.16925,77.513125,85.05937499999999,85.543375,1.1622500000000002,0.014994234847324246,77.5,12901040.952741874,,,,1369284.0,,8000,empty,,,,,,,1,item_bytes,empty
rust,key,key.new,large-8MiB-duplicate,1,7,2,16777216,payload,947329.5,947955.75,949919.5,954192.75,983323.5,2590.0,0.0027265468284417785,946000.0,1052.7207831821538,8830861983.56808,,,1369284.0,8388608,2,duplicate,,,,,,,1,item_bytes,duplicate
rust,key,key.new,large-8MiB-random,1,7,1,8388608,payload,950495.0,951452.5,952039.0,952188.5,962819.0,562.0,0.0005903119515061883,949000.0,1050.377137911367,8811202062.100397,,,1369284.0,8388608,1,random,,,,,,,1,item_bytes,random
rust,key,key.new,large-8MiB-text,1,7,1,8388608,payload,951728.0,952850.0,953602.0,955435.0,963480.0,1203.0,0.0012615325890675566,951000.0,1048.6555187593985,8796760073.90924,,,1369284.0,8388608,1,text,,,,,,,1,item_bytes,text
rust,key,key.new,tiny-64B-duplicate,1,7,16384,1048576,payload,81.71917724609375,82.11361694335938,82.361328125,82.5328369140625,84.11029052734375,0.27093505859375,0.0032895906945860703,82.09228515625,12141620.621783774,777063719.7941616,,,1369284.0,64,16384,duplicate,,,,,,,1,item_bytes,duplicate
rust,key,key.new,tiny-64B-random,1,7,16384,1048576,payload,80.81292724609375,81.38748168945312,81.8623046875,82.63619995117188,82.9049072265625,0.73321533203125,0.008956690565092393,81.54296875,12215634.580743674,781800613.1675951,,,1369284.0,64,16384,random,,,,,,,1,item_bytes,random
rust,key,key.new,tiny-64B-text,1,7,16384,1048576,payload,81.3590087890625,81.51712036132812,81.6458740234375,82.13995361328125,82.687255859375,0.21649169921875,0.002651593871805491,81.48193359375,12248016.35062339,783873046.439897,,,1369284.0,64,16384,text,,,,,,,1,item_bytes,text
rust,key,key.new_from_hash,batch,1,7,2000,0,,34.05,34.06,35.3225,35.3275,35.3325,0.010000000000005116,0.0002831056691911704,35.5,28310566.919102553,,,,1369284.0,32,2000,structured,,,,,,,1,,
rust,key,key.parse,canonical,1,7,2000,0,,24.9125,24.9125,24.9125,24.9175,24.923,0.0,0.0,25.0,40140491.72102358,,,,1369284.0,32,2000,structured,,,,,,,1,,
rust,key,key.parse,malformed,1,7,1024,0,,0.8125,0.8212890625,0.822265625,0.83203125,0.8505859375,0.0009765625,0.0011876484560570072,0.9765625,1216152019.0023754,,,,1369284.0,32,1024,structured,,,,,,,1,,
rust,key,key.string,hex,1,7,2000,0,,497.2,505.7385,514.3125,515.68025,518.736,2.605000000000018,0.005065013974966617,513.0,1944343.1765706646,,,,1369284.0,32,2000,structured,,,,,,,1,,
rust,key,key.type_string,names,1,7,2000,0,,14.2175,14.29975,14.3975,14.5,14.578,0.11500000000000021,0.0079874978294843,14.5,69456502.86508074,,,,1369284.0,32,2000,structured,,,,,,,1,,
rust,key,key.validate,canonical,1,7,2000,0,,0.8815,0.8815,0.882,0.892,1.2475,0.000500000000000056,0.0005668934240363446,1.0,1133786848.0725625,,,,1369284.0,32,2000,structured,,,,,,,1,,
rust,packstore,packstore.append_record,pre-encoded+sync,1,7,500,16960000,payload,7402.22,7435.794,7514.094,7789.32,7950.488,111.8739999999998,0.01488855476122601,7262.0,133083.24330251923,4514183612.821452,,,1369284.0,,500,structured,,,,,,500,1,,
rust,packstore,packstore.barrier,begin+observe+abort,1,7,30000,0,,48.2298,48.386750000000006,49.28916666666667,49.38466666666666,49.6876,0.39843333333333675,0.008083588347676198,49.166666666666664,20288433.90197305,,,,1369284.0,,30000,structured,,,,,,30000,1,,
rust,packstore,packstore.close,populated,1,7,1,0,,922352.0,930773.0,943623.0,1568922.5,3053313.0,21271.0,0.02254184139216615,270000.0,1059.7452584347775,,,,1369284.0,,1,structured,,,,,,30000,1,,
rust,packstore,packstore.compact,90-percent-dead,1,7,30000,0,,367.03813333333335,368.9459333333333,377.7713,386.74378333333334,433.5982666666667,10.683433333333312,0.02828016139217911,770.7,2647104.213581074,,,,1407600.0,,3000,structured,,,,,,30000,1,,
rust,packstore,packstore.compact,nothing-dead,1,7,30000,0,,38.75236666666667,38.82666666666667,39.27903333333333,39.66076666666667,41.8319,0.49763333333333293,0.012669184832281166,15.4,25458875.00625864,,,,1407600.0,,30000,structured,,,,,,30000,1,,
rust,packstore,packstore.get,hit,1,7,2000,0,,4370.574,4422.34525,4462.4045,4633.118,4874.111,91.83050000000003,0.020578703701110028,4441.0,224094.4316007211,,,224094.4316007211,1407600.0,,2000,structured,,,,,,30000,1,,
rust,packstore,packstore.get,miss,1,7,2000,0,,48.8935,49.6075,51.168,53.619749999999996,56.6435,2.043999999999997,0.039946841776110006,51.5,19543464.665415887,,,19543464.665415887,1407600.0,,2000,structured,,,,,,30000,1,,
rust,packstore,packstore.get_record,hit,1,7,2000,0,,210.933,213.57575,217.0845,228.67425,238.0095,6.151499999999999,0.028336891855475627,216.5,4606501.155080165,,,,1407600.0,,2000,structured,,,,,,30000,1,,
rust,packstore,packstore.has,hit,1,7,2000,0,,52.3245,57.733000000000004,59.6035,69.3475,76.4765,4.1785,0.07010494350164,60.0,16777538.231815245,,,16777538.231815245,1407600.0,,2000,structured,,,,,,30000,1,,
rust,packstore,packstore.has,miss,1,7,2000,0,,36.54,36.9985,37.246,37.83225,39.581,0.4405000000000001,0.011826773344788705,37.5,26848520.646512378,,,26848520.646512378,1407600.0,,2000,structured,,,,,,30000,1,,
rust,packstore,packstore.has_outside,sealed-segment,1,7,2000,0,,39.175,40.091750000000005,40.5425,43.347750000000005,49.595,1.3674999999999997,0.03373003638157489,40.5,24665474.502065733,,,,1407600.0,,2000,structured,,,,,,30000,1,,
rust,packstore,packstore.liveness,tenth-live,1,7,1,0,,590779.0,592351.5,595438.0,600602.5,604074.0,4579.0,0.007690137344274299,595000.0,1679.4359782210743,,,,1407600.0,,1,structured,,,,,,30000,1,,
rust,packstore,packstore.mark_set_contains,all-keys,1,7,30000,0,,121.81936666666667,122.95103333333333,125.0639,125.33541666666666,127.2267,1.3075000000000045,0.010454655580067506,124.33333333333333,7995912.489535349,,,,1407600.0,,30000,structured,,,,,,30000,1,,
rust,packstore,packstore.mark_set_mark,all-keys,1,7,30000,0,,63.2478,63.35518333333333,63.603833333333334,63.78168333333333,64.86823333333334,0.31826666666666625,0.005003891274896947,63.266666666666666,15722322.815972831,,,,1407600.0,,30000,structured,,,,,,30000,1,,
rust,packstore,packstore.missing,half-present,1,7,2000,0,,117.0335,120.73075,122.549,126.22625,132.0625,3.156000000000006,0.025752964120474307,515.5,8160001.305600209,,,,1407600.0,,2000,structured,,,,,,30000,1,,
rust,packstore,packstore.new_mark_set,snapshot,1,7,16,0,,59506.1875,59636.75,59750.375,59952.96875,60885.0625,184.6875,0.0030909847846143225,59687.5,16736.296634121543,,,,1407600.0,,16,structured,,,,,,30000,1,,
rust,packstore,packstore.oldest_inflight_write,idle,1,7,4096,0,,3.194580078125,3.201904296875,3.206787109375,3.21044921875,3.270263671875,0.0048828125,0.0015226494099733537,3.41796875,311838599.1625428,,,,1407600.0,,4096,structured,,,,,,30000,1,,
rust,packstore,packstore.open,empty,1,7,1,0,,10029.0,10054.5,10089.0,10254.5,10390.0,60.0,0.005947071067499257,11000.0,99117.85112498762,,,,1407600.0,,1,structured,,,,,,,1,,
rust,packstore,packstore.open,populated-reopen,1,7,1,0,,1378183.0,1399193.0,1405865.0,1429450.5,1466061.0,23495.0,0.01671213096563326,1404000.0,711.3058508462761,,,,1407600.0,,1,structured,,,,,,30000,1,,
rust,packstore,packstore.put,1MiB-duplicate/sync-off,1,7,2,2097152,payload,261088.5,265379.5,271078.0,275353.5,276698.5,5099.5,0.018811928669976906,228000.0,3688.975128929681,3868170784.792569,,3688.975128929681,1407600.0,1048576,2,duplicate,,,,,,,1,item_bytes,duplicate
rust,packstore,packstore.put,1MiB-random/sync-off,1,7,1,1048576,payload,491900.0,506016.5,522518.0,527878.5,540522.0,9157.0,0.017524755128053005,440000.0,1913.8096678009179,2006774886.2240152,,1913.8096678009179,1407600.0,1048576,1,random,,,,,,,1,item_bytes,random
rust,packstore,packstore.put,1MiB-text/sync-off,1,7,1,1048576,payload,1920358.0,1948647.0,1972558.0,2077859.5,2258805.0,24607.0,0.012474664876774219,1867000.0,506.9559424868622,531581834.34910405,,506.9559424868622,1407600.0,1048576,1,text,,,,,,,1,item_bytes,text
rust,packstore,packstore.put,4KiB-duplicate/sync-off,1,7,256,1048576,payload,521.69921875,542.03125,550.03515625,574.06640625,646.625,17.53515625,0.031880064484514484,242.1875,1818065.6066018508,7446796724.641181,,1818065.6066018508,1407600.0,4096,256,duplicate,,,,,,,1,item_bytes,duplicate
rust,packstore,packstore.put,4KiB-random/already-present,1,7,256,1048576,payload,74.75,74.810546875,75.18359375,75.90625,77.0234375,0.43359375,0.005767132540136125,78.125,13300774.146620253,54479970904.55656,,13300774.146620253,1407600.0,4096,256,random,,,,,,,1,item_bytes,random
rust,packstore,packstore.put,4KiB-random/sync-off,1,7,256,1048576,payload,7440.46484375,7522.904296875,7572.984375,7578.16796875,7601.86328125,28.87890625,0.0038134115719735654,7113.28125,132048.33794470888,540869992.2215276,,132048.33794470888,1407600.0,4096,256,random,,,,,,,1,item_bytes,random
rust,packstore,packstore.put,4KiB-random/sync-on,1,7,256,1048576,payload,90614.4609375,91290.59765625,91470.90625,91807.8359375,91989.23828125,303.546875,0.0033185073532602067,22335.9375,10932.437875567675,44779265.5383252,,10932.437875567675,1407600.0,4096,256,random,,,,,,,1,item_bytes,random
rust,packstore,packstore.put,4KiB-text/sync-off,1,7,256,1048576,payload,15773.6484375,16078.01953125,16155.15625,16204.587890625,16373.15234375,71.890625,0.004450011122609848,15699.21875,61899.74176201483,253541342.25721276,,61899.74176201483,1407600.0,4096,256,text,,,,,,,1,item_bytes,text
rust,packstore,packstore.put,empty/sync-off,1,7,8000,0,payload,86.418875,86.7751875,87.824,88.2410625,88.61175,0.7877500000000026,0.008969643833120816,77.125,11386409.182000365,,,11386409.182000365,1407600.0,,8000,empty,,,,,,,1,item_bytes,empty
rust,packstore,packstore.put,large-8MiB-duplicate/sync-off,1,7,2,16777216,payload,1539415.5,1554256.25,1575529.5,1636679.0,1936719.5,34596.0,0.02195833210358803,1524000.0,634.7072523872133,5324310335.033397,,634.7072523872133,1407600.0,8388608,2,duplicate,,,,,,,1,item_bytes,duplicate
rust,packstore,packstore.put,large-8MiB-random/sync-off,1,7,1,8388608,payload,3041210.0,3065747.0,3099020.0,3141280.5,3616288.0,49614.0,0.016009577221186053,2972000.0,322.68265451658914,2706858297.139096,,322.68265451658914,1407600.0,8388608,1,random,,,,,,,1,item_bytes,random
rust,packstore,packstore.put,large-8MiB-text/sync-off,1,7,1,8388608,payload,14416529.0,14428066.5,14494137.0,14894652.0,14963043.0,77608.0,0.005354440902552529,14246000.0,68.99341437161799,578758707.7450696,,68.99341437161799,1407600.0,8388608,1,text,,,,,,,1,item_bytes,text
rust,packstore,packstore.put,tiny-64B-duplicate/sync-off,1,7,16384,1048576,payload,81.81585693359375,82.47042846679688,82.9085693359375,84.58416748046875,99.85687255859375,0.736328125,0.008881206501302292,77.20947265625,12061479.386384016,771934680.728577,,12061479.386384016,1407600.0,64,16384,duplicate,,,,,,,1,item_bytes,duplicate
rust,packstore,packstore.put,tiny-64B-random/sync-off,1,7,16384,1048576,payload,1648.3875122070312,1649.0011596679688,1652.5152587890625,1655.07568359375,1657.3034057617188,3.54315185546875,0.0021440963020608454,1635.92529296875,605138.1339333499,38728840.57173439,,605138.1339333499,1407600.0,64,16384,random,,,,,,,1,item_bytes,random
rust,packstore,packstore.put,tiny-64B-text/sync-off,1,7,16384,1048576,payload,2208.2222290039062,2211.4732971191406,2213.8823852539062,2214.19091796875,2214.6547241210938,0.7723388671875,0.0003488617427609741,2195.49560546875,451695.17886801006,28908491.447552644,,451695.17886801006,1407600.0,64,16384,text,,,,,,,1,item_bytes,text
rust,packstore,packstore.put_verified,already-intact,1,7,250,0,,52904.62,53165.2,53310.116,53845.298,54389.9,288.4720000000016,0.005411205633092255,53084.0,18758.165898569794,,,,1407600.0,,250,structured,,,,,,30000,1,,
rust,packstore,packstore.record,by-location,1,7,2000,0,,526.571,559.20075,594.8715,630.462,650.7235,35.77350000000001,0.060136516878014856,594.0,1681035.316030437,,,,1407600.0,,2000,structured,,,,,,30000,1,,
rust,packstore,packstore.remove,one-sealed-segment,1,7,1,0,,614323.0,620590.5,627218.0,647722.5,664128.0,7024.0,0.011198658201773546,625000.0,1594.3419991135459,,,,1407600.0,,1,structured,,,,,,30000,1,,
rust,packstore,packstore.scan_index,all-segments,1,7,30000,0,,23.826833333333333,23.851399999999998,23.935733333333335,24.016366666666666,24.105366666666665,0.08883333333333354,0.0037113269978498063,23.9,41778540.31350616,,,41778540.31350616,1407600.0,,30000,structured,,,,,,30000,1,,
rust,packstore,packstore.segments,list,1,7,64,0,,6069.09375,6083.5859375,6098.671875,6146.7421875,6487.078125,25.65625,0.0042068585629555615,6093.75,163970.1266925432,,,,1407600.0,,64,structured,,,,,,30000,1,,
rust,packstore,packstore.sort_by_location,scattered,1,7,2000,0,,88.3335,88.8495,90.8435,96.42925,101.6395,2.064000000000007,0.022720392763378856,91.0,11007942.230319176,,,,1407600.0,,2000,structured,,,,,,30000,1,,
rust,packstore,packstore.stored_size,hit,1,7,2000,0,,47.19,50.203500000000005,53.372,61.893249999999995,66.607,5.505499999999998,0.10315333882934868,53.5,18736416.098328713,,,,1407600.0,,2000,structured,,,,,,30000,1,,
rust,packstore,packstore.verify,full-scrub,1,7,30000,0,,5875.9091,5888.99945,5898.2308,5966.658799999999,6066.615433333333,17.243566666666084,0.0029235150761930313,5876.366666666667,169542.36514447688,,,,1407600.0,,30000,structured,,,,,,30000,1,,
rust,packstore,packstore.wipe,populated,1,7,1,0,,3747399.0,3788983.0,3836589.0,3908662.0,3934085.0,64804.0,0.016891045665824514,3827000.0,260.6481955716393,,,,1407600.0,,1,structured,,,,,,30000,1,,
rust,packstore,packstore.write_batch,mixed-objects,1,7,8000,70656000,payload,21034.8395,21079.767625,21105.528,21314.293125,21419.063375,70.6885000000002,0.00334928839496459,20749.5,47380.951568707496,418468564.25482464,,,1407600.0,,8000,structured,,,,,,8000,1,,
rust,packstore,packstore.write_parallel,duplicate-stream/writers-N,8,7,8000,70656000,payload,1174.635125,1181.3591875,1188.99125,1192.8524375,1208.430875,4.477374999999938,0.0037656921360858945,3127.625,841049.0825731476,7428145497.286039,,,1407600.0,,8000,duplicate,,,,,,8000,8,,
rust,packstore,packstore.write_parallel,mixed-objects/writers-1/verify-false,1,7,8000,70656000,payload,21431.73875,21555.3090625,21616.050875,21716.616,21862.81975,83.27774999999747,0.003852588545501259,22657.875,46261.9192461537,408585270.78202945,,,1407600.0,,8000,structured,,,,,,8000,1,,
rust,packstore,packstore.write_parallel,mixed-objects/writers-1/verify-true,1,7,8000,70656000,payload,22995.459625,23162.255125,23241.56825,23352.15525,23469.9535,105.0691250000018,0.004520741624223305,24269.125,43026.35645079587,380008780.17342913,,,1407600.0,,8000,structured,,,,,,8000,1,,
rust,packstore,packstore.write_parallel,mixed-objects/writers-N/verify-false,8,7,8000,70656000,payload,5442.474,5448.0728125000005,5456.1225,5756.330375,5797.243,13.64850000000024,0.0025015017533056194,25846.625,183280.34240433568,1618731984.1150928,,,1407600.0,,8000,structured,,,,,,8000,8,,
rust,packstore,packstore.write_parallel,mixed-objects/writers-N/verify-true,8,7,8000,70656000,payload,5478.408875,5511.408125,5515.142875,5752.172437499999,5846.823875,36.73399999999947,0.006660570874149742,27534.625,181318.96537675825,1601409102.2075288,,,1407600.0,,8000,structured,,,,,,8000,8,,
rust,reference,reference.decode,signed,1,7,256,81152,encoded,406.91015625,417.33984375,430.94140625,447.76953125,479.94140625,17.57421875,0.040780993645815396,433.59375,2320501.083202654,735598843.3752414,,,1407600.0,317,256,structured,,,,,,,1,,
rust,reference,reference.encode,signed,1,7,256,81152,encoded,155.609375,162.3203125,167.859375,168.91796875,170.63671875,1.80078125,0.010727915852182817,167.96875,5957367.588196966,1888485525.4584382,,,1407600.0,317,256,structured,,,,,,,1,,
rust,reference,reference.signature_payload,signed,1,7,256,0,,169.85546875,170.1875,171.6953125,172.578125,182.10546875,1.48828125,0.008668153069117715,175.78125,5824270.82859353,,,,1407600.0,,256,structured,,,,,,,1,,
rust,reference,reference.validate_name,valid,1,7,256,0,,29.15625,29.3515625,29.51171875,29.587890625,29.70703125,0.12109375,0.004103242885506287,31.25,33884844.47385837,,,,1407600.0,,256,structured,,,,,,,1,,
rust,reference,reference.validate_user,valid,1,7,256,0,,75.80859375,88.861328125,90.09375,98.48828125,106.17578125,2.38671875,0.026491501907735,93.75,11099549.080818592,,,,1407600.0,,256,structured,,,,,,,1,,
rust,refstore,refstore.all,records,1,7,5000,0,,151.0926,161.0546,161.5106,165.982,168.061,3.7931999999999846,0.02348576502099543,161.2,6191544.084413036,,,,1407600.0,,1,structured,5000,,,,,,1,,
rust,refstore,refstore.close,populated,1,7,1,0,,910109.0,915714.5,920308.0,924977.0,1370287.0,6342.0,0.006891171216592706,706000.0,1086.592749383902,,,,1407600.0,,1,structured,5000,,,,,,1,,
rust,refstore,refstore.delete,records,1,7,5000,0,,39377.1984,39478.2955,39646.8954,39767.528699999995,40073.5704,171.73199999999633,0.004331537142249891,23495.8,25222.65589552316,,,,1407600.0,,5000,structured,5000,,,,,,1,,
rust,refstore,refstore.get,hit,1,7,2000,0,,551.408,557.57725,559.3935,563.30625,573.8115,1.8840000000000146,0.0033679333063398385,556.5,1787650.374914975,,,,1407600.0,,2000,structured,5000,,,,,,1,,
rust,refstore,refstore.get,miss,1,7,2000,0,,341.437,342.6845,345.2595,347.331,351.2455,2.40949999999998,0.00697880869317131,344.0,2896372.149064689,,,,1407600.0,,2000,structured,5000,,,,,,1,,
rust,refstore,refstore.open,empty,1,7,1,0,,1237164.0,1255168.0,1270857.0,1274584.5,1277841.0,6984.0,0.0054955042148723265,982000.0,786.8705920493022,,,,1407600.0,,1,structured,,,,,,,1,,
rust,refstore,refstore.open,populated-reopen,1,7,1,0,,895030.0,898471.5,903826.0,915944.5,1476450.0,7524.0,0.008324611153031668,355000.0,1106.407649259924,,,,1407600.0,,1,structured,5000,,,,,,1,,
rust,refstore,refstore.put,records/sync-false,1,7,5000,0,,43702.4426,43804.3182,43839.8086,43947.755000000005,43991.078,95.83920000000217,0.002186122683026544,25241.4,22810.31856512257,,,,1407600.0,,5000,structured,5000,,,,,,1,,
rust,refstore,refstore.put,records/sync-true,1,7,5000,0,,43579.638,43789.163199999995,43995.316,44046.5728,44078.108,82.79200000000128,0.001881836693706241,25288.6,22729.692406346167,,,,1407600.0,,5000,structured,5000,,,,,,1,,
rust,refstore,refstore.put_batch,records/sync-false,1,7,5000,0,,898.4542,903.0841,904.2672,906.4164000000001,909.6776,1.6112000000000535,0.0017817742366416183,861.2,1105867.8231390014,,,,1407600.0,,5000,structured,5000,,,,,,1,,
rust,refstore,refstore.wipe,records,1,7,1,0,,15953996.0,16124977.5,16436949.0,16883456.5,17231496.0,437346.0,0.026607492667891103,16288000.0,60.83854126456193,,,,1407600.0,,1,structured,5000,,,,,,1,,
rust,tar,tarexport.write,fixture-tree,1,7,5323,64294912,encoded,2254.398459515311,2259.692278790156,2266.825098628593,2280.9145218861545,2309.1189179034377,8.635731730227235,0.003809615367084019,2259.440165320308,441145.6360726684,5328465123.14038,,,1407600.0,,,tree,5323,,,,5323,,1,,
rust,tar,tarextract.extract,fixture-tree,1,7,5323,64294912,encoded,32152.501408979897,32213.178940447116,32263.743377794475,32362.98600413301,32507.308096937817,90.12906255870621,0.00279350915680595,31969.002442231824,30994.54357451436,374373746.3091426,,,1407600.0,,,tree,5323,,,,5323,,1,,
