group,scenario,backend,rep,op,counter,value
blob,blob/nix-closure,amber-go-s3,0,push_initial,s3_bytes_down,3854
blob,blob/nix-closure,amber-go-s3,0,push_initial,s3_bytes_up,3446703
blob,blob/nix-closure,amber-go-s3,0,push_initial,s3_connections,10
blob,blob/nix-closure,amber-go-s3,0,push_initial,s3_request_body_bytes,3435003
blob,blob/nix-closure,amber-go-s3,0,push_initial,s3_requests_GET,2
blob,blob/nix-closure,amber-go-s3,0,push_initial,s3_requests_PUT,15
blob,blob/nix-closure,amber-go-s3,0,push_initial,s3_requests_total,17
blob,blob/nix-closure,amber-go-s3,0,push_initial,s3_response_body_bytes,614
blob,blob/nix-closure,amber-go-s3,0,push_initial,s3_responses_2xx,16
blob,blob/nix-closure,amber-go-s3,0,push_initial,s3_responses_4xx,1
blob,blob/nix-closure,amber-go-s3,0,push_initial,stored_bytes,3427977
blob,blob/nix-closure,amber-go-s3,0,push_initial,stored_objects,15
blob,blob/nix-closure,amber-go-s3,0,push_noop,s3_bytes_down,5287
blob,blob/nix-closure,amber-go-s3,0,push_noop,s3_bytes_up,1192
blob,blob/nix-closure,amber-go-s3,0,push_noop,s3_connections,1
blob,blob/nix-closure,amber-go-s3,0,push_noop,s3_request_body_bytes,0
blob,blob/nix-closure,amber-go-s3,0,push_noop,s3_requests_GET,2
blob,blob/nix-closure,amber-go-s3,0,push_noop,s3_requests_total,2
blob,blob/nix-closure,amber-go-s3,0,push_noop,s3_response_body_bytes,5061
blob,blob/nix-closure,amber-go-s3,0,push_noop,s3_responses_2xx,1
blob,blob/nix-closure,amber-go-s3,0,push_noop,s3_responses_4xx,1
blob,blob/nix-closure,amber-go-s3,0,push_noop,stored_bytes,3427977
blob,blob/nix-closure,amber-go-s3,0,push_noop,stored_objects,15
blob,blob/nix-closure,amber-go-s3,0,pull_fresh,delivered_logical_bytes,5768158
blob,blob/nix-closure,amber-go-s3,0,pull_fresh,delivered_references,8
blob,blob/nix-closure,amber-go-s3,0,pull_fresh,s3_bytes_down,3438389
blob,blob/nix-closure,amber-go-s3,0,pull_fresh,s3_bytes_up,12365
blob,blob/nix-closure,amber-go-s3,0,pull_fresh,s3_connections,11
blob,blob/nix-closure,amber-go-s3,0,pull_fresh,s3_request_body_bytes,0
blob,blob/nix-closure,amber-go-s3,0,pull_fresh,s3_requests_GET,19
blob,blob/nix-closure,amber-go-s3,0,pull_fresh,s3_requests_HEAD,1
blob,blob/nix-closure,amber-go-s3,0,pull_fresh,s3_requests_total,20
blob,blob/nix-closure,amber-go-s3,0,pull_fresh,s3_response_body_bytes,3434440
blob,blob/nix-closure,amber-go-s3,0,pull_fresh,s3_responses_2xx,18
blob,blob/nix-closure,amber-go-s3,0,pull_fresh,s3_responses_4xx,2
blob,blob/nix-closure,amber-go-s3,0,pull_fresh,stored_bytes,3427977
blob,blob/nix-closure,amber-go-s3,0,pull_fresh,stored_objects,15
blob,blob/nix-closure,amber-go-s3,0,push_incremental,s3_bytes_down,14740
blob,blob/nix-closure,amber-go-s3,0,push_incremental,s3_bytes_up,3985909
blob,blob/nix-closure,amber-go-s3,0,push_incremental,s3_connections,12
blob,blob/nix-closure,amber-go-s3,0,push_incremental,s3_request_body_bytes,3966880
blob,blob/nix-closure,amber-go-s3,0,push_incremental,s3_requests_GET,2
blob,blob/nix-closure,amber-go-s3,0,push_incremental,s3_requests_POST,12
blob,blob/nix-closure,amber-go-s3,0,push_incremental,s3_requests_PUT,15
blob,blob/nix-closure,amber-go-s3,0,push_incremental,s3_requests_total,29
blob,blob/nix-closure,amber-go-s3,0,push_incremental,s3_response_body_bytes,10203
blob,blob/nix-closure,amber-go-s3,0,push_incremental,s3_responses_2xx,28
blob,blob/nix-closure,amber-go-s3,0,push_incremental,s3_responses_4xx,1
blob,blob/nix-closure,amber-go-s3,0,push_incremental,stored_bytes,3957240
blob,blob/nix-closure,amber-go-s3,0,push_incremental,stored_objects,16
blob,blob/nix-closure,amber-go-s3,0,pull_incremental,delivered_logical_bytes,6030405
blob,blob/nix-closure,amber-go-s3,0,pull_incremental,delivered_references,9
blob,blob/nix-closure,amber-go-s3,0,pull_incremental,s3_bytes_down,3967947
blob,blob/nix-closure,amber-go-s3,0,pull_incremental,s3_bytes_up,12343
blob,blob/nix-closure,amber-go-s3,0,pull_incremental,s3_connections,10
blob,blob/nix-closure,amber-go-s3,0,pull_incremental,s3_request_body_bytes,0
blob,blob/nix-closure,amber-go-s3,0,pull_incremental,s3_requests_GET,19
blob,blob/nix-closure,amber-go-s3,0,pull_incremental,s3_requests_HEAD,1
blob,blob/nix-closure,amber-go-s3,0,pull_incremental,s3_requests_total,20
blob,blob/nix-closure,amber-go-s3,0,pull_incremental,s3_response_body_bytes,3963995
blob,blob/nix-closure,amber-go-s3,0,pull_incremental,s3_responses_2xx,18
blob,blob/nix-closure,amber-go-s3,0,pull_incremental,s3_responses_4xx,2
blob,blob/nix-closure,amber-go-s3,0,pull_incremental,stored_bytes,3957240
blob,blob/nix-closure,amber-go-s3,0,pull_incremental,stored_objects,16
blob,blob/nix-closure,amber-go-s3,0,age_sealed_segments,segments_aged,1
blob,blob/nix-closure,amber-go-s3,0,retention_cleanup,retained_logical_bytes,6030405
blob,blob/nix-closure,amber-go-s3,0,retention_cleanup,retained_references,9
blob,blob/nix-closure,amber-go-s3,0,retention_cleanup,s3_bytes_down,14914
blob,blob/nix-closure,amber-go-s3,0,retention_cleanup,s3_bytes_up,3984515
blob,blob/nix-closure,amber-go-s3,0,retention_cleanup,s3_connections,14
blob,blob/nix-closure,amber-go-s3,0,retention_cleanup,s3_request_body_bytes,3968480
blob,blob/nix-closure,amber-go-s3,0,retention_cleanup,s3_requests_GET,2
blob,blob/nix-closure,amber-go-s3,0,retention_cleanup,s3_requests_POST,14
blob,blob/nix-closure,amber-go-s3,0,retention_cleanup,s3_requests_PUT,9
blob,blob/nix-closure,amber-go-s3,0,retention_cleanup,s3_requests_total,25
blob,blob/nix-closure,amber-go-s3,0,retention_cleanup,s3_response_body_bytes,11367
blob,blob/nix-closure,amber-go-s3,0,retention_cleanup,s3_responses_2xx,24
blob,blob/nix-closure,amber-go-s3,0,retention_cleanup,s3_responses_4xx,1
blob,blob/nix-closure,amber-go-s3,0,retention_cleanup,stored_bytes,3959569
blob,blob/nix-closure,amber-go-s3,0,retention_cleanup,stored_objects,10
nix,nix/closure,amber-go,0,import_initial,store_closures_allocated_bytes,4096
nix,nix/closure,amber-go,0,import_initial,store_closures_apparent_bytes,0
nix,nix/closure,amber-go,0,import_initial,store_packstore_allocated_bytes,3424256
nix,nix/closure,amber-go,0,import_initial,store_packstore_apparent_bytes,3417831
nix,nix/closure,amber-go,0,import_initial,store_refs_allocated_bytes,4661248
nix,nix/closure,amber-go,0,import_initial,store_refs_apparent_bytes,10146
nix,nix/closure,amber-go,0,import_repeat,store_closures_allocated_bytes,4096
nix,nix/closure,amber-go,0,import_repeat,store_closures_apparent_bytes,0
nix,nix/closure,amber-go,0,import_repeat,store_packstore_allocated_bytes,3424256
nix,nix/closure,amber-go,0,import_repeat,store_packstore_apparent_bytes,3417831
nix,nix/closure,amber-go,0,import_repeat,store_refs_allocated_bytes,4661248
nix,nix/closure,amber-go,0,import_repeat,store_refs_apparent_bytes,10841
nix,nix/closure,amber-go,0,import_incremental,store_closures_allocated_bytes,4096
nix,nix/closure,amber-go,0,import_incremental,store_closures_apparent_bytes,0
nix,nix/closure,amber-go,0,import_incremental,store_packstore_allocated_bytes,3952640
nix,nix/closure,amber-go,0,import_incremental,store_packstore_apparent_bytes,3945385
nix,nix/closure,amber-go,0,import_incremental,store_refs_allocated_bytes,4657152
nix,nix/closure,amber-go,0,import_incremental,store_refs_apparent_bytes,9865
nix,nix/closure,amber-go,0,delete_path,store_closures_allocated_bytes,4096
nix,nix/closure,amber-go,0,delete_path,store_closures_apparent_bytes,0
nix,nix/closure,amber-go,0,delete_path,store_packstore_allocated_bytes,3952640
nix,nix/closure,amber-go,0,delete_path,store_packstore_apparent_bytes,3945385
nix,nix/closure,amber-go,0,delete_path,store_refs_allocated_bytes,4661248
nix,nix/closure,amber-go,0,delete_path,store_refs_apparent_bytes,10940
nix,nix/closure,amber-go,0,age_sealed_segments,segments_aged,1
nix,nix/closure,amber-go,0,gc,allocated_before_delete,4009984
nix,nix/closure,amber-go,0,gc,reclaimed_packstore_bytes,-4096
nix,nix/closure,amber-go,0,gc,store_closures_allocated_bytes,4096
nix,nix/closure,amber-go,0,gc,store_closures_apparent_bytes,0
nix,nix/closure,amber-go,0,gc,store_packstore_allocated_bytes,3956736
nix,nix/closure,amber-go,0,gc,store_packstore_apparent_bytes,3952035
nix,nix/closure,amber-go,0,gc,store_refs_allocated_bytes,28672
nix,nix/closure,amber-go,0,gc,store_refs_apparent_bytes,7748
blob,blob/source-history,amber-go-s3,0,push_initial,s3_bytes_down,4460
blob,blob/source-history,amber-go-s3,0,push_initial,s3_bytes_up,2426597
blob,blob/source-history,amber-go-s3,0,push_initial,s3_connections,11
blob,blob/source-history,amber-go-s3,0,push_initial,s3_request_body_bytes,2412768
blob,blob/source-history,amber-go-s3,0,push_initial,s3_requests_GET,2
blob,blob/source-history,amber-go-s3,0,push_initial,s3_requests_PUT,18
blob,blob/source-history,amber-go-s3,0,push_initial,s3_requests_total,20
blob,blob/source-history,amber-go-s3,0,push_initial,s3_response_body_bytes,617
blob,blob/source-history,amber-go-s3,0,push_initial,s3_responses_2xx,19
blob,blob/source-history,amber-go-s3,0,push_initial,s3_responses_4xx,1
blob,blob/source-history,amber-go-s3,0,push_initial,stored_bytes,2406660
blob,blob/source-history,amber-go-s3,0,push_initial,stored_objects,18
blob,blob/source-history,amber-go-s3,0,push_noop,s3_bytes_down,6215
blob,blob/source-history,amber-go-s3,0,push_noop,s3_bytes_up,1195
blob,blob/source-history,amber-go-s3,0,push_noop,s3_connections,1
blob,blob/source-history,amber-go-s3,0,push_noop,s3_request_body_bytes,0
blob,blob/source-history,amber-go-s3,0,push_noop,s3_requests_GET,2
blob,blob/source-history,amber-go-s3,0,push_noop,s3_requests_total,2
blob,blob/source-history,amber-go-s3,0,push_noop,s3_response_body_bytes,5989
blob,blob/source-history,amber-go-s3,0,push_noop,s3_responses_2xx,1
blob,blob/source-history,amber-go-s3,0,push_noop,s3_responses_4xx,1
blob,blob/source-history,amber-go-s3,0,push_noop,stored_bytes,2406660
blob,blob/source-history,amber-go-s3,0,push_noop,stored_objects,18
blob,blob/source-history,amber-go-s3,0,pull_fresh,delivered_logical_bytes,22526976
blob,blob/source-history,amber-go-s3,0,pull_fresh,delivered_references,11
blob,blob/source-history,amber-go-s3,0,pull_fresh,s3_bytes_down,2418699
blob,blob/source-history,amber-go-s3,0,pull_fresh,s3_bytes_up,14229
blob,blob/source-history,amber-go-s3,0,pull_fresh,s3_connections,13
blob,blob/source-history,amber-go-s3,0,pull_fresh,s3_request_body_bytes,0
blob,blob/source-history,amber-go-s3,0,pull_fresh,s3_requests_GET,22
blob,blob/source-history,amber-go-s3,0,pull_fresh,s3_requests_HEAD,1
blob,blob/source-history,amber-go-s3,0,pull_fresh,s3_requests_total,23
blob,blob/source-history,amber-go-s3,0,pull_fresh,s3_response_body_bytes,2414071
blob,blob/source-history,amber-go-s3,0,pull_fresh,s3_responses_2xx,21
blob,blob/source-history,amber-go-s3,0,pull_fresh,s3_responses_4xx,2
blob,blob/source-history,amber-go-s3,0,pull_fresh,stored_bytes,2406660
blob,blob/source-history,amber-go-s3,0,pull_fresh,stored_objects,18
blob,blob/source-history,amber-go-s3,0,push_incremental,s3_bytes_down,11148
blob,blob/source-history,amber-go-s3,0,push_incremental,s3_bytes_up,2438427
blob,blob/source-history,amber-go-s3,0,push_incremental,s3_connections,9
blob,blob/source-history,amber-go-s3,0,push_incremental,s3_request_body_bytes,2426405
blob,blob/source-history,amber-go-s3,0,push_incremental,s3_requests_GET,2
blob,blob/source-history,amber-go-s3,0,push_incremental,s3_requests_POST,5
blob,blob/source-history,amber-go-s3,0,push_incremental,s3_requests_PUT,11
blob,blob/source-history,amber-go-s3,0,push_incremental,s3_requests_total,18
blob,blob/source-history,amber-go-s3,0,push_incremental,s3_response_body_bytes,8171
blob,blob/source-history,amber-go-s3,0,push_incremental,s3_responses_2xx,17
blob,blob/source-history,amber-go-s3,0,push_incremental,s3_responses_4xx,1
blob,blob/source-history,amber-go-s3,0,push_incremental,stored_bytes,2426975
blob,blob/source-history,amber-go-s3,0,push_incremental,stored_objects,22
blob,blob/source-history,amber-go-s3,0,pull_incremental,delivered_logical_bytes,8192000
blob,blob/source-history,amber-go-s3,0,pull_incremental,delivered_references,4
blob,blob/source-history,amber-go-s3,0,pull_incremental,s3_bytes_down,2432263
blob,blob/source-history,amber-go-s3,0,pull_incremental,s3_bytes_up,10000
blob,blob/source-history,amber-go-s3,0,pull_incremental,s3_connections,10
blob,blob/source-history,amber-go-s3,0,pull_incremental,s3_request_body_bytes,0
blob,blob/source-history,amber-go-s3,0,pull_incremental,s3_requests_GET,15
blob,blob/source-history,amber-go-s3,0,pull_incremental,s3_requests_HEAD,1
blob,blob/source-history,amber-go-s3,0,pull_incremental,s3_requests_total,16
blob,blob/source-history,amber-go-s3,0,pull_incremental,s3_response_body_bytes,2429222
blob,blob/source-history,amber-go-s3,0,pull_incremental,s3_responses_2xx,14
blob,blob/source-history,amber-go-s3,0,pull_incremental,s3_responses_4xx,2
blob,blob/source-history,amber-go-s3,0,pull_incremental,stored_bytes,2426975
blob,blob/source-history,amber-go-s3,0,pull_incremental,stored_objects,22
blob,blob/source-history,amber-go-s3,0,age_sealed_segments,segments_aged,1
blob,blob/source-history,amber-go-s3,0,retention_cleanup,retained_logical_bytes,8192000
blob,blob/source-history,amber-go-s3,0,retention_cleanup,retained_references,4
blob,blob/source-history,amber-go-s3,0,retention_cleanup,s3_bytes_down,21793
blob,blob/source-history,amber-go-s3,0,retention_cleanup,s3_bytes_up,2479230
blob,blob/source-history,amber-go-s3,0,retention_cleanup,s3_connections,16
blob,blob/source-history,amber-go-s3,0,retention_cleanup,s3_request_body_bytes,2453219
blob,blob/source-history,amber-go-s3,0,retention_cleanup,s3_requests_GET,2
blob,blob/source-history,amber-go-s3,0,retention_cleanup,s3_requests_POST,20
blob,blob/source-history,amber-go-s3,0,retention_cleanup,s3_requests_PUT,18
blob,blob/source-history,amber-go-s3,0,retention_cleanup,s3_requests_total,40
blob,blob/source-history,amber-go-s3,0,retention_cleanup,s3_response_body_bytes,15789
blob,blob/source-history,amber-go-s3,0,retention_cleanup,s3_responses_2xx,39
blob,blob/source-history,amber-go-s3,0,retention_cleanup,s3_responses_4xx,1
blob,blob/source-history,amber-go-s3,0,retention_cleanup,stored_bytes,2443870
blob,blob/source-history,amber-go-s3,0,retention_cleanup,stored_objects,19
tree,tree/lifecycle,restic,0,ingest_fresh,store_data_allocated_bytes,14737408
tree,tree/lifecycle,restic,0,ingest_fresh,store_data_apparent_bytes,13679757
tree,tree/lifecycle,restic,0,ingest_fresh,store_index_allocated_bytes,20480
tree,tree/lifecycle,restic,0,ingest_fresh,store_index_apparent_bytes,12828
tree,tree/lifecycle,restic,0,ingest_fresh,store_snapshots_allocated_bytes,8192
tree,tree/lifecycle,restic,0,ingest_fresh,store_snapshots_apparent_bytes,405
tree,tree/lifecycle,restic,0,ingest_repeat,store_data_allocated_bytes,14737408
tree,tree/lifecycle,restic,0,ingest_repeat,store_data_apparent_bytes,13679757
tree,tree/lifecycle,restic,0,ingest_repeat,store_index_allocated_bytes,20480
tree,tree/lifecycle,restic,0,ingest_repeat,store_index_apparent_bytes,12828
tree,tree/lifecycle,restic,0,ingest_repeat,store_snapshots_allocated_bytes,12288
tree,tree/lifecycle,restic,0,ingest_repeat,store_snapshots_apparent_bytes,853
tree,tree/lifecycle,restic,0,ingest_changed,store_data_allocated_bytes,14950400
tree,tree/lifecycle,restic,0,ingest_changed,store_data_apparent_bytes,13888894
tree,tree/lifecycle,restic,0,ingest_changed,store_index_allocated_bytes,24576
tree,tree/lifecycle,restic,0,ingest_changed,store_index_apparent_bytes,16702
tree,tree/lifecycle,restic,0,ingest_changed,store_snapshots_allocated_bytes,16384
tree,tree/lifecycle,restic,0,ingest_changed,store_snapshots_apparent_bytes,1255
tree,tree/lifecycle,restic,0,ref_delete,store_data_allocated_bytes,14950400
tree,tree/lifecycle,restic,0,ref_delete,store_data_apparent_bytes,13888894
tree,tree/lifecycle,restic,0,ref_delete,store_index_allocated_bytes,24576
tree,tree/lifecycle,restic,0,ref_delete,store_index_apparent_bytes,16702
tree,tree/lifecycle,restic,0,ref_delete,store_snapshots_allocated_bytes,8192
tree,tree/lifecycle,restic,0,ref_delete,store_snapshots_apparent_bytes,402
tree,tree/lifecycle,restic,0,gc,allocated_after_gc,14811136
tree,tree/lifecycle,restic,0,gc,allocated_before_delete,15011840
tree,tree/lifecycle,restic,0,gc,allocated_before_gc,15003648
tree,tree/lifecycle,restic,0,gc,store_data_allocated_bytes,14761984
tree,tree/lifecycle,restic,0,gc,store_data_apparent_bytes,13700195
tree,tree/lifecycle,restic,0,gc,store_index_allocated_bytes,20480
tree,tree/lifecycle,restic,0,gc,store_index_apparent_bytes,12919
tree,tree/lifecycle,restic,0,gc,store_snapshots_allocated_bytes,8192
tree,tree/lifecycle,restic,0,gc,store_snapshots_apparent_bytes,402
blob,blob/source-history,amber-rust-s3,0,push_initial,s3_bytes_down,1246
blob,blob/source-history,amber-rust-s3,0,push_initial,s3_bytes_up,6093978
blob,blob/source-history,amber-rust-s3,0,push_initial,s3_connections,2
blob,blob/source-history,amber-rust-s3,0,push_initial,s3_request_body_bytes,6091350
blob,blob/source-history,amber-rust-s3,0,push_initial,s3_requests_GET,2
blob,blob/source-history,amber-rust-s3,0,push_initial,s3_requests_PUT,2
blob,blob/source-history,amber-rust-s3,0,push_initial,s3_requests_total,4
blob,blob/source-history,amber-rust-s3,0,push_initial,s3_response_body_bytes,619
blob,blob/source-history,amber-rust-s3,0,push_initial,s3_responses_2xx,3
blob,blob/source-history,amber-rust-s3,0,push_initial,s3_responses_4xx,1
blob,blob/source-history,amber-rust-s3,0,push_initial,stored_bytes,6082720
blob,blob/source-history,amber-rust-s3,0,push_initial,stored_objects,2
blob,blob/source-history,amber-rust-s3,0,push_noop,s3_bytes_down,1465
blob,blob/source-history,amber-rust-s3,0,push_noop,s3_bytes_up,1197
blob,blob/source-history,amber-rust-s3,0,push_noop,s3_connections,1
blob,blob/source-history,amber-rust-s3,0,push_noop,s3_request_body_bytes,0
blob,blob/source-history,amber-rust-s3,0,push_noop,s3_requests_GET,2
blob,blob/source-history,amber-rust-s3,0,push_noop,s3_requests_total,2
blob,blob/source-history,amber-rust-s3,0,push_noop,s3_response_body_bytes,1240
blob,blob/source-history,amber-rust-s3,0,push_noop,s3_responses_2xx,1
blob,blob/source-history,amber-rust-s3,0,push_noop,s3_responses_4xx,1
blob,blob/source-history,amber-rust-s3,0,push_noop,stored_bytes,6082720
blob,blob/source-history,amber-rust-s3,0,push_noop,stored_objects,2
blob,blob/source-history,amber-rust-s3,0,pull_fresh,delivered_logical_bytes,22526976
blob,blob/source-history,amber-rust-s3,0,pull_fresh,delivered_references,11
blob,blob/source-history,amber-rust-s3,0,pull_fresh,s3_bytes_down,6086416
blob,blob/source-history,amber-rust-s3,0,pull_fresh,s3_bytes_up,4572
blob,blob/source-history,amber-rust-s3,0,pull_fresh,s3_connections,2
blob,blob/source-history,amber-rust-s3,0,pull_fresh,s3_request_body_bytes,0
blob,blob/source-history,amber-rust-s3,0,pull_fresh,s3_requests_GET,6
blob,blob/source-history,amber-rust-s3,0,pull_fresh,s3_requests_HEAD,1
blob,blob/source-history,amber-rust-s3,0,pull_fresh,s3_requests_total,7
blob,blob/source-history,amber-rust-s3,0,pull_fresh,s3_response_body_bytes,6085398
blob,blob/source-history,amber-rust-s3,0,pull_fresh,s3_responses_2xx,5
blob,blob/source-history,amber-rust-s3,0,pull_fresh,s3_responses_4xx,2
blob,blob/source-history,amber-rust-s3,0,pull_fresh,stored_bytes,6082720
blob,blob/source-history,amber-rust-s3,0,pull_fresh,stored_objects,2
blob,blob/source-history,amber-rust-s3,0,push_incremental,s3_bytes_down,1867
blob,blob/source-history,amber-rust-s3,0,push_incremental,s3_bytes_up,6111246
blob,blob/source-history,amber-rust-s3,0,push_incremental,s3_connections,2
blob,blob/source-history,amber-rust-s3,0,push_incremental,s3_request_body_bytes,6108618
blob,blob/source-history,amber-rust-s3,0,push_incremental,s3_requests_GET,2
blob,blob/source-history,amber-rust-s3,0,push_incremental,s3_requests_PUT,2
blob,blob/source-history,amber-rust-s3,0,push_incremental,s3_requests_total,4
blob,blob/source-history,amber-rust-s3,0,push_incremental,s3_response_body_bytes,1240
blob,blob/source-history,amber-rust-s3,0,push_incremental,s3_responses_2xx,3
blob,blob/source-history,amber-rust-s3,0,push_incremental,s3_responses_4xx,1
blob,blob/source-history,amber-rust-s3,0,push_incremental,stored_bytes,6099988
blob,blob/source-history,amber-rust-s3,0,push_incremental,stored_objects,2
blob,blob/source-history,amber-rust-s3,0,pull_incremental,delivered_logical_bytes,8192000
blob,blob/source-history,amber-rust-s3,0,pull_incremental,delivered_references,4
blob,blob/source-history,amber-rust-s3,0,pull_incremental,s3_bytes_down,6103684
blob,blob/source-history,amber-rust-s3,0,pull_incremental,s3_bytes_up,4572
blob,blob/source-history,amber-rust-s3,0,pull_incremental,s3_connections,2
blob,blob/source-history,amber-rust-s3,0,pull_incremental,s3_request_body_bytes,0
blob,blob/source-history,amber-rust-s3,0,pull_incremental,s3_requests_GET,6
blob,blob/source-history,amber-rust-s3,0,pull_incremental,s3_requests_HEAD,1
blob,blob/source-history,amber-rust-s3,0,pull_incremental,s3_requests_total,7
blob,blob/source-history,amber-rust-s3,0,pull_incremental,s3_response_body_bytes,6102666
blob,blob/source-history,amber-rust-s3,0,pull_incremental,s3_responses_2xx,5
blob,blob/source-history,amber-rust-s3,0,pull_incremental,s3_responses_4xx,2
blob,blob/source-history,amber-rust-s3,0,pull_incremental,stored_bytes,6099988
blob,blob/source-history,amber-rust-s3,0,pull_incremental,stored_objects,2
blob,blob/source-history,amber-rust-s3,0,age_sealed_segments,segments_aged,1
blob,blob/source-history,amber-rust-s3,0,retention_cleanup,retained_logical_bytes,8192000
blob,blob/source-history,amber-rust-s3,0,retention_cleanup,retained_references,4
blob,blob/source-history,amber-rust-s3,0,retention_cleanup,s3_bytes_down,2427
blob,blob/source-history,amber-rust-s3,0,retention_cleanup,s3_bytes_up,6130976
blob,blob/source-history,amber-rust-s3,0,retention_cleanup,s3_connections,3
blob,blob/source-history,amber-rust-s3,0,retention_cleanup,s3_request_body_bytes,6127736
blob,blob/source-history,amber-rust-s3,0,retention_cleanup,s3_requests_GET,2
blob,blob/source-history,amber-rust-s3,0,retention_cleanup,s3_requests_POST,1
blob,blob/source-history,amber-rust-s3,0,retention_cleanup,s3_requests_PUT,2
blob,blob/source-history,amber-rust-s3,0,retention_cleanup,s3_requests_total,5
blob,blob/source-history,amber-rust-s3,0,retention_cleanup,s3_response_body_bytes,1692
blob,blob/source-history,amber-rust-s3,0,retention_cleanup,s3_responses_2xx,4
blob,blob/source-history,amber-rust-s3,0,retention_cleanup,s3_responses_4xx,1
blob,blob/source-history,amber-rust-s3,0,retention_cleanup,stored_bytes,6118842
blob,blob/source-history,amber-rust-s3,0,retention_cleanup,stored_objects,2
backup,backup/retention,amber-rust,0,backup_initial,store_closures_allocated_bytes,4096
backup,backup/retention,amber-rust,0,backup_initial,store_closures_apparent_bytes,0
backup,backup/retention,amber-rust,0,backup_initial,store_packstore_allocated_bytes,11747328
backup,backup/retention,amber-rust,0,backup_initial,store_packstore_apparent_bytes,11742564
backup,backup/retention,amber-rust,0,backup_initial,store_refs_allocated_bytes,1626112
backup,backup/retention,amber-rust,0,backup_initial,store_refs_apparent_bytes,3686400
backup,backup/retention,amber-rust,0,backup_unchanged,store_closures_allocated_bytes,4096
backup,backup/retention,amber-rust,0,backup_unchanged,store_closures_apparent_bytes,0
backup,backup/retention,amber-rust,0,backup_unchanged,store_packstore_allocated_bytes,11747328
backup,backup/retention,amber-rust,0,backup_unchanged,store_packstore_apparent_bytes,11742564
backup,backup/retention,amber-rust,0,backup_unchanged,store_refs_allocated_bytes,1634304
backup,backup/retention,amber-rust,0,backup_unchanged,store_refs_apparent_bytes,3686400
backup,backup/retention,amber-rust,0,backup_changed,store_closures_allocated_bytes,4096
backup,backup/retention,amber-rust,0,backup_changed,store_closures_apparent_bytes,0
backup,backup/retention,amber-rust,0,backup_changed,store_packstore_allocated_bytes,11943936
backup,backup/retention,amber-rust,0,backup_changed,store_packstore_apparent_bytes,11939355
backup,backup/retention,amber-rust,0,backup_changed,store_refs_allocated_bytes,1634304
backup,backup/retention,amber-rust,0,backup_changed,store_refs_apparent_bytes,3686400
backup,backup/retention,amber-rust,0,backup_changed_again,store_closures_allocated_bytes,4096
backup,backup/retention,amber-rust,0,backup_changed_again,store_closures_apparent_bytes,0
backup,backup/retention,amber-rust,0,backup_changed_again,store_packstore_allocated_bytes,12140544
backup,backup/retention,amber-rust,0,backup_changed_again,store_packstore_apparent_bytes,12134016
backup,backup/retention,amber-rust,0,backup_changed_again,store_refs_allocated_bytes,1634304
backup,backup/retention,amber-rust,0,backup_changed_again,store_refs_apparent_bytes,3686400
backup,backup/retention,amber-rust,0,list_snapshot,cli_invocations,29
backup,backup/retention,amber-rust,0,list_snapshot,entries,256
backup,backup/retention,amber-rust,0,forget_oldest,store_closures_allocated_bytes,4096
backup,backup/retention,amber-rust,0,forget_oldest,store_closures_apparent_bytes,0
backup,backup/retention,amber-rust,0,forget_oldest,store_packstore_allocated_bytes,12140544
backup,backup/retention,amber-rust,0,forget_oldest,store_packstore_apparent_bytes,12134016
backup,backup/retention,amber-rust,0,forget_oldest,store_refs_allocated_bytes,1634304
backup,backup/retention,amber-rust,0,forget_oldest,store_refs_apparent_bytes,3686400
backup,backup/retention,amber-rust,0,age_sealed_segments,segments_aged,2
backup,backup/retention,amber-rust,0,prune,allocated_after_prune,13598720
backup,backup/retention,amber-rust,0,prune,allocated_before_forget,13783040
backup,backup/retention,amber-rust,0,prune,reclaimed_packstore_bytes,184320
backup,backup/retention,amber-rust,0,prune,store_closures_allocated_bytes,4096
backup,backup/retention,amber-rust,0,prune,store_closures_apparent_bytes,0
backup,backup/retention,amber-rust,0,prune,store_packstore_allocated_bytes,11956224
backup,backup/retention,amber-rust,0,prune,store_packstore_apparent_bytes,11949739
backup,backup/retention,amber-rust,0,prune,store_refs_allocated_bytes,1634304
backup,backup/retention,amber-rust,0,prune,store_refs_apparent_bytes,3686400
blob,blob/backup-corpus,restic-s3,0,push_initial,s3_bytes_down,5901
blob,blob/backup-corpus,restic-s3,0,push_initial,s3_bytes_up,13334056
blob,blob/backup-corpus,restic-s3,0,push_initial,s3_connections,1
blob,blob/backup-corpus,restic-s3,0,push_initial,s3_request_body_bytes,13324243
blob,blob/backup-corpus,restic-s3,0,push_initial,s3_requests_DELETE,1
blob,blob/backup-corpus,restic-s3,0,push_initial,s3_requests_GET,8
blob,blob/backup-corpus,restic-s3,0,push_initial,s3_requests_HEAD,1
blob,blob/backup-corpus,restic-s3,0,push_initial,s3_requests_PUT,5
blob,blob/backup-corpus,restic-s3,0,push_initial,s3_requests_total,15
blob,blob/backup-corpus,restic-s3,0,push_initial,s3_response_body_bytes,3494
blob,blob/backup-corpus,restic-s3,0,push_initial,s3_responses_2xx,14
blob,blob/backup-corpus,restic-s3,0,push_initial,s3_responses_4xx,1
blob,blob/backup-corpus,restic-s3,0,push_initial,stored_bytes,13305618
blob,blob/backup-corpus,restic-s3,0,push_initial,stored_objects,6
blob,blob/backup-corpus,restic-s3,0,push_noop,s3_bytes_down,5994
blob,blob/backup-corpus,restic-s3,0,push_noop,s3_bytes_up,8477
blob,blob/backup-corpus,restic-s3,0,push_noop,s3_connections,1
blob,blob/backup-corpus,restic-s3,0,push_noop,s3_request_body_bytes,966
blob,blob/backup-corpus,restic-s3,0,push_noop,s3_requests_DELETE,1
blob,blob/backup-corpus,restic-s3,0,push_noop,s3_requests_GET,8
blob,blob/backup-corpus,restic-s3,0,push_noop,s3_requests_HEAD,1
blob,blob/backup-corpus,restic-s3,0,push_noop,s3_requests_PUT,2
blob,blob/backup-corpus,restic-s3,0,push_noop,s3_requests_total,12
blob,blob/backup-corpus,restic-s3,0,push_noop,s3_response_body_bytes,4190
blob,blob/backup-corpus,restic-s3,0,push_noop,s3_responses_2xx,11
blob,blob/backup-corpus,restic-s3,0,push_noop,s3_responses_4xx,1
blob,blob/backup-corpus,restic-s3,0,push_noop,stored_bytes,13306065
blob,blob/backup-corpus,restic-s3,0,push_noop,stored_objects,7
blob,blob/backup-corpus,restic-s3,0,pull_fresh,delivered_logical_bytes,34237158
blob,blob/backup-corpus,restic-s3,0,pull_fresh,delivered_references,1
blob,blob/backup-corpus,restic-s3,0,pull_fresh,s3_bytes_down,13300689
blob,blob/backup-corpus,restic-s3,0,pull_fresh,s3_bytes_up,8933
blob,blob/backup-corpus,restic-s3,0,pull_fresh,s3_connections,1
blob,blob/backup-corpus,restic-s3,0,pull_fresh,s3_request_body_bytes,345
blob,blob/backup-corpus,restic-s3,0,pull_fresh,s3_requests_DELETE,1
blob,blob/backup-corpus,restic-s3,0,pull_fresh,s3_requests_GET,11
blob,blob/backup-corpus,restic-s3,0,pull_fresh,s3_requests_HEAD,1
blob,blob/backup-corpus,restic-s3,0,pull_fresh,s3_requests_PUT,1
blob,blob/backup-corpus,restic-s3,0,pull_fresh,s3_requests_total,14
blob,blob/backup-corpus,restic-s3,0,pull_fresh,s3_response_body_bytes,13298222
blob,blob/backup-corpus,restic-s3,0,pull_fresh,s3_responses_2xx,13
blob,blob/backup-corpus,restic-s3,0,pull_fresh,s3_responses_4xx,1
blob,blob/backup-corpus,restic-s3,0,pull_fresh,stored_bytes,13306065
blob,blob/backup-corpus,restic-s3,0,pull_fresh,stored_objects,7
blob,blob/backup-corpus,restic-s3,0,push_incremental,s3_bytes_down,6947
blob,blob/backup-corpus,restic-s3,0,push_incremental,s3_bytes_up,224670
blob,blob/backup-corpus,restic-s3,0,push_incremental,s3_connections,2
blob,blob/backup-corpus,restic-s3,0,push_incremental,s3_request_body_bytes,214863
blob,blob/backup-corpus,restic-s3,0,push_incremental,s3_requests_DELETE,1
blob,blob/backup-corpus,restic-s3,0,push_incremental,s3_requests_GET,8
blob,blob/backup-corpus,restic-s3,0,push_incremental,s3_requests_HEAD,1
blob,blob/backup-corpus,restic-s3,0,push_incremental,s3_requests_PUT,5
blob,blob/backup-corpus,restic-s3,0,push_incremental,s3_requests_total,15
blob,blob/backup-corpus,restic-s3,0,push_incremental,s3_response_body_bytes,4539
blob,blob/backup-corpus,restic-s3,0,push_incremental,s3_responses_2xx,14
blob,blob/backup-corpus,restic-s3,0,push_incremental,s3_responses_4xx,1
blob,blob/backup-corpus,restic-s3,0,push_incremental,stored_bytes,13519705
blob,blob/backup-corpus,restic-s3,0,push_incremental,stored_objects,11
blob,blob/backup-corpus,restic-s3,0,pull_incremental,delivered_logical_bytes,34257224
blob,blob/backup-corpus,restic-s3,0,pull_incremental,delivered_references,1
blob,blob/backup-corpus,restic-s3,0,pull_incremental,s3_bytes_down,13468394
blob,blob/backup-corpus,restic-s3,0,pull_incremental,s3_bytes_up,9560
blob,blob/backup-corpus,restic-s3,0,pull_incremental,s3_connections,2
blob,blob/backup-corpus,restic-s3,0,pull_incremental,s3_request_body_bytes,345
blob,blob/backup-corpus,restic-s3,0,pull_incremental,s3_requests_DELETE,1
blob,blob/backup-corpus,restic-s3,0,pull_incremental,s3_requests_GET,12
blob,blob/backup-corpus,restic-s3,0,pull_incremental,s3_requests_HEAD,1
blob,blob/backup-corpus,restic-s3,0,pull_incremental,s3_requests_PUT,1
blob,blob/backup-corpus,restic-s3,0,pull_incremental,s3_requests_total,15
blob,blob/backup-corpus,restic-s3,0,pull_incremental,s3_response_body_bytes,13465643
blob,blob/backup-corpus,restic-s3,0,pull_incremental,s3_responses_2xx,14
blob,blob/backup-corpus,restic-s3,0,pull_incremental,s3_responses_4xx,1
blob,blob/backup-corpus,restic-s3,0,pull_incremental,stored_bytes,13519705
blob,blob/backup-corpus,restic-s3,0,pull_incremental,stored_objects,11
blob,blob/backup-corpus,restic-s3,0,retention_cleanup,retained_logical_bytes,34257224
blob,blob/backup-corpus,restic-s3,0,retention_cleanup,retained_references,1
blob,blob/backup-corpus,restic-s3,0,retention_cleanup,s3_bytes_down,13265668
blob,blob/backup-corpus,restic-s3,0,retention_cleanup,s3_bytes_up,13165789
blob,blob/backup-corpus,restic-s3,0,retention_cleanup,s3_connections,5
blob,blob/backup-corpus,restic-s3,0,retention_cleanup,s3_request_body_bytes,13144265
blob,blob/backup-corpus,restic-s3,0,retention_cleanup,s3_requests_DELETE,9
blob,blob/backup-corpus,restic-s3,0,retention_cleanup,s3_requests_GET,17
blob,blob/backup-corpus,restic-s3,0,retention_cleanup,s3_requests_HEAD,2
blob,blob/backup-corpus,restic-s3,0,retention_cleanup,s3_requests_PUT,6
blob,blob/backup-corpus,restic-s3,0,retention_cleanup,s3_requests_total,34
blob,blob/backup-corpus,restic-s3,0,retention_cleanup,s3_response_body_bytes,13260917
blob,blob/backup-corpus,restic-s3,0,retention_cleanup,s3_responses_2xx,32
blob,blob/backup-corpus,restic-s3,0,retention_cleanup,s3_responses_4xx,2
blob,blob/backup-corpus,restic-s3,0,retention_cleanup,stored_bytes,13326159
blob,blob/backup-corpus,restic-s3,0,retention_cleanup,stored_objects,8
blob,blob/nix-closure,nix-binary-cache,0,push_initial,s3_bytes_down,7891
blob,blob/nix-closure,nix-binary-cache,0,push_initial,s3_bytes_up,3443724
blob,blob/nix-closure,nix-binary-cache,0,push_initial,s3_connections,8
blob,blob/nix-closure,nix-binary-cache,0,push_initial,s3_request_body_bytes,3422131
blob,blob/nix-closure,nix-binary-cache,0,push_initial,s3_requests_GET,9
blob,blob/nix-closure,nix-binary-cache,0,push_initial,s3_requests_HEAD,8
blob,blob/nix-closure,nix-binary-cache,0,push_initial,s3_requests_PUT,17
blob,blob/nix-closure,nix-binary-cache,0,push_initial,s3_requests_total,34
blob,blob/nix-closure,nix-binary-cache,0,push_initial,s3_response_body_bytes,2494
blob,blob/nix-closure,nix-binary-cache,0,push_initial,s3_responses_1xx,1
blob,blob/nix-closure,nix-binary-cache,0,push_initial,s3_responses_2xx,17
blob,blob/nix-closure,nix-binary-cache,0,push_initial,s3_responses_4xx,17
blob,blob/nix-closure,nix-binary-cache,0,push_initial,stored_bytes,3422131
blob,blob/nix-closure,nix-binary-cache,0,push_initial,stored_objects,17
blob,blob/nix-closure,nix-binary-cache,0,push_noop,s3_bytes_down,0
blob,blob/nix-closure,nix-binary-cache,0,push_noop,s3_bytes_up,0
blob,blob/nix-closure,nix-binary-cache,0,push_noop,s3_connections,0
blob,blob/nix-closure,nix-binary-cache,0,push_noop,s3_request_body_bytes,0
blob,blob/nix-closure,nix-binary-cache,0,push_noop,s3_requests_total,0
blob,blob/nix-closure,nix-binary-cache,0,push_noop,s3_response_body_bytes,0
blob,blob/nix-closure,nix-binary-cache,0,push_noop,stored_bytes,3422131
blob,blob/nix-closure,nix-binary-cache,0,push_noop,stored_objects,17
blob,blob/nix-closure,nix-binary-cache,0,pull_fresh,delivered_logical_bytes,5768158
blob,blob/nix-closure,nix-binary-cache,0,pull_fresh,delivered_references,8
blob,blob/nix-closure,nix-binary-cache,0,pull_fresh,s3_bytes_down,3426599
blob,blob/nix-closure,nix-binary-cache,0,pull_fresh,s3_bytes_up,12341
blob,blob/nix-closure,nix-binary-cache,0,pull_fresh,s3_connections,5
blob,blob/nix-closure,nix-binary-cache,0,pull_fresh,s3_request_body_bytes,0
blob,blob/nix-closure,nix-binary-cache,0,pull_fresh,s3_requests_GET,17
blob,blob/nix-closure,nix-binary-cache,0,pull_fresh,s3_requests_HEAD,3
blob,blob/nix-closure,nix-binary-cache,0,pull_fresh,s3_requests_total,20
blob,blob/nix-closure,nix-binary-cache,0,pull_fresh,s3_response_body_bytes,3422131
blob,blob/nix-closure,nix-binary-cache,0,pull_fresh,s3_responses_2xx,20
blob,blob/nix-closure,nix-binary-cache,0,pull_fresh,stored_bytes,3422131
blob,blob/nix-closure,nix-binary-cache,0,pull_fresh,stored_objects,17
blob,blob/nix-closure,nix-binary-cache,0,push_incremental,s3_bytes_down,2736
blob,blob/nix-closure,nix-binary-cache,0,push_incremental,s3_bytes_up,536796
blob,blob/nix-closure,nix-binary-cache,0,push_incremental,s3_connections,2
blob,blob/nix-closure,nix-binary-cache,0,push_incremental,s3_request_body_bytes,529158
blob,blob/nix-closure,nix-binary-cache,0,push_incremental,s3_requests_GET,3
blob,blob/nix-closure,nix-binary-cache,0,push_incremental,s3_requests_HEAD,3
blob,blob/nix-closure,nix-binary-cache,0,push_incremental,s3_requests_PUT,6
blob,blob/nix-closure,nix-binary-cache,0,push_incremental,s3_requests_total,12
blob,blob/nix-closure,nix-binary-cache,0,push_incremental,s3_response_body_bytes,840
blob,blob/nix-closure,nix-binary-cache,0,push_incremental,s3_responses_2xx,6
blob,blob/nix-closure,nix-binary-cache,0,push_incremental,s3_responses_4xx,6
blob,blob/nix-closure,nix-binary-cache,0,push_incremental,stored_bytes,3951289
blob,blob/nix-closure,nix-binary-cache,0,push_incremental,stored_objects,23
blob,blob/nix-closure,nix-binary-cache,0,pull_incremental,delivered_logical_bytes,6030405
blob,blob/nix-closure,nix-binary-cache,0,pull_incremental,delivered_references,9
blob,blob/nix-closure,nix-binary-cache,0,pull_incremental,s3_bytes_down,528254
blob,blob/nix-closure,nix-binary-cache,0,pull_incremental,s3_bytes_up,1896
blob,blob/nix-closure,nix-binary-cache,0,pull_incremental,s3_connections,1
blob,blob/nix-closure,nix-binary-cache,0,pull_incremental,s3_request_body_bytes,0
blob,blob/nix-closure,nix-binary-cache,0,pull_incremental,s3_requests_GET,3
blob,blob/nix-closure,nix-binary-cache,0,pull_incremental,s3_requests_total,3
blob,blob/nix-closure,nix-binary-cache,0,pull_incremental,s3_response_body_bytes,527576
blob,blob/nix-closure,nix-binary-cache,0,pull_incremental,s3_responses_2xx,3
blob,blob/nix-closure,nix-binary-cache,0,pull_incremental,stored_bytes,3951289
blob,blob/nix-closure,nix-binary-cache,0,pull_incremental,stored_objects,23
blob,blob/nix-closure,nix-binary-cache,0,retention_cleanup,retained_logical_bytes,6030405
blob,blob/nix-closure,nix-binary-cache,0,retention_cleanup,retained_references,9
blob,blob/nix-closure,nix-binary-cache,0,retention_cleanup,s3_bytes_down,2760
blob,blob/nix-closure,nix-binary-cache,0,retention_cleanup,s3_bytes_up,5218
blob,blob/nix-closure,nix-binary-cache,0,retention_cleanup,s3_connections,2
blob,blob/nix-closure,nix-binary-cache,0,retention_cleanup,s3_request_body_bytes,354
blob,blob/nix-closure,nix-binary-cache,0,retention_cleanup,s3_requests_GET,2
blob,blob/nix-closure,nix-binary-cache,0,retention_cleanup,s3_requests_HEAD,4
blob,blob/nix-closure,nix-binary-cache,0,retention_cleanup,s3_requests_POST,2
blob,blob/nix-closure,nix-binary-cache,0,retention_cleanup,s3_requests_total,8
blob,blob/nix-closure,nix-binary-cache,0,retention_cleanup,s3_response_body_bytes,1426
blob,blob/nix-closure,nix-binary-cache,0,retention_cleanup,s3_responses_2xx,6
blob,blob/nix-closure,nix-binary-cache,0,retention_cleanup,s3_responses_4xx,2
blob,blob/nix-closure,nix-binary-cache,0,retention_cleanup,stored_bytes,3950192
blob,blob/nix-closure,nix-binary-cache,0,retention_cleanup,stored_objects,21
tree,tree/lifecycle,fs-sha256,0,ingest_fresh,store_refs_allocated_bytes,49152
tree,tree/lifecycle,fs-sha256,0,ingest_fresh,store_refs_apparent_bytes,42747
tree,tree/lifecycle,fs-sha256,0,ingest_repeat,store_refs_allocated_bytes,94208
tree,tree/lifecycle,fs-sha256,0,ingest_repeat,store_refs_apparent_bytes,85494
tree,tree/lifecycle,fs-sha256,0,ingest_changed,store_refs_allocated_bytes,139264
tree,tree/lifecycle,fs-sha256,0,ingest_changed,store_refs_apparent_bytes,128322
tree,tree/lifecycle,fs-sha256,0,ref_delete,store_refs_allocated_bytes,49152
tree,tree/lifecycle,fs-sha256,0,ref_delete,store_refs_apparent_bytes,42828
tree,tree/lifecycle,fs-sha256,0,gc,allocated_after_gc,27025408
tree,tree/lifecycle,fs-sha256,0,gc,allocated_before_delete,27373568
tree,tree/lifecycle,fs-sha256,0,gc,allocated_before_gc,27283456
tree,tree/lifecycle,fs-sha256,0,gc,store_refs_allocated_bytes,49152
tree,tree/lifecycle,fs-sha256,0,gc,store_refs_apparent_bytes,42828
blob,blob/backup-corpus,amber-rust-s3,0,push_initial,s3_bytes_down,1446
blob,blob/backup-corpus,amber-rust-s3,0,push_initial,s3_bytes_up,15453549
blob,blob/backup-corpus,amber-rust-s3,0,push_initial,s3_connections,3
blob,blob/backup-corpus,amber-rust-s3,0,push_initial,s3_request_body_bytes,15450205
blob,blob/backup-corpus,amber-rust-s3,0,push_initial,s3_requests_GET,2
blob,blob/backup-corpus,amber-rust-s3,0,push_initial,s3_requests_PUT,3
blob,blob/backup-corpus,amber-rust-s3,0,push_initial,s3_requests_total,5
blob,blob/backup-corpus,amber-rust-s3,0,push_initial,s3_response_body_bytes,618
blob,blob/backup-corpus,amber-rust-s3,0,push_initial,s3_responses_2xx,4
blob,blob/backup-corpus,amber-rust-s3,0,push_initial,s3_responses_4xx,1
blob,blob/backup-corpus,amber-rust-s3,0,push_initial,stored_bytes,15428620
blob,blob/backup-corpus,amber-rust-s3,0,push_initial,stored_objects,3
blob,blob/backup-corpus,amber-rust-s3,0,push_noop,s3_bytes_down,1777
blob,blob/backup-corpus,amber-rust-s3,0,push_noop,s3_bytes_up,1196
blob,blob/backup-corpus,amber-rust-s3,0,push_noop,s3_connections,1
blob,blob/backup-corpus,amber-rust-s3,0,push_noop,s3_request_body_bytes,0
blob,blob/backup-corpus,amber-rust-s3,0,push_noop,s3_requests_GET,2
blob,blob/backup-corpus,amber-rust-s3,0,push_noop,s3_requests_total,2
blob,blob/backup-corpus,amber-rust-s3,0,push_noop,s3_response_body_bytes,1551
blob,blob/backup-corpus,amber-rust-s3,0,push_noop,s3_responses_2xx,1
blob,blob/backup-corpus,amber-rust-s3,0,push_noop,s3_responses_4xx,1
blob,blob/backup-corpus,amber-rust-s3,0,push_noop,stored_bytes,15428620
blob,blob/backup-corpus,amber-rust-s3,0,push_noop,stored_objects,3
blob,blob/backup-corpus,amber-rust-s3,0,pull_fresh,delivered_logical_bytes,34237158
blob,blob/backup-corpus,amber-rust-s3,0,pull_fresh,delivered_references,1
blob,blob/backup-corpus,amber-rust-s3,0,pull_fresh,s3_bytes_down,15432775
blob,blob/backup-corpus,amber-rust-s3,0,pull_fresh,s3_bytes_up,5139
blob,blob/backup-corpus,amber-rust-s3,0,pull_fresh,s3_connections,3
blob,blob/backup-corpus,amber-rust-s3,0,pull_fresh,s3_request_body_bytes,0
blob,blob/backup-corpus,amber-rust-s3,0,pull_fresh,s3_requests_GET,7
blob,blob/backup-corpus,amber-rust-s3,0,pull_fresh,s3_requests_HEAD,1
blob,blob/backup-corpus,amber-rust-s3,0,pull_fresh,s3_requests_total,8
blob,blob/backup-corpus,amber-rust-s3,0,pull_fresh,s3_response_body_bytes,15431525
blob,blob/backup-corpus,amber-rust-s3,0,pull_fresh,s3_responses_2xx,6
blob,blob/backup-corpus,amber-rust-s3,0,pull_fresh,s3_responses_4xx,2
blob,blob/backup-corpus,amber-rust-s3,0,pull_fresh,stored_bytes,15428620
blob,blob/backup-corpus,amber-rust-s3,0,pull_fresh,stored_objects,3
blob,blob/backup-corpus,amber-rust-s3,0,push_incremental,s3_bytes_down,2179
blob,blob/backup-corpus,amber-rust-s3,0,push_incremental,s3_bytes_up,7212525
blob,blob/backup-corpus,amber-rust-s3,0,push_incremental,s3_connections,2
blob,blob/backup-corpus,amber-rust-s3,0,push_incremental,s3_request_body_bytes,7209900
blob,blob/backup-corpus,amber-rust-s3,0,push_incremental,s3_requests_GET,2
blob,blob/backup-corpus,amber-rust-s3,0,push_incremental,s3_requests_PUT,2
blob,blob/backup-corpus,amber-rust-s3,0,push_incremental,s3_requests_total,4
blob,blob/backup-corpus,amber-rust-s3,0,push_incremental,s3_response_body_bytes,1551
blob,blob/backup-corpus,amber-rust-s3,0,push_incremental,s3_responses_2xx,3
blob,blob/backup-corpus,amber-rust-s3,0,push_incremental,s3_responses_4xx,1
blob,blob/backup-corpus,amber-rust-s3,0,push_incremental,stored_bytes,15625411
blob,blob/backup-corpus,amber-rust-s3,0,push_incremental,stored_objects,3
blob,blob/backup-corpus,amber-rust-s3,0,pull_incremental,delivered_logical_bytes,34257224
blob,blob/backup-corpus,amber-rust-s3,0,pull_incremental,delivered_references,1
blob,blob/backup-corpus,amber-rust-s3,0,pull_incremental,s3_bytes_down,7203664
blob,blob/backup-corpus,amber-rust-s3,0,pull_incremental,s3_bytes_up,4522
blob,blob/backup-corpus,amber-rust-s3,0,pull_incremental,s3_connections,2
blob,blob/backup-corpus,amber-rust-s3,0,pull_incremental,s3_request_body_bytes,0
blob,blob/backup-corpus,amber-rust-s3,0,pull_incremental,s3_requests_GET,6
blob,blob/backup-corpus,amber-rust-s3,0,pull_incremental,s3_requests_HEAD,1
blob,blob/backup-corpus,amber-rust-s3,0,pull_incremental,s3_requests_total,7
blob,blob/backup-corpus,amber-rust-s3,0,pull_incremental,s3_response_body_bytes,7202645
blob,blob/backup-corpus,amber-rust-s3,0,pull_incremental,s3_responses_2xx,5
blob,blob/backup-corpus,amber-rust-s3,0,pull_incremental,s3_responses_4xx,2
blob,blob/backup-corpus,amber-rust-s3,0,pull_incremental,stored_bytes,15625411
blob,blob/backup-corpus,amber-rust-s3,0,pull_incremental,stored_objects,3
blob,blob/backup-corpus,amber-rust-s3,0,age_sealed_segments,segments_aged,2
blob,blob/backup-corpus,amber-rust-s3,0,retention_cleanup,retained_logical_bytes,34257224
blob,blob/backup-corpus,amber-rust-s3,0,retention_cleanup,retained_references,1
blob,blob/backup-corpus,amber-rust-s3,0,retention_cleanup,s3_bytes_down,3491
blob,blob/backup-corpus,amber-rust-s3,0,retention_cleanup,s3_bytes_up,15464283
blob,blob/backup-corpus,amber-rust-s3,0,retention_cleanup,s3_connections,5
blob,blob/backup-corpus,amber-rust-s3,0,retention_cleanup,s3_request_body_bytes,15459708
blob,blob/backup-corpus,amber-rust-s3,0,retention_cleanup,s3_requests_GET,2
blob,blob/backup-corpus,amber-rust-s3,0,retention_cleanup,s3_requests_POST,2
blob,blob/backup-corpus,amber-rust-s3,0,retention_cleanup,s3_requests_PUT,3
blob,blob/backup-corpus,amber-rust-s3,0,retention_cleanup,s3_requests_total,7
blob,blob/backup-corpus,amber-rust-s3,0,retention_cleanup,s3_response_body_bytes,2446
blob,blob/backup-corpus,amber-rust-s3,0,retention_cleanup,s3_responses_2xx,6
blob,blob/backup-corpus,amber-rust-s3,0,retention_cleanup,s3_responses_4xx,1
blob,blob/backup-corpus,amber-rust-s3,0,retention_cleanup,stored_bytes,15437784
blob,blob/backup-corpus,amber-rust-s3,0,retention_cleanup,stored_objects,3
git,git/history,git,0,history_store,backend_commands,27
git,git/history,git,0,history_store,commits,11
git,git/history,git,0,history_store,store_refs_allocated_bytes,36864
git,git/history,git,0,history_store,store_refs_apparent_bytes,205
git,git/history,git,0,history_store_incremental,backend_commands,10
git,git/history,git,0,history_store_incremental,commits,4
git,git/history,git,0,history_store_incremental,store_refs_allocated_bytes,36864
git,git/history,git,0,history_store_incremental,store_refs_apparent_bytes,205
git,git/history,git,0,retained_version_coverage,versions_retained,15
git,git/history,git,0,retained_version_coverage,versions_unverified,0
git,git/history,git,0,retained_version_coverage,versions_verified,15
git,git/history,amber-rust,0,history_store,backend_commands,11
git,git/history,amber-rust,0,history_store,commits,11
git,git/history,amber-rust,0,history_store,store_closures_allocated_bytes,4096
git,git/history,amber-rust,0,history_store,store_closures_apparent_bytes,0
git,git/history,amber-rust,0,history_store,store_packstore_allocated_bytes,2404352
git,git/history,amber-rust,0,history_store,store_packstore_apparent_bytes,2396320
git,git/history,amber-rust,0,history_store,store_refs_allocated_bytes,1634304
git,git/history,amber-rust,0,history_store,store_refs_apparent_bytes,3686400
git,git/history,amber-rust,0,history_store_incremental,backend_commands,4
git,git/history,amber-rust,0,history_store_incremental,commits,4
git,git/history,amber-rust,0,history_store_incremental,store_closures_allocated_bytes,4096
git,git/history,amber-rust,0,history_store_incremental,store_closures_apparent_bytes,0
git,git/history,amber-rust,0,history_store_incremental,store_packstore_allocated_bytes,2420736
git,git/history,amber-rust,0,history_store_incremental,store_packstore_apparent_bytes,2413588
git,git/history,amber-rust,0,history_store_incremental,store_refs_allocated_bytes,1634304
git,git/history,amber-rust,0,history_store_incremental,store_refs_apparent_bytes,3686400
git,git/history,amber-rust,0,list_head,cli_invocations,29
git,git/history,amber-rust,0,list_head,entries,169
git,git/history,amber-rust,0,retained_version_coverage,versions_retained,15
git,git/history,amber-rust,0,retained_version_coverage,versions_unverified,0
git,git/history,amber-rust,0,retained_version_coverage,versions_verified,15
blob,blob/nix-closure,amber-rust-s3,0,push_initial,s3_bytes_down,1243
blob,blob/nix-closure,amber-rust-s3,0,push_initial,s3_bytes_up,7116817
blob,blob/nix-closure,amber-rust-s3,0,push_initial,s3_connections,2
blob,blob/nix-closure,amber-rust-s3,0,push_initial,s3_request_body_bytes,7114198
blob,blob/nix-closure,amber-rust-s3,0,push_initial,s3_requests_GET,2
blob,blob/nix-closure,amber-rust-s3,0,push_initial,s3_requests_PUT,2
blob,blob/nix-closure,amber-rust-s3,0,push_initial,s3_requests_total,4
blob,blob/nix-closure,amber-rust-s3,0,push_initial,s3_response_body_bytes,616
blob,blob/nix-closure,amber-rust-s3,0,push_initial,s3_responses_2xx,3
blob,blob/nix-closure,amber-rust-s3,0,push_initial,s3_responses_4xx,1
blob,blob/nix-closure,amber-rust-s3,0,push_initial,stored_bytes,7104128
blob,blob/nix-closure,amber-rust-s3,0,push_initial,stored_objects,2
blob,blob/nix-closure,amber-rust-s3,0,push_noop,s3_bytes_down,1456
blob,blob/nix-closure,amber-rust-s3,0,push_noop,s3_bytes_up,1194
blob,blob/nix-closure,amber-rust-s3,0,push_noop,s3_connections,1
blob,blob/nix-closure,amber-rust-s3,0,push_noop,s3_request_body_bytes,0
blob,blob/nix-closure,amber-rust-s3,0,push_noop,s3_requests_GET,2
blob,blob/nix-closure,amber-rust-s3,0,push_noop,s3_requests_total,2
blob,blob/nix-closure,amber-rust-s3,0,push_noop,s3_response_body_bytes,1231
blob,blob/nix-closure,amber-rust-s3,0,push_noop,s3_responses_2xx,1
blob,blob/nix-closure,amber-rust-s3,0,push_noop,s3_responses_4xx,1
blob,blob/nix-closure,amber-rust-s3,0,push_noop,stored_bytes,7104128
blob,blob/nix-closure,amber-rust-s3,0,push_noop,stored_objects,2
blob,blob/nix-closure,amber-rust-s3,0,pull_fresh,delivered_logical_bytes,5768158
blob,blob/nix-closure,amber-rust-s3,0,pull_fresh,delivered_references,8
blob,blob/nix-closure,amber-rust-s3,0,pull_fresh,s3_bytes_down,7107795
blob,blob/nix-closure,amber-rust-s3,0,pull_fresh,s3_bytes_up,4550
blob,blob/nix-closure,amber-rust-s3,0,pull_fresh,s3_connections,2
blob,blob/nix-closure,amber-rust-s3,0,pull_fresh,s3_request_body_bytes,0
blob,blob/nix-closure,amber-rust-s3,0,pull_fresh,s3_requests_GET,6
blob,blob/nix-closure,amber-rust-s3,0,pull_fresh,s3_requests_HEAD,1
blob,blob/nix-closure,amber-rust-s3,0,pull_fresh,s3_requests_total,7
blob,blob/nix-closure,amber-rust-s3,0,pull_fresh,s3_response_body_bytes,7106777
blob,blob/nix-closure,amber-rust-s3,0,pull_fresh,s3_responses_2xx,5
blob,blob/nix-closure,amber-rust-s3,0,pull_fresh,s3_responses_4xx,2
blob,blob/nix-closure,amber-rust-s3,0,pull_fresh,stored_bytes,7104128
blob,blob/nix-closure,amber-rust-s3,0,pull_fresh,stored_objects,2
blob,blob/nix-closure,amber-rust-s3,0,push_incremental,s3_bytes_down,1858
blob,blob/nix-closure,amber-rust-s3,0,push_incremental,s3_bytes_up,7645035
blob,blob/nix-closure,amber-rust-s3,0,push_incremental,s3_connections,2
blob,blob/nix-closure,amber-rust-s3,0,push_incremental,s3_request_body_bytes,7642416
blob,blob/nix-closure,amber-rust-s3,0,push_incremental,s3_requests_GET,2
blob,blob/nix-closure,amber-rust-s3,0,push_incremental,s3_requests_PUT,2
blob,blob/nix-closure,amber-rust-s3,0,push_incremental,s3_requests_total,4
blob,blob/nix-closure,amber-rust-s3,0,push_incremental,s3_response_body_bytes,1231
blob,blob/nix-closure,amber-rust-s3,0,push_incremental,s3_responses_2xx,3
blob,blob/nix-closure,amber-rust-s3,0,push_incremental,s3_responses_4xx,1
blob,blob/nix-closure,amber-rust-s3,0,push_incremental,stored_bytes,7631626
blob,blob/nix-closure,amber-rust-s3,0,push_incremental,stored_objects,2
blob,blob/nix-closure,amber-rust-s3,0,pull_incremental,delivered_logical_bytes,6030405
blob,blob/nix-closure,amber-rust-s3,0,pull_incremental,delivered_references,9
blob,blob/nix-closure,amber-rust-s3,0,pull_incremental,s3_bytes_down,7635293
blob,blob/nix-closure,amber-rust-s3,0,pull_incremental,s3_bytes_up,4550
blob,blob/nix-closure,amber-rust-s3,0,pull_incremental,s3_connections,2
blob,blob/nix-closure,amber-rust-s3,0,pull_incremental,s3_request_body_bytes,0
blob,blob/nix-closure,amber-rust-s3,0,pull_incremental,s3_requests_GET,6
blob,blob/nix-closure,amber-rust-s3,0,pull_incremental,s3_requests_HEAD,1
blob,blob/nix-closure,amber-rust-s3,0,pull_incremental,s3_requests_total,7
blob,blob/nix-closure,amber-rust-s3,0,pull_incremental,s3_response_body_bytes,7634275
blob,blob/nix-closure,amber-rust-s3,0,pull_incremental,s3_responses_2xx,5
blob,blob/nix-closure,amber-rust-s3,0,pull_incremental,s3_responses_4xx,2
blob,blob/nix-closure,amber-rust-s3,0,pull_incremental,stored_bytes,7631626
blob,blob/nix-closure,amber-rust-s3,0,pull_incremental,stored_objects,2
blob,blob/nix-closure,amber-rust-s3,0,age_sealed_segments,segments_aged,1
blob,blob/nix-closure,amber-rust-s3,0,retention_cleanup,retained_logical_bytes,6030405
blob,blob/nix-closure,amber-rust-s3,0,retention_cleanup,retained_references,9
blob,blob/nix-closure,amber-rust-s3,0,retention_cleanup,s3_bytes_down,2415
blob,blob/nix-closure,amber-rust-s3,0,retention_cleanup,s3_bytes_up,7652468
blob,blob/nix-closure,amber-rust-s3,0,retention_cleanup,s3_connections,3
blob,blob/nix-closure,amber-rust-s3,0,retention_cleanup,s3_request_body_bytes,7649237
blob,blob/nix-closure,amber-rust-s3,0,retention_cleanup,s3_requests_GET,2
blob,blob/nix-closure,amber-rust-s3,0,retention_cleanup,s3_requests_POST,1
blob,blob/nix-closure,amber-rust-s3,0,retention_cleanup,s3_requests_PUT,2
blob,blob/nix-closure,amber-rust-s3,0,retention_cleanup,s3_requests_total,5
blob,blob/nix-closure,amber-rust-s3,0,retention_cleanup,s3_response_body_bytes,1680
blob,blob/nix-closure,amber-rust-s3,0,retention_cleanup,s3_responses_2xx,4
blob,blob/nix-closure,amber-rust-s3,0,retention_cleanup,s3_responses_4xx,1
blob,blob/nix-closure,amber-rust-s3,0,retention_cleanup,stored_bytes,7638276
blob,blob/nix-closure,amber-rust-s3,0,retention_cleanup,stored_objects,2
blob,blob/backup-corpus,amber-go-s3,0,push_initial,s3_bytes_down,2449
blob,blob/backup-corpus,amber-go-s3,0,push_initial,s3_bytes_up,11784362
blob,blob/backup-corpus,amber-go-s3,0,push_initial,s3_connections,8
blob,blob/backup-corpus,amber-go-s3,0,push_initial,s3_request_body_bytes,11777476
blob,blob/backup-corpus,amber-go-s3,0,push_initial,s3_requests_GET,2
blob,blob/backup-corpus,amber-go-s3,0,push_initial,s3_requests_PUT,8
blob,blob/backup-corpus,amber-go-s3,0,push_initial,s3_requests_total,10
blob,blob/backup-corpus,amber-go-s3,0,push_initial,s3_response_body_bytes,616
blob,blob/backup-corpus,amber-go-s3,0,push_initial,s3_responses_2xx,9
blob,blob/backup-corpus,amber-go-s3,0,push_initial,s3_responses_4xx,1
blob,blob/backup-corpus,amber-go-s3,0,push_initial,stored_bytes,11760328
blob,blob/backup-corpus,amber-go-s3,0,push_initial,stored_objects,8
blob,blob/backup-corpus,amber-go-s3,0,push_noop,s3_bytes_down,3277
blob,blob/backup-corpus,amber-go-s3,0,push_noop,s3_bytes_up,1194
blob,blob/backup-corpus,amber-go-s3,0,push_noop,s3_connections,1
blob,blob/backup-corpus,amber-go-s3,0,push_noop,s3_request_body_bytes,0
blob,blob/backup-corpus,amber-go-s3,0,push_noop,s3_requests_GET,2
blob,blob/backup-corpus,amber-go-s3,0,push_noop,s3_requests_total,2
blob,blob/backup-corpus,amber-go-s3,0,push_noop,s3_response_body_bytes,3051
blob,blob/backup-corpus,amber-go-s3,0,push_noop,s3_responses_2xx,1
blob,blob/backup-corpus,amber-go-s3,0,push_noop,s3_responses_4xx,1
blob,blob/backup-corpus,amber-go-s3,0,push_noop,stored_bytes,11760328
blob,blob/backup-corpus,amber-go-s3,0,push_noop,stored_objects,8
blob,blob/backup-corpus,amber-go-s3,0,pull_fresh,delivered_logical_bytes,34237158
blob,blob/backup-corpus,amber-go-s3,0,pull_fresh,delivered_references,1
blob,blob/backup-corpus,amber-go-s3,0,pull_fresh,s3_bytes_down,11767085
blob,blob/backup-corpus,amber-go-s3,0,pull_fresh,s3_bytes_up,8183
blob,blob/backup-corpus,amber-go-s3,0,pull_fresh,s3_connections,8
blob,blob/backup-corpus,amber-go-s3,0,pull_fresh,s3_request_body_bytes,0
blob,blob/backup-corpus,amber-go-s3,0,pull_fresh,s3_requests_GET,12
blob,blob/backup-corpus,amber-go-s3,0,pull_fresh,s3_requests_HEAD,1
blob,blob/backup-corpus,amber-go-s3,0,pull_fresh,s3_requests_total,13
blob,blob/backup-corpus,amber-go-s3,0,pull_fresh,s3_response_body_bytes,11764725
blob,blob/backup-corpus,amber-go-s3,0,pull_fresh,s3_responses_2xx,11
blob,blob/backup-corpus,amber-go-s3,0,pull_fresh,s3_responses_4xx,2
blob,blob/backup-corpus,amber-go-s3,0,pull_fresh,stored_bytes,11760328
blob,blob/backup-corpus,amber-go-s3,0,pull_fresh,stored_objects,8
blob,blob/backup-corpus,amber-go-s3,0,push_incremental,s3_bytes_down,6321
blob,blob/backup-corpus,amber-go-s3,0,push_incremental,s3_bytes_up,3488376
blob,blob/backup-corpus,amber-go-s3,0,push_incremental,s3_connections,9
blob,blob/backup-corpus,amber-go-s3,0,push_incremental,s3_request_body_bytes,3480381
blob,blob/backup-corpus,amber-go-s3,0,push_incremental,s3_requests_GET,2
blob,blob/backup-corpus,amber-go-s3,0,push_incremental,s3_requests_POST,3
blob,blob/backup-corpus,amber-go-s3,0,push_incremental,s3_requests_PUT,7
blob,blob/backup-corpus,amber-go-s3,0,push_incremental,s3_requests_total,12
blob,blob/backup-corpus,amber-go-s3,0,push_incremental,s3_response_body_bytes,4364
blob,blob/backup-corpus,amber-go-s3,0,push_incremental,s3_responses_2xx,11
blob,blob/backup-corpus,amber-go-s3,0,push_incremental,s3_responses_4xx,1
blob,blob/backup-corpus,amber-go-s3,0,push_incremental,stored_bytes,11957942
blob,blob/backup-corpus,amber-go-s3,0,push_incremental,stored_objects,10
blob,blob/backup-corpus,amber-go-s3,0,pull_incremental,delivered_logical_bytes,34257224
blob,blob/backup-corpus,amber-go-s3,0,pull_incremental,delivered_references,1
blob,blob/backup-corpus,amber-go-s3,0,pull_incremental,s3_bytes_down,3481300
blob,blob/backup-corpus,amber-go-s3,0,pull_incremental,s3_bytes_up,7546
blob,blob/backup-corpus,amber-go-s3,0,pull_incremental,s3_connections,7
blob,blob/backup-corpus,amber-go-s3,0,pull_incremental,s3_request_body_bytes,0
blob,blob/backup-corpus,amber-go-s3,0,pull_incremental,s3_requests_GET,11
blob,blob/backup-corpus,amber-go-s3,0,pull_incremental,s3_requests_HEAD,1
blob,blob/backup-corpus,amber-go-s3,0,pull_incremental,s3_requests_total,12
blob,blob/backup-corpus,amber-go-s3,0,pull_incremental,s3_response_body_bytes,3479169
blob,blob/backup-corpus,amber-go-s3,0,pull_incremental,s3_responses_2xx,10
blob,blob/backup-corpus,amber-go-s3,0,pull_incremental,s3_responses_4xx,2
blob,blob/backup-corpus,amber-go-s3,0,pull_incremental,stored_bytes,11957942
blob,blob/backup-corpus,amber-go-s3,0,pull_incremental,stored_objects,10
blob,blob/backup-corpus,amber-go-s3,0,age_sealed_segments,segments_aged,2
blob,blob/backup-corpus,amber-go-s3,0,retention_cleanup,retained_logical_bytes,34257224
blob,blob/backup-corpus,amber-go-s3,0,retention_cleanup,retained_references,1
blob,blob/backup-corpus,amber-go-s3,0,retention_cleanup,s3_bytes_down,10036
blob,blob/backup-corpus,amber-go-s3,0,retention_cleanup,s3_bytes_up,11811908
blob,blob/backup-corpus,amber-go-s3,0,retention_cleanup,s3_connections,13
blob,blob/backup-corpus,amber-go-s3,0,retention_cleanup,s3_request_body_bytes,11799457
blob,blob/backup-corpus,amber-go-s3,0,retention_cleanup,s3_requests_GET,2
blob,blob/backup-corpus,amber-go-s3,0,retention_cleanup,s3_requests_POST,8
blob,blob/backup-corpus,amber-go-s3,0,retention_cleanup,s3_requests_PUT,9
blob,blob/backup-corpus,amber-go-s3,0,retention_cleanup,s3_requests_total,19
blob,blob/backup-corpus,amber-go-s3,0,retention_cleanup,s3_response_body_bytes,7137
blob,blob/backup-corpus,amber-go-s3,0,retention_cleanup,s3_responses_2xx,18
blob,blob/backup-corpus,amber-go-s3,0,retention_cleanup,s3_responses_4xx,1
blob,blob/backup-corpus,amber-go-s3,0,retention_cleanup,stored_bytes,11780689
blob,blob/backup-corpus,amber-go-s3,0,retention_cleanup,stored_objects,10
blob,blob/source-history,git-bundle-s3,0,push_initial,s3_bytes_down,1047
blob,blob/source-history,git-bundle-s3,0,push_initial,s3_bytes_up,2363009
blob,blob/source-history,git-bundle-s3,0,push_initial,s3_connections,1
blob,blob/source-history,git-bundle-s3,0,push_initial,s3_request_body_bytes,2361107
blob,blob/source-history,git-bundle-s3,0,push_initial,s3_requests_GET,2
blob,blob/source-history,git-bundle-s3,0,push_initial,s3_requests_PUT,1
blob,blob/source-history,git-bundle-s3,0,push_initial,s3_requests_total,3
blob,blob/source-history,git-bundle-s3,0,push_initial,s3_response_body_bytes,621
blob,blob/source-history,git-bundle-s3,0,push_initial,s3_responses_2xx,2
blob,blob/source-history,git-bundle-s3,0,push_initial,s3_responses_4xx,1
blob,blob/source-history,git-bundle-s3,0,push_initial,stored_bytes,2357782
blob,blob/source-history,git-bundle-s3,0,push_initial,stored_objects,1
blob,blob/source-history,git-bundle-s3,0,push_noop,s3_bytes_down,1142
blob,blob/source-history,git-bundle-s3,0,push_noop,s3_bytes_up,1199
blob,blob/source-history,git-bundle-s3,0,push_noop,s3_connections,1
blob,blob/source-history,git-bundle-s3,0,push_noop,s3_request_body_bytes,0
blob,blob/source-history,git-bundle-s3,0,push_noop,s3_requests_GET,2
blob,blob/source-history,git-bundle-s3,0,push_noop,s3_requests_total,2
blob,blob/source-history,git-bundle-s3,0,push_noop,s3_response_body_bytes,917
blob,blob/source-history,git-bundle-s3,0,push_noop,s3_responses_2xx,1
blob,blob/source-history,git-bundle-s3,0,push_noop,s3_responses_4xx,1
blob,blob/source-history,git-bundle-s3,0,push_noop,stored_bytes,2357782
blob,blob/source-history,git-bundle-s3,0,push_noop,stored_objects,1
blob,blob/source-history,git-bundle-s3,0,pull_fresh,delivered_logical_bytes,22526976
blob,blob/source-history,git-bundle-s3,0,pull_fresh,delivered_references,11
blob,blob/source-history,git-bundle-s3,0,pull_fresh,s3_bytes_down,2360060
blob,blob/source-history,git-bundle-s3,0,pull_fresh,s3_bytes_up,3096
blob,blob/source-history,git-bundle-s3,0,pull_fresh,s3_connections,1
blob,blob/source-history,git-bundle-s3,0,pull_fresh,s3_request_body_bytes,0
blob,blob/source-history,git-bundle-s3,0,pull_fresh,s3_requests_GET,4
blob,blob/source-history,git-bundle-s3,0,pull_fresh,s3_requests_HEAD,1
blob,blob/source-history,git-bundle-s3,0,pull_fresh,s3_requests_total,5
blob,blob/source-history,git-bundle-s3,0,pull_fresh,s3_response_body_bytes,2359381
blob,blob/source-history,git-bundle-s3,0,pull_fresh,s3_responses_2xx,3
blob,blob/source-history,git-bundle-s3,0,pull_fresh,s3_responses_4xx,2
blob,blob/source-history,git-bundle-s3,0,pull_fresh,stored_bytes,2357782
blob,blob/source-history,git-bundle-s3,0,pull_fresh,stored_objects,1
blob,blob/source-history,git-bundle-s3,0,push_incremental,s3_bytes_down,1343
blob,blob/source-history,git-bundle-s3,0,push_incremental,s3_bytes_up,19661
blob,blob/source-history,git-bundle-s3,0,push_incremental,s3_connections,1
blob,blob/source-history,git-bundle-s3,0,push_incremental,s3_request_body_bytes,17756
blob,blob/source-history,git-bundle-s3,0,push_incremental,s3_requests_GET,2
blob,blob/source-history,git-bundle-s3,0,push_incremental,s3_requests_PUT,1
blob,blob/source-history,git-bundle-s3,0,push_incremental,s3_requests_total,3
blob,blob/source-history,git-bundle-s3,0,push_incremental,s3_response_body_bytes,917
blob,blob/source-history,git-bundle-s3,0,push_incremental,s3_responses_2xx,2
blob,blob/source-history,git-bundle-s3,0,push_incremental,s3_responses_4xx,1
blob,blob/source-history,git-bundle-s3,0,push_incremental,stored_bytes,2375363
blob,blob/source-history,git-bundle-s3,0,push_incremental,stored_objects,2
blob,blob/source-history,git-bundle-s3,0,pull_incremental,delivered_logical_bytes,8192000
blob,blob/source-history,git-bundle-s3,0,pull_incremental,delivered_references,4
blob,blob/source-history,git-bundle-s3,0,pull_incremental,s3_bytes_down,21272
blob,blob/source-history,git-bundle-s3,0,pull_incremental,s3_bytes_up,3929
blob,blob/source-history,git-bundle-s3,0,pull_incremental,s3_connections,1
blob,blob/source-history,git-bundle-s3,0,pull_incremental,s3_request_body_bytes,0
blob,blob/source-history,git-bundle-s3,0,pull_incremental,s3_requests_GET,5
blob,blob/source-history,git-bundle-s3,0,pull_incremental,s3_requests_HEAD,1
blob,blob/source-history,git-bundle-s3,0,pull_incremental,s3_requests_total,6
blob,blob/source-history,git-bundle-s3,0,pull_incremental,s3_response_body_bytes,20487
blob,blob/source-history,git-bundle-s3,0,pull_incremental,s3_responses_2xx,4
blob,blob/source-history,git-bundle-s3,0,pull_incremental,s3_responses_4xx,2
blob,blob/source-history,git-bundle-s3,0,pull_incremental,stored_bytes,2375363
blob,blob/source-history,git-bundle-s3,0,pull_incremental,stored_objects,2
blob,blob/source-history,git-bundle-s3,0,retention_cleanup,retained_logical_bytes,30718976
blob,blob/source-history,git-bundle-s3,0,retention_cleanup,retained_references,15
blob,blob/source-history,git-bundle-s3,0,retention_cleanup,s3_bytes_down,3796
blob,blob/source-history,git-bundle-s3,0,retention_cleanup,s3_bytes_up,2377478
blob,blob/source-history,git-bundle-s3,0,retention_cleanup,s3_connections,3
blob,blob/source-history,git-bundle-s3,0,retention_cleanup,s3_request_body_bytes,2370803
blob,blob/source-history,git-bundle-s3,0,retention_cleanup,s3_requests_GET,4
blob,blob/source-history,git-bundle-s3,0,retention_cleanup,s3_requests_HEAD,4
blob,blob/source-history,git-bundle-s3,0,retention_cleanup,s3_requests_POST,2
blob,blob/source-history,git-bundle-s3,0,retention_cleanup,s3_requests_PUT,1
blob,blob/source-history,git-bundle-s3,0,retention_cleanup,s3_requests_total,11
blob,blob/source-history,git-bundle-s3,0,retention_cleanup,s3_response_body_bytes,2000
blob,blob/source-history,git-bundle-s3,0,retention_cleanup,s3_responses_2xx,8
blob,blob/source-history,git-bundle-s3,0,retention_cleanup,s3_responses_4xx,3
blob,blob/source-history,git-bundle-s3,0,retention_cleanup,stored_bytes,2367081
blob,blob/source-history,git-bundle-s3,0,retention_cleanup,stored_objects,1
backup,backup/retention,amber-go,0,backup_initial,store_closures_allocated_bytes,4096
backup,backup/retention,amber-go,0,backup_initial,store_closures_apparent_bytes,0
backup,backup/retention,amber-go,0,backup_initial,store_packstore_allocated_bytes,11759616
backup,backup/retention,amber-go,0,backup_initial,store_packstore_apparent_bytes,11753499
backup,backup/retention,amber-go,0,backup_initial,store_refs_allocated_bytes,4628480
backup,backup/retention,amber-go,0,backup_initial,store_refs_apparent_bytes,2919
backup,backup/retention,amber-go,0,backup_unchanged,store_closures_allocated_bytes,4096
backup,backup/retention,amber-go,0,backup_unchanged,store_closures_apparent_bytes,0
backup,backup/retention,amber-go,0,backup_unchanged,store_packstore_allocated_bytes,11759616
backup,backup/retention,amber-go,0,backup_unchanged,store_packstore_apparent_bytes,11753499
backup,backup/retention,amber-go,0,backup_unchanged,store_refs_allocated_bytes,4636672
backup,backup/retention,amber-go,0,backup_unchanged,store_refs_apparent_bytes,3646
backup,backup/retention,amber-go,0,backup_changed,store_closures_allocated_bytes,4096
backup,backup/retention,amber-go,0,backup_changed,store_closures_apparent_bytes,0
backup,backup/retention,amber-go,0,backup_changed,store_packstore_allocated_bytes,11956224
backup,backup/retention,amber-go,0,backup_changed,store_packstore_apparent_bytes,11950402
backup,backup/retention,amber-go,0,backup_changed,store_refs_allocated_bytes,4640768
backup,backup/retention,amber-go,0,backup_changed,store_refs_apparent_bytes,4379
backup,backup/retention,amber-go,0,backup_changed_again,store_closures_allocated_bytes,4096
backup,backup/retention,amber-go,0,backup_changed_again,store_closures_apparent_bytes,0
backup,backup/retention,amber-go,0,backup_changed_again,store_packstore_allocated_bytes,12152832
backup,backup/retention,amber-go,0,backup_changed_again,store_packstore_apparent_bytes,12145175
backup,backup/retention,amber-go,0,backup_changed_again,store_refs_allocated_bytes,4644864
backup,backup/retention,amber-go,0,backup_changed_again,store_refs_apparent_bytes,5099
backup,backup/retention,amber-go,0,list_snapshot,cli_invocations,29
backup,backup/retention,amber-go,0,list_snapshot,entries,256
backup,backup/retention,amber-go,0,forget_oldest,store_closures_allocated_bytes,4096
backup,backup/retention,amber-go,0,forget_oldest,store_closures_apparent_bytes,0
backup,backup/retention,amber-go,0,forget_oldest,store_packstore_allocated_bytes,12152832
backup,backup/retention,amber-go,0,forget_oldest,store_packstore_apparent_bytes,12145175
backup,backup/retention,amber-go,0,forget_oldest,store_refs_allocated_bytes,4636672
backup,backup/retention,amber-go,0,forget_oldest,store_refs_apparent_bytes,4179
backup,backup/retention,amber-go,0,age_sealed_segments,segments_aged,2
backup,backup/retention,amber-go,0,prune,allocated_after_prune,12062720
backup,backup/retention,amber-go,0,prune,allocated_before_forget,12197888
backup,backup/retention,amber-go,0,prune,reclaimed_packstore_bytes,126976
backup,backup/retention,amber-go,0,prune,store_closures_allocated_bytes,4096
backup,backup/retention,amber-go,0,prune,store_closures_apparent_bytes,0
backup,backup/retention,amber-go,0,prune,store_packstore_allocated_bytes,12025856
backup,backup/retention,amber-go,0,prune,store_packstore_apparent_bytes,12018448
backup,backup/retention,amber-go,0,prune,store_refs_allocated_bytes,28672
backup,backup/retention,amber-go,0,prune,store_refs_apparent_bytes,4675
nix,nix/closure,nix,0,gc,allocated_before_delete,17125376
tree,tree/lifecycle,amber-go,0,ingest_fresh,store_closures_allocated_bytes,4096
tree,tree/lifecycle,amber-go,0,ingest_fresh,store_closures_apparent_bytes,0
tree,tree/lifecycle,amber-go,0,ingest_fresh,store_packstore_allocated_bytes,11763712
tree,tree/lifecycle,amber-go,0,ingest_fresh,store_packstore_apparent_bytes,11755915
tree,tree/lifecycle,amber-go,0,ingest_fresh,store_refs_allocated_bytes,4628480
tree,tree/lifecycle,amber-go,0,ingest_fresh,store_refs_apparent_bytes,2917
tree,tree/lifecycle,amber-go,0,ingest_repeat,store_closures_allocated_bytes,4096
tree,tree/lifecycle,amber-go,0,ingest_repeat,store_closures_apparent_bytes,0
tree,tree/lifecycle,amber-go,0,ingest_repeat,store_packstore_allocated_bytes,11763712
tree,tree/lifecycle,amber-go,0,ingest_repeat,store_packstore_apparent_bytes,11755915
tree,tree/lifecycle,amber-go,0,ingest_repeat,store_refs_allocated_bytes,4636672
tree,tree/lifecycle,amber-go,0,ingest_repeat,store_refs_apparent_bytes,3640
tree,tree/lifecycle,amber-go,0,ingest_changed,store_closures_allocated_bytes,4096
tree,tree/lifecycle,amber-go,0,ingest_changed,store_closures_apparent_bytes,0
tree,tree/lifecycle,amber-go,0,ingest_changed,store_packstore_allocated_bytes,11964416
tree,tree/lifecycle,amber-go,0,ingest_changed,store_packstore_apparent_bytes,11952818
tree,tree/lifecycle,amber-go,0,ingest_changed,store_refs_allocated_bytes,4640768
tree,tree/lifecycle,amber-go,0,ingest_changed,store_refs_apparent_bytes,4367
tree,tree/lifecycle,amber-go,0,list_recursive,cli_invocations,28
tree,tree/lifecycle,amber-go,0,list_recursive,directories,27
tree,tree/lifecycle,amber-go,0,list_recursive,entries,256
tree,tree/lifecycle,amber-go,0,ref_delete,store_closures_allocated_bytes,4096
tree,tree/lifecycle,amber-go,0,ref_delete,store_closures_apparent_bytes,0
tree,tree/lifecycle,amber-go,0,ref_delete,store_packstore_allocated_bytes,11964416
tree,tree/lifecycle,amber-go,0,ref_delete,store_packstore_apparent_bytes,11952818
tree,tree/lifecycle,amber-go,0,ref_delete,store_refs_allocated_bytes,4636672
tree,tree/lifecycle,amber-go,0,ref_delete,store_refs_apparent_bytes,4029
tree,tree/lifecycle,amber-go,0,age_sealed_segments,segments_aged,2
tree,tree/lifecycle,amber-go,0,gc,allocated_after_gc,11837440
tree,tree/lifecycle,amber-go,0,gc,allocated_before_delete,12005376
tree,tree/lifecycle,amber-go,0,gc,allocated_before_gc,16609280
tree,tree/lifecycle,amber-go,0,gc,reclaimed_packstore_bytes,163840
tree,tree/lifecycle,amber-go,0,gc,store_closures_allocated_bytes,4096
tree,tree/lifecycle,amber-go,0,gc,store_closures_apparent_bytes,0
tree,tree/lifecycle,amber-go,0,gc,store_packstore_allocated_bytes,11800576
tree,tree/lifecycle,amber-go,0,gc,store_packstore_apparent_bytes,11794801
tree,tree/lifecycle,amber-go,0,gc,store_refs_allocated_bytes,28672
tree,tree/lifecycle,amber-go,0,gc,store_refs_apparent_bytes,4570
nix,nix/closure,amber-rust,0,import_initial,store_closures_allocated_bytes,4096
nix,nix/closure,amber-rust,0,import_initial,store_closures_apparent_bytes,0
nix,nix/closure,amber-rust,0,import_initial,store_packstore_allocated_bytes,3424256
nix,nix/closure,amber-rust,0,import_initial,store_packstore_apparent_bytes,3417728
nix,nix/closure,amber-rust,0,import_initial,store_refs_allocated_bytes,1634304
nix,nix/closure,amber-rust,0,import_initial,store_refs_apparent_bytes,3686400
nix,nix/closure,amber-rust,0,import_repeat,store_closures_allocated_bytes,4096
nix,nix/closure,amber-rust,0,import_repeat,store_closures_apparent_bytes,0
nix,nix/closure,amber-rust,0,import_repeat,store_packstore_allocated_bytes,3424256
nix,nix/closure,amber-rust,0,import_repeat,store_packstore_apparent_bytes,3417728
nix,nix/closure,amber-rust,0,import_repeat,store_refs_allocated_bytes,1634304
nix,nix/closure,amber-rust,0,import_repeat,store_refs_apparent_bytes,3686400
nix,nix/closure,amber-rust,0,import_incremental,store_closures_allocated_bytes,4096
nix,nix/closure,amber-rust,0,import_incremental,store_closures_apparent_bytes,0
nix,nix/closure,amber-rust,0,import_incremental,store_packstore_allocated_bytes,3952640
nix,nix/closure,amber-rust,0,import_incremental,store_packstore_apparent_bytes,3945226
nix,nix/closure,amber-rust,0,import_incremental,store_refs_allocated_bytes,1634304
nix,nix/closure,amber-rust,0,import_incremental,store_refs_apparent_bytes,3686400
nix,nix/closure,amber-rust,0,delete_path,store_closures_allocated_bytes,4096
nix,nix/closure,amber-rust,0,delete_path,store_closures_apparent_bytes,0
nix,nix/closure,amber-rust,0,delete_path,store_packstore_allocated_bytes,3952640
nix,nix/closure,amber-rust,0,delete_path,store_packstore_apparent_bytes,3945226
nix,nix/closure,amber-rust,0,delete_path,store_refs_allocated_bytes,1634304
nix,nix/closure,amber-rust,0,delete_path,store_refs_apparent_bytes,3686400
nix,nix/closure,amber-rust,0,age_sealed_segments,segments_aged,1
nix,nix/closure,amber-rust,0,gc,allocated_before_delete,5595136
nix,nix/closure,amber-rust,0,gc,reclaimed_packstore_bytes,-4096
nix,nix/closure,amber-rust,0,gc,store_closures_allocated_bytes,4096
nix,nix/closure,amber-rust,0,gc,store_closures_apparent_bytes,0
nix,nix/closure,amber-rust,0,gc,store_packstore_allocated_bytes,3956736
nix,nix/closure,amber-rust,0,gc,store_packstore_apparent_bytes,3951876
nix,nix/closure,amber-rust,0,gc,store_refs_allocated_bytes,1634304
nix,nix/closure,amber-rust,0,gc,store_refs_apparent_bytes,3686400
git,git/history,amber-go,0,history_store,backend_commands,11
git,git/history,amber-go,0,history_store,commits,11
git,git/history,amber-go,0,history_store,store_closures_allocated_bytes,4096
git,git/history,amber-go,0,history_store,store_closures_apparent_bytes,0
git,git/history,amber-go,0,history_store,store_packstore_allocated_bytes,2404352
git,git/history,amber-go,0,history_store,store_packstore_apparent_bytes,2396235
git,git/history,amber-go,0,history_store,store_refs_allocated_bytes,4673536
git,git/history,amber-go,0,history_store,store_refs_apparent_bytes,10425
git,git/history,amber-go,0,history_store_incremental,backend_commands,4
git,git/history,amber-go,0,history_store_incremental,commits,4
git,git/history,amber-go,0,history_store_incremental,store_closures_allocated_bytes,4096
git,git/history,amber-go,0,history_store_incremental,store_closures_apparent_bytes,0
git,git/history,amber-go,0,history_store_incremental,store_packstore_allocated_bytes,2420736
git,git/history,amber-go,0,history_store_incremental,store_packstore_apparent_bytes,2413558
git,git/history,amber-go,0,history_store_incremental,store_refs_allocated_bytes,4689920
git,git/history,amber-go,0,history_store_incremental,store_refs_apparent_bytes,13417
git,git/history,amber-go,0,list_head,cli_invocations,29
git,git/history,amber-go,0,list_head,entries,169
git,git/history,amber-go,0,retained_version_coverage,versions_retained,15
git,git/history,amber-go,0,retained_version_coverage,versions_unverified,0
git,git/history,amber-go,0,retained_version_coverage,versions_verified,15
backup,backup/retention,restic,0,backup_initial,store_data_allocated_bytes,17330176
backup,backup/retention,restic,0,backup_initial,store_data_apparent_bytes,16274517
backup,backup/retention,restic,0,backup_initial,store_index_allocated_bytes,20480
backup,backup/retention,restic,0,backup_initial,store_index_apparent_bytes,12899
backup,backup/retention,restic,0,backup_initial,store_snapshots_allocated_bytes,8192
backup,backup/retention,restic,0,backup_initial,store_snapshots_apparent_bytes,410
backup,backup/retention,restic,0,backup_unchanged,store_data_allocated_bytes,17330176
backup,backup/retention,restic,0,backup_unchanged,store_data_apparent_bytes,16274517
backup,backup/retention,restic,0,backup_unchanged,store_index_allocated_bytes,20480
backup,backup/retention,restic,0,backup_unchanged,store_index_apparent_bytes,12899
backup,backup/retention,restic,0,backup_unchanged,store_snapshots_allocated_bytes,12288
backup,backup/retention,restic,0,backup_unchanged,store_snapshots_apparent_bytes,860
backup,backup/retention,restic,0,backup_changed,store_data_allocated_bytes,17543168
backup,backup/retention,restic,0,backup_changed,store_data_apparent_bytes,16483684
backup,backup/retention,restic,0,backup_changed,store_index_allocated_bytes,24576
backup,backup/retention,restic,0,backup_changed,store_index_apparent_bytes,16788
backup,backup/retention,restic,0,backup_changed,store_snapshots_allocated_bytes,16384
backup,backup/retention,restic,0,backup_changed,store_snapshots_apparent_bytes,1267
backup,backup/retention,restic,0,backup_changed_again,store_data_allocated_bytes,17756160
backup,backup/retention,restic,0,backup_changed_again,store_data_apparent_bytes,16690920
backup,backup/retention,restic,0,backup_changed_again,store_index_allocated_bytes,28672
backup,backup/retention,restic,0,backup_changed_again,store_index_apparent_bytes,20616
backup,backup/retention,restic,0,backup_changed_again,store_snapshots_allocated_bytes,20480
backup,backup/retention,restic,0,backup_changed_again,store_snapshots_apparent_bytes,1673
backup,backup/retention,restic,0,forget_oldest,store_data_allocated_bytes,17756160
backup,backup/retention,restic,0,forget_oldest,store_data_apparent_bytes,16690920
backup,backup/retention,restic,0,forget_oldest,store_index_allocated_bytes,28672
backup,backup/retention,restic,0,forget_oldest,store_index_apparent_bytes,20616
backup,backup/retention,restic,0,forget_oldest,store_snapshots_allocated_bytes,12288
backup,backup/retention,restic,0,forget_oldest,store_snapshots_apparent_bytes,813
backup,backup/retention,restic,0,prune,allocated_after_prune,17629184
backup,backup/retention,restic,0,prune,allocated_before_forget,17825792
backup,backup/retention,restic,0,prune,store_data_allocated_bytes,17571840
backup,backup/retention,restic,0,prune,store_data_apparent_bytes,16502190
backup,backup/retention,restic,0,prune,store_index_allocated_bytes,24576
backup,backup/retention,restic,0,prune,store_index_apparent_bytes,16638
backup,backup/retention,restic,0,prune,store_snapshots_allocated_bytes,12288
backup,backup/retention,restic,0,prune,store_snapshots_apparent_bytes,813
tree,tree/lifecycle,git,0,ingest_fresh,store_refs_allocated_bytes,16384
tree,tree/lifecycle,git,0,ingest_fresh,store_refs_apparent_bytes,41
tree,tree/lifecycle,git,0,ingest_repeat,store_refs_allocated_bytes,20480
tree,tree/lifecycle,git,0,ingest_repeat,store_refs_apparent_bytes,82
tree,tree/lifecycle,git,0,ingest_changed,store_refs_allocated_bytes,24576
tree,tree/lifecycle,git,0,ingest_changed,store_refs_apparent_bytes,123
tree,tree/lifecycle,git,0,ref_delete,store_refs_allocated_bytes,16384
tree,tree/lifecycle,git,0,ref_delete,store_refs_apparent_bytes,41
tree,tree/lifecycle,git,0,gc,allocated_after_gc,11755520
tree,tree/lifecycle,git,0,gc,allocated_before_delete,23441408
tree,tree/lifecycle,git,0,gc,allocated_before_gc,23425024
tree,tree/lifecycle,git,0,gc,store_refs_allocated_bytes,12288
tree,tree/lifecycle,git,0,gc,store_refs_apparent_bytes,0
tree,tree/lifecycle,amber-rust,0,ingest_fresh,store_closures_allocated_bytes,4096
tree,tree/lifecycle,amber-rust,0,ingest_fresh,store_closures_apparent_bytes,0
tree,tree/lifecycle,amber-rust,0,ingest_fresh,store_packstore_allocated_bytes,11751424
tree,tree/lifecycle,amber-rust,0,ingest_fresh,store_packstore_apparent_bytes,11742608
tree,tree/lifecycle,amber-rust,0,ingest_fresh,store_refs_allocated_bytes,1626112
tree,tree/lifecycle,amber-rust,0,ingest_fresh,store_refs_apparent_bytes,3686400
tree,tree/lifecycle,amber-rust,0,ingest_repeat,store_closures_allocated_bytes,4096
tree,tree/lifecycle,amber-rust,0,ingest_repeat,store_closures_apparent_bytes,0
tree,tree/lifecycle,amber-rust,0,ingest_repeat,store_packstore_allocated_bytes,11751424
tree,tree/lifecycle,amber-rust,0,ingest_repeat,store_packstore_apparent_bytes,11742608
tree,tree/lifecycle,amber-rust,0,ingest_repeat,store_refs_allocated_bytes,1634304
tree,tree/lifecycle,amber-rust,0,ingest_repeat,store_refs_apparent_bytes,3686400
tree,tree/lifecycle,amber-rust,0,ingest_changed,store_closures_allocated_bytes,4096
tree,tree/lifecycle,amber-rust,0,ingest_changed,store_closures_apparent_bytes,0
tree,tree/lifecycle,amber-rust,0,ingest_changed,store_packstore_allocated_bytes,11948032
tree,tree/lifecycle,amber-rust,0,ingest_changed,store_packstore_apparent_bytes,11939399
tree,tree/lifecycle,amber-rust,0,ingest_changed,store_refs_allocated_bytes,1634304
tree,tree/lifecycle,amber-rust,0,ingest_changed,store_refs_apparent_bytes,3686400
tree,tree/lifecycle,amber-rust,0,list_recursive,cli_invocations,28
tree,tree/lifecycle,amber-rust,0,list_recursive,directories,27
tree,tree/lifecycle,amber-rust,0,list_recursive,entries,256
tree,tree/lifecycle,amber-rust,0,ref_delete,store_closures_allocated_bytes,4096
tree,tree/lifecycle,amber-rust,0,ref_delete,store_closures_apparent_bytes,0
tree,tree/lifecycle,amber-rust,0,ref_delete,store_packstore_allocated_bytes,11948032
tree,tree/lifecycle,amber-rust,0,ref_delete,store_packstore_apparent_bytes,11939399
tree,tree/lifecycle,amber-rust,0,ref_delete,store_refs_allocated_bytes,1634304
tree,tree/lifecycle,amber-rust,0,ref_delete,store_refs_apparent_bytes,3686400
tree,tree/lifecycle,amber-rust,0,age_sealed_segments,segments_aged,2
tree,tree/lifecycle,amber-rust,0,gc,allocated_after_gc,13418496
tree,tree/lifecycle,amber-rust,0,gc,allocated_before_delete,13590528
tree,tree/lifecycle,amber-rust,0,gc,allocated_before_gc,13590528
tree,tree/lifecycle,amber-rust,0,gc,reclaimed_packstore_bytes,172032
tree,tree/lifecycle,amber-rust,0,gc,store_closures_allocated_bytes,4096
tree,tree/lifecycle,amber-rust,0,gc,store_closures_apparent_bytes,0
tree,tree/lifecycle,amber-rust,0,gc,store_packstore_allocated_bytes,11776000
tree,tree/lifecycle,amber-rust,0,gc,store_packstore_apparent_bytes,11765550
tree,tree/lifecycle,amber-rust,0,gc,store_refs_allocated_bytes,1634304
tree,tree/lifecycle,amber-rust,0,gc,store_refs_apparent_bytes,3686400
git,git/history,git,1,history_store,backend_commands,27
git,git/history,git,1,history_store,commits,11
git,git/history,git,1,history_store,store_refs_allocated_bytes,36864
git,git/history,git,1,history_store,store_refs_apparent_bytes,205
git,git/history,git,1,history_store_incremental,backend_commands,10
git,git/history,git,1,history_store_incremental,commits,4
git,git/history,git,1,history_store_incremental,store_refs_allocated_bytes,36864
git,git/history,git,1,history_store_incremental,store_refs_apparent_bytes,205
git,git/history,git,1,retained_version_coverage,versions_retained,15
git,git/history,git,1,retained_version_coverage,versions_unverified,0
git,git/history,git,1,retained_version_coverage,versions_verified,15
blob,blob/nix-closure,amber-go-s3,1,push_initial,s3_bytes_down,3854
blob,blob/nix-closure,amber-go-s3,1,push_initial,s3_bytes_up,3446703
blob,blob/nix-closure,amber-go-s3,1,push_initial,s3_connections,9
blob,blob/nix-closure,amber-go-s3,1,push_initial,s3_request_body_bytes,3435003
blob,blob/nix-closure,amber-go-s3,1,push_initial,s3_requests_GET,2
blob,blob/nix-closure,amber-go-s3,1,push_initial,s3_requests_PUT,15
blob,blob/nix-closure,amber-go-s3,1,push_initial,s3_requests_total,17
blob,blob/nix-closure,amber-go-s3,1,push_initial,s3_response_body_bytes,614
blob,blob/nix-closure,amber-go-s3,1,push_initial,s3_responses_2xx,16
blob,blob/nix-closure,amber-go-s3,1,push_initial,s3_responses_4xx,1
blob,blob/nix-closure,amber-go-s3,1,push_initial,stored_bytes,3427977
blob,blob/nix-closure,amber-go-s3,1,push_initial,stored_objects,15
blob,blob/nix-closure,amber-go-s3,1,push_noop,s3_bytes_down,5287
blob,blob/nix-closure,amber-go-s3,1,push_noop,s3_bytes_up,1192
blob,blob/nix-closure,amber-go-s3,1,push_noop,s3_connections,1
blob,blob/nix-closure,amber-go-s3,1,push_noop,s3_request_body_bytes,0
blob,blob/nix-closure,amber-go-s3,1,push_noop,s3_requests_GET,2
blob,blob/nix-closure,amber-go-s3,1,push_noop,s3_requests_total,2
blob,blob/nix-closure,amber-go-s3,1,push_noop,s3_response_body_bytes,5061
blob,blob/nix-closure,amber-go-s3,1,push_noop,s3_responses_2xx,1
blob,blob/nix-closure,amber-go-s3,1,push_noop,s3_responses_4xx,1
blob,blob/nix-closure,amber-go-s3,1,push_noop,stored_bytes,3427977
blob,blob/nix-closure,amber-go-s3,1,push_noop,stored_objects,15
blob,blob/nix-closure,amber-go-s3,1,pull_fresh,delivered_logical_bytes,5768158
blob,blob/nix-closure,amber-go-s3,1,pull_fresh,delivered_references,8
blob,blob/nix-closure,amber-go-s3,1,pull_fresh,s3_bytes_down,3438389
blob,blob/nix-closure,amber-go-s3,1,pull_fresh,s3_bytes_up,12365
blob,blob/nix-closure,amber-go-s3,1,pull_fresh,s3_connections,14
blob,blob/nix-closure,amber-go-s3,1,pull_fresh,s3_request_body_bytes,0
blob,blob/nix-closure,amber-go-s3,1,pull_fresh,s3_requests_GET,19
blob,blob/nix-closure,amber-go-s3,1,pull_fresh,s3_requests_HEAD,1
blob,blob/nix-closure,amber-go-s3,1,pull_fresh,s3_requests_total,20
blob,blob/nix-closure,amber-go-s3,1,pull_fresh,s3_response_body_bytes,3434440
blob,blob/nix-closure,amber-go-s3,1,pull_fresh,s3_responses_2xx,18
blob,blob/nix-closure,amber-go-s3,1,pull_fresh,s3_responses_4xx,2
blob,blob/nix-closure,amber-go-s3,1,pull_fresh,stored_bytes,3427977
blob,blob/nix-closure,amber-go-s3,1,pull_fresh,stored_objects,15
blob,blob/nix-closure,amber-go-s3,1,push_incremental,s3_bytes_down,14740
blob,blob/nix-closure,amber-go-s3,1,push_incremental,s3_bytes_up,3985916
blob,blob/nix-closure,amber-go-s3,1,push_incremental,s3_connections,18
blob,blob/nix-closure,amber-go-s3,1,push_incremental,s3_request_body_bytes,3966887
blob,blob/nix-closure,amber-go-s3,1,push_incremental,s3_requests_GET,2
blob,blob/nix-closure,amber-go-s3,1,push_incremental,s3_requests_POST,12
blob,blob/nix-closure,amber-go-s3,1,push_incremental,s3_requests_PUT,15
blob,blob/nix-closure,amber-go-s3,1,push_incremental,s3_requests_total,29
blob,blob/nix-closure,amber-go-s3,1,push_incremental,s3_response_body_bytes,10203
blob,blob/nix-closure,amber-go-s3,1,push_incremental,s3_responses_2xx,28
blob,blob/nix-closure,amber-go-s3,1,push_incremental,s3_responses_4xx,1
blob,blob/nix-closure,amber-go-s3,1,push_incremental,stored_bytes,3957247
blob,blob/nix-closure,amber-go-s3,1,push_incremental,stored_objects,16
blob,blob/nix-closure,amber-go-s3,1,pull_incremental,delivered_logical_bytes,6030405
blob,blob/nix-closure,amber-go-s3,1,pull_incremental,delivered_references,9
blob,blob/nix-closure,amber-go-s3,1,pull_incremental,s3_bytes_down,3967954
blob,blob/nix-closure,amber-go-s3,1,pull_incremental,s3_bytes_up,12343
blob,blob/nix-closure,amber-go-s3,1,pull_incremental,s3_connections,8
blob,blob/nix-closure,amber-go-s3,1,pull_incremental,s3_request_body_bytes,0
blob,blob/nix-closure,amber-go-s3,1,pull_incremental,s3_requests_GET,19
blob,blob/nix-closure,amber-go-s3,1,pull_incremental,s3_requests_HEAD,1
blob,blob/nix-closure,amber-go-s3,1,pull_incremental,s3_requests_total,20
blob,blob/nix-closure,amber-go-s3,1,pull_incremental,s3_response_body_bytes,3964002
blob,blob/nix-closure,amber-go-s3,1,pull_incremental,s3_responses_2xx,18
blob,blob/nix-closure,amber-go-s3,1,pull_incremental,s3_responses_4xx,2
blob,blob/nix-closure,amber-go-s3,1,pull_incremental,stored_bytes,3957247
blob,blob/nix-closure,amber-go-s3,1,pull_incremental,stored_objects,16
blob,blob/nix-closure,amber-go-s3,1,age_sealed_segments,segments_aged,1
blob,blob/nix-closure,amber-go-s3,1,retention_cleanup,retained_logical_bytes,6030405
blob,blob/nix-closure,amber-go-s3,1,retention_cleanup,retained_references,9
blob,blob/nix-closure,amber-go-s3,1,retention_cleanup,s3_bytes_down,14933
blob,blob/nix-closure,amber-go-s3,1,retention_cleanup,s3_bytes_up,3984521
blob,blob/nix-closure,amber-go-s3,1,retention_cleanup,s3_connections,17
blob,blob/nix-closure,amber-go-s3,1,retention_cleanup,s3_request_body_bytes,3968486
blob,blob/nix-closure,amber-go-s3,1,retention_cleanup,s3_requests_GET,2
blob,blob/nix-closure,amber-go-s3,1,retention_cleanup,s3_requests_POST,14
blob,blob/nix-closure,amber-go-s3,1,retention_cleanup,s3_requests_PUT,9
blob,blob/nix-closure,amber-go-s3,1,retention_cleanup,s3_requests_total,25
blob,blob/nix-closure,amber-go-s3,1,retention_cleanup,s3_response_body_bytes,11367
blob,blob/nix-closure,amber-go-s3,1,retention_cleanup,s3_responses_2xx,24
blob,blob/nix-closure,amber-go-s3,1,retention_cleanup,s3_responses_4xx,1
blob,blob/nix-closure,amber-go-s3,1,retention_cleanup,stored_bytes,3959575
blob,blob/nix-closure,amber-go-s3,1,retention_cleanup,stored_objects,10
blob,blob/source-history,git-bundle-s3,1,push_initial,s3_bytes_down,1047
blob,blob/source-history,git-bundle-s3,1,push_initial,s3_bytes_up,2363009
blob,blob/source-history,git-bundle-s3,1,push_initial,s3_connections,1
blob,blob/source-history,git-bundle-s3,1,push_initial,s3_request_body_bytes,2361107
blob,blob/source-history,git-bundle-s3,1,push_initial,s3_requests_GET,2
blob,blob/source-history,git-bundle-s3,1,push_initial,s3_requests_PUT,1
blob,blob/source-history,git-bundle-s3,1,push_initial,s3_requests_total,3
blob,blob/source-history,git-bundle-s3,1,push_initial,s3_response_body_bytes,621
blob,blob/source-history,git-bundle-s3,1,push_initial,s3_responses_2xx,2
blob,blob/source-history,git-bundle-s3,1,push_initial,s3_responses_4xx,1
blob,blob/source-history,git-bundle-s3,1,push_initial,stored_bytes,2357782
blob,blob/source-history,git-bundle-s3,1,push_initial,stored_objects,1
blob,blob/source-history,git-bundle-s3,1,push_noop,s3_bytes_down,1142
blob,blob/source-history,git-bundle-s3,1,push_noop,s3_bytes_up,1199
blob,blob/source-history,git-bundle-s3,1,push_noop,s3_connections,1
blob,blob/source-history,git-bundle-s3,1,push_noop,s3_request_body_bytes,0
blob,blob/source-history,git-bundle-s3,1,push_noop,s3_requests_GET,2
blob,blob/source-history,git-bundle-s3,1,push_noop,s3_requests_total,2
blob,blob/source-history,git-bundle-s3,1,push_noop,s3_response_body_bytes,917
blob,blob/source-history,git-bundle-s3,1,push_noop,s3_responses_2xx,1
blob,blob/source-history,git-bundle-s3,1,push_noop,s3_responses_4xx,1
blob,blob/source-history,git-bundle-s3,1,push_noop,stored_bytes,2357782
blob,blob/source-history,git-bundle-s3,1,push_noop,stored_objects,1
blob,blob/source-history,git-bundle-s3,1,pull_fresh,delivered_logical_bytes,22526976
blob,blob/source-history,git-bundle-s3,1,pull_fresh,delivered_references,11
blob,blob/source-history,git-bundle-s3,1,pull_fresh,s3_bytes_down,2360060
blob,blob/source-history,git-bundle-s3,1,pull_fresh,s3_bytes_up,3096
blob,blob/source-history,git-bundle-s3,1,pull_fresh,s3_connections,1
blob,blob/source-history,git-bundle-s3,1,pull_fresh,s3_request_body_bytes,0
blob,blob/source-history,git-bundle-s3,1,pull_fresh,s3_requests_GET,4
blob,blob/source-history,git-bundle-s3,1,pull_fresh,s3_requests_HEAD,1
blob,blob/source-history,git-bundle-s3,1,pull_fresh,s3_requests_total,5
blob,blob/source-history,git-bundle-s3,1,pull_fresh,s3_response_body_bytes,2359381
blob,blob/source-history,git-bundle-s3,1,pull_fresh,s3_responses_2xx,3
blob,blob/source-history,git-bundle-s3,1,pull_fresh,s3_responses_4xx,2
blob,blob/source-history,git-bundle-s3,1,pull_fresh,stored_bytes,2357782
blob,blob/source-history,git-bundle-s3,1,pull_fresh,stored_objects,1
blob,blob/source-history,git-bundle-s3,1,push_incremental,s3_bytes_down,1343
blob,blob/source-history,git-bundle-s3,1,push_incremental,s3_bytes_up,19661
blob,blob/source-history,git-bundle-s3,1,push_incremental,s3_connections,1
blob,blob/source-history,git-bundle-s3,1,push_incremental,s3_request_body_bytes,17756
blob,blob/source-history,git-bundle-s3,1,push_incremental,s3_requests_GET,2
blob,blob/source-history,git-bundle-s3,1,push_incremental,s3_requests_PUT,1
blob,blob/source-history,git-bundle-s3,1,push_incremental,s3_requests_total,3
blob,blob/source-history,git-bundle-s3,1,push_incremental,s3_response_body_bytes,917
blob,blob/source-history,git-bundle-s3,1,push_incremental,s3_responses_2xx,2
blob,blob/source-history,git-bundle-s3,1,push_incremental,s3_responses_4xx,1
blob,blob/source-history,git-bundle-s3,1,push_incremental,stored_bytes,2375363
blob,blob/source-history,git-bundle-s3,1,push_incremental,stored_objects,2
blob,blob/source-history,git-bundle-s3,1,pull_incremental,delivered_logical_bytes,8192000
blob,blob/source-history,git-bundle-s3,1,pull_incremental,delivered_references,4
blob,blob/source-history,git-bundle-s3,1,pull_incremental,s3_bytes_down,21272
blob,blob/source-history,git-bundle-s3,1,pull_incremental,s3_bytes_up,3929
blob,blob/source-history,git-bundle-s3,1,pull_incremental,s3_connections,1
blob,blob/source-history,git-bundle-s3,1,pull_incremental,s3_request_body_bytes,0
blob,blob/source-history,git-bundle-s3,1,pull_incremental,s3_requests_GET,5
blob,blob/source-history,git-bundle-s3,1,pull_incremental,s3_requests_HEAD,1
blob,blob/source-history,git-bundle-s3,1,pull_incremental,s3_requests_total,6
blob,blob/source-history,git-bundle-s3,1,pull_incremental,s3_response_body_bytes,20487
blob,blob/source-history,git-bundle-s3,1,pull_incremental,s3_responses_2xx,4
blob,blob/source-history,git-bundle-s3,1,pull_incremental,s3_responses_4xx,2
blob,blob/source-history,git-bundle-s3,1,pull_incremental,stored_bytes,2375363
blob,blob/source-history,git-bundle-s3,1,pull_incremental,stored_objects,2
blob,blob/source-history,git-bundle-s3,1,retention_cleanup,retained_logical_bytes,30718976
blob,blob/source-history,git-bundle-s3,1,retention_cleanup,retained_references,15
blob,blob/source-history,git-bundle-s3,1,retention_cleanup,s3_bytes_down,3796
blob,blob/source-history,git-bundle-s3,1,retention_cleanup,s3_bytes_up,2377478
blob,blob/source-history,git-bundle-s3,1,retention_cleanup,s3_connections,3
blob,blob/source-history,git-bundle-s3,1,retention_cleanup,s3_request_body_bytes,2370803
blob,blob/source-history,git-bundle-s3,1,retention_cleanup,s3_requests_GET,4
blob,blob/source-history,git-bundle-s3,1,retention_cleanup,s3_requests_HEAD,4
blob,blob/source-history,git-bundle-s3,1,retention_cleanup,s3_requests_POST,2
blob,blob/source-history,git-bundle-s3,1,retention_cleanup,s3_requests_PUT,1
blob,blob/source-history,git-bundle-s3,1,retention_cleanup,s3_requests_total,11
blob,blob/source-history,git-bundle-s3,1,retention_cleanup,s3_response_body_bytes,2000
blob,blob/source-history,git-bundle-s3,1,retention_cleanup,s3_responses_2xx,8
blob,blob/source-history,git-bundle-s3,1,retention_cleanup,s3_responses_4xx,3
blob,blob/source-history,git-bundle-s3,1,retention_cleanup,stored_bytes,2367081
blob,blob/source-history,git-bundle-s3,1,retention_cleanup,stored_objects,1
tree,tree/lifecycle,amber-rust,1,ingest_fresh,store_closures_allocated_bytes,4096
tree,tree/lifecycle,amber-rust,1,ingest_fresh,store_closures_apparent_bytes,0
tree,tree/lifecycle,amber-rust,1,ingest_fresh,store_packstore_allocated_bytes,11751424
tree,tree/lifecycle,amber-rust,1,ingest_fresh,store_packstore_apparent_bytes,11742652
tree,tree/lifecycle,amber-rust,1,ingest_fresh,store_refs_allocated_bytes,1626112
tree,tree/lifecycle,amber-rust,1,ingest_fresh,store_refs_apparent_bytes,3686400
tree,tree/lifecycle,amber-rust,1,ingest_repeat,store_closures_allocated_bytes,4096
tree,tree/lifecycle,amber-rust,1,ingest_repeat,store_closures_apparent_bytes,0
tree,tree/lifecycle,amber-rust,1,ingest_repeat,store_packstore_allocated_bytes,11751424
tree,tree/lifecycle,amber-rust,1,ingest_repeat,store_packstore_apparent_bytes,11742652
tree,tree/lifecycle,amber-rust,1,ingest_repeat,store_refs_allocated_bytes,1634304
tree,tree/lifecycle,amber-rust,1,ingest_repeat,store_refs_apparent_bytes,3686400
tree,tree/lifecycle,amber-rust,1,ingest_changed,store_closures_allocated_bytes,4096
tree,tree/lifecycle,amber-rust,1,ingest_changed,store_closures_apparent_bytes,0
tree,tree/lifecycle,amber-rust,1,ingest_changed,store_packstore_allocated_bytes,11948032
tree,tree/lifecycle,amber-rust,1,ingest_changed,store_packstore_apparent_bytes,11939443
tree,tree/lifecycle,amber-rust,1,ingest_changed,store_refs_allocated_bytes,1634304
tree,tree/lifecycle,amber-rust,1,ingest_changed,store_refs_apparent_bytes,3686400
tree,tree/lifecycle,amber-rust,1,list_recursive,cli_invocations,28
tree,tree/lifecycle,amber-rust,1,list_recursive,directories,27
tree,tree/lifecycle,amber-rust,1,list_recursive,entries,256
tree,tree/lifecycle,amber-rust,1,ref_delete,store_closures_allocated_bytes,4096
tree,tree/lifecycle,amber-rust,1,ref_delete,store_closures_apparent_bytes,0
tree,tree/lifecycle,amber-rust,1,ref_delete,store_packstore_allocated_bytes,11948032
tree,tree/lifecycle,amber-rust,1,ref_delete,store_packstore_apparent_bytes,11939443
tree,tree/lifecycle,amber-rust,1,ref_delete,store_refs_allocated_bytes,1634304
tree,tree/lifecycle,amber-rust,1,ref_delete,store_refs_apparent_bytes,3686400
tree,tree/lifecycle,amber-rust,1,age_sealed_segments,segments_aged,2
tree,tree/lifecycle,amber-rust,1,gc,allocated_after_gc,13402112
tree,tree/lifecycle,amber-rust,1,gc,allocated_before_delete,13590528
tree,tree/lifecycle,amber-rust,1,gc,allocated_before_gc,13590528
tree,tree/lifecycle,amber-rust,1,gc,reclaimed_packstore_bytes,188416
tree,tree/lifecycle,amber-rust,1,gc,store_closures_allocated_bytes,4096
tree,tree/lifecycle,amber-rust,1,gc,store_closures_apparent_bytes,0
tree,tree/lifecycle,amber-rust,1,gc,store_packstore_allocated_bytes,11759616
tree,tree/lifecycle,amber-rust,1,gc,store_packstore_apparent_bytes,11751208
tree,tree/lifecycle,amber-rust,1,gc,store_refs_allocated_bytes,1634304
tree,tree/lifecycle,amber-rust,1,gc,store_refs_apparent_bytes,3686400
blob,blob/backup-corpus,restic-s3,1,push_initial,s3_bytes_down,5901
blob,blob/backup-corpus,restic-s3,1,push_initial,s3_bytes_up,14047229
blob,blob/backup-corpus,restic-s3,1,push_initial,s3_connections,1
blob,blob/backup-corpus,restic-s3,1,push_initial,s3_request_body_bytes,14037416
blob,blob/backup-corpus,restic-s3,1,push_initial,s3_requests_DELETE,1
blob,blob/backup-corpus,restic-s3,1,push_initial,s3_requests_GET,8
blob,blob/backup-corpus,restic-s3,1,push_initial,s3_requests_HEAD,1
blob,blob/backup-corpus,restic-s3,1,push_initial,s3_requests_PUT,5
blob,blob/backup-corpus,restic-s3,1,push_initial,s3_requests_total,15
blob,blob/backup-corpus,restic-s3,1,push_initial,s3_response_body_bytes,3494
blob,blob/backup-corpus,restic-s3,1,push_initial,s3_responses_2xx,14
blob,blob/backup-corpus,restic-s3,1,push_initial,s3_responses_4xx,1
blob,blob/backup-corpus,restic-s3,1,push_initial,stored_bytes,14017801
blob,blob/backup-corpus,restic-s3,1,push_initial,stored_objects,6
blob,blob/backup-corpus,restic-s3,1,push_noop,s3_bytes_down,5994
blob,blob/backup-corpus,restic-s3,1,push_noop,s3_bytes_up,8479
blob,blob/backup-corpus,restic-s3,1,push_noop,s3_connections,1
blob,blob/backup-corpus,restic-s3,1,push_noop,s3_request_body_bytes,968
blob,blob/backup-corpus,restic-s3,1,push_noop,s3_requests_DELETE,1
blob,blob/backup-corpus,restic-s3,1,push_noop,s3_requests_GET,8
blob,blob/backup-corpus,restic-s3,1,push_noop,s3_requests_HEAD,1
blob,blob/backup-corpus,restic-s3,1,push_noop,s3_requests_PUT,2
blob,blob/backup-corpus,restic-s3,1,push_noop,s3_requests_total,12
blob,blob/backup-corpus,restic-s3,1,push_noop,s3_response_body_bytes,4190
blob,blob/backup-corpus,restic-s3,1,push_noop,s3_responses_2xx,11
blob,blob/backup-corpus,restic-s3,1,push_noop,s3_responses_4xx,1
blob,blob/backup-corpus,restic-s3,1,push_noop,stored_bytes,14018250
blob,blob/backup-corpus,restic-s3,1,push_noop,stored_objects,7
blob,blob/backup-corpus,restic-s3,1,pull_fresh,delivered_logical_bytes,34237158
blob,blob/backup-corpus,restic-s3,1,pull_fresh,delivered_references,1
blob,blob/backup-corpus,restic-s3,1,pull_fresh,s3_bytes_down,14013241
blob,blob/backup-corpus,restic-s3,1,pull_fresh,s3_bytes_up,8933
blob,blob/backup-corpus,restic-s3,1,pull_fresh,s3_connections,1
blob,blob/backup-corpus,restic-s3,1,pull_fresh,s3_request_body_bytes,345
blob,blob/backup-corpus,restic-s3,1,pull_fresh,s3_requests_DELETE,1
blob,blob/backup-corpus,restic-s3,1,pull_fresh,s3_requests_GET,11
blob,blob/backup-corpus,restic-s3,1,pull_fresh,s3_requests_HEAD,1
blob,blob/backup-corpus,restic-s3,1,pull_fresh,s3_requests_PUT,1
blob,blob/backup-corpus,restic-s3,1,pull_fresh,s3_requests_total,14
blob,blob/backup-corpus,restic-s3,1,pull_fresh,s3_response_body_bytes,14010774
blob,blob/backup-corpus,restic-s3,1,pull_fresh,s3_responses_2xx,13
blob,blob/backup-corpus,restic-s3,1,pull_fresh,s3_responses_4xx,1
blob,blob/backup-corpus,restic-s3,1,pull_fresh,stored_bytes,14018250
blob,blob/backup-corpus,restic-s3,1,pull_fresh,stored_objects,7
blob,blob/backup-corpus,restic-s3,1,push_incremental,s3_bytes_down,6947
blob,blob/backup-corpus,restic-s3,1,push_incremental,s3_bytes_up,223983
blob,blob/backup-corpus,restic-s3,1,push_incremental,s3_connections,2
blob,blob/backup-corpus,restic-s3,1,push_incremental,s3_request_body_bytes,214176
blob,blob/backup-corpus,restic-s3,1,push_incremental,s3_requests_DELETE,1
blob,blob/backup-corpus,restic-s3,1,push_incremental,s3_requests_GET,8
blob,blob/backup-corpus,restic-s3,1,push_incremental,s3_requests_HEAD,1
blob,blob/backup-corpus,restic-s3,1,push_incremental,s3_requests_PUT,5
blob,blob/backup-corpus,restic-s3,1,push_incremental,s3_requests_total,15
blob,blob/backup-corpus,restic-s3,1,push_incremental,s3_response_body_bytes,4539
blob,blob/backup-corpus,restic-s3,1,push_incremental,s3_responses_2xx,14
blob,blob/backup-corpus,restic-s3,1,push_incremental,s3_responses_4xx,1
blob,blob/backup-corpus,restic-s3,1,push_incremental,stored_bytes,14231203
blob,blob/backup-corpus,restic-s3,1,push_incremental,stored_objects,11
blob,blob/backup-corpus,restic-s3,1,pull_incremental,delivered_logical_bytes,34257224
blob,blob/backup-corpus,restic-s3,1,pull_incremental,delivered_references,1
blob,blob/backup-corpus,restic-s3,1,pull_incremental,s3_bytes_down,14189585
blob,blob/backup-corpus,restic-s3,1,pull_incremental,s3_bytes_up,9557
blob,blob/backup-corpus,restic-s3,1,pull_incremental,s3_connections,2
blob,blob/backup-corpus,restic-s3,1,pull_incremental,s3_request_body_bytes,345
blob,blob/backup-corpus,restic-s3,1,pull_incremental,s3_requests_DELETE,1
blob,blob/backup-corpus,restic-s3,1,pull_incremental,s3_requests_GET,12
blob,blob/backup-corpus,restic-s3,1,pull_incremental,s3_requests_HEAD,1
blob,blob/backup-corpus,restic-s3,1,pull_incremental,s3_requests_PUT,1
blob,blob/backup-corpus,restic-s3,1,pull_incremental,s3_requests_total,15
blob,blob/backup-corpus,restic-s3,1,pull_incremental,s3_response_body_bytes,14186837
blob,blob/backup-corpus,restic-s3,1,pull_incremental,s3_responses_2xx,14
blob,blob/backup-corpus,restic-s3,1,pull_incremental,s3_responses_4xx,1
blob,blob/backup-corpus,restic-s3,1,pull_incremental,stored_bytes,14231203
blob,blob/backup-corpus,restic-s3,1,pull_incremental,stored_objects,11
blob,blob/backup-corpus,restic-s3,1,retention_cleanup,retained_logical_bytes,34257224
blob,blob/backup-corpus,restic-s3,1,retention_cleanup,retained_references,1
blob,blob/backup-corpus,restic-s3,1,retention_cleanup,s3_bytes_down,13987546
blob,blob/backup-corpus,restic-s3,1,retention_cleanup,s3_bytes_up,13879176
blob,blob/backup-corpus,restic-s3,1,retention_cleanup,s3_connections,5
blob,blob/backup-corpus,restic-s3,1,retention_cleanup,s3_request_body_bytes,13857655
blob,blob/backup-corpus,restic-s3,1,retention_cleanup,s3_requests_DELETE,9
blob,blob/backup-corpus,restic-s3,1,retention_cleanup,s3_requests_GET,17
blob,blob/backup-corpus,restic-s3,1,retention_cleanup,s3_requests_HEAD,2
blob,blob/backup-corpus,restic-s3,1,retention_cleanup,s3_requests_PUT,6
blob,blob/backup-corpus,restic-s3,1,retention_cleanup,s3_requests_total,34
blob,blob/backup-corpus,restic-s3,1,retention_cleanup,s3_response_body_bytes,13982798
blob,blob/backup-corpus,restic-s3,1,retention_cleanup,s3_responses_2xx,32
blob,blob/backup-corpus,restic-s3,1,retention_cleanup,s3_responses_4xx,2
blob,blob/backup-corpus,restic-s3,1,retention_cleanup,stored_bytes,14038315
blob,blob/backup-corpus,restic-s3,1,retention_cleanup,stored_objects,8
tree,tree/lifecycle,git,1,ingest_fresh,store_refs_allocated_bytes,16384
tree,tree/lifecycle,git,1,ingest_fresh,store_refs_apparent_bytes,41
tree,tree/lifecycle,git,1,ingest_repeat,store_refs_allocated_bytes,20480
tree,tree/lifecycle,git,1,ingest_repeat,store_refs_apparent_bytes,82
tree,tree/lifecycle,git,1,ingest_changed,store_refs_allocated_bytes,24576
tree,tree/lifecycle,git,1,ingest_changed,store_refs_apparent_bytes,123
tree,tree/lifecycle,git,1,ref_delete,store_refs_allocated_bytes,16384
tree,tree/lifecycle,git,1,ref_delete,store_refs_apparent_bytes,41
tree,tree/lifecycle,git,1,gc,allocated_after_gc,11755520
tree,tree/lifecycle,git,1,gc,allocated_before_delete,23441408
tree,tree/lifecycle,git,1,gc,allocated_before_gc,23425024
tree,tree/lifecycle,git,1,gc,store_refs_allocated_bytes,12288
tree,tree/lifecycle,git,1,gc,store_refs_apparent_bytes,0
backup,backup/retention,amber-rust,1,backup_initial,store_closures_allocated_bytes,4096
backup,backup/retention,amber-rust,1,backup_initial,store_closures_apparent_bytes,0
backup,backup/retention,amber-rust,1,backup_initial,store_packstore_allocated_bytes,11751424
backup,backup/retention,amber-rust,1,backup_initial,store_packstore_apparent_bytes,11742520
backup,backup/retention,amber-rust,1,backup_initial,store_refs_allocated_bytes,1626112
backup,backup/retention,amber-rust,1,backup_initial,store_refs_apparent_bytes,3686400
backup,backup/retention,amber-rust,1,backup_unchanged,store_closures_allocated_bytes,4096
backup,backup/retention,amber-rust,1,backup_unchanged,store_closures_apparent_bytes,0
backup,backup/retention,amber-rust,1,backup_unchanged,store_packstore_allocated_bytes,11751424
backup,backup/retention,amber-rust,1,backup_unchanged,store_packstore_apparent_bytes,11742520
backup,backup/retention,amber-rust,1,backup_unchanged,store_refs_allocated_bytes,1634304
backup,backup/retention,amber-rust,1,backup_unchanged,store_refs_apparent_bytes,3686400
backup,backup/retention,amber-rust,1,backup_changed,store_closures_allocated_bytes,4096
backup,backup/retention,amber-rust,1,backup_changed,store_closures_apparent_bytes,0
backup,backup/retention,amber-rust,1,backup_changed,store_packstore_allocated_bytes,11948032
backup,backup/retention,amber-rust,1,backup_changed,store_packstore_apparent_bytes,11939311
backup,backup/retention,amber-rust,1,backup_changed,store_refs_allocated_bytes,1634304
backup,backup/retention,amber-rust,1,backup_changed,store_refs_apparent_bytes,3686400
backup,backup/retention,amber-rust,1,backup_changed_again,store_closures_allocated_bytes,4096
backup,backup/retention,amber-rust,1,backup_changed_again,store_closures_apparent_bytes,0
backup,backup/retention,amber-rust,1,backup_changed_again,store_packstore_allocated_bytes,12140544
backup,backup/retention,amber-rust,1,backup_changed_again,store_packstore_apparent_bytes,12133972
backup,backup/retention,amber-rust,1,backup_changed_again,store_refs_allocated_bytes,1634304
backup,backup/retention,amber-rust,1,backup_changed_again,store_refs_apparent_bytes,3686400
backup,backup/retention,amber-rust,1,list_snapshot,cli_invocations,29
backup,backup/retention,amber-rust,1,list_snapshot,entries,256
backup,backup/retention,amber-rust,1,forget_oldest,store_closures_allocated_bytes,4096
backup,backup/retention,amber-rust,1,forget_oldest,store_closures_apparent_bytes,0
backup,backup/retention,amber-rust,1,forget_oldest,store_packstore_allocated_bytes,12140544
backup,backup/retention,amber-rust,1,forget_oldest,store_packstore_apparent_bytes,12133972
backup,backup/retention,amber-rust,1,forget_oldest,store_refs_allocated_bytes,1634304
backup,backup/retention,amber-rust,1,forget_oldest,store_refs_apparent_bytes,3686400
backup,backup/retention,amber-rust,1,age_sealed_segments,segments_aged,2
backup,backup/retention,amber-rust,1,prune,allocated_after_prune,13598720
backup,backup/retention,amber-rust,1,prune,allocated_before_forget,13783040
backup,backup/retention,amber-rust,1,prune,reclaimed_packstore_bytes,184320
backup,backup/retention,amber-rust,1,prune,store_closures_allocated_bytes,4096
backup,backup/retention,amber-rust,1,prune,store_closures_apparent_bytes,0
backup,backup/retention,amber-rust,1,prune,store_packstore_allocated_bytes,11956224
backup,backup/retention,amber-rust,1,prune,store_packstore_apparent_bytes,11949783
backup,backup/retention,amber-rust,1,prune,store_refs_allocated_bytes,1634304
backup,backup/retention,amber-rust,1,prune,store_refs_apparent_bytes,3686400
nix,nix/closure,amber-go,1,import_initial,store_closures_allocated_bytes,4096
nix,nix/closure,amber-go,1,import_initial,store_closures_apparent_bytes,0
nix,nix/closure,amber-go,1,import_initial,store_packstore_allocated_bytes,3424256
nix,nix/closure,amber-go,1,import_initial,store_packstore_apparent_bytes,3417831
nix,nix/closure,amber-go,1,import_initial,store_refs_allocated_bytes,4661248
nix,nix/closure,amber-go,1,import_initial,store_refs_apparent_bytes,10146
nix,nix/closure,amber-go,1,import_repeat,store_closures_allocated_bytes,4096
nix,nix/closure,amber-go,1,import_repeat,store_closures_apparent_bytes,0
nix,nix/closure,amber-go,1,import_repeat,store_packstore_allocated_bytes,3424256
nix,nix/closure,amber-go,1,import_repeat,store_packstore_apparent_bytes,3417831
nix,nix/closure,amber-go,1,import_repeat,store_refs_allocated_bytes,4661248
nix,nix/closure,amber-go,1,import_repeat,store_refs_apparent_bytes,10839
nix,nix/closure,amber-go,1,import_incremental,store_closures_allocated_bytes,4096
nix,nix/closure,amber-go,1,import_incremental,store_closures_apparent_bytes,0
nix,nix/closure,amber-go,1,import_incremental,store_packstore_allocated_bytes,3952640
nix,nix/closure,amber-go,1,import_incremental,store_packstore_apparent_bytes,3945385
nix,nix/closure,amber-go,1,import_incremental,store_refs_allocated_bytes,4657152
nix,nix/closure,amber-go,1,import_incremental,store_refs_apparent_bytes,9866
nix,nix/closure,amber-go,1,delete_path,store_closures_allocated_bytes,4096
nix,nix/closure,amber-go,1,delete_path,store_closures_apparent_bytes,0
nix,nix/closure,amber-go,1,delete_path,store_packstore_allocated_bytes,3952640
nix,nix/closure,amber-go,1,delete_path,store_packstore_apparent_bytes,3945385
nix,nix/closure,amber-go,1,delete_path,store_refs_allocated_bytes,4661248
nix,nix/closure,amber-go,1,delete_path,store_refs_apparent_bytes,10941
nix,nix/closure,amber-go,1,age_sealed_segments,segments_aged,1
nix,nix/closure,amber-go,1,gc,allocated_before_delete,4009984
nix,nix/closure,amber-go,1,gc,reclaimed_packstore_bytes,-4096
nix,nix/closure,amber-go,1,gc,store_closures_allocated_bytes,4096
nix,nix/closure,amber-go,1,gc,store_closures_apparent_bytes,0
nix,nix/closure,amber-go,1,gc,store_packstore_allocated_bytes,3956736
nix,nix/closure,amber-go,1,gc,store_packstore_apparent_bytes,3952035
nix,nix/closure,amber-go,1,gc,store_refs_allocated_bytes,28672
nix,nix/closure,amber-go,1,gc,store_refs_apparent_bytes,7756
nix,nix/closure,amber-rust,1,import_initial,store_closures_allocated_bytes,4096
nix,nix/closure,amber-rust,1,import_initial,store_closures_apparent_bytes,0
nix,nix/closure,amber-rust,1,import_initial,store_packstore_allocated_bytes,3424256
nix,nix/closure,amber-rust,1,import_initial,store_packstore_apparent_bytes,3417728
nix,nix/closure,amber-rust,1,import_initial,store_refs_allocated_bytes,1634304
nix,nix/closure,amber-rust,1,import_initial,store_refs_apparent_bytes,3686400
nix,nix/closure,amber-rust,1,import_repeat,store_closures_allocated_bytes,4096
nix,nix/closure,amber-rust,1,import_repeat,store_closures_apparent_bytes,0
nix,nix/closure,amber-rust,1,import_repeat,store_packstore_allocated_bytes,3424256
nix,nix/closure,amber-rust,1,import_repeat,store_packstore_apparent_bytes,3417728
nix,nix/closure,amber-rust,1,import_repeat,store_refs_allocated_bytes,1634304
nix,nix/closure,amber-rust,1,import_repeat,store_refs_apparent_bytes,3686400
nix,nix/closure,amber-rust,1,import_incremental,store_closures_allocated_bytes,4096
nix,nix/closure,amber-rust,1,import_incremental,store_closures_apparent_bytes,0
nix,nix/closure,amber-rust,1,import_incremental,store_packstore_allocated_bytes,3952640
nix,nix/closure,amber-rust,1,import_incremental,store_packstore_apparent_bytes,3945226
nix,nix/closure,amber-rust,1,import_incremental,store_refs_allocated_bytes,1634304
nix,nix/closure,amber-rust,1,import_incremental,store_refs_apparent_bytes,3686400
nix,nix/closure,amber-rust,1,delete_path,store_closures_allocated_bytes,4096
nix,nix/closure,amber-rust,1,delete_path,store_closures_apparent_bytes,0
nix,nix/closure,amber-rust,1,delete_path,store_packstore_allocated_bytes,3952640
nix,nix/closure,amber-rust,1,delete_path,store_packstore_apparent_bytes,3945226
nix,nix/closure,amber-rust,1,delete_path,store_refs_allocated_bytes,1634304
nix,nix/closure,amber-rust,1,delete_path,store_refs_apparent_bytes,3686400
nix,nix/closure,amber-rust,1,age_sealed_segments,segments_aged,1
nix,nix/closure,amber-rust,1,gc,allocated_before_delete,5595136
nix,nix/closure,amber-rust,1,gc,reclaimed_packstore_bytes,-4096
nix,nix/closure,amber-rust,1,gc,store_closures_allocated_bytes,4096
nix,nix/closure,amber-rust,1,gc,store_closures_apparent_bytes,0
nix,nix/closure,amber-rust,1,gc,store_packstore_allocated_bytes,3956736
nix,nix/closure,amber-rust,1,gc,store_packstore_apparent_bytes,3951876
nix,nix/closure,amber-rust,1,gc,store_refs_allocated_bytes,1634304
nix,nix/closure,amber-rust,1,gc,store_refs_apparent_bytes,3686400
tree,tree/lifecycle,restic,1,ingest_fresh,store_data_allocated_bytes,17620992
tree,tree/lifecycle,restic,1,ingest_fresh,store_data_apparent_bytes,16563006
tree,tree/lifecycle,restic,1,ingest_fresh,store_index_allocated_bytes,20480
tree,tree/lifecycle,restic,1,ingest_fresh,store_index_apparent_bytes,12842
tree,tree/lifecycle,restic,1,ingest_fresh,store_snapshots_allocated_bytes,8192
tree,tree/lifecycle,restic,1,ingest_fresh,store_snapshots_apparent_bytes,407
tree,tree/lifecycle,restic,1,ingest_repeat,store_data_allocated_bytes,17620992
tree,tree/lifecycle,restic,1,ingest_repeat,store_data_apparent_bytes,16563006
tree,tree/lifecycle,restic,1,ingest_repeat,store_index_allocated_bytes,20480
tree,tree/lifecycle,restic,1,ingest_repeat,store_index_apparent_bytes,12842
tree,tree/lifecycle,restic,1,ingest_repeat,store_snapshots_allocated_bytes,12288
tree,tree/lifecycle,restic,1,ingest_repeat,store_snapshots_apparent_bytes,857
tree,tree/lifecycle,restic,1,ingest_changed,store_data_allocated_bytes,17833984
tree,tree/lifecycle,restic,1,ingest_changed,store_data_apparent_bytes,16772034
tree,tree/lifecycle,restic,1,ingest_changed,store_index_allocated_bytes,24576
tree,tree/lifecycle,restic,1,ingest_changed,store_index_apparent_bytes,16743
tree,tree/lifecycle,restic,1,ingest_changed,store_snapshots_allocated_bytes,16384
tree,tree/lifecycle,restic,1,ingest_changed,store_snapshots_apparent_bytes,1263
tree,tree/lifecycle,restic,1,ref_delete,store_data_allocated_bytes,17833984
tree,tree/lifecycle,restic,1,ref_delete,store_data_apparent_bytes,16772034
tree,tree/lifecycle,restic,1,ref_delete,store_index_allocated_bytes,24576
tree,tree/lifecycle,restic,1,ref_delete,store_index_apparent_bytes,16743
tree,tree/lifecycle,restic,1,ref_delete,store_snapshots_allocated_bytes,8192
tree,tree/lifecycle,restic,1,ref_delete,store_snapshots_apparent_bytes,406
tree,tree/lifecycle,restic,1,gc,allocated_after_gc,17694720
tree,tree/lifecycle,restic,1,gc,allocated_before_delete,17895424
tree,tree/lifecycle,restic,1,gc,allocated_before_gc,17887232
tree,tree/lifecycle,restic,1,gc,store_data_allocated_bytes,17645568
tree,tree/lifecycle,restic,1,gc,store_data_apparent_bytes,16583443
tree,tree/lifecycle,restic,1,gc,store_index_allocated_bytes,20480
tree,tree/lifecycle,restic,1,gc,store_index_apparent_bytes,12888
tree,tree/lifecycle,restic,1,gc,store_snapshots_allocated_bytes,8192
tree,tree/lifecycle,restic,1,gc,store_snapshots_apparent_bytes,406
blob,blob/nix-closure,nix-binary-cache,1,push_initial,s3_bytes_down,7891
blob,blob/nix-closure,nix-binary-cache,1,push_initial,s3_bytes_up,3443724
blob,blob/nix-closure,nix-binary-cache,1,push_initial,s3_connections,8
blob,blob/nix-closure,nix-binary-cache,1,push_initial,s3_request_body_bytes,3422131
blob,blob/nix-closure,nix-binary-cache,1,push_initial,s3_requests_GET,9
blob,blob/nix-closure,nix-binary-cache,1,push_initial,s3_requests_HEAD,8
blob,blob/nix-closure,nix-binary-cache,1,push_initial,s3_requests_PUT,17
blob,blob/nix-closure,nix-binary-cache,1,push_initial,s3_requests_total,34
blob,blob/nix-closure,nix-binary-cache,1,push_initial,s3_response_body_bytes,2494
blob,blob/nix-closure,nix-binary-cache,1,push_initial,s3_responses_1xx,1
blob,blob/nix-closure,nix-binary-cache,1,push_initial,s3_responses_2xx,17
blob,blob/nix-closure,nix-binary-cache,1,push_initial,s3_responses_4xx,17
blob,blob/nix-closure,nix-binary-cache,1,push_initial,stored_bytes,3422131
blob,blob/nix-closure,nix-binary-cache,1,push_initial,stored_objects,17
blob,blob/nix-closure,nix-binary-cache,1,push_noop,s3_bytes_down,0
blob,blob/nix-closure,nix-binary-cache,1,push_noop,s3_bytes_up,0
blob,blob/nix-closure,nix-binary-cache,1,push_noop,s3_connections,0
blob,blob/nix-closure,nix-binary-cache,1,push_noop,s3_request_body_bytes,0
blob,blob/nix-closure,nix-binary-cache,1,push_noop,s3_requests_total,0
blob,blob/nix-closure,nix-binary-cache,1,push_noop,s3_response_body_bytes,0
blob,blob/nix-closure,nix-binary-cache,1,push_noop,stored_bytes,3422131
blob,blob/nix-closure,nix-binary-cache,1,push_noop,stored_objects,17
blob,blob/nix-closure,nix-binary-cache,1,pull_fresh,delivered_logical_bytes,5768158
blob,blob/nix-closure,nix-binary-cache,1,pull_fresh,delivered_references,8
blob,blob/nix-closure,nix-binary-cache,1,pull_fresh,s3_bytes_down,3426599
blob,blob/nix-closure,nix-binary-cache,1,pull_fresh,s3_bytes_up,12341
blob,blob/nix-closure,nix-binary-cache,1,pull_fresh,s3_connections,5
blob,blob/nix-closure,nix-binary-cache,1,pull_fresh,s3_request_body_bytes,0
blob,blob/nix-closure,nix-binary-cache,1,pull_fresh,s3_requests_GET,17
blob,blob/nix-closure,nix-binary-cache,1,pull_fresh,s3_requests_HEAD,3
blob,blob/nix-closure,nix-binary-cache,1,pull_fresh,s3_requests_total,20
blob,blob/nix-closure,nix-binary-cache,1,pull_fresh,s3_response_body_bytes,3422131
blob,blob/nix-closure,nix-binary-cache,1,pull_fresh,s3_responses_2xx,20
blob,blob/nix-closure,nix-binary-cache,1,pull_fresh,stored_bytes,3422131
blob,blob/nix-closure,nix-binary-cache,1,pull_fresh,stored_objects,17
blob,blob/nix-closure,nix-binary-cache,1,push_incremental,s3_bytes_down,2736
blob,blob/nix-closure,nix-binary-cache,1,push_incremental,s3_bytes_up,536796
blob,blob/nix-closure,nix-binary-cache,1,push_incremental,s3_connections,3
blob,blob/nix-closure,nix-binary-cache,1,push_incremental,s3_request_body_bytes,529158
blob,blob/nix-closure,nix-binary-cache,1,push_incremental,s3_requests_GET,3
blob,blob/nix-closure,nix-binary-cache,1,push_incremental,s3_requests_HEAD,3
blob,blob/nix-closure,nix-binary-cache,1,push_incremental,s3_requests_PUT,6
blob,blob/nix-closure,nix-binary-cache,1,push_incremental,s3_requests_total,12
blob,blob/nix-closure,nix-binary-cache,1,push_incremental,s3_response_body_bytes,840
blob,blob/nix-closure,nix-binary-cache,1,push_incremental,s3_responses_2xx,6
blob,blob/nix-closure,nix-binary-cache,1,push_incremental,s3_responses_4xx,6
blob,blob/nix-closure,nix-binary-cache,1,push_incremental,stored_bytes,3951289
blob,blob/nix-closure,nix-binary-cache,1,push_incremental,stored_objects,23
blob,blob/nix-closure,nix-binary-cache,1,pull_incremental,delivered_logical_bytes,6030405
blob,blob/nix-closure,nix-binary-cache,1,pull_incremental,delivered_references,9
blob,blob/nix-closure,nix-binary-cache,1,pull_incremental,s3_bytes_down,528254
blob,blob/nix-closure,nix-binary-cache,1,pull_incremental,s3_bytes_up,1896
blob,blob/nix-closure,nix-binary-cache,1,pull_incremental,s3_connections,2
blob,blob/nix-closure,nix-binary-cache,1,pull_incremental,s3_request_body_bytes,0
blob,blob/nix-closure,nix-binary-cache,1,pull_incremental,s3_requests_GET,3
blob,blob/nix-closure,nix-binary-cache,1,pull_incremental,s3_requests_total,3
blob,blob/nix-closure,nix-binary-cache,1,pull_incremental,s3_response_body_bytes,527576
blob,blob/nix-closure,nix-binary-cache,1,pull_incremental,s3_responses_2xx,3
blob,blob/nix-closure,nix-binary-cache,1,pull_incremental,stored_bytes,3951289
blob,blob/nix-closure,nix-binary-cache,1,pull_incremental,stored_objects,23
blob,blob/nix-closure,nix-binary-cache,1,retention_cleanup,retained_logical_bytes,6030405
blob,blob/nix-closure,nix-binary-cache,1,retention_cleanup,retained_references,9
blob,blob/nix-closure,nix-binary-cache,1,retention_cleanup,s3_bytes_down,2760
blob,blob/nix-closure,nix-binary-cache,1,retention_cleanup,s3_bytes_up,5218
blob,blob/nix-closure,nix-binary-cache,1,retention_cleanup,s3_connections,2
blob,blob/nix-closure,nix-binary-cache,1,retention_cleanup,s3_request_body_bytes,354
blob,blob/nix-closure,nix-binary-cache,1,retention_cleanup,s3_requests_GET,2
blob,blob/nix-closure,nix-binary-cache,1,retention_cleanup,s3_requests_HEAD,4
blob,blob/nix-closure,nix-binary-cache,1,retention_cleanup,s3_requests_POST,2
blob,blob/nix-closure,nix-binary-cache,1,retention_cleanup,s3_requests_total,8
blob,blob/nix-closure,nix-binary-cache,1,retention_cleanup,s3_response_body_bytes,1426
blob,blob/nix-closure,nix-binary-cache,1,retention_cleanup,s3_responses_2xx,6
blob,blob/nix-closure,nix-binary-cache,1,retention_cleanup,s3_responses_4xx,2
blob,blob/nix-closure,nix-binary-cache,1,retention_cleanup,stored_bytes,3950192
blob,blob/nix-closure,nix-binary-cache,1,retention_cleanup,stored_objects,21
tree,tree/lifecycle,amber-go,1,ingest_fresh,store_closures_allocated_bytes,4096
tree,tree/lifecycle,amber-go,1,ingest_fresh,store_closures_apparent_bytes,0
tree,tree/lifecycle,amber-go,1,ingest_fresh,store_packstore_allocated_bytes,11763712
tree,tree/lifecycle,amber-go,1,ingest_fresh,store_packstore_apparent_bytes,11754115
tree,tree/lifecycle,amber-go,1,ingest_fresh,store_refs_allocated_bytes,4628480
tree,tree/lifecycle,amber-go,1,ingest_fresh,store_refs_apparent_bytes,2917
tree,tree/lifecycle,amber-go,1,ingest_repeat,store_closures_allocated_bytes,4096
tree,tree/lifecycle,amber-go,1,ingest_repeat,store_closures_apparent_bytes,0
tree,tree/lifecycle,amber-go,1,ingest_repeat,store_packstore_allocated_bytes,11763712
tree,tree/lifecycle,amber-go,1,ingest_repeat,store_packstore_apparent_bytes,11754115
tree,tree/lifecycle,amber-go,1,ingest_repeat,store_refs_allocated_bytes,4636672
tree,tree/lifecycle,amber-go,1,ingest_repeat,store_refs_apparent_bytes,3640
tree,tree/lifecycle,amber-go,1,ingest_changed,store_closures_allocated_bytes,4096
tree,tree/lifecycle,amber-go,1,ingest_changed,store_closures_apparent_bytes,0
tree,tree/lifecycle,amber-go,1,ingest_changed,store_packstore_allocated_bytes,11960320
tree,tree/lifecycle,amber-go,1,ingest_changed,store_packstore_apparent_bytes,11951018
tree,tree/lifecycle,amber-go,1,ingest_changed,store_refs_allocated_bytes,4640768
tree,tree/lifecycle,amber-go,1,ingest_changed,store_refs_apparent_bytes,4367
tree,tree/lifecycle,amber-go,1,list_recursive,cli_invocations,28
tree,tree/lifecycle,amber-go,1,list_recursive,directories,27
tree,tree/lifecycle,amber-go,1,list_recursive,entries,256
tree,tree/lifecycle,amber-go,1,ref_delete,store_closures_allocated_bytes,4096
tree,tree/lifecycle,amber-go,1,ref_delete,store_closures_apparent_bytes,0
tree,tree/lifecycle,amber-go,1,ref_delete,store_packstore_allocated_bytes,11960320
tree,tree/lifecycle,amber-go,1,ref_delete,store_packstore_apparent_bytes,11951018
tree,tree/lifecycle,amber-go,1,ref_delete,store_refs_allocated_bytes,4636672
tree,tree/lifecycle,amber-go,1,ref_delete,store_refs_apparent_bytes,4029
tree,tree/lifecycle,amber-go,1,age_sealed_segments,segments_aged,2
tree,tree/lifecycle,amber-go,1,gc,allocated_after_gc,11853824
tree,tree/lifecycle,amber-go,1,gc,allocated_before_delete,12001280
tree,tree/lifecycle,amber-go,1,gc,allocated_before_gc,16605184
tree,tree/lifecycle,amber-go,1,gc,reclaimed_packstore_bytes,143360
tree,tree/lifecycle,amber-go,1,gc,store_closures_allocated_bytes,4096
tree,tree/lifecycle,amber-go,1,gc,store_closures_apparent_bytes,0
tree,tree/lifecycle,amber-go,1,gc,store_packstore_allocated_bytes,11816960
tree,tree/lifecycle,amber-go,1,gc,store_packstore_apparent_bytes,11808492
tree,tree/lifecycle,amber-go,1,gc,store_refs_allocated_bytes,28672
tree,tree/lifecycle,amber-go,1,gc,store_refs_apparent_bytes,4570
blob,blob/backup-corpus,amber-go-s3,1,push_initial,s3_bytes_down,2449
blob,blob/backup-corpus,amber-go-s3,1,push_initial,s3_bytes_up,11782604
blob,blob/backup-corpus,amber-go-s3,1,push_initial,s3_connections,7
blob,blob/backup-corpus,amber-go-s3,1,push_initial,s3_request_body_bytes,11775718
blob,blob/backup-corpus,amber-go-s3,1,push_initial,s3_requests_GET,2
blob,blob/backup-corpus,amber-go-s3,1,push_initial,s3_requests_PUT,8
blob,blob/backup-corpus,amber-go-s3,1,push_initial,s3_requests_total,10
blob,blob/backup-corpus,amber-go-s3,1,push_initial,s3_response_body_bytes,616
blob,blob/backup-corpus,amber-go-s3,1,push_initial,s3_responses_2xx,9
blob,blob/backup-corpus,amber-go-s3,1,push_initial,s3_responses_4xx,1
blob,blob/backup-corpus,amber-go-s3,1,push_initial,stored_bytes,11758480
blob,blob/backup-corpus,amber-go-s3,1,push_initial,stored_objects,8
blob,blob/backup-corpus,amber-go-s3,1,push_noop,s3_bytes_down,3277
blob,blob/backup-corpus,amber-go-s3,1,push_noop,s3_bytes_up,1194
blob,blob/backup-corpus,amber-go-s3,1,push_noop,s3_connections,1
blob,blob/backup-corpus,amber-go-s3,1,push_noop,s3_request_body_bytes,0
blob,blob/backup-corpus,amber-go-s3,1,push_noop,s3_requests_GET,2
blob,blob/backup-corpus,amber-go-s3,1,push_noop,s3_requests_total,2
blob,blob/backup-corpus,amber-go-s3,1,push_noop,s3_response_body_bytes,3051
blob,blob/backup-corpus,amber-go-s3,1,push_noop,s3_responses_2xx,1
blob,blob/backup-corpus,amber-go-s3,1,push_noop,s3_responses_4xx,1
blob,blob/backup-corpus,amber-go-s3,1,push_noop,stored_bytes,11758480
blob,blob/backup-corpus,amber-go-s3,1,push_noop,stored_objects,8
blob,blob/backup-corpus,amber-go-s3,1,pull_fresh,delivered_logical_bytes,34237158
blob,blob/backup-corpus,amber-go-s3,1,pull_fresh,delivered_references,1
blob,blob/backup-corpus,amber-go-s3,1,pull_fresh,s3_bytes_down,11765237
blob,blob/backup-corpus,amber-go-s3,1,pull_fresh,s3_bytes_up,8183
blob,blob/backup-corpus,amber-go-s3,1,pull_fresh,s3_connections,8
blob,blob/backup-corpus,amber-go-s3,1,pull_fresh,s3_request_body_bytes,0
blob,blob/backup-corpus,amber-go-s3,1,pull_fresh,s3_requests_GET,12
blob,blob/backup-corpus,amber-go-s3,1,pull_fresh,s3_requests_HEAD,1
blob,blob/backup-corpus,amber-go-s3,1,pull_fresh,s3_requests_total,13
blob,blob/backup-corpus,amber-go-s3,1,pull_fresh,s3_response_body_bytes,11762877
blob,blob/backup-corpus,amber-go-s3,1,pull_fresh,s3_responses_2xx,11
blob,blob/backup-corpus,amber-go-s3,1,pull_fresh,s3_responses_4xx,2
blob,blob/backup-corpus,amber-go-s3,1,pull_fresh,stored_bytes,11758480
blob,blob/backup-corpus,amber-go-s3,1,pull_fresh,stored_objects,8
blob,blob/backup-corpus,amber-go-s3,1,push_incremental,s3_bytes_down,6321
blob,blob/backup-corpus,amber-go-s3,1,push_incremental,s3_bytes_up,3563663
blob,blob/backup-corpus,amber-go-s3,1,push_incremental,s3_connections,9
blob,blob/backup-corpus,amber-go-s3,1,push_incremental,s3_request_body_bytes,3555668
blob,blob/backup-corpus,amber-go-s3,1,push_incremental,s3_requests_GET,2
blob,blob/backup-corpus,amber-go-s3,1,push_incremental,s3_requests_POST,3
blob,blob/backup-corpus,amber-go-s3,1,push_incremental,s3_requests_PUT,7
blob,blob/backup-corpus,amber-go-s3,1,push_incremental,s3_requests_total,12
blob,blob/backup-corpus,amber-go-s3,1,push_incremental,s3_response_body_bytes,4364
blob,blob/backup-corpus,amber-go-s3,1,push_incremental,s3_responses_2xx,11
blob,blob/backup-corpus,amber-go-s3,1,push_incremental,s3_responses_4xx,1
blob,blob/backup-corpus,amber-go-s3,1,push_incremental,stored_bytes,11956094
blob,blob/backup-corpus,amber-go-s3,1,push_incremental,stored_objects,10
blob,blob/backup-corpus,amber-go-s3,1,pull_incremental,delivered_logical_bytes,34257224
blob,blob/backup-corpus,amber-go-s3,1,pull_incremental,delivered_references,1
blob,blob/backup-corpus,amber-go-s3,1,pull_incremental,s3_bytes_down,3556407
blob,blob/backup-corpus,amber-go-s3,1,pull_incremental,s3_bytes_up,7546
blob,blob/backup-corpus,amber-go-s3,1,pull_incremental,s3_connections,7
blob,blob/backup-corpus,amber-go-s3,1,pull_incremental,s3_request_body_bytes,0
blob,blob/backup-corpus,amber-go-s3,1,pull_incremental,s3_requests_GET,11
blob,blob/backup-corpus,amber-go-s3,1,pull_incremental,s3_requests_HEAD,1
blob,blob/backup-corpus,amber-go-s3,1,pull_incremental,s3_requests_total,12
blob,blob/backup-corpus,amber-go-s3,1,pull_incremental,s3_response_body_bytes,3554276
blob,blob/backup-corpus,amber-go-s3,1,pull_incremental,s3_responses_2xx,10
blob,blob/backup-corpus,amber-go-s3,1,pull_incremental,s3_responses_4xx,2
blob,blob/backup-corpus,amber-go-s3,1,pull_incremental,stored_bytes,11956094
blob,blob/backup-corpus,amber-go-s3,1,pull_incremental,stored_objects,10
blob,blob/backup-corpus,amber-go-s3,1,age_sealed_segments,segments_aged,2
blob,blob/backup-corpus,amber-go-s3,1,retention_cleanup,retained_logical_bytes,34257224
blob,blob/backup-corpus,amber-go-s3,1,retention_cleanup,retained_references,1
blob,blob/backup-corpus,amber-go-s3,1,retention_cleanup,s3_bytes_down,10036
blob,blob/backup-corpus,amber-go-s3,1,retention_cleanup,s3_bytes_up,11835395
blob,blob/backup-corpus,amber-go-s3,1,retention_cleanup,s3_connections,15
blob,blob/backup-corpus,amber-go-s3,1,retention_cleanup,s3_request_body_bytes,11822944
blob,blob/backup-corpus,amber-go-s3,1,retention_cleanup,s3_requests_GET,2
blob,blob/backup-corpus,amber-go-s3,1,retention_cleanup,s3_requests_POST,8
blob,blob/backup-corpus,amber-go-s3,1,retention_cleanup,s3_requests_PUT,9
blob,blob/backup-corpus,amber-go-s3,1,retention_cleanup,s3_requests_total,19
blob,blob/backup-corpus,amber-go-s3,1,retention_cleanup,s3_response_body_bytes,7137
blob,blob/backup-corpus,amber-go-s3,1,retention_cleanup,s3_responses_2xx,18
blob,blob/backup-corpus,amber-go-s3,1,retention_cleanup,s3_responses_4xx,1
blob,blob/backup-corpus,amber-go-s3,1,retention_cleanup,stored_bytes,11804175
blob,blob/backup-corpus,amber-go-s3,1,retention_cleanup,stored_objects,10
git,git/history,amber-rust,1,history_store,backend_commands,11
git,git/history,amber-rust,1,history_store,commits,11
git,git/history,amber-rust,1,history_store,store_closures_allocated_bytes,4096
git,git/history,amber-rust,1,history_store,store_closures_apparent_bytes,0
git,git/history,amber-rust,1,history_store,store_packstore_allocated_bytes,2404352
git,git/history,amber-rust,1,history_store,store_packstore_apparent_bytes,2396320
git,git/history,amber-rust,1,history_store,store_refs_allocated_bytes,1634304
git,git/history,amber-rust,1,history_store,store_refs_apparent_bytes,3686400
git,git/history,amber-rust,1,history_store_incremental,backend_commands,4
git,git/history,amber-rust,1,history_store_incremental,commits,4
git,git/history,amber-rust,1,history_store_incremental,store_closures_allocated_bytes,4096
git,git/history,amber-rust,1,history_store_incremental,store_closures_apparent_bytes,0
git,git/history,amber-rust,1,history_store_incremental,store_packstore_allocated_bytes,2420736
git,git/history,amber-rust,1,history_store_incremental,store_packstore_apparent_bytes,2413588
git,git/history,amber-rust,1,history_store_incremental,store_refs_allocated_bytes,1634304
git,git/history,amber-rust,1,history_store_incremental,store_refs_apparent_bytes,3686400
git,git/history,amber-rust,1,list_head,cli_invocations,29
git,git/history,amber-rust,1,list_head,entries,169
git,git/history,amber-rust,1,retained_version_coverage,versions_retained,15
git,git/history,amber-rust,1,retained_version_coverage,versions_unverified,0
git,git/history,amber-rust,1,retained_version_coverage,versions_verified,15
blob,blob/backup-corpus,amber-rust-s3,1,push_initial,s3_bytes_down,1446
blob,blob/backup-corpus,amber-rust-s3,1,push_initial,s3_bytes_up,15453849
blob,blob/backup-corpus,amber-rust-s3,1,push_initial,s3_connections,3
blob,blob/backup-corpus,amber-rust-s3,1,push_initial,s3_request_body_bytes,15450505
blob,blob/backup-corpus,amber-rust-s3,1,push_initial,s3_requests_GET,2
blob,blob/backup-corpus,amber-rust-s3,1,push_initial,s3_requests_PUT,3
blob,blob/backup-corpus,amber-rust-s3,1,push_initial,s3_requests_total,5
blob,blob/backup-corpus,amber-rust-s3,1,push_initial,s3_response_body_bytes,618
blob,blob/backup-corpus,amber-rust-s3,1,push_initial,s3_responses_2xx,4
blob,blob/backup-corpus,amber-rust-s3,1,push_initial,s3_responses_4xx,1
blob,blob/backup-corpus,amber-rust-s3,1,push_initial,stored_bytes,15428920
blob,blob/backup-corpus,amber-rust-s3,1,push_initial,stored_objects,3
blob,blob/backup-corpus,amber-rust-s3,1,push_noop,s3_bytes_down,1777
blob,blob/backup-corpus,amber-rust-s3,1,push_noop,s3_bytes_up,1196
blob,blob/backup-corpus,amber-rust-s3,1,push_noop,s3_connections,1
blob,blob/backup-corpus,amber-rust-s3,1,push_noop,s3_request_body_bytes,0
blob,blob/backup-corpus,amber-rust-s3,1,push_noop,s3_requests_GET,2
blob,blob/backup-corpus,amber-rust-s3,1,push_noop,s3_requests_total,2
blob,blob/backup-corpus,amber-rust-s3,1,push_noop,s3_response_body_bytes,1551
blob,blob/backup-corpus,amber-rust-s3,1,push_noop,s3_responses_2xx,1
blob,blob/backup-corpus,amber-rust-s3,1,push_noop,s3_responses_4xx,1
blob,blob/backup-corpus,amber-rust-s3,1,push_noop,stored_bytes,15428920
blob,blob/backup-corpus,amber-rust-s3,1,push_noop,stored_objects,3
blob,blob/backup-corpus,amber-rust-s3,1,pull_fresh,delivered_logical_bytes,34237158
blob,blob/backup-corpus,amber-rust-s3,1,pull_fresh,delivered_references,1
blob,blob/backup-corpus,amber-rust-s3,1,pull_fresh,s3_bytes_down,15433075
blob,blob/backup-corpus,amber-rust-s3,1,pull_fresh,s3_bytes_up,5139
blob,blob/backup-corpus,amber-rust-s3,1,pull_fresh,s3_connections,3
blob,blob/backup-corpus,amber-rust-s3,1,pull_fresh,s3_request_body_bytes,0
blob,blob/backup-corpus,amber-rust-s3,1,pull_fresh,s3_requests_GET,7
blob,blob/backup-corpus,amber-rust-s3,1,pull_fresh,s3_requests_HEAD,1
blob,blob/backup-corpus,amber-rust-s3,1,pull_fresh,s3_requests_total,8
blob,blob/backup-corpus,amber-rust-s3,1,pull_fresh,s3_response_body_bytes,15431825
blob,blob/backup-corpus,amber-rust-s3,1,pull_fresh,s3_responses_2xx,6
blob,blob/backup-corpus,amber-rust-s3,1,pull_fresh,s3_responses_4xx,2
blob,blob/backup-corpus,amber-rust-s3,1,pull_fresh,stored_bytes,15428920
blob,blob/backup-corpus,amber-rust-s3,1,pull_fresh,stored_objects,3
blob,blob/backup-corpus,amber-rust-s3,1,push_incremental,s3_bytes_down,2179
blob,blob/backup-corpus,amber-rust-s3,1,push_incremental,s3_bytes_up,7197217
blob,blob/backup-corpus,amber-rust-s3,1,push_incremental,s3_connections,2
blob,blob/backup-corpus,amber-rust-s3,1,push_incremental,s3_request_body_bytes,7194592
blob,blob/backup-corpus,amber-rust-s3,1,push_incremental,s3_requests_GET,2
blob,blob/backup-corpus,amber-rust-s3,1,push_incremental,s3_requests_PUT,2
blob,blob/backup-corpus,amber-rust-s3,1,push_incremental,s3_requests_total,4
blob,blob/backup-corpus,amber-rust-s3,1,push_incremental,s3_response_body_bytes,1551
blob,blob/backup-corpus,amber-rust-s3,1,push_incremental,s3_responses_2xx,3
blob,blob/backup-corpus,amber-rust-s3,1,push_incremental,s3_responses_4xx,1
blob,blob/backup-corpus,amber-rust-s3,1,push_incremental,stored_bytes,15625711
blob,blob/backup-corpus,amber-rust-s3,1,push_incremental,stored_objects,3
blob,blob/backup-corpus,amber-rust-s3,1,pull_incremental,delivered_logical_bytes,34257224
blob,blob/backup-corpus,amber-rust-s3,1,pull_incremental,delivered_references,1
blob,blob/backup-corpus,amber-rust-s3,1,pull_incremental,s3_bytes_down,7188356
blob,blob/backup-corpus,amber-rust-s3,1,pull_incremental,s3_bytes_up,4522
blob,blob/backup-corpus,amber-rust-s3,1,pull_incremental,s3_connections,2
blob,blob/backup-corpus,amber-rust-s3,1,pull_incremental,s3_request_body_bytes,0
blob,blob/backup-corpus,amber-rust-s3,1,pull_incremental,s3_requests_GET,6
blob,blob/backup-corpus,amber-rust-s3,1,pull_incremental,s3_requests_HEAD,1
blob,blob/backup-corpus,amber-rust-s3,1,pull_incremental,s3_requests_total,7
blob,blob/backup-corpus,amber-rust-s3,1,pull_incremental,s3_response_body_bytes,7187337
blob,blob/backup-corpus,amber-rust-s3,1,pull_incremental,s3_responses_2xx,5
blob,blob/backup-corpus,amber-rust-s3,1,pull_incremental,s3_responses_4xx,2
blob,blob/backup-corpus,amber-rust-s3,1,pull_incremental,stored_bytes,15625711
blob,blob/backup-corpus,amber-rust-s3,1,pull_incremental,stored_objects,3
blob,blob/backup-corpus,amber-rust-s3,1,age_sealed_segments,segments_aged,2
blob,blob/backup-corpus,amber-rust-s3,1,retention_cleanup,retained_logical_bytes,34257224
blob,blob/backup-corpus,amber-rust-s3,1,retention_cleanup,retained_references,1
blob,blob/backup-corpus,amber-rust-s3,1,retention_cleanup,s3_bytes_down,3491
blob,blob/backup-corpus,amber-rust-s3,1,retention_cleanup,s3_bytes_up,15464239
blob,blob/backup-corpus,amber-rust-s3,1,retention_cleanup,s3_connections,5
blob,blob/backup-corpus,amber-rust-s3,1,retention_cleanup,s3_request_body_bytes,15459664
blob,blob/backup-corpus,amber-rust-s3,1,retention_cleanup,s3_requests_GET,2
blob,blob/backup-corpus,amber-rust-s3,1,retention_cleanup,s3_requests_POST,2
blob,blob/backup-corpus,amber-rust-s3,1,retention_cleanup,s3_requests_PUT,3
blob,blob/backup-corpus,amber-rust-s3,1,retention_cleanup,s3_requests_total,7
blob,blob/backup-corpus,amber-rust-s3,1,retention_cleanup,s3_response_body_bytes,2446
blob,blob/backup-corpus,amber-rust-s3,1,retention_cleanup,s3_responses_2xx,6
blob,blob/backup-corpus,amber-rust-s3,1,retention_cleanup,s3_responses_4xx,1
blob,blob/backup-corpus,amber-rust-s3,1,retention_cleanup,stored_bytes,15437740
blob,blob/backup-corpus,amber-rust-s3,1,retention_cleanup,stored_objects,3
git,git/history,amber-go,1,history_store,backend_commands,11
git,git/history,amber-go,1,history_store,commits,11
git,git/history,amber-go,1,history_store,store_closures_allocated_bytes,4096
git,git/history,amber-go,1,history_store,store_closures_apparent_bytes,0
git,git/history,amber-go,1,history_store,store_packstore_allocated_bytes,2404352
git,git/history,amber-go,1,history_store,store_packstore_apparent_bytes,2396235
git,git/history,amber-go,1,history_store,store_refs_allocated_bytes,4673536
git,git/history,amber-go,1,history_store,store_refs_apparent_bytes,10425
git,git/history,amber-go,1,history_store_incremental,backend_commands,4
git,git/history,amber-go,1,history_store_incremental,commits,4
git,git/history,amber-go,1,history_store_incremental,store_closures_allocated_bytes,4096
git,git/history,amber-go,1,history_store_incremental,store_closures_apparent_bytes,0
git,git/history,amber-go,1,history_store_incremental,store_packstore_allocated_bytes,2420736
git,git/history,amber-go,1,history_store_incremental,store_packstore_apparent_bytes,2413558
git,git/history,amber-go,1,history_store_incremental,store_refs_allocated_bytes,4689920
git,git/history,amber-go,1,history_store_incremental,store_refs_apparent_bytes,13417
git,git/history,amber-go,1,list_head,cli_invocations,29
git,git/history,amber-go,1,list_head,entries,169
git,git/history,amber-go,1,retained_version_coverage,versions_retained,15
git,git/history,amber-go,1,retained_version_coverage,versions_unverified,0
git,git/history,amber-go,1,retained_version_coverage,versions_verified,15
nix,nix/closure,nix,1,gc,allocated_before_delete,17125376
blob,blob/source-history,amber-rust-s3,1,push_initial,s3_bytes_down,1246
blob,blob/source-history,amber-rust-s3,1,push_initial,s3_bytes_up,6093978
blob,blob/source-history,amber-rust-s3,1,push_initial,s3_connections,2
blob,blob/source-history,amber-rust-s3,1,push_initial,s3_request_body_bytes,6091350
blob,blob/source-history,amber-rust-s3,1,push_initial,s3_requests_GET,2
blob,blob/source-history,amber-rust-s3,1,push_initial,s3_requests_PUT,2
blob,blob/source-history,amber-rust-s3,1,push_initial,s3_requests_total,4
blob,blob/source-history,amber-rust-s3,1,push_initial,s3_response_body_bytes,619
blob,blob/source-history,amber-rust-s3,1,push_initial,s3_responses_2xx,3
blob,blob/source-history,amber-rust-s3,1,push_initial,s3_responses_4xx,1
blob,blob/source-history,amber-rust-s3,1,push_initial,stored_bytes,6082720
blob,blob/source-history,amber-rust-s3,1,push_initial,stored_objects,2
blob,blob/source-history,amber-rust-s3,1,push_noop,s3_bytes_down,1465
blob,blob/source-history,amber-rust-s3,1,push_noop,s3_bytes_up,1197
blob,blob/source-history,amber-rust-s3,1,push_noop,s3_connections,1
blob,blob/source-history,amber-rust-s3,1,push_noop,s3_request_body_bytes,0
blob,blob/source-history,amber-rust-s3,1,push_noop,s3_requests_GET,2
blob,blob/source-history,amber-rust-s3,1,push_noop,s3_requests_total,2
blob,blob/source-history,amber-rust-s3,1,push_noop,s3_response_body_bytes,1240
blob,blob/source-history,amber-rust-s3,1,push_noop,s3_responses_2xx,1
blob,blob/source-history,amber-rust-s3,1,push_noop,s3_responses_4xx,1
blob,blob/source-history,amber-rust-s3,1,push_noop,stored_bytes,6082720
blob,blob/source-history,amber-rust-s3,1,push_noop,stored_objects,2
blob,blob/source-history,amber-rust-s3,1,pull_fresh,delivered_logical_bytes,22526976
blob,blob/source-history,amber-rust-s3,1,pull_fresh,delivered_references,11
blob,blob/source-history,amber-rust-s3,1,pull_fresh,s3_bytes_down,6086416
blob,blob/source-history,amber-rust-s3,1,pull_fresh,s3_bytes_up,4572
blob,blob/source-history,amber-rust-s3,1,pull_fresh,s3_connections,2
blob,blob/source-history,amber-rust-s3,1,pull_fresh,s3_request_body_bytes,0
blob,blob/source-history,amber-rust-s3,1,pull_fresh,s3_requests_GET,6
blob,blob/source-history,amber-rust-s3,1,pull_fresh,s3_requests_HEAD,1
blob,blob/source-history,amber-rust-s3,1,pull_fresh,s3_requests_total,7
blob,blob/source-history,amber-rust-s3,1,pull_fresh,s3_response_body_bytes,6085398
blob,blob/source-history,amber-rust-s3,1,pull_fresh,s3_responses_2xx,5
blob,blob/source-history,amber-rust-s3,1,pull_fresh,s3_responses_4xx,2
blob,blob/source-history,amber-rust-s3,1,pull_fresh,stored_bytes,6082720
blob,blob/source-history,amber-rust-s3,1,pull_fresh,stored_objects,2
blob,blob/source-history,amber-rust-s3,1,push_incremental,s3_bytes_down,1867
blob,blob/source-history,amber-rust-s3,1,push_incremental,s3_bytes_up,6111246
blob,blob/source-history,amber-rust-s3,1,push_incremental,s3_connections,2
blob,blob/source-history,amber-rust-s3,1,push_incremental,s3_request_body_bytes,6108618
blob,blob/source-history,amber-rust-s3,1,push_incremental,s3_requests_GET,2
blob,blob/source-history,amber-rust-s3,1,push_incremental,s3_requests_PUT,2
blob,blob/source-history,amber-rust-s3,1,push_incremental,s3_requests_total,4
blob,blob/source-history,amber-rust-s3,1,push_incremental,s3_response_body_bytes,1240
blob,blob/source-history,amber-rust-s3,1,push_incremental,s3_responses_2xx,3
blob,blob/source-history,amber-rust-s3,1,push_incremental,s3_responses_4xx,1
blob,blob/source-history,amber-rust-s3,1,push_incremental,stored_bytes,6099988
blob,blob/source-history,amber-rust-s3,1,push_incremental,stored_objects,2
blob,blob/source-history,amber-rust-s3,1,pull_incremental,delivered_logical_bytes,8192000
blob,blob/source-history,amber-rust-s3,1,pull_incremental,delivered_references,4
blob,blob/source-history,amber-rust-s3,1,pull_incremental,s3_bytes_down,6103684
blob,blob/source-history,amber-rust-s3,1,pull_incremental,s3_bytes_up,4572
blob,blob/source-history,amber-rust-s3,1,pull_incremental,s3_connections,2
blob,blob/source-history,amber-rust-s3,1,pull_incremental,s3_request_body_bytes,0
blob,blob/source-history,amber-rust-s3,1,pull_incremental,s3_requests_GET,6
blob,blob/source-history,amber-rust-s3,1,pull_incremental,s3_requests_HEAD,1
blob,blob/source-history,amber-rust-s3,1,pull_incremental,s3_requests_total,7
blob,blob/source-history,amber-rust-s3,1,pull_incremental,s3_response_body_bytes,6102666
blob,blob/source-history,amber-rust-s3,1,pull_incremental,s3_responses_2xx,5
blob,blob/source-history,amber-rust-s3,1,pull_incremental,s3_responses_4xx,2
blob,blob/source-history,amber-rust-s3,1,pull_incremental,stored_bytes,6099988
blob,blob/source-history,amber-rust-s3,1,pull_incremental,stored_objects,2
blob,blob/source-history,amber-rust-s3,1,age_sealed_segments,segments_aged,1
blob,blob/source-history,amber-rust-s3,1,retention_cleanup,retained_logical_bytes,8192000
blob,blob/source-history,amber-rust-s3,1,retention_cleanup,retained_references,4
blob,blob/source-history,amber-rust-s3,1,retention_cleanup,s3_bytes_down,2427
blob,blob/source-history,amber-rust-s3,1,retention_cleanup,s3_bytes_up,6130976
blob,blob/source-history,amber-rust-s3,1,retention_cleanup,s3_connections,3
blob,blob/source-history,amber-rust-s3,1,retention_cleanup,s3_request_body_bytes,6127736
blob,blob/source-history,amber-rust-s3,1,retention_cleanup,s3_requests_GET,2
blob,blob/source-history,amber-rust-s3,1,retention_cleanup,s3_requests_POST,1
blob,blob/source-history,amber-rust-s3,1,retention_cleanup,s3_requests_PUT,2
blob,blob/source-history,amber-rust-s3,1,retention_cleanup,s3_requests_total,5
blob,blob/source-history,amber-rust-s3,1,retention_cleanup,s3_response_body_bytes,1692
blob,blob/source-history,amber-rust-s3,1,retention_cleanup,s3_responses_2xx,4
blob,blob/source-history,amber-rust-s3,1,retention_cleanup,s3_responses_4xx,1
blob,blob/source-history,amber-rust-s3,1,retention_cleanup,stored_bytes,6118842
blob,blob/source-history,amber-rust-s3,1,retention_cleanup,stored_objects,2
backup,backup/retention,restic,1,backup_initial,store_data_allocated_bytes,14204928
backup,backup/retention,restic,1,backup_initial,store_data_apparent_bytes,13149412
backup,backup/retention,restic,1,backup_initial,store_index_allocated_bytes,20480
backup,backup/retention,restic,1,backup_initial,store_index_apparent_bytes,12963
backup,backup/retention,restic,1,backup_initial,store_snapshots_allocated_bytes,8192
backup,backup/retention,restic,1,backup_initial,store_snapshots_apparent_bytes,411
backup,backup/retention,restic,1,backup_unchanged,store_data_allocated_bytes,14204928
backup,backup/retention,restic,1,backup_unchanged,store_data_apparent_bytes,13149412
backup,backup/retention,restic,1,backup_unchanged,store_index_allocated_bytes,20480
backup,backup/retention,restic,1,backup_unchanged,store_index_apparent_bytes,12963
backup,backup/retention,restic,1,backup_unchanged,store_snapshots_allocated_bytes,12288
backup,backup/retention,restic,1,backup_unchanged,store_snapshots_apparent_bytes,860
backup,backup/retention,restic,1,backup_changed,store_data_allocated_bytes,14417920
backup,backup/retention,restic,1,backup_changed,store_data_apparent_bytes,13358732
backup,backup/retention,restic,1,backup_changed,store_index_allocated_bytes,24576
backup,backup/retention,restic,1,backup_changed,store_index_apparent_bytes,16833
backup,backup/retention,restic,1,backup_changed,store_snapshots_allocated_bytes,16384
backup,backup/retention,restic,1,backup_changed,store_snapshots_apparent_bytes,1266
backup,backup/retention,restic,1,backup_changed_again,store_data_allocated_bytes,14630912
backup,backup/retention,restic,1,backup_changed_again,store_data_apparent_bytes,13566119
backup,backup/retention,restic,1,backup_changed_again,store_index_allocated_bytes,28672
backup,backup/retention,restic,1,backup_changed_again,store_index_apparent_bytes,20682
backup,backup/retention,restic,1,backup_changed_again,store_snapshots_allocated_bytes,20480
backup,backup/retention,restic,1,backup_changed_again,store_snapshots_apparent_bytes,1673
backup,backup/retention,restic,1,forget_oldest,store_data_allocated_bytes,14630912
backup,backup/retention,restic,1,forget_oldest,store_data_apparent_bytes,13566119
backup,backup/retention,restic,1,forget_oldest,store_index_allocated_bytes,28672
backup,backup/retention,restic,1,forget_oldest,store_index_apparent_bytes,20682
backup,backup/retention,restic,1,forget_oldest,store_snapshots_allocated_bytes,12288
backup,backup/retention,restic,1,forget_oldest,store_snapshots_apparent_bytes,813
backup,backup/retention,restic,1,prune,allocated_after_prune,14503936
backup,backup/retention,restic,1,prune,allocated_before_forget,14700544
backup,backup/retention,restic,1,prune,store_data_allocated_bytes,14446592
backup,backup/retention,restic,1,prune,store_data_apparent_bytes,13377235
backup,backup/retention,restic,1,prune,store_index_allocated_bytes,24576
backup,backup/retention,restic,1,prune,store_index_apparent_bytes,16719
backup,backup/retention,restic,1,prune,store_snapshots_allocated_bytes,12288
backup,backup/retention,restic,1,prune,store_snapshots_apparent_bytes,813
backup,backup/retention,amber-go,1,backup_initial,store_closures_allocated_bytes,4096
backup,backup/retention,amber-go,1,backup_initial,store_closures_apparent_bytes,0
backup,backup/retention,amber-go,1,backup_initial,store_packstore_allocated_bytes,11763712
backup,backup/retention,amber-go,1,backup_initial,store_packstore_apparent_bytes,11755215
backup,backup/retention,amber-go,1,backup_initial,store_refs_allocated_bytes,4628480
backup,backup/retention,amber-go,1,backup_initial,store_refs_apparent_bytes,2919
backup,backup/retention,amber-go,1,backup_unchanged,store_closures_allocated_bytes,4096
backup,backup/retention,amber-go,1,backup_unchanged,store_closures_apparent_bytes,0
backup,backup/retention,amber-go,1,backup_unchanged,store_packstore_allocated_bytes,11763712
backup,backup/retention,amber-go,1,backup_unchanged,store_packstore_apparent_bytes,11755215
backup,backup/retention,amber-go,1,backup_unchanged,store_refs_allocated_bytes,4636672
backup,backup/retention,amber-go,1,backup_unchanged,store_refs_apparent_bytes,3646
backup,backup/retention,amber-go,1,backup_changed,store_closures_allocated_bytes,4096
backup,backup/retention,amber-go,1,backup_changed,store_closures_apparent_bytes,0
backup,backup/retention,amber-go,1,backup_changed,store_packstore_allocated_bytes,11960320
backup,backup/retention,amber-go,1,backup_changed,store_packstore_apparent_bytes,11952118
backup,backup/retention,amber-go,1,backup_changed,store_refs_allocated_bytes,4640768
backup,backup/retention,amber-go,1,backup_changed,store_refs_apparent_bytes,4379
backup,backup/retention,amber-go,1,backup_changed_again,store_closures_allocated_bytes,4096
backup,backup/retention,amber-go,1,backup_changed_again,store_closures_apparent_bytes,0
backup,backup/retention,amber-go,1,backup_changed_again,store_packstore_allocated_bytes,12152832
backup,backup/retention,amber-go,1,backup_changed_again,store_packstore_apparent_bytes,12146891
backup,backup/retention,amber-go,1,backup_changed_again,store_refs_allocated_bytes,4644864
backup,backup/retention,amber-go,1,backup_changed_again,store_refs_apparent_bytes,5099
backup,backup/retention,amber-go,1,list_snapshot,cli_invocations,29
backup,backup/retention,amber-go,1,list_snapshot,entries,256
backup,backup/retention,amber-go,1,forget_oldest,store_closures_allocated_bytes,4096
backup,backup/retention,amber-go,1,forget_oldest,store_closures_apparent_bytes,0
backup,backup/retention,amber-go,1,forget_oldest,store_packstore_allocated_bytes,12152832
backup,backup/retention,amber-go,1,forget_oldest,store_packstore_apparent_bytes,12146891
backup,backup/retention,amber-go,1,forget_oldest,store_refs_allocated_bytes,4636672
backup,backup/retention,amber-go,1,forget_oldest,store_refs_apparent_bytes,4179
backup,backup/retention,amber-go,1,age_sealed_segments,segments_aged,2
backup,backup/retention,amber-go,1,prune,allocated_after_prune,12042240
backup,backup/retention,amber-go,1,prune,allocated_before_forget,12197888
backup,backup/retention,amber-go,1,prune,reclaimed_packstore_bytes,147456
backup,backup/retention,amber-go,1,prune,store_closures_allocated_bytes,4096
backup,backup/retention,amber-go,1,prune,store_closures_apparent_bytes,0
backup,backup/retention,amber-go,1,prune,store_packstore_allocated_bytes,12005376
backup,backup/retention,amber-go,1,prune,store_packstore_apparent_bytes,11996772
backup,backup/retention,amber-go,1,prune,store_refs_allocated_bytes,28672
backup,backup/retention,amber-go,1,prune,store_refs_apparent_bytes,4675
tree,tree/lifecycle,fs-sha256,1,ingest_fresh,store_refs_allocated_bytes,49152
tree,tree/lifecycle,fs-sha256,1,ingest_fresh,store_refs_apparent_bytes,42747
tree,tree/lifecycle,fs-sha256,1,ingest_repeat,store_refs_allocated_bytes,94208
tree,tree/lifecycle,fs-sha256,1,ingest_repeat,store_refs_apparent_bytes,85494
tree,tree/lifecycle,fs-sha256,1,ingest_changed,store_refs_allocated_bytes,139264
tree,tree/lifecycle,fs-sha256,1,ingest_changed,store_refs_apparent_bytes,128322
tree,tree/lifecycle,fs-sha256,1,ref_delete,store_refs_allocated_bytes,49152
tree,tree/lifecycle,fs-sha256,1,ref_delete,store_refs_apparent_bytes,42828
tree,tree/lifecycle,fs-sha256,1,gc,allocated_after_gc,27025408
tree,tree/lifecycle,fs-sha256,1,gc,allocated_before_delete,27373568
tree,tree/lifecycle,fs-sha256,1,gc,allocated_before_gc,27283456
tree,tree/lifecycle,fs-sha256,1,gc,store_refs_allocated_bytes,49152
tree,tree/lifecycle,fs-sha256,1,gc,store_refs_apparent_bytes,42828
blob,blob/nix-closure,amber-rust-s3,1,push_initial,s3_bytes_down,1243
blob,blob/nix-closure,amber-rust-s3,1,push_initial,s3_bytes_up,7116817
blob,blob/nix-closure,amber-rust-s3,1,push_initial,s3_connections,2
blob,blob/nix-closure,amber-rust-s3,1,push_initial,s3_request_body_bytes,7114198
blob,blob/nix-closure,amber-rust-s3,1,push_initial,s3_requests_GET,2
blob,blob/nix-closure,amber-rust-s3,1,push_initial,s3_requests_PUT,2
blob,blob/nix-closure,amber-rust-s3,1,push_initial,s3_requests_total,4
blob,blob/nix-closure,amber-rust-s3,1,push_initial,s3_response_body_bytes,616
blob,blob/nix-closure,amber-rust-s3,1,push_initial,s3_responses_2xx,3
blob,blob/nix-closure,amber-rust-s3,1,push_initial,s3_responses_4xx,1
blob,blob/nix-closure,amber-rust-s3,1,push_initial,stored_bytes,7104128
blob,blob/nix-closure,amber-rust-s3,1,push_initial,stored_objects,2
blob,blob/nix-closure,amber-rust-s3,1,push_noop,s3_bytes_down,1456
blob,blob/nix-closure,amber-rust-s3,1,push_noop,s3_bytes_up,1194
blob,blob/nix-closure,amber-rust-s3,1,push_noop,s3_connections,1
blob,blob/nix-closure,amber-rust-s3,1,push_noop,s3_request_body_bytes,0
blob,blob/nix-closure,amber-rust-s3,1,push_noop,s3_requests_GET,2
blob,blob/nix-closure,amber-rust-s3,1,push_noop,s3_requests_total,2
blob,blob/nix-closure,amber-rust-s3,1,push_noop,s3_response_body_bytes,1231
blob,blob/nix-closure,amber-rust-s3,1,push_noop,s3_responses_2xx,1
blob,blob/nix-closure,amber-rust-s3,1,push_noop,s3_responses_4xx,1
blob,blob/nix-closure,amber-rust-s3,1,push_noop,stored_bytes,7104128
blob,blob/nix-closure,amber-rust-s3,1,push_noop,stored_objects,2
blob,blob/nix-closure,amber-rust-s3,1,pull_fresh,delivered_logical_bytes,5768158
blob,blob/nix-closure,amber-rust-s3,1,pull_fresh,delivered_references,8
blob,blob/nix-closure,amber-rust-s3,1,pull_fresh,s3_bytes_down,7107795
blob,blob/nix-closure,amber-rust-s3,1,pull_fresh,s3_bytes_up,4550
blob,blob/nix-closure,amber-rust-s3,1,pull_fresh,s3_connections,2
blob,blob/nix-closure,amber-rust-s3,1,pull_fresh,s3_request_body_bytes,0
blob,blob/nix-closure,amber-rust-s3,1,pull_fresh,s3_requests_GET,6
blob,blob/nix-closure,amber-rust-s3,1,pull_fresh,s3_requests_HEAD,1
blob,blob/nix-closure,amber-rust-s3,1,pull_fresh,s3_requests_total,7
blob,blob/nix-closure,amber-rust-s3,1,pull_fresh,s3_response_body_bytes,7106777
blob,blob/nix-closure,amber-rust-s3,1,pull_fresh,s3_responses_2xx,5
blob,blob/nix-closure,amber-rust-s3,1,pull_fresh,s3_responses_4xx,2
blob,blob/nix-closure,amber-rust-s3,1,pull_fresh,stored_bytes,7104128
blob,blob/nix-closure,amber-rust-s3,1,pull_fresh,stored_objects,2
blob,blob/nix-closure,amber-rust-s3,1,push_incremental,s3_bytes_down,1858
blob,blob/nix-closure,amber-rust-s3,1,push_incremental,s3_bytes_up,7645035
blob,blob/nix-closure,amber-rust-s3,1,push_incremental,s3_connections,2
blob,blob/nix-closure,amber-rust-s3,1,push_incremental,s3_request_body_bytes,7642416
blob,blob/nix-closure,amber-rust-s3,1,push_incremental,s3_requests_GET,2
blob,blob/nix-closure,amber-rust-s3,1,push_incremental,s3_requests_PUT,2
blob,blob/nix-closure,amber-rust-s3,1,push_incremental,s3_requests_total,4
blob,blob/nix-closure,amber-rust-s3,1,push_incremental,s3_response_body_bytes,1231
blob,blob/nix-closure,amber-rust-s3,1,push_incremental,s3_responses_2xx,3
blob,blob/nix-closure,amber-rust-s3,1,push_incremental,s3_responses_4xx,1
blob,blob/nix-closure,amber-rust-s3,1,push_incremental,stored_bytes,7631626
blob,blob/nix-closure,amber-rust-s3,1,push_incremental,stored_objects,2
blob,blob/nix-closure,amber-rust-s3,1,pull_incremental,delivered_logical_bytes,6030405
blob,blob/nix-closure,amber-rust-s3,1,pull_incremental,delivered_references,9
blob,blob/nix-closure,amber-rust-s3,1,pull_incremental,s3_bytes_down,7635293
blob,blob/nix-closure,amber-rust-s3,1,pull_incremental,s3_bytes_up,4550
blob,blob/nix-closure,amber-rust-s3,1,pull_incremental,s3_connections,2
blob,blob/nix-closure,amber-rust-s3,1,pull_incremental,s3_request_body_bytes,0
blob,blob/nix-closure,amber-rust-s3,1,pull_incremental,s3_requests_GET,6
blob,blob/nix-closure,amber-rust-s3,1,pull_incremental,s3_requests_HEAD,1
blob,blob/nix-closure,amber-rust-s3,1,pull_incremental,s3_requests_total,7
blob,blob/nix-closure,amber-rust-s3,1,pull_incremental,s3_response_body_bytes,7634275
blob,blob/nix-closure,amber-rust-s3,1,pull_incremental,s3_responses_2xx,5
blob,blob/nix-closure,amber-rust-s3,1,pull_incremental,s3_responses_4xx,2
blob,blob/nix-closure,amber-rust-s3,1,pull_incremental,stored_bytes,7631626
blob,blob/nix-closure,amber-rust-s3,1,pull_incremental,stored_objects,2
blob,blob/nix-closure,amber-rust-s3,1,age_sealed_segments,segments_aged,1
blob,blob/nix-closure,amber-rust-s3,1,retention_cleanup,retained_logical_bytes,6030405
blob,blob/nix-closure,amber-rust-s3,1,retention_cleanup,retained_references,9
blob,blob/nix-closure,amber-rust-s3,1,retention_cleanup,s3_bytes_down,2415
blob,blob/nix-closure,amber-rust-s3,1,retention_cleanup,s3_bytes_up,7652468
blob,blob/nix-closure,amber-rust-s3,1,retention_cleanup,s3_connections,3
blob,blob/nix-closure,amber-rust-s3,1,retention_cleanup,s3_request_body_bytes,7649237
blob,blob/nix-closure,amber-rust-s3,1,retention_cleanup,s3_requests_GET,2
blob,blob/nix-closure,amber-rust-s3,1,retention_cleanup,s3_requests_POST,1
blob,blob/nix-closure,amber-rust-s3,1,retention_cleanup,s3_requests_PUT,2
blob,blob/nix-closure,amber-rust-s3,1,retention_cleanup,s3_requests_total,5
blob,blob/nix-closure,amber-rust-s3,1,retention_cleanup,s3_response_body_bytes,1680
blob,blob/nix-closure,amber-rust-s3,1,retention_cleanup,s3_responses_2xx,4
blob,blob/nix-closure,amber-rust-s3,1,retention_cleanup,s3_responses_4xx,1
blob,blob/nix-closure,amber-rust-s3,1,retention_cleanup,stored_bytes,7638276
blob,blob/nix-closure,amber-rust-s3,1,retention_cleanup,stored_objects,2
blob,blob/source-history,amber-go-s3,1,push_initial,s3_bytes_down,4460
blob,blob/source-history,amber-go-s3,1,push_initial,s3_bytes_up,2426597
blob,blob/source-history,amber-go-s3,1,push_initial,s3_connections,11
blob,blob/source-history,amber-go-s3,1,push_initial,s3_request_body_bytes,2412768
blob,blob/source-history,amber-go-s3,1,push_initial,s3_requests_GET,2
blob,blob/source-history,amber-go-s3,1,push_initial,s3_requests_PUT,18
blob,blob/source-history,amber-go-s3,1,push_initial,s3_requests_total,20
blob,blob/source-history,amber-go-s3,1,push_initial,s3_response_body_bytes,617
blob,blob/source-history,amber-go-s3,1,push_initial,s3_responses_2xx,19
blob,blob/source-history,amber-go-s3,1,push_initial,s3_responses_4xx,1
blob,blob/source-history,amber-go-s3,1,push_initial,stored_bytes,2406660
blob,blob/source-history,amber-go-s3,1,push_initial,stored_objects,18
blob,blob/source-history,amber-go-s3,1,push_noop,s3_bytes_down,6215
blob,blob/source-history,amber-go-s3,1,push_noop,s3_bytes_up,1195
blob,blob/source-history,amber-go-s3,1,push_noop,s3_connections,1
blob,blob/source-history,amber-go-s3,1,push_noop,s3_request_body_bytes,0
blob,blob/source-history,amber-go-s3,1,push_noop,s3_requests_GET,2
blob,blob/source-history,amber-go-s3,1,push_noop,s3_requests_total,2
blob,blob/source-history,amber-go-s3,1,push_noop,s3_response_body_bytes,5989
blob,blob/source-history,amber-go-s3,1,push_noop,s3_responses_2xx,1
blob,blob/source-history,amber-go-s3,1,push_noop,s3_responses_4xx,1
blob,blob/source-history,amber-go-s3,1,push_noop,stored_bytes,2406660
blob,blob/source-history,amber-go-s3,1,push_noop,stored_objects,18
blob,blob/source-history,amber-go-s3,1,pull_fresh,delivered_logical_bytes,22526976
blob,blob/source-history,amber-go-s3,1,pull_fresh,delivered_references,11
blob,blob/source-history,amber-go-s3,1,pull_fresh,s3_bytes_down,2418699
blob,blob/source-history,amber-go-s3,1,pull_fresh,s3_bytes_up,14229
blob,blob/source-history,amber-go-s3,1,pull_fresh,s3_connections,13
blob,blob/source-history,amber-go-s3,1,pull_fresh,s3_request_body_bytes,0
blob,blob/source-history,amber-go-s3,1,pull_fresh,s3_requests_GET,22
blob,blob/source-history,amber-go-s3,1,pull_fresh,s3_requests_HEAD,1
blob,blob/source-history,amber-go-s3,1,pull_fresh,s3_requests_total,23
blob,blob/source-history,amber-go-s3,1,pull_fresh,s3_response_body_bytes,2414071
blob,blob/source-history,amber-go-s3,1,pull_fresh,s3_responses_2xx,21
blob,blob/source-history,amber-go-s3,1,pull_fresh,s3_responses_4xx,2
blob,blob/source-history,amber-go-s3,1,pull_fresh,stored_bytes,2406660
blob,blob/source-history,amber-go-s3,1,pull_fresh,stored_objects,18
blob,blob/source-history,amber-go-s3,1,push_incremental,s3_bytes_down,11167
blob,blob/source-history,amber-go-s3,1,push_incremental,s3_bytes_up,2438427
blob,blob/source-history,amber-go-s3,1,push_incremental,s3_connections,12
blob,blob/source-history,amber-go-s3,1,push_incremental,s3_request_body_bytes,2426405
blob,blob/source-history,amber-go-s3,1,push_incremental,s3_requests_GET,2
blob,blob/source-history,amber-go-s3,1,push_incremental,s3_requests_POST,5
blob,blob/source-history,amber-go-s3,1,push_incremental,s3_requests_PUT,11
blob,blob/source-history,amber-go-s3,1,push_incremental,s3_requests_total,18
blob,blob/source-history,amber-go-s3,1,push_incremental,s3_response_body_bytes,8171
blob,blob/source-history,amber-go-s3,1,push_incremental,s3_responses_2xx,17
blob,blob/source-history,amber-go-s3,1,push_incremental,s3_responses_4xx,1
blob,blob/source-history,amber-go-s3,1,push_incremental,stored_bytes,2426975
blob,blob/source-history,amber-go-s3,1,push_incremental,stored_objects,22
blob,blob/source-history,amber-go-s3,1,pull_incremental,delivered_logical_bytes,8192000
blob,blob/source-history,amber-go-s3,1,pull_incremental,delivered_references,4
blob,blob/source-history,amber-go-s3,1,pull_incremental,s3_bytes_down,2432263
blob,blob/source-history,amber-go-s3,1,pull_incremental,s3_bytes_up,10000
blob,blob/source-history,amber-go-s3,1,pull_incremental,s3_connections,9
blob,blob/source-history,amber-go-s3,1,pull_incremental,s3_request_body_bytes,0
blob,blob/source-history,amber-go-s3,1,pull_incremental,s3_requests_GET,15
blob,blob/source-history,amber-go-s3,1,pull_incremental,s3_requests_HEAD,1
blob,blob/source-history,amber-go-s3,1,pull_incremental,s3_requests_total,16
blob,blob/source-history,amber-go-s3,1,pull_incremental,s3_response_body_bytes,2429222
blob,blob/source-history,amber-go-s3,1,pull_incremental,s3_responses_2xx,14
blob,blob/source-history,amber-go-s3,1,pull_incremental,s3_responses_4xx,2
blob,blob/source-history,amber-go-s3,1,pull_incremental,stored_bytes,2426975
blob,blob/source-history,amber-go-s3,1,pull_incremental,stored_objects,22
blob,blob/source-history,amber-go-s3,1,age_sealed_segments,segments_aged,1
blob,blob/source-history,amber-go-s3,1,retention_cleanup,retained_logical_bytes,8192000
blob,blob/source-history,amber-go-s3,1,retention_cleanup,retained_references,4
blob,blob/source-history,amber-go-s3,1,retention_cleanup,s3_bytes_down,21793
blob,blob/source-history,amber-go-s3,1,retention_cleanup,s3_bytes_up,2479231
blob,blob/source-history,amber-go-s3,1,retention_cleanup,s3_connections,15
blob,blob/source-history,amber-go-s3,1,retention_cleanup,s3_request_body_bytes,2453220
blob,blob/source-history,amber-go-s3,1,retention_cleanup,s3_requests_GET,2
blob,blob/source-history,amber-go-s3,1,retention_cleanup,s3_requests_POST,20
blob,blob/source-history,amber-go-s3,1,retention_cleanup,s3_requests_PUT,18
blob,blob/source-history,amber-go-s3,1,retention_cleanup,s3_requests_total,40
blob,blob/source-history,amber-go-s3,1,retention_cleanup,s3_response_body_bytes,15789
blob,blob/source-history,amber-go-s3,1,retention_cleanup,s3_responses_2xx,39
blob,blob/source-history,amber-go-s3,1,retention_cleanup,s3_responses_4xx,1
blob,blob/source-history,amber-go-s3,1,retention_cleanup,stored_bytes,2443871
blob,blob/source-history,amber-go-s3,1,retention_cleanup,stored_objects,19
