run_id,group,scenario,backend,rep,rep_valid,order_index,op,phase,status,reason,wall_ns,cpu_user_ns,cpu_sys_ns,max_rss_bytes,logical_bytes,throughput_bytes_per_s,store_apparent_bytes,store_allocated_bytes,reclaimed_bytes
smoke-1789241936307339195,blob,blob/nix-closure,amber-go-s3,0,true,0,ingest_payload,setup,ok,,11413320,15052000,6864000,40456192,,,,,
smoke-1789241936307339195,blob,blob/nix-closure,amber-go-s3,0,true,0,ingest_payload,setup,ok,,19182757,23955000,100656000,75059200,,,,,
smoke-1789241936307339195,blob,blob/nix-closure,amber-go-s3,0,true,0,ingest_payload,setup,ok,,11784469,20903000,9081000,40456192,,,,,
smoke-1789241936307339195,blob,blob/nix-closure,amber-go-s3,0,true,0,ingest_payload,setup,ok,,12883897,12036000,14415000,40456192,,,,,
smoke-1789241936307339195,blob,blob/nix-closure,amber-go-s3,0,true,0,ingest_payload,setup,ok,,11486460,16874000,7882000,40456192,,,,,
smoke-1789241936307339195,blob,blob/nix-closure,amber-go-s3,0,true,0,ingest_payload,setup,ok,,13105039,9485000,16299000,40456192,,,,,
smoke-1789241936307339195,blob,blob/nix-closure,amber-go-s3,0,true,0,ingest_payload,setup,ok,,12697171,4733000,19315000,40456192,,,,,
smoke-1789241936307339195,blob,blob/nix-closure,amber-go-s3,0,true,0,ingest_payload,setup,ok,,13248273,13454000,19374000,40456192,,,,,
smoke-1789241936307339195,blob,blob/nix-closure,amber-go-s3,0,true,0,push_initial,measured,ok,,56906548,23619000,20777000,40456192,3450557,60635500.15369058,,,
smoke-1789241936307339195,blob,blob/nix-closure,amber-go-s3,0,true,0,push_noop,measured,ok,,18799997,11898000,13890000,40456192,6479,344627.7145682523,,,
smoke-1789241936307339195,blob,blob/nix-closure,amber-go-s3,0,true,0,pull_fresh,measured,ok,,24883736,27419000,14134000,40456192,3450754,138675076.76500025,,,
smoke-1789241936307339195,blob,blob/nix-closure,amber-go-s3,0,true,0,ingest_payload,setup,ok,,8201922,5427000,6699000,40456192,,,,,
smoke-1789241936307339195,blob,blob/nix-closure,amber-go-s3,0,true,0,ingest_payload,setup,ok,,13002113,12308000,18320000,40456192,,,,,
smoke-1789241936307339195,blob,blob/nix-closure,amber-go-s3,0,true,0,ingest_payload,setup,ok,,10038997,14574000,4834000,40456192,,,,,
smoke-1789241936307339195,blob,blob/nix-closure,amber-go-s3,0,true,0,ingest_payload,setup,ok,,14496785,9711000,20683000,40988672,,,,,
smoke-1789241936307339195,blob,blob/nix-closure,amber-go-s3,0,true,0,ingest_payload,setup,ok,,8260273,4826000,7706000,40456192,,,,,
smoke-1789241936307339195,blob,blob/nix-closure,amber-go-s3,0,true,0,ingest_payload,setup,ok,,8432712,7567000,6042000,40456192,,,,,
smoke-1789241936307339195,blob,blob/nix-closure,amber-go-s3,0,true,0,ingest_payload,setup,ok,,8278899,8185000,4536000,40456192,,,,,
smoke-1789241936307339195,blob,blob/nix-closure,amber-go-s3,0,true,0,ingest_payload,setup,ok,,8425469,7421000,5550000,40456192,,,,,
smoke-1789241936307339195,blob,blob/nix-closure,amber-go-s3,0,true,0,ingest_payload,setup,ok,,12985581,9309000,21336000,40456192,,,,,
smoke-1789241936307339195,blob,blob/nix-closure,amber-go-s3,0,true,0,push_incremental,measured,ok,,57756810,38491000,15945000,40456192,4000649,69267139.23431712,,,
smoke-1789241936307339195,blob,blob/nix-closure,amber-go-s3,0,true,0,pull_incremental,measured,ok,,28694770,30081000,16033000,40456192,3980290,138711340.08043975,,,
smoke-1789241936307339195,blob,blob/nix-closure,amber-go-s3,0,true,0,retention_local,setup,ok,,7055735,3610000,5379000,40456192,,,,,
smoke-1789241936307339195,blob,blob/nix-closure,amber-go-s3,0,true,0,retention_local,setup,ok,,7952316,5008000,4969000,40456192,,,,,
smoke-1789241936307339195,blob,blob/nix-closure,amber-go-s3,0,true,0,age_sealed_segments,setup,ok,,0,0,0,0,,,,,
smoke-1789241936307339195,blob,blob/nix-closure,amber-go-s3,0,true,0,retention_local,setup,ok,,7276937,4155000,5207000,40456192,,,,,
smoke-1789241936307339195,blob,blob/nix-closure,amber-go-s3,0,true,0,retention_cleanup,measured,ok,,58989713,27167000,23514000,40456192,3999429,67798753.31822686,,,
smoke-1789241936307339195,blob,blob/nix-closure,amber-go-s3,0,true,0,inject_missing_object,verify,ok,,0,0,0,0,,,,,
smoke-1789241936307339195,nix,nix/closure,amber-go,0,true,1,import_initial,measured,ok,,109589766,107015000,237567000,74207232,5768158,52634093.58862943,3427977,8093696,
smoke-1789241936307339195,nix,nix/closure,amber-go,0,true,1,import_repeat,measured,ok,,70925953,53203000,61308000,40456192,5768158,81326478.6163677,3428672,8093696,
smoke-1789241936307339195,nix,nix/closure,amber-go,0,true,1,import_incremental,measured,ok,,94623874,90269000,84899000,40787968,6030405,63730269.59348547,3955250,8617984,
smoke-1789241936307339195,nix,nix/closure,amber-go,0,true,1,catalog_list,measured,ok,,7269011,1527000,7663000,40456192,,,,,
smoke-1789241936307339195,nix,nix/closure,amber-go,0,true,1,closure_query,measured,unsupported,"these cores store trees keyed by content and record no references between roots, so there is no closure to query. The harness keeps the reference graph itself and verifies completeness separately; see the closure_is_complete check.",,,,,,,,,
smoke-1789241936307339195,nix,nix/closure,amber-go,0,true,1,nar_and_reference_registration,measured,unsupported,these cores record no NAR hash and no reference list for a stored tree: they address content by their own key and model no edges between roots. The harness therefore recomputes the NAR hash of every restored path with `nix hash path` and compares it with the source store's — see the nar_hashes_match_recomputed check — but nothing in the store under test would have noticed a mismatch.,,,,,,,,,
smoke-1789241936307339195,nix,nix/closure,amber-go,0,true,1,read_closure,measured,ok,,66886283,32496000,54923000,40456192,6030405,90159068.93794651,,,
smoke-1789241936307339195,nix,nix/closure,amber-go,0,true,1,cache_export,measured,unsupported,"these cores have no binary-cache publication format; the blob scenario group measures what they can do, which is to publish their on-disk pack segments to object storage",,,,,,,,,
smoke-1789241936307339195,nix,nix/closure,amber-go,0,true,1,materialize_closure,measured,ok,,71775653,44565000,48664000,40456192,6030405,84017417.43819454,,,
smoke-1789241936307339195,nix,nix/closure,amber-go,0,true,1,cache_substitute,measured,unsupported,these cores have no binary-cache client; see the blob scenario group,,,,,,,,,
smoke-1789241936307339195,nix,nix/closure,amber-go,0,true,1,delete_path,measured,ok,,6940154,979000,7871000,40456192,,,3956325,8622080,
smoke-1789241936307339195,nix,nix/closure,amber-go,0,true,1,register_gc_root,setup,ok,,0,0,0,0,,,,,
smoke-1789241936307339195,nix,nix/closure,amber-go,0,true,1,age_sealed_segments,setup,ok,,0,0,0,0,,,,,
smoke-1789241936307339195,nix,nix/closure,amber-go,0,true,1,gc,measured,ok,,7939120,6772000,3382000,40456192,,,3959783,3993600,4628480
smoke-1789241936307339195,nix,nix/closure,amber-go,0,true,1,post_gc_materialize,verify,ok,,55504211,26603000,46631000,40456192,,,,,
smoke-1789241936307339195,nix,nix/closure,amber-go,0,true,1,integrity_check,verify,ok,,4667387,3760000,1256000,40456192,,,,,
smoke-1789241936307339195,nix,nix/closure,amber-go,0,true,1,integrity_check,verify,ok,,6660150,2486000,6215000,40456192,,,,,
smoke-1789241936307339195,nix,nix/closure,amber-go,0,true,1,integrity_check,verify,ok,,6776903,3007000,5990000,40456192,,,,,
smoke-1789241936307339195,nix,nix/closure,amber-go,0,true,1,integrity_check,verify,ok,,5002146,3279000,2196000,40456192,,,,,
smoke-1789241936307339195,nix,nix/closure,amber-go,0,true,1,integrity_check,verify,ok,,5628551,1446000,6482000,40456192,,,,,
smoke-1789241936307339195,nix,nix/closure,amber-go,0,true,1,integrity_check,verify,ok,,5602531,3029000,4567000,40456192,,,,,
smoke-1789241936307339195,nix,nix/closure,amber-go,0,true,1,integrity_check,verify,ok,,4538341,0,5036000,40456192,,,,,
smoke-1789241936307339195,nix,nix/closure,amber-go,0,true,1,integrity_check,verify,ok,,4606922,3792000,1254000,40456192,,,,,
smoke-1789241936307339195,nix,nix/closure,amber-go,0,true,1,integrity_check,verify,ok,,5095183,0,5479000,40456192,,,,,
smoke-1789241936307339195,blob,blob/source-history,amber-go-s3,0,true,2,ingest_payload,setup,ok,,27437170,144745000,116323000,155074560,,,,,
smoke-1789241936307339195,blob,blob/source-history,amber-go-s3,0,true,2,ingest_payload,setup,ok,,28115955,116582000,135949000,132005888,,,,,
smoke-1789241936307339195,blob,blob/source-history,amber-go-s3,0,true,2,ingest_payload,setup,ok,,26141638,92368000,134826000,112365568,,,,,
smoke-1789241936307339195,blob,blob/source-history,amber-go-s3,0,true,2,ingest_payload,setup,ok,,27870807,106257000,168960000,147677184,,,,,
smoke-1789241936307339195,blob,blob/source-history,amber-go-s3,0,true,2,ingest_payload,setup,ok,,24650111,57760000,146376000,153964544,,,,,
smoke-1789241936307339195,blob,blob/source-history,amber-go-s3,0,true,2,ingest_payload,setup,ok,,28987177,100323000,155834000,142753792,,,,,
smoke-1789241936307339195,blob,blob/source-history,amber-go-s3,0,true,2,ingest_payload,setup,ok,,30818502,102154000,136970000,130170880,,,,,
smoke-1789241936307339195,blob,blob/source-history,amber-go-s3,0,true,2,ingest_payload,setup,ok,,27355163,96170000,149136000,144830464,,,,,
smoke-1789241936307339195,blob,blob/source-history,amber-go-s3,0,true,2,ingest_payload,setup,ok,,25951545,84410000,137290000,146370560,,,,,
smoke-1789241936307339195,blob,blob/source-history,amber-go-s3,0,true,2,ingest_payload,setup,ok,,30631786,89010000,114525000,128786432,,,,,
smoke-1789241936307339195,blob,blob/source-history,amber-go-s3,0,true,2,ingest_payload,setup,ok,,27691375,77007000,180846000,142692352,,,,,
smoke-1789241936307339195,blob,blob/source-history,amber-go-s3,0,true,2,push_initial,measured,ok,,45063607,29161000,14615000,40456192,2431057,53947235.07152901,,,
smoke-1789241936307339195,blob,blob/source-history,amber-go-s3,0,true,2,push_noop,measured,ok,,18300323,16995000,7288000,40456192,7410,404910.885999116,,,
smoke-1789241936307339195,blob,blob/source-history,amber-go-s3,0,true,2,pull_fresh,measured,ok,,65510036,27824000,15939000,40456192,2432928,37138248.55782402,,,
smoke-1789241936307339195,blob,blob/source-history,amber-go-s3,0,true,2,ingest_payload,setup,ok,,24597981,108070000,135733000,147410944,,,,,
smoke-1789241936307339195,blob,blob/source-history,amber-go-s3,0,true,2,ingest_payload,setup,ok,,26169821,121569000,94206000,116637696,,,,,
smoke-1789241936307339195,blob,blob/source-history,amber-go-s3,0,true,2,ingest_payload,setup,ok,,27590803,132051000,132052000,142094336,,,,,
smoke-1789241936307339195,blob,blob/source-history,amber-go-s3,0,true,2,ingest_payload,setup,ok,,26475815,99547000,159845000,148197376,,,,,
smoke-1789241936307339195,blob,blob/source-history,amber-go-s3,0,true,2,push_incremental,measured,ok,,41972639,28250000,14449000,40456192,2449575,58361233.85046149,,,
smoke-1789241936307339195,blob,blob/source-history,amber-go-s3,0,true,2,pull_incremental,measured,ok,,25242612,26197000,14286000,40456192,2442263,96751596.07096128,,,
smoke-1789241936307339195,blob,blob/source-history,amber-go-s3,0,true,2,retention_local,setup,ok,,7468914,3262000,6522000,40456192,,,,,
smoke-1789241936307339195,blob,blob/source-history,amber-go-s3,0,true,2,retention_local,setup,ok,,7615633,3019000,7064000,40456192,,,,,
smoke-1789241936307339195,blob,blob/source-history,amber-go-s3,0,true,2,retention_local,setup,ok,,6834973,2736000,5998000,40456192,,,,,
smoke-1789241936307339195,blob,blob/source-history,amber-go-s3,0,true,2,retention_local,setup,ok,,7336100,7036000,2340000,40456192,,,,,
smoke-1789241936307339195,blob,blob/source-history,amber-go-s3,0,true,2,retention_local,setup,ok,,6730785,1034000,7199000,40456192,,,,,
smoke-1789241936307339195,blob,blob/source-history,amber-go-s3,0,true,2,retention_local,setup,ok,,6680369,4999000,3722000,40456192,,,,,
smoke-1789241936307339195,blob,blob/source-history,amber-go-s3,0,true,2,retention_local,setup,ok,,6833561,4427000,4422000,40456192,,,,,
smoke-1789241936307339195,blob,blob/source-history,amber-go-s3,0,true,2,retention_local,setup,ok,,6455529,3659000,4851000,40456192,,,,,
smoke-1789241936307339195,blob,blob/source-history,amber-go-s3,0,true,2,retention_local,setup,ok,,6850032,5600000,3116000,40456192,,,,,
smoke-1789241936307339195,blob,blob/source-history,amber-go-s3,0,true,2,retention_local,setup,ok,,6647706,6102000,2420000,40456192,,,,,
smoke-1789241936307339195,blob,blob/source-history,amber-go-s3,0,true,2,retention_local,setup,ok,,6968158,2012000,6996000,40456192,,,,,
smoke-1789241936307339195,blob,blob/source-history,amber-go-s3,0,true,2,age_sealed_segments,setup,ok,,0,0,0,0,,,,,
smoke-1789241936307339195,blob,blob/source-history,amber-go-s3,0,true,2,retention_local,setup,ok,,7436181,4025000,5327000,40456192,,,,,
smoke-1789241936307339195,blob,blob/source-history,amber-go-s3,0,true,2,retention_cleanup,measured,ok,,45762391,32712000,25477000,40456192,2501023,54652367.26813509,,,
smoke-1789241936307339195,blob,blob/source-history,amber-go-s3,0,true,2,inject_missing_object,verify,ok,,0,0,0,0,,,,,
smoke-1789241936307339195,tree,tree/lifecycle,restic,0,true,3,restic_init,setup,ok,,2971613673,2935874000,44715000,102850560,,,,,
smoke-1789241936307339195,tree,tree/lifecycle,restic,0,true,3,ingest_fresh,measured,ok,,797354266,757259000,189524000,244887552,34237158,42938452.15346224,13693589,14786560,
smoke-1789241936307339195,tree,tree/lifecycle,restic,0,true,3,ingest_repeat,measured,ok,,722830067,519159000,15320000,71278592,34237158,47365431.46592711,13694037,14790656,
smoke-1789241936307339195,tree,tree/lifecycle,restic,0,true,3,ingest_changed,measured,ok,,741725028,608695000,99882000,126205952,34257224,46185881.16457626,13907450,15011840,
smoke-1789241936307339195,tree,tree/lifecycle,restic,0,true,3,list_recursive,measured,ok,,724431075,515261000,19308000,70742016,,,,,
smoke-1789241936307339195,tree,tree/lifecycle,restic,0,true,3,read_full,measured,ok,,748396491,542408000,33140000,92143616,34237158,45747352.388374574,,,
smoke-1789241936307339195,tree,tree/lifecycle,restic,0,true,3,restore_full,measured,ok,,768218608,541809000,40552000,87564288,34237158,44566947.0167273,,,
smoke-1789241936307339195,tree,tree/lifecycle,restic,0,true,3,integrity_check,verify,ok,,753953857,540211000,32089000,88236032,,,,,
smoke-1789241936307339195,tree,tree/lifecycle,restic,0,true,3,ref_delete,measured,ok,,716409306,510391000,12982000,70610944,,,13906597,15003648,
smoke-1789241936307339195,tree,tree/lifecycle,restic,0,true,3,gc,measured,ok,,887372841,638312000,75612000,171794432,,,13714115,14811136,192512
smoke-1789241936307339195,tree,tree/lifecycle,restic,0,true,3,restore_full,verify,ok,,767110155,536997000,43369000,86556672,,,,,
smoke-1789241936307339195,tree,tree/lifecycle,restic,0,true,3,post_gc_integrity_check,verify,ok,,754695523,535928000,38059000,88104960,,,,,
smoke-1789241936307339195,blob,blob/source-history,amber-rust-s3,0,true,4,ingest_payload,setup,ok,,14294859,12529000,44858000,40456192,,,,,
smoke-1789241936307339195,blob,blob/source-history,amber-rust-s3,0,true,4,ingest_payload,setup,ok,,10195396,13070000,22558000,40456192,,,,,
smoke-1789241936307339195,blob,blob/source-history,amber-rust-s3,0,true,4,ingest_payload,setup,ok,,10749424,7739000,29884000,40456192,,,,,
smoke-1789241936307339195,blob,blob/source-history,amber-rust-s3,0,true,4,ingest_payload,setup,ok,,9652059,8554000,25694000,40456192,,,,,
smoke-1789241936307339195,blob,blob/source-history,amber-rust-s3,0,true,4,ingest_payload,setup,ok,,9785113,6501000,30616000,40456192,,,,,
smoke-1789241936307339195,blob,blob/source-history,amber-rust-s3,0,true,4,ingest_payload,setup,ok,,10923366,4905000,35262000,40456192,,,,,
smoke-1789241936307339195,blob,blob/source-history,amber-rust-s3,0,true,4,ingest_payload,setup,ok,,10938144,10548000,27049000,40456192,,,,,
smoke-1789241936307339195,blob,blob/source-history,amber-rust-s3,0,true,4,ingest_payload,setup,ok,,10486312,12548000,28803000,40456192,,,,,
smoke-1789241936307339195,blob,blob/source-history,amber-rust-s3,0,true,4,ingest_payload,setup,ok,,10950337,7609000,33359000,40456192,,,,,
smoke-1789241936307339195,blob,blob/source-history,amber-rust-s3,0,true,4,ingest_payload,setup,ok,,10617101,5508000,33112000,40456192,,,,,
smoke-1789241936307339195,blob,blob/source-history,amber-rust-s3,0,true,4,ingest_payload,setup,ok,,11351623,8223000,32969000,40456192,,,,,
smoke-1789241936307339195,blob,blob/source-history,amber-rust-s3,0,true,4,push_initial,measured,ok,,53840057,23175000,11396000,40456192,6095224,113209835.56908196,,,
smoke-1789241936307339195,blob,blob/source-history,amber-rust-s3,0,true,4,push_noop,measured,ok,,18823663,21778000,3855000,40456192,2662,141417.7463759312,,,
smoke-1789241936307339195,blob,blob/source-history,amber-rust-s3,0,true,4,pull_fresh,measured,ok,,22390750,17689000,11469000,40456192,6090988,272031441.55510646,,,
smoke-1789241936307339195,blob,blob/source-history,amber-rust-s3,0,true,4,ingest_payload,setup,ok,,10330835,4004000,34087000,40456192,,,,,
smoke-1789241936307339195,blob,blob/source-history,amber-rust-s3,0,true,4,ingest_payload,setup,ok,,10939537,6310000,34168000,40456192,,,,,
smoke-1789241936307339195,blob,blob/source-history,amber-rust-s3,0,true,4,ingest_payload,setup,ok,,10439322,3440000,36135000,40456192,,,,,
smoke-1789241936307339195,blob,blob/source-history,amber-rust-s3,0,true,4,ingest_payload,setup,ok,,10172332,3648000,33713000,40456192,,,,,
smoke-1789241936307339195,blob,blob/source-history,amber-rust-s3,0,true,4,push_incremental,measured,ok,,53653190,18596000,15933000,40456192,6113113,113937549.65920945,,,
smoke-1789241936307339195,blob,blob/source-history,amber-rust-s3,0,true,4,pull_incremental,measured,ok,,23601761,12505000,19863000,40456192,6108256,258805095.09438723,,,
smoke-1789241936307339195,blob,blob/source-history,amber-rust-s3,0,true,4,retention_local,setup,ok,,5064916,870000,3629000,40456192,,,,,
smoke-1789241936307339195,blob,blob/source-history,amber-rust-s3,0,true,4,retention_local,setup,ok,,4699618,2141000,2131000,40456192,,,,,
smoke-1789241936307339195,blob,blob/source-history,amber-rust-s3,0,true,4,retention_local,setup,ok,,5191647,1847000,2894000,40456192,,,,,
smoke-1789241936307339195,blob,blob/source-history,amber-rust-s3,0,true,4,retention_local,setup,ok,,5227506,943000,3869000,40456192,,,,,
smoke-1789241936307339195,blob,blob/source-history,amber-rust-s3,0,true,4,retention_local,setup,ok,,5090534,1175000,3499000,40456192,,,,,
smoke-1789241936307339195,blob,blob/source-history,amber-rust-s3,0,true,4,retention_local,setup,ok,,4599237,1044000,3153000,40456192,,,,,
smoke-1789241936307339195,blob,blob/source-history,amber-rust-s3,0,true,4,retention_local,setup,ok,,5125662,2385000,2329000,40456192,,,,,
smoke-1789241936307339195,blob,blob/source-history,amber-rust-s3,0,true,4,retention_local,setup,ok,,4606711,3140000,1056000,40456192,,,,,
smoke-1789241936307339195,blob,blob/source-history,amber-rust-s3,0,true,4,retention_local,setup,ok,,4213942,1260000,2560000,40456192,,,,,
smoke-1789241936307339195,blob,blob/source-history,amber-rust-s3,0,true,4,retention_local,setup,ok,,4220324,975000,2845000,40456192,,,,,
smoke-1789241936307339195,blob,blob/source-history,amber-rust-s3,0,true,4,retention_local,setup,ok,,4212018,775000,3043000,40456192,,,,,
smoke-1789241936307339195,blob,blob/source-history,amber-rust-s3,0,true,4,age_sealed_segments,setup,ok,,0,0,0,0,,,,,
smoke-1789241936307339195,blob,blob/source-history,amber-rust-s3,0,true,4,retention_local,setup,ok,,5161049,2854000,1844000,40456192,,,,,
smoke-1789241936307339195,blob,blob/source-history,amber-rust-s3,0,true,4,retention_cleanup,measured,ok,,53674310,18665000,14943000,40456192,6133403,114270737.71418767,,,
smoke-1789241936307339195,blob,blob/source-history,amber-rust-s3,0,true,4,inject_missing_object,verify,ok,,0,0,0,0,,,,,
smoke-1789241936307339195,backup,backup/retention,amber-rust,0,true,5,backup_initial,measured,ok,,25015750,78330000,73328000,51773440,34237158,1368624086.8253,15428964,13381632,
smoke-1789241936307339195,backup,backup/retention,amber-rust,0,true,5,backup_unchanged,measured,ok,,17218680,44871000,41494000,40456192,34237158,1988372976.3257115,15428964,13389824,
smoke-1789241936307339195,backup,backup/retention,amber-rust,0,true,5,backup_changed,measured,ok,,18434029,35721000,56861000,40456192,34257224,1858368780.910565,15625755,13586432,
smoke-1789241936307339195,backup,backup/retention,amber-rust,0,true,5,backup_changed_again,measured,ok,,18374265,27656000,57787000,40456192,34274527,1865354995.152187,15820416,13783040,
smoke-1789241936307339195,backup,backup/retention,amber-rust,0,true,5,list_snapshot,measured,ok,,159117435,42185000,105634000,40456192,,,,,
smoke-1789241936307339195,backup,backup/retention,amber-rust,0,true,5,restore_latest,measured,ok,,46128961,9063000,36212000,40456192,34274527,743015369.4552106,,,
smoke-1789241936307339195,backup,backup/retention,amber-rust,0,true,5,forget_oldest,measured,ok,,11957199,2040000,9053000,40456192,,,15820416,13783040,
smoke-1789241936307339195,backup,backup/retention,amber-rust,0,true,5,age_sealed_segments,setup,ok,,0,0,0,0,,,,,
smoke-1789241936307339195,backup,backup/retention,amber-rust,0,true,5,prune,measured,ok,,12285145,4217000,14028000,40456192,,,15636139,13598720,184320
smoke-1789241936307339195,backup,backup/retention,amber-rust,0,true,5,integrity_check,verify,ok,,17267332,10104000,6702000,40456192,,,,,
smoke-1789241936307339195,backup,backup/retention,amber-rust,0,true,5,post_retention_restore,verify,ok,,50095300,13809000,35476000,40456192,,,,,
smoke-1789241936307339195,backup,backup/retention,amber-rust,0,true,5,post_retention_restore,verify,ok,,49340019,14127000,34330000,40456192,,,,,
smoke-1789241936307339195,backup,backup/retention,amber-rust,0,true,5,forgotten_snapshot_probe,verify,ok,,0,0,0,0,,,,,
smoke-1789241936307339195,backup,backup/retention,amber-rust,0,true,5,forgotten_snapshot_probe,verify,ok,,0,0,0,0,,,,,
smoke-1789241936307339195,blob,blob/backup-corpus,restic-s3,0,true,6,repo_init,setup,ok,,3277211523,3241921000,46908000,105254912,,,,,
smoke-1789241936307339195,blob,blob/backup-corpus,restic-s3,0,true,6,push_initial,measured,ok,,924068534,746763000,194096000,257589248,13339957,14436112.159620402,,,
smoke-1789241936307339195,blob,blob/backup-corpus,restic-s3,0,true,6,push_noop,measured,ok,,732667330,497869000,46741000,72933376,14471,19751.119515592432,,,
smoke-1789241936307339195,blob,blob/backup-corpus,restic-s3,0,true,6,pull_fresh,measured,ok,,864057212,537878000,51185000,87040000,13309622,15403635.100959033,,,
smoke-1789241936307339195,blob,blob/backup-corpus,restic-s3,0,true,6,push_incremental,measured,ok,,751818929,612232000,92471000,125014016,231617,308075.5100274949,,,
smoke-1789241936307339195,blob,blob/backup-corpus,restic-s3,0,true,6,pull_incremental,measured,ok,,859093382,544885000,45605000,88203264,13477954,15688578.543839836,,,
smoke-1789241936307339195,blob,blob/backup-corpus,restic-s3,0,true,6,retention_cleanup,measured,ok,,1777730915,1157085000,105016000,184139776,26431457,14868086.48990615,,,
smoke-1789241936307339195,blob,blob/backup-corpus,restic-s3,0,true,6,inject_missing_object,verify,ok,,0,0,0,0,,,,,
smoke-1789241936307339195,blob,blob/nix-closure,nix-binary-cache,0,true,7,push_initial,measured,ok,,363476871,441221000,168809000,140132352,3451615,9496106.287324125,,,
smoke-1789241936307339195,blob,blob/nix-closure,nix-binary-cache,0,true,7,push_noop,measured,ok,,21323524,8322000,10383000,40456192,0,0,,,
smoke-1789241936307339195,blob,blob/nix-closure,nix-binary-cache,0,true,7,pull_fresh,measured,ok,,100321221,37713000,31911000,52748288,3438940,34279287.729163505,,,
smoke-1789241936307339195,blob,blob/nix-closure,nix-binary-cache,0,true,7,push_incremental,measured,ok,,132189869,117766000,42791000,81690624,539532,4081492.8109203284,,,
smoke-1789241936307339195,blob,blob/nix-closure,nix-binary-cache,0,true,7,pull_incremental,measured,ok,,91332096,33928000,17951000,48091136,530150,5804640.681847486,,,
smoke-1789241936307339195,blob,blob/nix-closure,nix-binary-cache,0,true,7,retention_cleanup,measured,ok,,37355890,34471000,14139000,40456192,7978,213567.39191597363,,,
smoke-1789241936307339195,blob,blob/nix-closure,nix-binary-cache,0,true,7,retention_cleanup_note,verify,ok,,0,0,0,0,,,,,
smoke-1789241936307339195,blob,blob/nix-closure,nix-binary-cache,0,true,7,inject_missing_object,verify,ok,,0,0,0,0,,,,,
smoke-1789241936307339195,tree,tree/lifecycle,fs-sha256,0,true,8,ingest_fresh,measured,ok,,62967425,20455000,22556000,40456192,34237158,543728094.3281387,25891297,26943488,
smoke-1789241936307339195,tree,tree/lifecycle,fs-sha256,0,true,8,ingest_repeat,measured,ok,,20979557,16280000,4339000,40456192,34237158,1631929501.6572561,25934044,26988544,
smoke-1789241936307339195,tree,tree/lifecycle,fs-sha256,0,true,8,ingest_changed,measured,ok,,27497606,16379000,7152000,40456192,34257224,1245825691.1528952,26158698,27373568,
smoke-1789241936307339195,tree,tree/lifecycle,fs-sha256,0,true,8,list_recursive,measured,ok,,977836,0,923000,40456192,,,,,
smoke-1789241936307339195,tree,tree/lifecycle,fs-sha256,0,true,8,read_full,measured,ok,,3752081,0,3687000,40456192,34237158,9124845119.281807,,,
smoke-1789241936307339195,tree,tree/lifecycle,fs-sha256,0,true,8,restore_full,measured,ok,,15409989,1911000,13363000,40456192,34237158,2221750969.452347,,,
smoke-1789241936307339195,tree,tree/lifecycle,fs-sha256,0,true,8,integrity_check,verify,ok,,18642667,13606000,4866000,40456192,,,,,
smoke-1789241936307339195,tree,tree/lifecycle,fs-sha256,0,true,8,ref_delete,measured,ok,,1461359,0,1316000,40456192,,,26073204,27283456,
smoke-1789241936307339195,tree,tree/lifecycle,fs-sha256,0,true,8,gc,measured,ok,,2981279,1454000,1458000,40456192,,,25911444,27025408,258048
smoke-1789241936307339195,tree,tree/lifecycle,fs-sha256,0,true,8,restore_full,verify,ok,,15013532,1985000,12911000,40456192,,,,,
smoke-1789241936307339195,tree,tree/lifecycle,fs-sha256,0,true,8,post_gc_integrity_check,verify,ok,,16923075,15773000,986000,40456192,,,,,
smoke-1789241936307339195,blob,blob/backup-corpus,amber-rust-s3,0,true,9,ingest_payload,setup,ok,,25595215,83567000,76729000,53256192,,,,,
smoke-1789241936307339195,blob,blob/backup-corpus,amber-rust-s3,0,true,9,push_initial,measured,ok,,89721322,28631000,12406000,40456192,15454995,172255542.55653968,,,
smoke-1789241936307339195,blob,blob/backup-corpus,amber-rust-s3,0,true,9,push_noop,measured,ok,,18606358,16998000,7443000,40456192,2973,159784.0910080307,,,
smoke-1789241936307339195,blob,blob/backup-corpus,amber-rust-s3,0,true,9,pull_fresh,measured,ok,,25667604,14009000,18714000,40456192,15437914,601455203.999563,,,
smoke-1789241936307339195,blob,blob/backup-corpus,amber-rust-s3,0,true,9,ingest_payload,setup,ok,,20846002,47878000,50710000,40456192,,,,,
smoke-1789241936307339195,blob,blob/backup-corpus,amber-rust-s3,0,true,9,push_incremental,measured,ok,,51826845,22333000,13364000,40456192,7214704,139207856.46897858,,,
smoke-1789241936307339195,blob,blob/backup-corpus,amber-rust-s3,0,true,9,pull_incremental,measured,ok,,23619906,17966000,12426000,40456192,7208186,305174203.487516,,,
smoke-1789241936307339195,blob,blob/backup-corpus,amber-rust-s3,0,true,9,retention_local,setup,ok,,5886213,863000,4367000,40456192,,,,,
smoke-1789241936307339195,blob,blob/backup-corpus,amber-rust-s3,0,true,9,age_sealed_segments,setup,ok,,0,0,0,0,,,,,
smoke-1789241936307339195,blob,blob/backup-corpus,amber-rust-s3,0,true,9,retention_local,setup,ok,,11398352,5410000,12567000,40456192,,,,,
smoke-1789241936307339195,blob,blob/backup-corpus,amber-rust-s3,0,true,9,retention_cleanup,measured,ok,,90956379,36011000,11497000,40456192,15467774,170057055.59145007,,,
smoke-1789241936307339195,blob,blob/backup-corpus,amber-rust-s3,0,true,9,inject_missing_object,verify,ok,,0,0,0,0,,,,,
smoke-1789241936307339195,git,git/history,git,0,true,10,git_init,setup,ok,,2129333,0,2041000,40456192,,,,,
smoke-1789241936307339195,git,git/history,git,0,true,10,git_init,setup,ok,,1103756,0,1023000,40456192,,,,,
smoke-1789241936307339195,git,git/history,git,0,true,10,git_init,setup,ok,,1053971,977000,0,40456192,,,,,
smoke-1789241936307339195,git,git/history,git,0,true,10,git_init,setup,ok,,944502,877000,0,40456192,,,,,
smoke-1789241936307339195,git,git/history,git,0,true,10,git_init,setup,ok,,872224,0,804000,40456192,,,,,
smoke-1789241936307339195,git,git/history,git,0,true,10,git_init,setup,ok,,854330,0,789000,40456192,,,,,
smoke-1789241936307339195,git,git/history,git,0,true,10,git_init,setup,ok,,860192,0,782000,40456192,,,,,
smoke-1789241936307339195,git,git/history,git,0,true,10,git_init,setup,ok,,848530,0,778000,40456192,,,,,
smoke-1789241936307339195,git,git/history,git,0,true,10,git_init,setup,ok,,840985,778000,0,40456192,,,,,
smoke-1789241936307339195,git,git/history,git,0,true,10,git_init,setup,ok,,961966,0,878000,40456192,,,,,
smoke-1789241936307339195,git,git/history,git,0,true,10,git_init,setup,ok,,862286,794000,0,40456192,,,,,
smoke-1789241936307339195,git,git/history,git,0,true,10,git_init,setup,ok,,850463,0,786000,40456192,,,,,
smoke-1789241936307339195,git,git/history,git,0,true,10,materialise_states,setup,ok,,51593649,0,0,0,,,,,
smoke-1789241936307339195,git,git/history,git,0,true,10,history_store,measured,ok,,183046412,115695000,64058000,40456192,22526976,123067017.5605518,2643898,4595712,
smoke-1789241936307339195,git,git/history,git,0,true,10,clone_full,measured,ok,,88372458,96253000,21238000,40456192,,,,,
smoke-1789241936307339195,git,git/history,git,0,true,10,materialise_states,setup,ok,,5113039,0,0,0,,,,,
smoke-1789241936307339195,git,git/history,git,0,true,10,history_store_incremental,measured,ok,,71036635,42270000,27492000,40456192,8192000,115320777.79303594,2662796,4808704,
smoke-1789241936307339195,git,git/history,git,0,true,10,fetch_incremental,measured,ok,,15444293,4640000,12084000,40456192,,,,,
smoke-1789241936307339195,git,git/history,git,0,true,10,gc,measured,ok,,99142251,74646000,37293000,40456192,,,2426549,2564096,2244608
smoke-1789241936307339195,git,git/history,git,0,true,10,list_head,measured,ok,,1311613,0,1211000,40456192,,,,,
smoke-1789241936307339195,git,git/history,git,0,true,10,read_all_versions,measured,ok,,45536701,29310000,14762000,40456192,30718976,674598188.393138,,,
smoke-1789241936307339195,git,git/history,git,0,true,10,checkout_version,measured,ok,,6858879,2869000,3840000,40456192,,,,,
smoke-1789241936307339195,git,git/history,git,0,true,10,retained_version_restore,verify,ok,,6591299,3222000,3243000,40456192,,,,,
smoke-1789241936307339195,git,git/history,git,0,true,10,retained_version_restore,verify,ok,,6383472,1046000,5227000,40456192,,,,,
smoke-1789241936307339195,git,git/history,git,0,true,10,retained_version_restore,verify,ok,,6651143,2180000,4351000,40456192,,,,,
smoke-1789241936307339195,git,git/history,git,0,true,10,retained_version_restore,verify,ok,,6597050,3232000,3235000,40456192,,,,,
smoke-1789241936307339195,git,git/history,git,0,true,10,retained_version_restore,verify,ok,,7400372,908000,6361000,40456192,,,,,
smoke-1789241936307339195,git,git/history,git,0,true,10,retained_version_restore,verify,ok,,7155425,2011000,5030000,40456192,,,,,
smoke-1789241936307339195,git,git/history,git,0,true,10,retained_version_restore,verify,ok,,6984029,1959000,4906000,40456192,,,,,
smoke-1789241936307339195,git,git/history,git,0,true,10,retained_version_restore,verify,ok,,6674176,1875000,4689000,40456192,,,,,
smoke-1789241936307339195,git,git/history,git,0,true,10,retained_version_restore,verify,ok,,6417266,3600000,2698000,40456192,,,,,
smoke-1789241936307339195,git,git/history,git,0,true,10,retained_version_restore,verify,ok,,7049363,2238000,4539000,40456192,,,,,
smoke-1789241936307339195,git,git/history,git,0,true,10,retained_version_restore,verify,ok,,7354996,2074000,5161000,40456192,,,,,
smoke-1789241936307339195,git,git/history,git,0,true,10,retained_version_restore,verify,ok,,6467904,3187000,3191000,40456192,,,,,
smoke-1789241936307339195,git,git/history,git,0,true,10,retained_version_restore,verify,ok,,6899046,2849000,3826000,40456192,,,,,
smoke-1789241936307339195,git,git/history,git,0,true,10,retained_version_restore,verify,ok,,7001111,1966000,4917000,40456192,,,,,
smoke-1789241936307339195,git,git/history,git,0,true,10,retained_version_restore,verify,ok,,6934764,0,6809000,40456192,,,,,
smoke-1789241936307339195,git,git/history,git,0,true,10,retained_version_coverage,verify,ok,,0,0,0,0,,,,,
smoke-1789241936307339195,git,git/history,git,0,true,10,ref_delete,measured,ok,,1355688,1273000,0,40456192,,,,,
smoke-1789241936307339195,git,git/history,git,0,true,10,integrity_check,verify,ok,,15200148,9830000,5268000,40456192,,,,,
smoke-1789241936307339195,git,git/history,amber-rust,0,true,11,materialise_states,setup,ok,,65754846,0,0,0,,,,,
smoke-1789241936307339195,git,git/history,amber-rust,0,true,11,history_store,measured,ok,,119777682,89136000,356784000,40456192,22526976,188073233.87674174,6082720,4046848,
smoke-1789241936307339195,git,git/history,amber-rust,0,true,11,clone_full,measured,unsupported,these cores ship no repository-to-repository transfer command; what they can do to publish a store is measured in the blob scenario group as a file-level object-storage transport,,,,,,,,,
smoke-1789241936307339195,git,git/history,amber-rust,0,true,11,materialise_states,setup,ok,,11382984,0,0,0,,,,,
smoke-1789241936307339195,git,git/history,amber-rust,0,true,11,history_store_incremental,measured,ok,,42756184,37362000,113890000,40456192,8192000,191598015.38883826,6099988,4063232,
smoke-1789241936307339195,git,git/history,amber-rust,0,true,11,fetch_incremental,measured,unsupported,these cores ship no incremental fetch command; see the blob scenario group for incremental object-storage publication,,,,,,,,,
smoke-1789241936307339195,git,git/history,amber-rust,0,true,11,gc,measured,ok,,5489817,851000,4173000,40456192,,,6118842,4079616,-16384
smoke-1789241936307339195,git,git/history,amber-rust,0,true,11,list_head,measured,ok,,111410844,26806000,75275000,40456192,,,,,
smoke-1789241936307339195,git,git/history,amber-rust,0,true,11,read_all_versions,measured,ok,,72315158,26113000,41391000,40456192,30718976,424793042.6979085,,,
smoke-1789241936307339195,git,git/history,amber-rust,0,true,11,checkout_version,measured,ok,,11104813,2949000,7798000,40456192,,,,,
smoke-1789241936307339195,git,git/history,amber-rust,0,true,11,retained_version_restore,verify,ok,,12147622,3216000,8561000,40456192,,,,,
smoke-1789241936307339195,git,git/history,amber-rust,0,true,11,retained_version_restore,verify,ok,,11909097,4219000,7323000,40456192,,,,,
smoke-1789241936307339195,git,git/history,amber-rust,0,true,11,retained_version_restore,verify,ok,,11266310,1989000,8906000,40456192,,,,,
smoke-1789241936307339195,git,git/history,amber-rust,0,true,11,retained_version_restore,verify,ok,,11404093,3007000,8036000,40456192,,,,,
smoke-1789241936307339195,git,git/history,amber-rust,0,true,11,retained_version_restore,verify,ok,,11305666,3958000,6989000,40456192,,,,,
smoke-1789241936307339195,git,git/history,amber-rust,0,true,11,retained_version_restore,verify,ok,,12334870,2393000,9562000,40456192,,,,,
smoke-1789241936307339195,git,git/history,amber-rust,0,true,11,retained_version_restore,verify,ok,,12622879,3339000,8892000,40456192,,,,,
smoke-1789241936307339195,git,git/history,amber-rust,0,true,11,retained_version_restore,verify,ok,,12239888,918000,10965000,40456192,,,,,
smoke-1789241936307339195,git,git/history,amber-rust,0,true,11,retained_version_restore,verify,ok,,12053583,2102000,9562000,40456192,,,,,
smoke-1789241936307339195,git,git/history,amber-rust,0,true,11,retained_version_restore,verify,ok,,12476119,4041000,8046000,40456192,,,,,
smoke-1789241936307339195,git,git/history,amber-rust,0,true,11,retained_version_restore,verify,ok,,11254508,3271000,7621000,40456192,,,,,
smoke-1789241936307339195,git,git/history,amber-rust,0,true,11,retained_version_restore,verify,ok,,11045709,4865000,5806000,40456192,,,,,
smoke-1789241936307339195,git,git/history,amber-rust,0,true,11,retained_version_restore,verify,ok,,11883648,3834000,7666000,40456192,,,,,
smoke-1789241936307339195,git,git/history,amber-rust,0,true,11,retained_version_restore,verify,ok,,11329241,5464000,5489000,40456192,,,,,
smoke-1789241936307339195,git,git/history,amber-rust,0,true,11,retained_version_restore,verify,ok,,12769890,3827000,8567000,40456192,,,,,
smoke-1789241936307339195,git,git/history,amber-rust,0,true,11,retained_version_coverage,verify,ok,,0,0,0,0,,,,,
smoke-1789241936307339195,git,git/history,amber-rust,0,true,11,ref_delete,measured,ok,,4126145,2829000,950000,40456192,,,,,
smoke-1789241936307339195,git,git/history,amber-rust,0,true,11,integrity_check,verify,ok,,4829136,2221000,2268000,40456192,,,,,
smoke-1789241936307339195,blob,blob/nix-closure,amber-rust-s3,0,true,12,ingest_payload,setup,ok,,8770247,4730000,9527000,40456192,,,,,
smoke-1789241936307339195,blob,blob/nix-closure,amber-rust-s3,0,true,12,ingest_payload,setup,ok,,8298767,9908000,14118000,40456192,,,,,
smoke-1789241936307339195,blob,blob/nix-closure,amber-rust-s3,0,true,12,ingest_payload,setup,ok,,7025357,4041000,12127000,40456192,,,,,
smoke-1789241936307339195,blob,blob/nix-closure,amber-rust-s3,0,true,12,ingest_payload,setup,ok,,5988889,0,9150000,40456192,,,,,
smoke-1789241936307339195,blob,blob/nix-closure,amber-rust-s3,0,true,12,ingest_payload,setup,ok,,6900699,3229000,9678000,40456192,,,,,
smoke-1789241936307339195,blob,blob/nix-closure,amber-rust-s3,0,true,12,ingest_payload,setup,ok,,7427304,2173000,9876000,40456192,,,,,
smoke-1789241936307339195,blob,blob/nix-closure,amber-rust-s3,0,true,12,ingest_payload,setup,ok,,6914836,603000,10420000,40456192,,,,,
smoke-1789241936307339195,blob,blob/nix-closure,amber-rust-s3,0,true,12,ingest_payload,setup,ok,,6968459,2236000,10475000,40456192,,,,,
smoke-1789241936307339195,blob,blob/nix-closure,amber-rust-s3,0,true,12,push_initial,measured,ok,,52340917,23539000,11919000,40456192,7118060,135994178.3213313,,,
smoke-1789241936307339195,blob,blob/nix-closure,amber-rust-s3,0,true,12,push_noop,measured,ok,,19236481,11073000,15235000,40456192,2650,137759.083898973,,,
smoke-1789241936307339195,blob,blob/nix-closure,amber-rust-s3,0,true,12,pull_fresh,measured,ok,,23094112,13327000,15314000,40456192,7112345,307972222.530141,,,
smoke-1789241936307339195,blob,blob/nix-closure,amber-rust-s3,0,true,12,ingest_payload,setup,ok,,6416635,1773000,8828000,40456192,,,,,
smoke-1789241936307339195,blob,blob/nix-closure,amber-rust-s3,0,true,12,ingest_payload,setup,ok,,7342793,9628000,6476000,40456192,,,,,
smoke-1789241936307339195,blob,blob/nix-closure,amber-rust-s3,0,true,12,ingest_payload,setup,ok,,8460606,2020000,14462000,40456192,,,,,
smoke-1789241936307339195,blob,blob/nix-closure,amber-rust-s3,0,true,12,ingest_payload,setup,ok,,7285293,4816000,8549000,40456192,,,,,
smoke-1789241936307339195,blob,blob/nix-closure,amber-rust-s3,0,true,12,ingest_payload,setup,ok,,7412025,3589000,8441000,40456192,,,,,
smoke-1789241936307339195,blob,blob/nix-closure,amber-rust-s3,0,true,12,ingest_payload,setup,ok,,6761734,4414000,8872000,40456192,,,,,
smoke-1789241936307339195,blob,blob/nix-closure,amber-rust-s3,0,true,12,ingest_payload,setup,ok,,7307936,788000,10357000,40456192,,,,,
smoke-1789241936307339195,blob,blob/nix-closure,amber-rust-s3,0,true,12,ingest_payload,setup,ok,,6647947,1347000,10679000,40456192,,,,,
smoke-1789241936307339195,blob,blob/nix-closure,amber-rust-s3,0,true,12,ingest_payload,setup,ok,,7032821,1136000,10308000,40456192,,,,,
smoke-1789241936307339195,blob,blob/nix-closure,amber-rust-s3,0,true,12,push_incremental,measured,ok,,54170789,15865000,20216000,40456192,7646893,141162666.100359,,,
smoke-1789241936307339195,blob,blob/nix-closure,amber-rust-s3,0,true,12,pull_incremental,measured,ok,,22693909,15586000,15262000,40456192,7639843,336647291.5706148,,,
smoke-1789241936307339195,blob,blob/nix-closure,amber-rust-s3,0,true,12,retention_local,setup,ok,,5467615,2528000,2478000,40456192,,,,,
smoke-1789241936307339195,blob,blob/nix-closure,amber-rust-s3,0,true,12,retention_local,setup,ok,,4859774,1123000,3359000,40456192,,,,,
smoke-1789241936307339195,blob,blob/nix-closure,amber-rust-s3,0,true,12,age_sealed_segments,setup,ok,,0,0,0,0,,,,,
smoke-1789241936307339195,blob,blob/nix-closure,amber-rust-s3,0,true,12,retention_local,setup,ok,,5288072,2414000,2431000,40456192,,,,,
smoke-1789241936307339195,blob,blob/nix-closure,amber-rust-s3,0,true,12,retention_cleanup,measured,ok,,53819097,22145000,14602000,40456192,7654883,142233582.99749994,,,
smoke-1789241936307339195,blob,blob/nix-closure,amber-rust-s3,0,true,12,inject_missing_object,verify,ok,,0,0,0,0,,,,,
smoke-1789241936307339195,blob,blob/backup-corpus,amber-go-s3,0,true,13,ingest_payload,setup,ok,,67238426,284388000,336770000,283631616,,,,,
smoke-1789241936307339195,blob,blob/backup-corpus,amber-go-s3,0,true,13,push_initial,measured,ok,,93735863,25929000,18233000,40456192,11786811,125744945.6671669,,,
smoke-1789241936307339195,blob,blob/backup-corpus,amber-go-s3,0,true,13,push_noop,measured,ok,,18036590,11537000,14122000,40456192,4471,247884.9937820841,,,
smoke-1789241936307339195,blob,blob/backup-corpus,amber-go-s3,0,true,13,pull_fresh,measured,ok,,27497155,18712000,20973000,40456192,11775268,428235866.5832884,,,
smoke-1789241936307339195,blob,blob/backup-corpus,amber-go-s3,0,true,13,ingest_payload,setup,ok,,50237212,210142000,201635000,180289536,,,,,
smoke-1789241936307339195,blob,blob/backup-corpus,amber-go-s3,0,true,13,push_incremental,measured,ok,,52709389,20877000,18498000,40542208,3494697,66301223.867345534,,,
smoke-1789241936307339195,blob,blob/backup-corpus,amber-go-s3,0,true,13,pull_incremental,measured,ok,,23469078,23831000,9431000,40542208,3488846,148657139.40701038,,,
smoke-1789241936307339195,blob,blob/backup-corpus,amber-go-s3,0,true,13,retention_local,setup,ok,,8402215,2591000,7756000,40542208,,,,,
smoke-1789241936307339195,blob,blob/backup-corpus,amber-go-s3,0,true,13,age_sealed_segments,setup,ok,,0,0,0,0,,,,,
smoke-1789241936307339195,blob,blob/backup-corpus,amber-go-s3,0,true,13,retention_local,setup,ok,,15218112,18168000,15485000,40542208,,,,,
smoke-1789241936307339195,blob,blob/backup-corpus,amber-go-s3,0,true,13,retention_cleanup,measured,ok,,94805175,27499000,22578000,40542208,11821944,124697243.58401321,,,
smoke-1789241936307339195,blob,blob/backup-corpus,amber-go-s3,0,true,13,inject_missing_object,verify,ok,,0,0,0,0,,,,,
smoke-1789241936307339195,blob,blob/source-history,git-bundle-s3,0,true,14,git_init,setup,ok,,2061965,1957000,0,40542208,,,,,
smoke-1789241936307339195,blob,blob/source-history,git-bundle-s3,0,true,14,git_init,setup,ok,,920096,845000,0,40542208,,,,,
smoke-1789241936307339195,blob,blob/source-history,git-bundle-s3,0,true,14,git_init,setup,ok,,1158831,0,1057000,40542208,,,,,
smoke-1789241936307339195,blob,blob/source-history,git-bundle-s3,0,true,14,git_init,setup,ok,,998486,899000,0,40542208,,,,,
smoke-1789241936307339195,blob,blob/source-history,git-bundle-s3,0,true,14,git_init,setup,ok,,888425,814000,0,40542208,,,,,
smoke-1789241936307339195,blob,blob/source-history,git-bundle-s3,0,true,14,git_init,setup,ok,,860452,792000,0,40542208,,,,,
smoke-1789241936307339195,blob,blob/source-history,git-bundle-s3,0,true,14,git_init,setup,ok,,855714,786000,0,40542208,,,,,
smoke-1789241936307339195,blob,blob/source-history,git-bundle-s3,0,true,14,git_init,setup,ok,,848329,0,783000,40542208,,,,,
smoke-1789241936307339195,blob,blob/source-history,git-bundle-s3,0,true,14,git_init,setup,ok,,838691,777000,0,40542208,,,,,
smoke-1789241936307339195,blob,blob/source-history,git-bundle-s3,0,true,14,git_init,setup,ok,,851205,784000,0,40542208,,,,,
smoke-1789241936307339195,blob,blob/source-history,git-bundle-s3,0,true,14,git_init,setup,ok,,846456,0,783000,40542208,,,,,
smoke-1789241936307339195,blob,blob/source-history,git-bundle-s3,0,true,14,git_init,setup,ok,,860863,0,793000,40542208,,,,,
smoke-1789241936307339195,blob,blob/source-history,git-bundle-s3,0,true,14,replay_history,setup,ok,,28008320,18864000,8922000,40542208,,,,,
smoke-1789241936307339195,blob,blob/source-history,git-bundle-s3,0,true,14,replay_history,setup,ok,,7099839,5931000,993000,40542208,,,,,
smoke-1789241936307339195,blob,blob/source-history,git-bundle-s3,0,true,14,replay_history,setup,ok,,7202956,5067000,2031000,40542208,,,,,
smoke-1789241936307339195,blob,blob/source-history,git-bundle-s3,0,true,14,replay_history,setup,ok,,6500174,3655000,2736000,40542208,,,,,
smoke-1789241936307339195,blob,blob/source-history,git-bundle-s3,0,true,14,replay_history,setup,ok,,6511326,3210000,3203000,40542208,,,,,
smoke-1789241936307339195,blob,blob/source-history,git-bundle-s3,0,true,14,replay_history,setup,ok,,6835745,5753000,960000,40542208,,,,,
smoke-1789241936307339195,blob,blob/source-history,git-bundle-s3,0,true,14,replay_history,setup,ok,,6756695,2847000,3788000,40542208,,,,,
smoke-1789241936307339195,blob,blob/source-history,git-bundle-s3,0,true,14,replay_history,setup,ok,,6289894,3094000,3092000,40542208,,,,,
smoke-1789241936307339195,blob,blob/source-history,git-bundle-s3,0,true,14,replay_history,setup,ok,,6553837,3679000,2771000,40542208,,,,,
smoke-1789241936307339195,blob,blob/source-history,git-bundle-s3,0,true,14,replay_history,setup,ok,,6285926,2053000,4095000,40542208,,,,,
smoke-1789241936307339195,blob,blob/source-history,git-bundle-s3,0,true,14,replay_history,setup,ok,,7053019,5935000,992000,40542208,,,,,
smoke-1789241936307339195,blob,blob/source-history,git-bundle-s3,0,true,14,replay_history,setup,ok,,6461602,4517000,1806000,40542208,,,,,
smoke-1789241936307339195,blob,blob/source-history,git-bundle-s3,0,true,14,replay_history,setup,ok,,7027271,3952000,2964000,40542208,,,,,
smoke-1789241936307339195,blob,blob/source-history,git-bundle-s3,0,true,14,replay_history,setup,ok,,6493712,4252000,2121000,40542208,,,,,
smoke-1789241936307339195,blob,blob/source-history,git-bundle-s3,0,true,14,replay_history,setup,ok,,11291138,11158000,0,40542208,,,,,
smoke-1789241936307339195,blob,blob/source-history,git-bundle-s3,0,true,14,replay_history,setup,ok,,6634491,2781000,3710000,40542208,,,,,
smoke-1789241936307339195,blob,blob/source-history,git-bundle-s3,0,true,14,replay_history,setup,ok,,6661252,2796000,3739000,40542208,,,,,
smoke-1789241936307339195,blob,blob/source-history,git-bundle-s3,0,true,14,replay_history,setup,ok,,6397839,3114000,3135000,40542208,,,,,
smoke-1789241936307339195,blob,blob/source-history,git-bundle-s3,0,true,14,replay_history,setup,ok,,6677994,3744000,2813000,40542208,,,,,
smoke-1789241936307339195,blob,blob/source-history,git-bundle-s3,0,true,14,replay_history,setup,ok,,6329569,3102000,3105000,40542208,,,,,
smoke-1789241936307339195,blob,blob/source-history,git-bundle-s3,0,true,14,replay_history,setup,ok,,6488422,6372000,0,40542208,,,,,
smoke-1789241936307339195,blob,blob/source-history,git-bundle-s3,0,true,14,replay_history,setup,ok,,6831818,4474000,2228000,40542208,,,,,
smoke-1789241936307339195,blob,blob/source-history,git-bundle-s3,0,true,14,mark_basis,setup,ok,,1212143,0,1126000,40542208,,,,,
smoke-1789241936307339195,blob,blob/source-history,git-bundle-s3,0,true,14,push_initial,measured,ok,,113133543,90757000,25970000,40542208,2364056,20896154.556036487,,,
smoke-1789241936307339195,blob,blob/source-history,git-bundle-s3,0,true,14,push_noop,measured,ok,,17241123,15606000,8240000,40542208,2341,135780.0185057551,,,
smoke-1789241936307339195,blob,blob/source-history,git-bundle-s3,0,true,14,pull_fresh,measured,ok,,49802553,31535000,22503000,40542208,2363156,47450499.174209,,,
smoke-1789241936307339195,blob,blob/source-history,git-bundle-s3,0,true,14,replay_history,setup,ok,,6784227,3792000,2858000,40542208,,,,,
smoke-1789241936307339195,blob,blob/source-history,git-bundle-s3,0,true,14,replay_history,setup,ok,,2523827,2418000,0,40542208,,,,,
smoke-1789241936307339195,blob,blob/source-history,git-bundle-s3,0,true,14,replay_history,setup,ok,,1704082,0,1625000,40542208,,,,,
smoke-1789241936307339195,blob,blob/source-history,git-bundle-s3,0,true,14,replay_history,setup,ok,,2441730,786000,1567000,40542208,,,,,
smoke-1789241936307339195,blob,blob/source-history,git-bundle-s3,0,true,14,replay_history,setup,ok,,2424367,0,2339000,40542208,,,,,
smoke-1789241936307339195,blob,blob/source-history,git-bundle-s3,0,true,14,replay_history,setup,ok,,2899152,934000,1872000,40542208,,,,,
smoke-1789241936307339195,blob,blob/source-history,git-bundle-s3,0,true,14,replay_history,setup,ok,,2076373,995000,993000,40542208,,,,,
smoke-1789241936307339195,blob,blob/source-history,git-bundle-s3,0,true,14,replay_history,setup,ok,,2812037,898000,1798000,40542208,,,,,
smoke-1789241936307339195,blob,blob/source-history,git-bundle-s3,0,true,14,push_incremental,measured,ok,,27827776,19793000,14728000,40542208,21004,754785.4345241244,,,
smoke-1789241936307339195,blob,blob/source-history,git-bundle-s3,0,true,14,pull_incremental,measured,ok,,72346546,20437000,15817000,40542208,25201,348337.29311693745,,,
smoke-1789241936307339195,blob,blob/source-history,git-bundle-s3,0,true,14,retention_cleanup,measured,ok,,153229893,117936000,45770000,40542208,2381274,15540531.637648536,,,
smoke-1789241936307339195,blob,blob/source-history,git-bundle-s3,0,true,14,inject_missing_object,verify,ok,,0,0,0,0,,,,,
smoke-1789241936307339195,backup,backup/retention,amber-go,0,true,15,backup_initial,measured,ok,,62885770,249766000,218664000,219758592,34237158,544434106.4759166,11756418,16396288,
smoke-1789241936307339195,backup,backup/retention,amber-go,0,true,15,backup_unchanged,measured,ok,,40241295,191046000,124392000,129798144,34237158,850796625.7050127,11757145,16404480,
smoke-1789241936307339195,backup,backup/retention,amber-go,0,true,15,backup_changed,measured,ok,,53220635,179029000,323416000,197693440,34257224,643683112.762559,11954781,16605184,
smoke-1789241936307339195,backup,backup/retention,amber-go,0,true,15,backup_changed_again,measured,ok,,48769140,179350000,181577000,202100736,34274527,702791293.8386858,12150274,16805888,
smoke-1789241936307339195,backup,backup/retention,amber-go,0,true,15,list_snapshot,measured,ok,,200744138,96070000,157326000,40542208,,,,,
smoke-1789241936307339195,backup,backup/retention,amber-go,0,true,15,restore_latest,measured,ok,,51280863,36698000,36625000,46297088,34274527,668368763.6068059,,,
smoke-1789241936307339195,backup,backup/retention,amber-go,0,true,15,forget_oldest,measured,ok,,15196051,7178000,11881000,40542208,,,12149354,16797696,
smoke-1789241936307339195,backup,backup/retention,amber-go,0,true,15,age_sealed_segments,setup,ok,,0,0,0,0,,,,,
smoke-1789241936307339195,backup,backup/retention,amber-go,0,true,15,prune,measured,ok,,15032929,11052000,20355000,40542208,,,12023123,12062720,4734976
smoke-1789241936307339195,backup,backup/retention,amber-go,0,true,15,integrity_check,verify,ok,,29713985,28230000,14810000,42364928,,,,,
smoke-1789241936307339195,backup,backup/retention,amber-go,0,true,15,post_retention_restore,verify,ok,,57217413,63386000,23593000,41902080,,,,,
smoke-1789241936307339195,backup,backup/retention,amber-go,0,true,15,post_retention_restore,verify,ok,,58429966,36771000,53111000,42770432,,,,,
smoke-1789241936307339195,backup,backup/retention,amber-go,0,true,15,forgotten_snapshot_probe,verify,ok,,0,0,0,0,,,,,
smoke-1789241936307339195,backup,backup/retention,amber-go,0,true,15,forgotten_snapshot_probe,verify,ok,,0,0,0,0,,,,,
smoke-1789241936307339195,nix,nix/closure,nix,0,true,16,import_initial,measured,ok,,27092573,11585000,17870000,40542208,5768158,212905507.35066766,14267360,14458880,
smoke-1789241936307339195,nix,nix/closure,nix,0,true,16,import_repeat,measured,ok,,21017349,8648000,9694000,40542208,5768158,274447457.6693759,14267360,14458880,
smoke-1789241936307339195,nix,nix/closure,nix,0,true,16,import_incremental,measured,ok,,22154018,9230000,11263000,40542208,6030405,272203669.78125596,16889287,17125376,
smoke-1789241936307339195,nix,nix/closure,nix,0,true,16,catalog_list,measured,ok,,15174940,9501000,6369000,40542208,,,,,
smoke-1789241936307339195,nix,nix/closure,nix,0,true,16,closure_query,measured,ok,,15581586,6095000,10167000,40542208,,,,,
smoke-1789241936307339195,nix,nix/closure,nix,0,true,16,nar_and_reference_registration,setup,ok,,0,0,0,0,,,,,
smoke-1789241936307339195,nix,nix/closure,nix,0,true,16,read_closure,measured,ok,,131251008,72245000,63869000,40542208,6030405,45945589.995011695,,,
smoke-1789241936307339195,nix,nix/closure,nix,0,true,16,cache_export,measured,ok,,314793517,467017000,158227000,152903680,,,,,
smoke-1789241936307339195,nix,nix/closure,nix,0,true,16,materialize_closure,measured,ok,,22398835,19124000,10514000,40624128,6030405,269228511.2149806,,,
smoke-1789241936307339195,nix,nix/closure,nix,0,true,16,cache_substitute,measured,ok,,22607404,15519000,17738000,46153728,,,,,
smoke-1789241936307339195,nix,nix/closure,nix,0,true,16,delete_path,measured,ok,,18443728,10405000,8334000,40599552,,,8238151,8458240,
smoke-1789241936307339195,nix,nix/closure,nix,0,true,16,register_gc_root,setup,ok,,0,0,0,0,,,,,
smoke-1789241936307339195,nix,nix/closure,nix,0,true,16,gc,measured,ok,,19639350,8465000,11608000,40542208,,,6140999,6356992,2105344
smoke-1789241936307339195,nix,nix/closure,nix,0,true,16,post_gc_materialize,verify,ok,,20484663,18515000,9224000,40542208,,,,,
smoke-1789241936307339195,nix,nix/closure,nix,0,true,16,integrity_check,verify,ok,,16205917,9575000,10937000,40542208,,,,,
smoke-1789241936307339195,tree,tree/lifecycle,amber-go,0,true,17,ingest_fresh,measured,ok,,68983176,287043000,410915000,268984320,34237158,496311709.3941862,11758832,16400384,
smoke-1789241936307339195,tree,tree/lifecycle,amber-go,0,true,17,ingest_repeat,measured,ok,,36139759,205597000,141604000,126189568,34237158,947354352.8610692,11759555,16408576,
smoke-1789241936307339195,tree,tree/lifecycle,amber-go,0,true,17,ingest_changed,measured,ok,,48607612,166301000,356875000,210124800,34257224,704770767.1794286,11957185,16613376,
smoke-1789241936307339195,tree,tree/lifecycle,amber-go,0,true,17,list_recursive,measured,ok,,187515900,89720000,148543000,40542208,,,,,
smoke-1789241936307339195,tree,tree/lifecycle,amber-go,0,true,17,read_full,measured,ok,,24592772,25110000,11610000,47271936,34237158,1392163437.2896233,,,
smoke-1789241936307339195,tree,tree/lifecycle,amber-go,0,true,17,restore_full,measured,ok,,50995750,35427000,35392000,43479040,34237158,671372771.2603501,,,
smoke-1789241936307339195,tree,tree/lifecycle,amber-go,0,true,17,integrity_check,verify,ok,,24577433,24960000,10589000,46784512,,,,,
smoke-1789241936307339195,tree,tree/lifecycle,amber-go,0,true,17,ref_delete,measured,ok,,14466417,5370000,13027000,40542208,,,11956847,16609280,
smoke-1789241936307339195,tree,tree/lifecycle,amber-go,0,true,17,age_sealed_segments,setup,ok,,0,0,0,0,,,,,
smoke-1789241936307339195,tree,tree/lifecycle,amber-go,0,true,17,gc,measured,ok,,14772091,10458000,19515000,40542208,,,11799371,11837440,4771840
smoke-1789241936307339195,tree,tree/lifecycle,amber-go,0,true,17,restore_full,verify,ok,,56314440,61732000,24439000,41578496,,,,,
smoke-1789241936307339195,tree,tree/lifecycle,amber-go,0,true,17,post_gc_integrity_check,verify,ok,,29614045,32502000,14917000,42422272,,,,,
smoke-1789241936307339195,nix,nix/closure,amber-rust,0,true,18,import_initial,measured,ok,,57325667,25413000,92202000,40542208,5768158,100620861.5069407,7104128,5066752,
smoke-1789241936307339195,nix,nix/closure,amber-rust,0,true,18,import_repeat,measured,ok,,58603477,30419000,71108000,40542208,5768158,98426890.2679614,7104128,5066752,
smoke-1789241936307339195,nix,nix/closure,amber-rust,0,true,18,import_incremental,measured,ok,,62697843,24087000,89772000,40542208,6030405,96182016.9794358,7631626,5595136,
smoke-1789241936307339195,nix,nix/closure,amber-rust,0,true,18,catalog_list,measured,ok,,5082739,934000,3756000,40542208,,,,,
smoke-1789241936307339195,nix,nix/closure,amber-rust,0,true,18,closure_query,measured,unsupported,"these cores store trees keyed by content and record no references between roots, so there is no closure to query. The harness keeps the reference graph itself and verifies completeness separately; see the closure_is_complete check.",,,,,,,,,
smoke-1789241936307339195,nix,nix/closure,amber-rust,0,true,18,nar_and_reference_registration,measured,unsupported,these cores record no NAR hash and no reference list for a stored tree: they address content by their own key and model no edges between roots. The harness therefore recomputes the NAR hash of every restored path with `nix hash path` and compares it with the source store's — see the nar_hashes_match_recomputed check — but nothing in the store under test would have noticed a mismatch.,,,,,,,,,
smoke-1789241936307339195,nix,nix/closure,amber-rust,0,true,18,read_closure,measured,ok,,47098130,16585000,27140000,40542208,6030405,128039159.94116963,,,
smoke-1789241936307339195,nix,nix/closure,amber-rust,0,true,18,cache_export,measured,unsupported,"these cores have no binary-cache publication format; the blob scenario group measures what they can do, which is to publish their on-disk pack segments to object storage",,,,,,,,,
smoke-1789241936307339195,nix,nix/closure,amber-rust,0,true,18,materialize_closure,measured,ok,,47472746,12590000,31029000,40542208,6030405,127028779.83927873,,,
smoke-1789241936307339195,nix,nix/closure,amber-rust,0,true,18,cache_substitute,measured,unsupported,these cores have no binary-cache client; see the blob scenario group,,,,,,,,,
smoke-1789241936307339195,nix,nix/closure,amber-rust,0,true,18,delete_path,measured,ok,,5917533,3287000,2200000,40542208,,,7631626,5595136,
smoke-1789241936307339195,nix,nix/closure,amber-rust,0,true,18,register_gc_root,setup,ok,,0,0,0,0,,,,,
smoke-1789241936307339195,nix,nix/closure,amber-rust,0,true,18,age_sealed_segments,setup,ok,,0,0,0,0,,,,,
smoke-1789241936307339195,nix,nix/closure,amber-rust,0,true,18,gc,measured,ok,,5101536,2318000,2320000,40542208,,,7638276,5599232,-4096
smoke-1789241936307339195,nix,nix/closure,amber-rust,0,true,18,post_gc_materialize,verify,ok,,40963131,10529000,26646000,40542208,,,,,
smoke-1789241936307339195,nix,nix/closure,amber-rust,0,true,18,integrity_check,verify,ok,,4522431,1055000,3137000,40542208,,,,,
smoke-1789241936307339195,nix,nix/closure,amber-rust,0,true,18,integrity_check,verify,ok,,4035201,0,3710000,40542208,,,,,
smoke-1789241936307339195,nix,nix/closure,amber-rust,0,true,18,integrity_check,verify,ok,,3789992,0,3494000,40542208,,,,,
smoke-1789241936307339195,nix,nix/closure,amber-rust,0,true,18,integrity_check,verify,ok,,3538232,0,3243000,40542208,,,,,
smoke-1789241936307339195,nix,nix/closure,amber-rust,0,true,18,integrity_check,verify,ok,,4058375,0,3738000,40542208,,,,,
smoke-1789241936307339195,nix,nix/closure,amber-rust,0,true,18,integrity_check,verify,ok,,3558401,1095000,2169000,40542208,,,,,
smoke-1789241936307339195,nix,nix/closure,amber-rust,0,true,18,integrity_check,verify,ok,,3741691,1154000,2276000,40542208,,,,,
smoke-1789241936307339195,nix,nix/closure,amber-rust,0,true,18,integrity_check,verify,ok,,3631350,1681000,1656000,40542208,,,,,
smoke-1789241936307339195,nix,nix/closure,amber-rust,0,true,18,integrity_check,verify,ok,,3584220,0,3270000,40542208,,,,,
smoke-1789241936307339195,git,git/history,amber-go,0,true,19,materialise_states,setup,ok,,66128010,0,0,0,,,,,
smoke-1789241936307339195,git,git/history,amber-go,0,true,19,history_store,measured,ok,,312337240,1084490000,1378469000,178864128,22526976,72123887.6286414,2406660,7086080,
smoke-1789241936307339195,git,git/history,amber-go,0,true,19,clone_full,measured,unsupported,these cores ship no repository-to-repository transfer command; what they can do to publish a store is measured in the blob scenario group as a file-level object-storage transport,,,,,,,,,
smoke-1789241936307339195,git,git/history,amber-go,0,true,19,materialise_states,setup,ok,,11118799,0,0,0,,,,,
smoke-1789241936307339195,git,git/history,amber-go,0,true,19,history_store_incremental,measured,ok,,105218727,354465000,491150000,159207424,8192000,77856862.87575024,2426975,7118848,
smoke-1789241936307339195,git,git/history,amber-go,0,true,19,fetch_incremental,measured,unsupported,these cores ship no incremental fetch command; see the blob scenario group for incremental object-storage publication,,,,,,,,,
smoke-1789241936307339195,git,git/history,amber-go,0,true,19,gc,measured,ok,,8680015,4088000,6540000,40542208,,,2446477,2527232,4591616
smoke-1789241936307339195,git,git/history,amber-go,0,true,19,list_head,measured,ok,,140577483,60284000,88794000,40542208,,,,,
smoke-1789241936307339195,git,git/history,amber-go,0,true,19,read_all_versions,measured,ok,,123814294,100277000,86622000,40542208,30718976,248105247.04037806,,,
smoke-1789241936307339195,git,git/history,amber-go,0,true,19,checkout_version,measured,ok,,18277721,9006000,18027000,40542208,,,,,
smoke-1789241936307339195,git,git/history,amber-go,0,true,19,retained_version_restore,verify,ok,,17675852,11441000,15286000,40542208,,,,,
smoke-1789241936307339195,git,git/history,amber-go,0,true,19,retained_version_restore,verify,ok,,18150208,12972000,15319000,40542208,,,,,
smoke-1789241936307339195,git,git/history,amber-go,0,true,19,retained_version_restore,verify,ok,,18218167,16489000,11623000,40542208,,,,,
smoke-1789241936307339195,git,git/history,amber-go,0,true,19,retained_version_restore,verify,ok,,17981896,12898000,12888000,40542208,,,,,
smoke-1789241936307339195,git,git/history,amber-go,0,true,19,retained_version_restore,verify,ok,,18107957,11432000,16617000,40542208,,,,,
smoke-1789241936307339195,git,git/history,amber-go,0,true,19,retained_version_restore,verify,ok,,17981866,18245000,8694000,40542208,,,,,
smoke-1789241936307339195,git,git/history,amber-go,0,true,19,retained_version_restore,verify,ok,,17844485,17626000,11009000,40542208,,,,,
smoke-1789241936307339195,git,git/history,amber-go,0,true,19,retained_version_restore,verify,ok,,18256030,12297000,15972000,40542208,,,,,
smoke-1789241936307339195,git,git/history,amber-go,0,true,19,retained_version_restore,verify,ok,,18248435,14980000,14089000,40542208,,,,,
smoke-1789241936307339195,git,git/history,amber-go,0,true,19,retained_version_restore,verify,ok,,17899169,17390000,9353000,40542208,,,,,
smoke-1789241936307339195,git,git/history,amber-go,0,true,19,retained_version_restore,verify,ok,,18098239,13135000,14035000,40542208,,,,,
smoke-1789241936307339195,git,git/history,amber-go,0,true,19,retained_version_restore,verify,ok,,18044095,8159000,17808000,40542208,,,,,
smoke-1789241936307339195,git,git/history,amber-go,0,true,19,retained_version_restore,verify,ok,,18936468,14251000,15340000,40542208,,,,,
smoke-1789241936307339195,git,git/history,amber-go,0,true,19,retained_version_restore,verify,ok,,18250499,13229000,13203000,40542208,,,,,
smoke-1789241936307339195,git,git/history,amber-go,0,true,19,retained_version_restore,verify,ok,,18609314,8977000,19748000,40542208,,,,,
smoke-1789241936307339195,git,git/history,amber-go,0,true,19,retained_version_coverage,verify,ok,,0,0,0,0,,,,,
smoke-1789241936307339195,git,git/history,amber-go,0,true,19,ref_delete,measured,ok,,5529503,1919000,3875000,40542208,,,,,
smoke-1789241936307339195,git,git/history,amber-go,0,true,19,integrity_check,verify,ok,,9467127,7580000,6347000,40542208,,,,,
smoke-1789241936307339195,backup,backup/retention,restic,0,true,20,restic_init,setup,ok,,3316342283,3287566000,41930000,102203392,,,,,
smoke-1789241936307339195,backup,backup/retention,restic,0,true,20,backup_initial,measured,ok,,789648526,743789000,193464000,281251840,34237158,43357464.584186405,16288424,17379328,
smoke-1789241936307339195,backup,backup/retention,restic,0,true,20,backup_unchanged,measured,ok,,728078517,520907000,22227000,70414336,34237158,47023991.507223666,16288874,17383424,
smoke-1789241936307339195,backup,backup/retention,restic,0,true,20,backup_changed,measured,ok,,735749025,597046000,90508000,120467456,34257224,46561018.54841058,16502337,17604608,
smoke-1789241936307339195,backup,backup/retention,restic,0,true,20,backup_changed_again,measured,ok,,742358230,594858000,113087000,130441216,34274527,46169794.60172483,16713807,17825792,
smoke-1789241936307339195,backup,backup/retention,restic,0,true,20,list_snapshot,measured,ok,,721439099,509701000,22316000,69890048,,,,,
smoke-1789241936307339195,backup,backup/retention,restic,0,true,20,restore_latest,measured,ok,,775298153,540186000,49147000,91058176,34274527,44208188.63991283,,,
smoke-1789241936307339195,backup,backup/retention,restic,0,true,20,forget_oldest,measured,ok,,719600200,492185000,35968000,70152192,,,16712947,17817600,
smoke-1789241936307339195,backup,backup/retention,restic,0,true,20,prune,measured,ok,,904278840,652974000,81235000,197824512,,,16520239,17629184,188416
smoke-1789241936307339195,backup,backup/retention,restic,0,true,20,integrity_check,verify,ok,,762253341,539894000,43308000,90423296,,,,,
smoke-1789241936307339195,backup,backup/retention,restic,0,true,20,post_retention_restore,verify,ok,,766674899,526211000,54278000,88289280,,,,,
smoke-1789241936307339195,backup,backup/retention,restic,0,true,20,post_retention_restore,verify,ok,,762165353,526909000,50480000,84901888,,,,,
smoke-1789241936307339195,backup,backup/retention,restic,0,true,20,forgotten_snapshot_probe,verify,ok,,0,0,0,0,,,,,
smoke-1789241936307339195,backup,backup/retention,restic,0,true,20,forgotten_snapshot_probe,verify,ok,,0,0,0,0,,,,,
smoke-1789241936307339195,tree,tree/lifecycle,git,0,true,21,git_init,setup,ok,,2267768,1077000,1066000,40542208,,,,,
smoke-1789241936307339195,tree,tree/lifecycle,git,0,true,21,git_init,setup,ok,,971985,886000,0,40542208,,,,,
smoke-1789241936307339195,tree,tree/lifecycle,git,0,true,21,git_init,setup,ok,,1119447,0,1036000,40542208,,,,,
smoke-1789241936307339195,tree,tree/lifecycle,git,0,true,21,git_init,setup,ok,,1059432,0,977000,40542208,,,,,
smoke-1789241936307339195,tree,tree/lifecycle,git,0,true,21,git_init,setup,ok,,945144,0,858000,40542208,,,,,
smoke-1789241936307339195,tree,tree/lifecycle,git,0,true,21,git_init,setup,ok,,1008164,0,937000,40542208,,,,,
smoke-1789241936307339195,tree,tree/lifecycle,git,0,true,21,git_init,setup,ok,,875961,800000,0,40542208,,,,,
smoke-1789241936307339195,tree,tree/lifecycle,git,0,true,21,git_init,setup,ok,,1024655,0,892000,40542208,,,,,
smoke-1789241936307339195,tree,tree/lifecycle,git,0,true,21,git_init,setup,ok,,927810,868000,0,40542208,,,,,
smoke-1789241936307339195,tree,tree/lifecycle,git,0,true,21,git_init,setup,ok,,922581,0,862000,40542208,,,,,
smoke-1789241936307339195,tree,tree/lifecycle,git,0,true,21,git_init,setup,ok,,901089,0,837000,40542208,,,,,
smoke-1789241936307339195,tree,tree/lifecycle,git,0,true,21,git_init,setup,ok,,890229,0,824000,40542208,,,,,
smoke-1789241936307339195,tree,tree/lifecycle,git,0,true,21,ingest_fresh,measured,ok,,235631449,218041000,15804000,40542208,34237158,145299611.51323226,21501959,22917120,
smoke-1789241936307339195,tree,tree/lifecycle,git,0,true,21,ingest_repeat,measured,ok,,60339661,55906000,3737000,40542208,34237158,567407198.3931099,21502268,22929408,
smoke-1789241936307339195,tree,tree/lifecycle,git,0,true,21,ingest_changed,measured,ok,,63492168,53440000,9282000,40542208,34257224,539550389.9000583,21702965,23441408,
smoke-1789241936307339195,tree,tree/lifecycle,git,0,true,21,list_recursive,measured,ok,,3622854,1181000,2358000,40542208,,,,,
smoke-1789241936307339195,tree,tree/lifecycle,git,0,true,21,read_full,measured,ok,,61098631,49566000,11140000,40542208,34237158,560358840.1186926,,,
smoke-1789241936307339195,tree,tree/lifecycle,git,0,true,21,restore_prepare,setup,ok,,1262489,0,1141000,40542208,,,,,
smoke-1789241936307339195,tree,tree/lifecycle,git,0,true,21,restore_full,measured,ok,,71271685,54635000,16192000,40542208,34237158,480375313.1415372,,,
smoke-1789241936307339195,tree,tree/lifecycle,git,0,true,21,integrity_check,verify,ok,,89571167,75771000,13370000,40898560,,,,,
smoke-1789241936307339195,tree,tree/lifecycle,git,0,true,21,ref_delete,measured,ok,,2217432,0,2032000,40898560,,,21701952,23425024,
smoke-1789241936307339195,tree,tree/lifecycle,git,0,true,21,gc,measured,ok,,305761585,328595000,58014000,52695040,,,11626572,11755520,11669504
smoke-1789241936307339195,tree,tree/lifecycle,git,0,true,21,post_gc_restore_prepare,setup,ok,,1168450,0,1068000,40898560,,,,,
smoke-1789241936307339195,tree,tree/lifecycle,git,0,true,21,restore_full,verify,ok,,30596731,16204000,14156000,40898560,,,,,
smoke-1789241936307339195,tree,tree/lifecycle,git,0,true,21,post_gc_integrity_check,verify,ok,,75637276,60227000,14943000,40898560,,,,,
smoke-1789241936307339195,tree,tree/lifecycle,amber-rust,0,true,22,ingest_fresh,measured,ok,,25182178,87693000,62472000,50966528,34237158,1359578905.3671212,15429008,13385728,
smoke-1789241936307339195,tree,tree/lifecycle,amber-rust,0,true,22,ingest_repeat,measured,ok,,19748468,48554000,36810000,40898560,34237158,1733661466.8033996,15429008,13393920,
smoke-1789241936307339195,tree,tree/lifecycle,amber-rust,0,true,22,ingest_changed,measured,ok,,18946047,39068000,54829000,40898560,34257224,1808146258.6892138,15625799,13590528,
smoke-1789241936307339195,tree,tree/lifecycle,amber-rust,0,true,22,list_recursive,measured,ok,,138546700,44157000,83653000,40898560,,,,,
smoke-1789241936307339195,tree,tree/lifecycle,amber-rust,0,true,22,read_full,measured,ok,,12493132,9051000,3003000,40898560,34237158,2740478368.434753,,,
smoke-1789241936307339195,tree,tree/lifecycle,amber-rust,0,true,22,restore_full,measured,ok,,46854748,12017000,33973000,40898560,34237158,730708401.2062129,,,
smoke-1789241936307339195,tree,tree/lifecycle,amber-rust,0,true,22,integrity_check,verify,ok,,11585319,7151000,3987000,40898560,,,,,
smoke-1789241936307339195,tree,tree/lifecycle,amber-rust,0,true,22,ref_delete,measured,ok,,11866456,3230000,7749000,40898560,,,15625799,13590528,
smoke-1789241936307339195,tree,tree/lifecycle,amber-rust,0,true,22,age_sealed_segments,setup,ok,,0,0,0,0,,,,,
smoke-1789241936307339195,tree,tree/lifecycle,amber-rust,0,true,22,gc,measured,ok,,11278184,4028000,13165000,40898560,,,15451950,13418496,172032
smoke-1789241936307339195,tree,tree/lifecycle,amber-rust,0,true,22,restore_full,verify,ok,,45115268,12838000,31560000,40898560,,,,,
smoke-1789241936307339195,tree,tree/lifecycle,amber-rust,0,true,22,post_gc_integrity_check,verify,ok,,13240759,10412000,2299000,40898560,,,,,
smoke-1789241936307339195,git,git/history,git,1,true,0,git_init,setup,ok,,2052236,0,1927000,40898560,,,,,
smoke-1789241936307339195,git,git/history,git,1,true,0,git_init,setup,ok,,1196002,0,1082000,40898560,,,,,
smoke-1789241936307339195,git,git/history,git,1,true,0,git_init,setup,ok,,873808,0,794000,40898560,,,,,
smoke-1789241936307339195,git,git/history,git,1,true,0,git_init,setup,ok,,948040,0,866000,40898560,,,,,
smoke-1789241936307339195,git,git/history,git,1,true,0,git_init,setup,ok,,898274,817000,0,40898560,,,,,
smoke-1789241936307339195,git,git/history,git,1,true,0,git_init,setup,ok,,891662,815000,0,40898560,,,,,
smoke-1789241936307339195,git,git/history,git,1,true,0,git_init,setup,ok,,886492,0,799000,40898560,,,,,
smoke-1789241936307339195,git,git/history,git,1,true,0,git_init,setup,ok,,1039474,957000,0,40898560,,,,,
smoke-1789241936307339195,git,git/history,git,1,true,0,git_init,setup,ok,,972886,0,888000,40898560,,,,,
smoke-1789241936307339195,git,git/history,git,1,true,0,git_init,setup,ok,,904677,828000,0,40898560,,,,,
smoke-1789241936307339195,git,git/history,git,1,true,0,git_init,setup,ok,,877044,0,812000,40898560,,,,,
smoke-1789241936307339195,git,git/history,git,1,true,0,git_init,setup,ok,,875270,0,808000,40898560,,,,,
smoke-1789241936307339195,git,git/history,git,1,true,0,materialise_states,setup,ok,,52225207,0,0,0,,,,,
smoke-1789241936307339195,git,git/history,git,1,true,0,history_store,measured,ok,,184622825,120855000,60702000,40898560,22526976,122016202.49283911,2643898,4595712,
smoke-1789241936307339195,git,git/history,git,1,true,0,clone_full,measured,ok,,89281084,85572000,32723000,40898560,,,,,
smoke-1789241936307339195,git,git/history,git,1,true,0,materialise_states,setup,ok,,5341984,0,0,0,,,,,
smoke-1789241936307339195,git,git/history,git,1,true,0,history_store_incremental,measured,ok,,70883623,46789000,22799000,40898560,8192000,115569713.47246176,2662796,4808704,
smoke-1789241936307339195,git,git/history,git,1,true,0,fetch_incremental,measured,ok,,15588088,11232000,5688000,40898560,,,,,
smoke-1789241936307339195,git,git/history,git,1,true,0,gc,measured,ok,,94654579,70410000,36217000,40898560,,,2426549,2564096,2244608
smoke-1789241936307339195,git,git/history,git,1,true,0,list_head,measured,ok,,1409319,0,1193000,40898560,,,,,
smoke-1789241936307339195,git,git/history,git,1,true,0,read_all_versions,measured,ok,,46001839,21929000,22687000,40898560,30718976,667777129.5186698,,,
smoke-1789241936307339195,git,git/history,git,1,true,0,checkout_version,measured,ok,,6537006,2753000,3650000,40898560,,,,,
smoke-1789241936307339195,git,git/history,git,1,true,0,retained_version_restore,verify,ok,,6781412,952000,5719000,40898560,,,,,
smoke-1789241936307339195,git,git/history,git,1,true,0,retained_version_restore,verify,ok,,6900168,0,6789000,40898560,,,,,
smoke-1789241936307339195,git,git/history,git,1,true,0,retained_version_restore,verify,ok,,7011801,1969000,4911000,40898560,,,,,
smoke-1789241936307339195,git,git/history,git,1,true,0,retained_version_restore,verify,ok,,7290473,896000,6273000,40898560,,,,,
smoke-1789241936307339195,git,git/history,git,1,true,0,retained_version_restore,verify,ok,,6722879,1893000,4729000,40898560,,,,,
smoke-1789241936307339195,git,git/history,git,1,true,0,retained_version_restore,verify,ok,,6490587,2127000,4254000,40898560,,,,,
smoke-1789241936307339195,git,git/history,git,1,true,0,retained_version_restore,verify,ok,,6358685,3573000,2676000,40898560,,,,,
smoke-1789241936307339195,git,git/history,git,1,true,0,retained_version_restore,verify,ok,,6397849,2700000,3602000,40898560,,,,,
smoke-1789241936307339195,git,git/history,git,1,true,0,retained_version_restore,verify,ok,,6668857,2183000,4371000,40898560,,,,,
smoke-1789241936307339195,git,git/history,git,1,true,0,retained_version_restore,verify,ok,,6908284,3877000,2907000,40914944,,,,,
smoke-1789241936307339195,git,git/history,git,1,true,0,retained_version_restore,verify,ok,,6711648,1105000,5511000,40914944,,,,,
smoke-1789241936307339195,git,git/history,git,1,true,0,retained_version_restore,verify,ok,,6395195,2697000,3594000,40914944,,,,,
smoke-1789241936307339195,git,git/history,git,1,true,0,retained_version_restore,verify,ok,,6444719,4210000,2102000,40914944,,,,,
smoke-1789241936307339195,git,git/history,git,1,true,0,retained_version_restore,verify,ok,,6873237,961000,5789000,40914944,,,,,
smoke-1789241936307339195,git,git/history,git,1,true,0,retained_version_restore,verify,ok,,6596038,0,6477000,40914944,,,,,
smoke-1789241936307339195,git,git/history,git,1,true,0,retained_version_coverage,verify,ok,,0,0,0,0,,,,,
smoke-1789241936307339195,git,git/history,git,1,true,0,ref_delete,measured,ok,,1441161,0,1345000,40914944,,,,,
smoke-1789241936307339195,git,git/history,git,1,true,0,integrity_check,verify,ok,,15381003,13280000,1827000,40914944,,,,,
smoke-1789241936307339195,blob,blob/nix-closure,amber-go-s3,1,true,1,ingest_payload,setup,ok,,12053754,6826000,17415000,40914944,,,,,
smoke-1789241936307339195,blob,blob/nix-closure,amber-go-s3,1,true,1,ingest_payload,setup,ok,,18014419,40705000,162655000,76730368,,,,,
smoke-1789241936307339195,blob,blob/nix-closure,amber-go-s3,1,true,1,ingest_payload,setup,ok,,12295745,17277000,13762000,40914944,,,,,
smoke-1789241936307339195,blob,blob/nix-closure,amber-go-s3,1,true,1,ingest_payload,setup,ok,,12653087,11889000,18437000,40914944,,,,,
smoke-1789241936307339195,blob,blob/nix-closure,amber-go-s3,1,true,1,ingest_payload,setup,ok,,12002024,13520000,10779000,40914944,,,,,
smoke-1789241936307339195,blob,blob/nix-closure,amber-go-s3,1,true,1,ingest_payload,setup,ok,,13445129,14401000,18766000,40914944,,,,,
smoke-1789241936307339195,blob,blob/nix-closure,amber-go-s3,1,true,1,ingest_payload,setup,ok,,13835593,11349000,18650000,40914944,,,,,
smoke-1789241936307339195,blob,blob/nix-closure,amber-go-s3,1,true,1,ingest_payload,setup,ok,,13002364,11313000,21187000,40914944,,,,,
smoke-1789241936307339195,blob,blob/nix-closure,amber-go-s3,1,true,1,push_initial,measured,ok,,52670997,31039000,15679000,40914944,3450557,65511518.60672013,,,
smoke-1789241936307339195,blob,blob/nix-closure,amber-go-s3,1,true,1,push_noop,measured,ok,,17992707,17440000,7177000,40914944,6479,360090.3410476256,,,
smoke-1789241936307339195,blob,blob/nix-closure,amber-go-s3,1,true,1,pull_fresh,measured,ok,,25229948,29343000,12850000,40914944,3450754,136772140.79077768,,,
smoke-1789241936307339195,blob,blob/nix-closure,amber-go-s3,1,true,1,ingest_payload,setup,ok,,10752841,4678000,10876000,40914944,,,,,
smoke-1789241936307339195,blob,blob/nix-closure,amber-go-s3,1,true,1,ingest_payload,setup,ok,,13396836,14555000,15966000,40914944,,,,,
smoke-1789241936307339195,blob,blob/nix-closure,amber-go-s3,1,true,1,ingest_payload,setup,ok,,10204274,8371000,11121000,40914944,,,,,
smoke-1789241936307339195,blob,blob/nix-closure,amber-go-s3,1,true,1,ingest_payload,setup,ok,,13705566,8067000,23109000,40914944,,,,,
smoke-1789241936307339195,blob,blob/nix-closure,amber-go-s3,1,true,1,ingest_payload,setup,ok,,8336530,3733000,9310000,40914944,,,,,
smoke-1789241936307339195,blob,blob/nix-closure,amber-go-s3,1,true,1,ingest_payload,setup,ok,,9196911,5246000,9159000,40914944,,,,,
smoke-1789241936307339195,blob,blob/nix-closure,amber-go-s3,1,true,1,ingest_payload,setup,ok,,8707677,1415000,11434000,40914944,,,,,
smoke-1789241936307339195,blob,blob/nix-closure,amber-go-s3,1,true,1,ingest_payload,setup,ok,,8766500,6705000,6676000,40914944,,,,,
smoke-1789241936307339195,blob,blob/nix-closure,amber-go-s3,1,true,1,ingest_payload,setup,ok,,12725686,8315000,15470000,40914944,,,,,
smoke-1789241936307339195,blob,blob/nix-closure,amber-go-s3,1,true,1,push_incremental,measured,ok,,58397846,36872000,16226000,40914944,4000656,68506910.34049441,,,
smoke-1789241936307339195,blob,blob/nix-closure,amber-go-s3,1,true,1,pull_incremental,measured,ok,,67253206,29709000,17779000,40914944,3980297,59183751.031883895,,,
smoke-1789241936307339195,blob,blob/nix-closure,amber-go-s3,1,true,1,retention_local,setup,ok,,7372911,4598000,4582000,41177088,,,,,
smoke-1789241936307339195,blob,blob/nix-closure,amber-go-s3,1,true,1,retention_local,setup,ok,,7843178,2266000,7907000,41177088,,,,,
smoke-1789241936307339195,blob,blob/nix-closure,amber-go-s3,1,true,1,age_sealed_segments,setup,ok,,0,0,0,0,,,,,
smoke-1789241936307339195,blob,blob/nix-closure,amber-go-s3,1,true,1,retention_local,setup,ok,,8749227,3828000,6119000,41177088,,,,,
smoke-1789241936307339195,blob,blob/nix-closure,amber-go-s3,1,true,1,retention_cleanup,measured,ok,,58638626,32303000,21643000,41177088,3999454,68205111.0815591,,,
smoke-1789241936307339195,blob,blob/nix-closure,amber-go-s3,1,true,1,inject_missing_object,verify,ok,,0,0,0,0,,,,,
smoke-1789241936307339195,blob,blob/source-history,git-bundle-s3,1,true,2,git_init,setup,ok,,1973115,940000,941000,41439232,,,,,
smoke-1789241936307339195,blob,blob/source-history,git-bundle-s3,1,true,2,git_init,setup,ok,,946416,0,864000,41439232,,,,,
smoke-1789241936307339195,blob,blob/source-history,git-bundle-s3,1,true,2,git_init,setup,ok,,888145,815000,0,41439232,,,,,
smoke-1789241936307339195,blob,blob/source-history,git-bundle-s3,1,true,2,git_init,setup,ok,,877655,0,810000,41439232,,,,,
smoke-1789241936307339195,blob,blob/source-history,git-bundle-s3,1,true,2,git_init,setup,ok,,869550,0,801000,41439232,,,,,
smoke-1789241936307339195,blob,blob/source-history,git-bundle-s3,1,true,2,git_init,setup,ok,,858759,0,794000,41439232,,,,,
smoke-1789241936307339195,blob,blob/source-history,git-bundle-s3,1,true,2,git_init,setup,ok,,846375,780000,0,41439232,,,,,
smoke-1789241936307339195,blob,blob/source-history,git-bundle-s3,1,true,2,git_init,setup,ok,,858058,788000,0,41439232,,,,,
smoke-1789241936307339195,blob,blob/source-history,git-bundle-s3,1,true,2,git_init,setup,ok,,851695,786000,0,41439232,,,,,
smoke-1789241936307339195,blob,blob/source-history,git-bundle-s3,1,true,2,git_init,setup,ok,,920807,0,830000,41439232,,,,,
smoke-1789241936307339195,blob,blob/source-history,git-bundle-s3,1,true,2,git_init,setup,ok,,902052,835000,0,41439232,,,,,
smoke-1789241936307339195,blob,blob/source-history,git-bundle-s3,1,true,2,git_init,setup,ok,,1145486,1069000,0,41439232,,,,,
smoke-1789241936307339195,blob,blob/source-history,git-bundle-s3,1,true,2,replay_history,setup,ok,,28576165,18240000,10129000,41701376,,,,,
smoke-1789241936307339195,blob,blob/source-history,git-bundle-s3,1,true,2,replay_history,setup,ok,,7091243,3965000,2973000,41701376,,,,,
smoke-1789241936307339195,blob,blob/source-history,git-bundle-s3,1,true,2,replay_history,setup,ok,,6545441,6429000,0,41701376,,,,,
smoke-1789241936307339195,blob,blob/source-history,git-bundle-s3,1,true,2,replay_history,setup,ok,,6466531,3630000,2720000,41701376,,,,,
smoke-1789241936307339195,blob,blob/source-history,git-bundle-s3,1,true,2,replay_history,setup,ok,,6702891,4711000,1885000,41701376,,,,,
smoke-1789241936307339195,blob,blob/source-history,git-bundle-s3,1,true,2,replay_history,setup,ok,,6668306,4346000,2185000,41701376,,,,,
smoke-1789241936307339195,blob,blob/source-history,git-bundle-s3,1,true,2,replay_history,setup,ok,,6984840,3927000,2946000,41701376,,,,,
smoke-1789241936307339195,blob,blob/source-history,git-bundle-s3,1,true,2,replay_history,setup,ok,,6520063,4551000,1829000,41701376,,,,,
smoke-1789241936307339195,blob,blob/source-history,git-bundle-s3,1,true,2,replay_history,setup,ok,,6811740,1912000,4776000,41701376,,,,,
smoke-1789241936307339195,blob,blob/source-history,git-bundle-s3,1,true,2,replay_history,setup,ok,,6794276,3810000,2840000,41701376,,,,,
smoke-1789241936307339195,blob,blob/source-history,git-bundle-s3,1,true,2,replay_history,setup,ok,,6553087,4301000,2148000,41701376,,,,,
smoke-1789241936307339195,blob,blob/source-history,git-bundle-s3,1,true,2,replay_history,setup,ok,,6380456,2683000,3576000,41701376,,,,,
smoke-1789241936307339195,blob,blob/source-history,git-bundle-s3,1,true,2,replay_history,setup,ok,,6729262,5516000,1103000,41701376,,,,,
smoke-1789241936307339195,blob,blob/source-history,git-bundle-s3,1,true,2,replay_history,setup,ok,,6566872,4291000,2144000,41701376,,,,,
smoke-1789241936307339195,blob,blob/source-history,git-bundle-s3,1,true,2,replay_history,setup,ok,,11374307,8187000,3068000,41701376,,,,,
smoke-1789241936307339195,blob,blob/source-history,git-bundle-s3,1,true,2,replay_history,setup,ok,,6442194,4204000,2103000,41701376,,,,,
smoke-1789241936307339195,blob,blob/source-history,git-bundle-s3,1,true,2,replay_history,setup,ok,,6642988,3912000,2613000,41701376,,,,,
smoke-1789241936307339195,blob,blob/source-history,git-bundle-s3,1,true,2,replay_history,setup,ok,,6745994,3774000,2829000,41701376,,,,,
smoke-1789241936307339195,blob,blob/source-history,git-bundle-s3,1,true,2,replay_history,setup,ok,,6677564,3760000,2806000,41701376,,,,,
smoke-1789241936307339195,blob,blob/source-history,git-bundle-s3,1,true,2,replay_history,setup,ok,,6557354,5157000,1294000,41701376,,,,,
smoke-1789241936307339195,blob,blob/source-history,git-bundle-s3,1,true,2,replay_history,setup,ok,,6692522,5268000,1316000,41701376,,,,,
smoke-1789241936307339195,blob,blob/source-history,git-bundle-s3,1,true,2,replay_history,setup,ok,,6549780,3209000,3219000,41701376,,,,,
smoke-1789241936307339195,blob,blob/source-history,git-bundle-s3,1,true,2,mark_basis,setup,ok,,1149484,0,1076000,41701376,,,,,
smoke-1789241936307339195,blob,blob/source-history,git-bundle-s3,1,true,2,push_initial,measured,ok,,113325350,86442000,30147000,41701376,2364056,20860787.105444632,,,
smoke-1789241936307339195,blob,blob/source-history,git-bundle-s3,1,true,2,push_noop,measured,ok,,18312818,15990000,11432000,41701376,2341,127833.95761373264,,,
smoke-1789241936307339195,blob,blob/source-history,git-bundle-s3,1,true,2,pull_fresh,measured,ok,,48282732,32394000,20872000,41701376,2363156,48944123.5429677,,,
smoke-1789241936307339195,blob,blob/source-history,git-bundle-s3,1,true,2,replay_history,setup,ok,,6742979,4739000,1891000,42295296,,,,,
smoke-1789241936307339195,blob,blob/source-history,git-bundle-s3,1,true,2,replay_history,setup,ok,,2496164,1199000,1204000,42295296,,,,,
smoke-1789241936307339195,blob,blob/source-history,git-bundle-s3,1,true,2,replay_history,setup,ok,,1887082,0,1792000,42295296,,,,,
smoke-1789241936307339195,blob,blob/source-history,git-bundle-s3,1,true,2,replay_history,setup,ok,,2446118,1177000,1178000,42295296,,,,,
smoke-1789241936307339195,blob,blob/source-history,git-bundle-s3,1,true,2,replay_history,setup,ok,,1943469,0,1866000,42295296,,,,,
smoke-1789241936307339195,blob,blob/source-history,git-bundle-s3,1,true,2,replay_history,setup,ok,,2489682,1191000,1197000,42295296,,,,,
smoke-1789241936307339195,blob,blob/source-history,git-bundle-s3,1,true,2,replay_history,setup,ok,,2107752,2022000,0,42295296,,,,,
smoke-1789241936307339195,blob,blob/source-history,git-bundle-s3,1,true,2,replay_history,setup,ok,,2642353,849000,1694000,42295296,,,,,
smoke-1789241936307339195,blob,blob/source-history,git-bundle-s3,1,true,2,push_incremental,measured,ok,,28483058,16907000,18112000,42295296,21004,737420.8204751048,,,
smoke-1789241936307339195,blob,blob/source-history,git-bundle-s3,1,true,2,pull_incremental,measured,ok,,70046777,16881000,19118000,42295296,25201,359773.86939587526,,,
smoke-1789241936307339195,blob,blob/source-history,git-bundle-s3,1,true,2,retention_cleanup,measured,ok,,154541907,129629000,36310000,42295296,2381274,15408597.229229221,,,
smoke-1789241936307339195,blob,blob/source-history,git-bundle-s3,1,true,2,inject_missing_object,verify,ok,,0,0,0,0,,,,,
smoke-1789241936307339195,tree,tree/lifecycle,amber-rust,1,true,3,ingest_fresh,measured,ok,,26438224,86828000,70840000,50479104,34237158,1294987061.158117,15429052,13385728,
smoke-1789241936307339195,tree,tree/lifecycle,amber-rust,1,true,3,ingest_repeat,measured,ok,,16998831,32737000,51201000,42295296,34237158,2014088968.8237975,15429052,13393920,
smoke-1789241936307339195,tree,tree/lifecycle,amber-rust,1,true,3,ingest_changed,measured,ok,,17238098,43576000,43303000,42295296,34257224,1987297206.4551437,15625843,13590528,
smoke-1789241936307339195,tree,tree/lifecycle,amber-rust,1,true,3,list_recursive,measured,ok,,142014878,39752000,91260000,42295296,,,,,
smoke-1789241936307339195,tree,tree/lifecycle,amber-rust,1,true,3,read_full,measured,ok,,12085454,7800000,3875000,42295296,34237158,2832922784.6963797,,,
smoke-1789241936307339195,tree,tree/lifecycle,amber-rust,1,true,3,restore_full,measured,ok,,46477117,10667000,35002000,42295296,34237158,736645476.5255771,,,
smoke-1789241936307339195,tree,tree/lifecycle,amber-rust,1,true,3,integrity_check,verify,ok,,12113327,7815000,3849000,42295296,,,,,
smoke-1789241936307339195,tree,tree/lifecycle,amber-rust,1,true,3,ref_delete,measured,ok,,9449824,1079000,7429000,42295296,,,15625843,13590528,
smoke-1789241936307339195,tree,tree/lifecycle,amber-rust,1,true,3,age_sealed_segments,setup,ok,,0,0,0,0,,,,,
smoke-1789241936307339195,tree,tree/lifecycle,amber-rust,1,true,3,gc,measured,ok,,11890411,4911000,13046000,42295296,,,15437608,13402112,188416
smoke-1789241936307339195,tree,tree/lifecycle,amber-rust,1,true,3,restore_full,verify,ok,,51201253,11080000,39233000,42295296,,,,,
smoke-1789241936307339195,tree,tree/lifecycle,amber-rust,1,true,3,post_gc_integrity_check,verify,ok,,18003908,10866000,6535000,42295296,,,,,
smoke-1789241936307339195,blob,blob/backup-corpus,restic-s3,1,true,4,repo_init,setup,ok,,2934912133,2908188000,38809000,103829504,,,,,
smoke-1789241936307339195,blob,blob/backup-corpus,restic-s3,1,true,4,push_initial,measured,ok,,936198786,737329000,174668000,274063360,14053130,15010839.802563043,,,
smoke-1789241936307339195,blob,blob/backup-corpus,restic-s3,1,true,4,push_noop,measured,ok,,728750531,514090000,27315000,72896512,14473,19860.019834414365,,,
smoke-1789241936307339195,blob,blob/backup-corpus,restic-s3,1,true,4,pull_fresh,measured,ok,,899597978,538993000,45576000,90091520,14022174,15587155.97735592,,,
smoke-1789241936307339195,blob,blob/backup-corpus,restic-s3,1,true,4,push_incremental,measured,ok,,755648715,618495000,121269000,133042176,230930,305604.9661912017,,,
smoke-1789241936307339195,blob,blob/backup-corpus,restic-s3,1,true,4,pull_incremental,measured,ok,,864857740,542849000,47565000,89718784,14199142,16417893.190156337,,,
smoke-1789241936307339195,blob,blob/backup-corpus,restic-s3,1,true,4,retention_cleanup,measured,ok,,1738248397,1153184000,107572000,184721408,27866722,16031495.871415436,,,
smoke-1789241936307339195,blob,blob/backup-corpus,restic-s3,1,true,4,inject_missing_object,verify,ok,,0,0,0,0,,,,,
smoke-1789241936307339195,tree,tree/lifecycle,git,1,true,5,git_init,setup,ok,,1946996,0,1827000,42295296,,,,,
smoke-1789241936307339195,tree,tree/lifecycle,git,1,true,5,git_init,setup,ok,,1204879,0,1117000,42295296,,,,,
smoke-1789241936307339195,tree,tree/lifecycle,git,1,true,5,git_init,setup,ok,,924134,0,851000,42295296,,,,,
smoke-1789241936307339195,tree,tree/lifecycle,git,1,true,5,git_init,setup,ok,,858939,786000,0,42295296,,,,,
smoke-1789241936307339195,tree,tree/lifecycle,git,1,true,5,git_init,setup,ok,,860251,0,798000,42295296,,,,,
smoke-1789241936307339195,tree,tree/lifecycle,git,1,true,5,git_init,setup,ok,,905859,0,832000,42295296,,,,,
smoke-1789241936307339195,tree,tree/lifecycle,git,1,true,5,git_init,setup,ok,,910167,0,844000,42295296,,,,,
smoke-1789241936307339195,tree,tree/lifecycle,git,1,true,5,git_init,setup,ok,,938060,0,864000,42295296,,,,,
smoke-1789241936307339195,tree,tree/lifecycle,git,1,true,5,git_init,setup,ok,,1236099,0,1153000,42295296,,,,,
smoke-1789241936307339195,tree,tree/lifecycle,git,1,true,5,git_init,setup,ok,,904637,0,820000,42295296,,,,,
smoke-1789241936307339195,tree,tree/lifecycle,git,1,true,5,git_init,setup,ok,,952318,0,885000,42295296,,,,,
smoke-1789241936307339195,tree,tree/lifecycle,git,1,true,5,git_init,setup,ok,,882174,812000,0,42295296,,,,,
smoke-1789241936307339195,tree,tree/lifecycle,git,1,true,5,ingest_fresh,measured,ok,,233439460,208518000,23064000,42295296,34237158,146663970.17882067,21501959,22917120,
smoke-1789241936307339195,tree,tree/lifecycle,git,1,true,5,ingest_repeat,measured,ok,,60707564,51244000,8781000,42295296,34237158,563968569.0567324,21502268,22929408,
smoke-1789241936307339195,tree,tree/lifecycle,git,1,true,5,ingest_changed,measured,ok,,62016212,49731000,11411000,42295296,34257224,552391429.5184621,21702965,23441408,
smoke-1789241936307339195,tree,tree/lifecycle,git,1,true,5,list_recursive,measured,ok,,3928217,1914000,1917000,42295296,,,,,
smoke-1789241936307339195,tree,tree/lifecycle,git,1,true,5,read_full,measured,ok,,61481131,51048000,9997000,42295296,34237158,556872611.8587506,,,
smoke-1789241936307339195,tree,tree/lifecycle,git,1,true,5,restore_prepare,setup,ok,,1286415,0,1177000,42295296,,,,,
smoke-1789241936307339195,tree,tree/lifecycle,git,1,true,5,restore_full,measured,ok,,71988594,56696000,14913000,42295296,34237158,475591424.94156784,,,
smoke-1789241936307339195,tree,tree/lifecycle,git,1,true,5,integrity_check,verify,ok,,85367576,71332000,13372000,42295296,,,,,
smoke-1789241936307339195,tree,tree/lifecycle,git,1,true,5,ref_delete,measured,ok,,2067595,0,1870000,42295296,,,21701952,23425024,
smoke-1789241936307339195,tree,tree/lifecycle,git,1,true,5,gc,measured,ok,,303393359,318275000,66434000,52756480,,,11626572,11755520,11669504
smoke-1789241936307339195,tree,tree/lifecycle,git,1,true,5,post_gc_restore_prepare,setup,ok,,951065,864000,0,42295296,,,,,
smoke-1789241936307339195,tree,tree/lifecycle,git,1,true,5,restore_full,verify,ok,,30571212,9105000,21256000,42295296,,,,,
smoke-1789241936307339195,tree,tree/lifecycle,git,1,true,5,post_gc_integrity_check,verify,ok,,78043439,63911000,13801000,42295296,,,,,
smoke-1789241936307339195,backup,backup/retention,amber-rust,1,true,6,backup_initial,measured,ok,,24196316,85976000,67589000,56209408,34237158,1414973998.5210972,15428920,13385728,
smoke-1789241936307339195,backup,backup/retention,amber-rust,1,true,6,backup_unchanged,measured,ok,,17156391,28666000,54006000,42295296,34237158,1995592079.9426873,15428920,13393920,
smoke-1789241936307339195,backup,backup/retention,amber-rust,1,true,6,backup_changed,measured,ok,,16135043,35451000,47909000,42295296,34257224,2123156659.700256,15625711,13590528,
smoke-1789241936307339195,backup,backup/retention,amber-rust,1,true,6,backup_changed_again,measured,ok,,19123495,43759000,47717000,42295296,34274527,1792273169.7317882,15820372,13783040,
smoke-1789241936307339195,backup,backup/retention,amber-rust,1,true,6,list_snapshot,measured,ok,,136902866,35600000,90228000,42295296,,,,,
smoke-1789241936307339195,backup,backup/retention,amber-rust,1,true,6,restore_latest,measured,ok,,46671819,8770000,37051000,42295296,34274527,734373069.9675536,,,
smoke-1789241936307339195,backup,backup/retention,amber-rust,1,true,6,forget_oldest,measured,ok,,11026844,5427000,4713000,42295296,,,15820372,13783040,
smoke-1789241936307339195,backup,backup/retention,amber-rust,1,true,6,age_sealed_segments,setup,ok,,0,0,0,0,,,,,
smoke-1789241936307339195,backup,backup/retention,amber-rust,1,true,6,prune,measured,ok,,12681442,5097000,13964000,42295296,,,15636183,13598720,184320
smoke-1789241936307339195,backup,backup/retention,amber-rust,1,true,6,integrity_check,verify,ok,,16126476,9404000,6259000,42295296,,,,,
smoke-1789241936307339195,backup,backup/retention,amber-rust,1,true,6,post_retention_restore,verify,ok,,48881456,7832000,40121000,42295296,,,,,
smoke-1789241936307339195,backup,backup/retention,amber-rust,1,true,6,post_retention_restore,verify,ok,,48117769,11008000,36007000,42295296,,,,,
smoke-1789241936307339195,backup,backup/retention,amber-rust,1,true,6,forgotten_snapshot_probe,verify,ok,,0,0,0,0,,,,,
smoke-1789241936307339195,backup,backup/retention,amber-rust,1,true,6,forgotten_snapshot_probe,verify,ok,,0,0,0,0,,,,,
smoke-1789241936307339195,nix,nix/closure,amber-go,1,true,7,import_initial,measured,ok,,108951646,127568000,226485000,74821632,5768158,52942366.74496868,3427977,8093696,
smoke-1789241936307339195,nix,nix/closure,amber-go,1,true,7,import_repeat,measured,ok,,72969313,52942000,60511000,42295296,5768158,79049092.87003976,3428670,8093696,
smoke-1789241936307339195,nix,nix/closure,amber-go,1,true,7,import_incremental,measured,ok,,94070995,63228000,110584000,42295296,6030405,64104828.48618748,3955251,8617984,
smoke-1789241936307339195,nix,nix/closure,amber-go,1,true,7,catalog_list,measured,ok,,7235458,2251000,6748000,42295296,,,,,
smoke-1789241936307339195,nix,nix/closure,amber-go,1,true,7,closure_query,measured,unsupported,"these cores store trees keyed by content and record no references between roots, so there is no closure to query. The harness keeps the reference graph itself and verifies completeness separately; see the closure_is_complete check.",,,,,,,,,
smoke-1789241936307339195,nix,nix/closure,amber-go,1,true,7,nar_and_reference_registration,measured,unsupported,these cores record no NAR hash and no reference list for a stored tree: they address content by their own key and model no edges between roots. The harness therefore recomputes the NAR hash of every restored path with `nix hash path` and compares it with the source store's — see the nar_hashes_match_recomputed check — but nothing in the store under test would have noticed a mismatch.,,,,,,,,,
smoke-1789241936307339195,nix,nix/closure,amber-go,1,true,7,read_closure,measured,ok,,67832493,27337000,61098000,42295296,6030405,88901420.73946774,,,
smoke-1789241936307339195,nix,nix/closure,amber-go,1,true,7,cache_export,measured,unsupported,"these cores have no binary-cache publication format; the blob scenario group measures what they can do, which is to publish their on-disk pack segments to object storage",,,,,,,,,
smoke-1789241936307339195,nix,nix/closure,amber-go,1,true,7,materialize_closure,measured,ok,,71319648,31889000,60920000,42295296,6030405,84554609.69184817,,,
smoke-1789241936307339195,nix,nix/closure,amber-go,1,true,7,cache_substitute,measured,unsupported,these cores have no binary-cache client; see the blob scenario group,,,,,,,,,
smoke-1789241936307339195,nix,nix/closure,amber-go,1,true,7,delete_path,measured,ok,,7205632,2609000,6486000,42295296,,,3956326,8622080,
smoke-1789241936307339195,nix,nix/closure,amber-go,1,true,7,register_gc_root,setup,ok,,0,0,0,0,,,,,
smoke-1789241936307339195,nix,nix/closure,amber-go,1,true,7,age_sealed_segments,setup,ok,,0,0,0,0,,,,,
smoke-1789241936307339195,nix,nix/closure,amber-go,1,true,7,gc,measured,ok,,8414769,5820000,5015000,42295296,,,3959791,3993600,4628480
smoke-1789241936307339195,nix,nix/closure,amber-go,1,true,7,post_gc_materialize,verify,ok,,58032260,25999000,50860000,42295296,,,,,
smoke-1789241936307339195,nix,nix/closure,amber-go,1,true,7,integrity_check,verify,ok,,5384867,2337000,3495000,42295296,,,,,
smoke-1789241936307339195,nix,nix/closure,amber-go,1,true,7,integrity_check,verify,ok,,7097554,3678000,5513000,42295296,,,,,
smoke-1789241936307339195,nix,nix/closure,amber-go,1,true,7,integrity_check,verify,ok,,6462494,4291000,4299000,42295296,,,,,
smoke-1789241936307339195,nix,nix/closure,amber-go,1,true,7,integrity_check,verify,ok,,5007096,3999000,1330000,42295296,,,,,
smoke-1789241936307339195,nix,nix/closure,amber-go,1,true,7,integrity_check,verify,ok,,4999030,2669000,2663000,42295296,,,,,
smoke-1789241936307339195,nix,nix/closure,amber-go,1,true,7,integrity_check,verify,ok,,6046419,3671000,4571000,42295296,,,,,
smoke-1789241936307339195,nix,nix/closure,amber-go,1,true,7,integrity_check,verify,ok,,5055909,3631000,1819000,42295296,,,,,
smoke-1789241936307339195,nix,nix/closure,amber-go,1,true,7,integrity_check,verify,ok,,4623082,0,5072000,42295296,,,,,
smoke-1789241936307339195,nix,nix/closure,amber-go,1,true,7,integrity_check,verify,ok,,5154537,1121000,4481000,42295296,,,,,
smoke-1789241936307339195,nix,nix/closure,amber-rust,1,true,8,import_initial,measured,ok,,55386179,27183000,85485000,42295296,5768158,104144357.0245205,7104128,5066752,
smoke-1789241936307339195,nix,nix/closure,amber-rust,1,true,8,import_repeat,measured,ok,,58286115,25862000,74119000,42295296,5768158,98962814.72868796,7104128,5066752,
smoke-1789241936307339195,nix,nix/closure,amber-rust,1,true,8,import_incremental,measured,ok,,67085105,28259000,88928000,42295296,6030405,89891861.98635301,7631626,5595136,
smoke-1789241936307339195,nix,nix/closure,amber-rust,1,true,8,catalog_list,measured,ok,,5014319,938000,3692000,42295296,,,,,
smoke-1789241936307339195,nix,nix/closure,amber-rust,1,true,8,closure_query,measured,unsupported,"these cores store trees keyed by content and record no references between roots, so there is no closure to query. The harness keeps the reference graph itself and verifies completeness separately; see the closure_is_complete check.",,,,,,,,,
smoke-1789241936307339195,nix,nix/closure,amber-rust,1,true,8,nar_and_reference_registration,measured,unsupported,these cores record no NAR hash and no reference list for a stored tree: they address content by their own key and model no edges between roots. The harness therefore recomputes the NAR hash of every restored path with `nix hash path` and compares it with the source store's — see the nar_hashes_match_recomputed check — but nothing in the store under test would have noticed a mismatch.,,,,,,,,,
smoke-1789241936307339195,nix,nix/closure,amber-rust,1,true,8,read_closure,measured,ok,,48849525,13295000,32141000,42295296,6030405,123448590.33941476,,,
smoke-1789241936307339195,nix,nix/closure,amber-rust,1,true,8,cache_export,measured,unsupported,"these cores have no binary-cache publication format; the blob scenario group measures what they can do, which is to publish their on-disk pack segments to object storage",,,,,,,,,
smoke-1789241936307339195,nix,nix/closure,amber-rust,1,true,8,materialize_closure,measured,ok,,55898989,10934000,41095000,42295296,6030405,107880394.75991239,,,
smoke-1789241936307339195,nix,nix/closure,amber-rust,1,true,8,cache_substitute,measured,unsupported,these cores have no binary-cache client; see the blob scenario group,,,,,,,,,
smoke-1789241936307339195,nix,nix/closure,amber-rust,1,true,8,delete_path,measured,ok,,6282559,1956000,3893000,42295296,,,7631626,5595136,
smoke-1789241936307339195,nix,nix/closure,amber-rust,1,true,8,register_gc_root,setup,ok,,0,0,0,0,,,,,
smoke-1789241936307339195,nix,nix/closure,amber-rust,1,true,8,age_sealed_segments,setup,ok,,0,0,0,0,,,,,
smoke-1789241936307339195,nix,nix/closure,amber-rust,1,true,8,gc,measured,ok,,6008486,1097000,4435000,42295296,,,7638276,5599232,-4096
smoke-1789241936307339195,nix,nix/closure,amber-rust,1,true,8,post_gc_materialize,verify,ok,,44338226,8548000,32886000,42295296,,,,,
smoke-1789241936307339195,nix,nix/closure,amber-rust,1,true,8,integrity_check,verify,ok,,4403083,2049000,2038000,42295296,,,,,
smoke-1789241936307339195,nix,nix/closure,amber-rust,1,true,8,integrity_check,verify,ok,,4944816,2316000,2306000,42295296,,,,,
smoke-1789241936307339195,nix,nix/closure,amber-rust,1,true,8,integrity_check,verify,ok,,4013890,0,3716000,42295296,,,,,
smoke-1789241936307339195,nix,nix/closure,amber-rust,1,true,8,integrity_check,verify,ok,,3747171,876000,2563000,42295296,,,,,
smoke-1789241936307339195,nix,nix/closure,amber-rust,1,true,8,integrity_check,verify,ok,,3582467,1630000,1648000,42295296,,,,,
smoke-1789241936307339195,nix,nix/closure,amber-rust,1,true,8,integrity_check,verify,ok,,3611653,0,3287000,42295296,,,,,
smoke-1789241936307339195,nix,nix/closure,amber-rust,1,true,8,integrity_check,verify,ok,,3587226,841000,2441000,42295296,,,,,
smoke-1789241936307339195,nix,nix/closure,amber-rust,1,true,8,integrity_check,verify,ok,,3614979,2204000,1082000,42295296,,,,,
smoke-1789241936307339195,nix,nix/closure,amber-rust,1,true,8,integrity_check,verify,ok,,3781005,0,3440000,42295296,,,,,
smoke-1789241936307339195,tree,tree/lifecycle,restic,1,true,9,restic_init,setup,ok,,2929121115,2893730000,48853000,102322176,,,,,
smoke-1789241936307339195,tree,tree/lifecycle,restic,1,true,9,ingest_fresh,measured,ok,,791008322,723545000,197218000,284545024,34237158,43282930.21422852,16576854,17670144,
smoke-1789241936307339195,tree,tree/lifecycle,restic,1,true,9,ingest_repeat,measured,ok,,721158220,507721000,26264000,71536640,34237158,47475237.81951761,16577304,17674240,
smoke-1789241936307339195,tree,tree/lifecycle,restic,1,true,9,ingest_changed,measured,ok,,738271118,598532000,111857000,128634880,34257224,46401956.09006609,16790639,17895424,
smoke-1789241936307339195,tree,tree/lifecycle,restic,1,true,9,list_recursive,measured,ok,,724562508,490911000,43577000,70479872,,,,,
smoke-1789241936307339195,tree,tree/lifecycle,restic,1,true,9,read_full,measured,ok,,755946000,537549000,44162000,97931264,34237158,45290481.0661079,,,
smoke-1789241936307339195,tree,tree/lifecycle,restic,1,true,9,restore_full,measured,ok,,766374504,533699000,44440000,89178112,34237158,44674187.125619724,,,
smoke-1789241936307339195,tree,tree/lifecycle,restic,1,true,9,integrity_check,verify,ok,,765989048,550508000,35237000,90501120,,,,,
smoke-1789241936307339195,tree,tree/lifecycle,restic,1,true,9,ref_delete,measured,ok,,737587417,526979000,18104000,70090752,,,16789782,17887232,
smoke-1789241936307339195,tree,tree/lifecycle,restic,1,true,9,gc,measured,ok,,902349342,658884000,71529000,172806144,,,16597336,17694720,192512
smoke-1789241936307339195,tree,tree/lifecycle,restic,1,true,9,restore_full,verify,ok,,768946394,537145000,44044000,89714688,,,,,
smoke-1789241936307339195,tree,tree/lifecycle,restic,1,true,9,post_gc_integrity_check,verify,ok,,767037491,545365000,37778000,89559040,,,,,
smoke-1789241936307339195,blob,blob/nix-closure,nix-binary-cache,1,true,10,push_initial,measured,ok,,364820892,494282000,135492000,138149888,3451615,9461122.089466302,,,
smoke-1789241936307339195,blob,blob/nix-closure,nix-binary-cache,1,true,10,push_noop,measured,ok,,19844562,12011000,5457000,43233280,0,0,,,
smoke-1789241936307339195,blob,blob/nix-closure,nix-binary-cache,1,true,10,pull_fresh,measured,ok,,120263924,48375000,22689000,53248000,3438940,28594942.569810044,,,
smoke-1789241936307339195,blob,blob/nix-closure,nix-binary-cache,1,true,10,push_incremental,measured,ok,,131153286,111650000,45811000,82817024,539532,4113751.2940392513,,,
smoke-1789241936307339195,blob,blob/nix-closure,nix-binary-cache,1,true,10,pull_incremental,measured,ok,,50811079,34658000,17899000,46583808,530150,10433748.120168831,,,
smoke-1789241936307339195,blob,blob/nix-closure,nix-binary-cache,1,true,10,retention_cleanup,measured,ok,,37285086,24828000,23910000,43233280,7978,213972.9542262555,,,
smoke-1789241936307339195,blob,blob/nix-closure,nix-binary-cache,1,true,10,retention_cleanup_note,verify,ok,,0,0,0,0,,,,,
smoke-1789241936307339195,blob,blob/nix-closure,nix-binary-cache,1,true,10,inject_missing_object,verify,ok,,0,0,0,0,,,,,
smoke-1789241936307339195,tree,tree/lifecycle,amber-go,1,true,11,ingest_fresh,measured,ok,,62083892,290308000,222755000,246824960,34237158,551466038.8881547,11757032,16400384,
smoke-1789241936307339195,tree,tree/lifecycle,amber-go,1,true,11,ingest_repeat,measured,ok,,45619010,182912000,134428000,141836288,34237158,750501994.6728349,11757755,16408576,
smoke-1789241936307339195,tree,tree/lifecycle,amber-go,1,true,11,ingest_changed,measured,ok,,51264665,147780000,260660000,209809408,34257224,668242423.8995807,11955385,16609280,
smoke-1789241936307339195,tree,tree/lifecycle,amber-go,1,true,11,list_recursive,measured,ok,,187570741,90283000,148946000,43233280,,,,,
smoke-1789241936307339195,tree,tree/lifecycle,amber-go,1,true,11,read_full,measured,ok,,24829005,21505000,15441000,46559232,34237158,1378917842.2574728,,,
smoke-1789241936307339195,tree,tree/lifecycle,amber-go,1,true,11,restore_full,measured,ok,,51044374,43025000,30802000,45252608,34237158,670733233.0101649,,,
smoke-1789241936307339195,tree,tree/lifecycle,amber-go,1,true,11,integrity_check,verify,ok,,24265268,22565000,13282000,46354432,,,,,
smoke-1789241936307339195,tree,tree/lifecycle,amber-go,1,true,11,ref_delete,measured,ok,,13741896,8719000,9073000,43520000,,,11955047,16605184,
smoke-1789241936307339195,tree,tree/lifecycle,amber-go,1,true,11,age_sealed_segments,setup,ok,,0,0,0,0,,,,,
smoke-1789241936307339195,tree,tree/lifecycle,amber-go,1,true,11,gc,measured,ok,,16947343,20500000,13143000,43520000,,,11813062,11853824,4751360
smoke-1789241936307339195,tree,tree/lifecycle,amber-go,1,true,11,restore_full,verify,ok,,57317536,55231000,30281000,43520000,,,,,
smoke-1789241936307339195,tree,tree/lifecycle,amber-go,1,true,11,post_gc_integrity_check,verify,ok,,30612711,40676000,9652000,43520000,,,,,
smoke-1789241936307339195,blob,blob/backup-corpus,amber-go-s3,1,true,12,ingest_payload,setup,ok,,64450659,281203000,321670000,267735040,,,,,
smoke-1789241936307339195,blob,blob/backup-corpus,amber-go-s3,1,true,12,push_initial,measured,ok,,98148820,25110000,21983000,43520000,11785053,120073302.96991853,,,
smoke-1789241936307339195,blob,blob/backup-corpus,amber-go-s3,1,true,12,push_noop,measured,ok,,18978980,16342000,10901000,43520000,4471,235576.41137721838,,,
smoke-1789241936307339195,blob,blob/backup-corpus,amber-go-s3,1,true,12,pull_fresh,measured,ok,,27406864,23921000,14824000,43520000,11773420,429579247.00907046,,,
smoke-1789241936307339195,blob,blob/backup-corpus,amber-go-s3,1,true,12,ingest_payload,setup,ok,,35799030,187792000,249903000,214790144,,,,,
smoke-1789241936307339195,blob,blob/backup-corpus,amber-go-s3,1,true,12,push_incremental,measured,ok,,55080978,19055000,21713000,43520000,3569984,64813373.50255473,,,
smoke-1789241936307339195,blob,blob/backup-corpus,amber-go-s3,1,true,12,pull_incremental,measured,ok,,66841401,21025000,16399000,43520000,3563953,53319543.676231444,,,
smoke-1789241936307339195,blob,blob/backup-corpus,amber-go-s3,1,true,12,retention_local,setup,ok,,8215579,5747000,4569000,43520000,,,,,
smoke-1789241936307339195,blob,blob/backup-corpus,amber-go-s3,1,true,12,age_sealed_segments,setup,ok,,0,0,0,0,,,,,
smoke-1789241936307339195,blob,blob/backup-corpus,amber-go-s3,1,true,12,retention_local,setup,ok,,15716424,19834000,11629000,43520000,,,,,
smoke-1789241936307339195,blob,blob/backup-corpus,amber-go-s3,1,true,12,retention_cleanup,measured,ok,,89907341,36356000,18363000,43520000,11845431,131751544.07024449,,,
smoke-1789241936307339195,blob,blob/backup-corpus,amber-go-s3,1,true,12,inject_missing_object,verify,ok,,0,0,0,0,,,,,
smoke-1789241936307339195,git,git/history,amber-rust,1,true,13,materialise_states,setup,ok,,65798984,0,0,0,,,,,
smoke-1789241936307339195,git,git/history,amber-rust,1,true,13,history_store,measured,ok,,117935131,107391000,330037000,43520000,22526976,191011582.4605308,6082720,4046848,
smoke-1789241936307339195,git,git/history,amber-rust,1,true,13,clone_full,measured,unsupported,these cores ship no repository-to-repository transfer command; what they can do to publish a store is measured in the blob scenario group as a file-level object-storage transport,,,,,,,,,
smoke-1789241936307339195,git,git/history,amber-rust,1,true,13,materialise_states,setup,ok,,10916723,0,0,0,,,,,
smoke-1789241936307339195,git,git/history,amber-rust,1,true,13,history_store_incremental,measured,ok,,43853821,26672000,142790000,43520000,8192000,186802422.5300687,6099988,4063232,
smoke-1789241936307339195,git,git/history,amber-rust,1,true,13,fetch_incremental,measured,unsupported,these cores ship no incremental fetch command; see the blob scenario group for incremental object-storage publication,,,,,,,,,
smoke-1789241936307339195,git,git/history,amber-rust,1,true,13,gc,measured,ok,,5447406,1994000,2985000,43520000,,,6118842,4079616,-16384
smoke-1789241936307339195,git,git/history,amber-rust,1,true,13,list_head,measured,ok,,120268285,35910000,75074000,43520000,,,,,
smoke-1789241936307339195,git,git/history,amber-rust,1,true,13,read_all_versions,measured,ok,,73311384,26150000,42295000,43520000,30718976,419020543.9308034,,,
smoke-1789241936307339195,git,git/history,amber-rust,1,true,13,checkout_version,measured,ok,,10958113,2871000,7721000,43520000,,,,,
smoke-1789241936307339195,git,git/history,amber-rust,1,true,13,retained_version_restore,verify,ok,,11115333,3230000,7511000,43520000,,,,,
smoke-1789241936307339195,git,git/history,amber-rust,1,true,13,retained_version_restore,verify,ok,,10801344,2305000,8138000,43520000,,,,,
smoke-1789241936307339195,git,git/history,amber-rust,1,true,13,retained_version_restore,verify,ok,,11797935,2863000,8548000,43520000,,,,,
smoke-1789241936307339195,git,git/history,amber-rust,1,true,13,retained_version_restore,verify,ok,,11297681,1986000,8946000,43520000,,,,,
smoke-1789241936307339195,git,git/history,amber-rust,1,true,13,retained_version_restore,verify,ok,,11120784,4307000,6446000,43520000,,,,,
smoke-1789241936307339195,git,git/history,amber-rust,1,true,13,retained_version_restore,verify,ok,,11657898,1868000,9407000,43520000,,,,,
smoke-1789241936307339195,git,git/history,amber-rust,1,true,13,retained_version_restore,verify,ok,,10674291,2819000,7495000,43520000,,,,,
smoke-1789241936307339195,git,git/history,amber-rust,1,true,13,retained_version_restore,verify,ok,,12227224,2969000,8834000,43520000,,,,,
smoke-1789241936307339195,git,git/history,amber-rust,1,true,13,retained_version_restore,verify,ok,,12066638,4239000,7471000,43520000,,,,,
smoke-1789241936307339195,git,git/history,amber-rust,1,true,13,retained_version_restore,verify,ok,,12518080,1014000,11114000,43520000,,,,,
smoke-1789241936307339195,git,git/history,amber-rust,1,true,13,retained_version_restore,verify,ok,,12072429,3907000,7805000,43520000,,,,,
smoke-1789241936307339195,git,git/history,amber-rust,1,true,13,retained_version_restore,verify,ok,,11986015,3178000,8450000,43520000,,,,,
smoke-1789241936307339195,git,git/history,amber-rust,1,true,13,retained_version_restore,verify,ok,,11999130,2087000,9537000,43520000,,,,,
smoke-1789241936307339195,git,git/history,amber-rust,1,true,13,retained_version_restore,verify,ok,,11966989,970000,10633000,43520000,,,,,
smoke-1789241936307339195,git,git/history,amber-rust,1,true,13,retained_version_restore,verify,ok,,11779751,950000,10376000,43520000,,,,,
smoke-1789241936307339195,git,git/history,amber-rust,1,true,13,retained_version_coverage,verify,ok,,0,0,0,0,,,,,
smoke-1789241936307339195,git,git/history,amber-rust,1,true,13,ref_delete,measured,ok,,4610098,1696000,2556000,43520000,,,,,
smoke-1789241936307339195,git,git/history,amber-rust,1,true,13,integrity_check,verify,ok,,4922815,3424000,1160000,43520000,,,,,
smoke-1789241936307339195,blob,blob/backup-corpus,amber-rust-s3,1,true,14,ingest_payload,setup,ok,,25275407,76744000,71266000,49901568,,,,,
smoke-1789241936307339195,blob,blob/backup-corpus,amber-rust-s3,1,true,14,push_initial,measured,ok,,96048932,29954000,14072000,43520000,15455295,160910638.75650382,,,
smoke-1789241936307339195,blob,blob/backup-corpus,amber-rust-s3,1,true,14,push_noop,measured,ok,,19102696,14828000,10144000,43520000,2973,155632.48245169164,,,
smoke-1789241936307339195,blob,blob/backup-corpus,amber-rust-s3,1,true,14,pull_fresh,measured,ok,,26343344,24334000,10486000,43520000,15438214,586038507.4878876,,,
smoke-1789241936307339195,blob,blob/backup-corpus,amber-rust-s3,1,true,14,ingest_payload,setup,ok,,19082989,33843000,56257000,43520000,,,,,
smoke-1789241936307339195,blob,blob/backup-corpus,amber-rust-s3,1,true,14,push_incremental,measured,ok,,52870760,25992000,9766000,43520000,7199396,136169708.9279594,,,
smoke-1789241936307339195,blob,blob/backup-corpus,amber-rust-s3,1,true,14,pull_incremental,measured,ok,,64298408,17968000,11837000,43520000,7192878,111867124.29956275,,,
smoke-1789241936307339195,blob,blob/backup-corpus,amber-rust-s3,1,true,14,retention_local,setup,ok,,5960946,873000,4430000,43520000,,,,,
smoke-1789241936307339195,blob,blob/backup-corpus,amber-rust-s3,1,true,14,age_sealed_segments,setup,ok,,0,0,0,0,,,,,
smoke-1789241936307339195,blob,blob/backup-corpus,amber-rust-s3,1,true,14,retention_local,setup,ok,,12559609,3542000,15296000,43520000,,,,,
smoke-1789241936307339195,blob,blob/backup-corpus,amber-rust-s3,1,true,14,retention_cleanup,measured,ok,,95287610,27576000,19022000,43520000,15467730,162326770.500383,,,
smoke-1789241936307339195,blob,blob/backup-corpus,amber-rust-s3,1,true,14,inject_missing_object,verify,ok,,0,0,0,0,,,,,
smoke-1789241936307339195,git,git/history,amber-go,1,true,15,materialise_states,setup,ok,,64163880,0,0,0,,,,,
smoke-1789241936307339195,git,git/history,amber-go,1,true,15,history_store,measured,ok,,332443474,1074553000,1502703000,171712512,22526976,67761823.4731839,2406660,7086080,
smoke-1789241936307339195,git,git/history,amber-go,1,true,15,clone_full,measured,unsupported,these cores ship no repository-to-repository transfer command; what they can do to publish a store is measured in the blob scenario group as a file-level object-storage transport,,,,,,,,,
smoke-1789241936307339195,git,git/history,amber-go,1,true,15,materialise_states,setup,ok,,11106737,0,0,0,,,,,
smoke-1789241936307339195,git,git/history,amber-go,1,true,15,history_store_incremental,measured,ok,,105093113,421184000,475657000,166547456,8192000,77949922.37026988,2426975,7118848,
smoke-1789241936307339195,git,git/history,amber-go,1,true,15,fetch_incremental,measured,unsupported,these cores ship no incremental fetch command; see the blob scenario group for incremental object-storage publication,,,,,,,,,
smoke-1789241936307339195,git,git/history,amber-go,1,true,15,gc,measured,ok,,8746782,6038000,4512000,43520000,,,2446477,2527232,4591616
smoke-1789241936307339195,git,git/history,amber-go,1,true,15,list_head,measured,ok,,141689973,66066000,84098000,43520000,,,,,
smoke-1789241936307339195,git,git/history,amber-go,1,true,15,read_all_versions,measured,ok,,127297506,108424000,84281000,43520000,30718976,241316400.96703857,,,
smoke-1789241936307339195,git,git/history,amber-go,1,true,15,checkout_version,measured,ok,,18383273,15632000,12017000,43520000,,,,,
smoke-1789241936307339195,git,git/history,amber-go,1,true,15,retained_version_restore,verify,ok,,18697152,19181000,8298000,43520000,,,,,
smoke-1789241936307339195,git,git/history,amber-go,1,true,15,retained_version_restore,verify,ok,,18832721,22220000,6331000,43520000,,,,,
smoke-1789241936307339195,git,git/history,amber-go,1,true,15,retained_version_restore,verify,ok,,17794389,11672000,15013000,43520000,,,,,
smoke-1789241936307339195,git,git/history,amber-go,1,true,15,retained_version_restore,verify,ok,,17421939,13184000,12104000,43520000,,,,,
smoke-1789241936307339195,git,git/history,amber-go,1,true,15,retained_version_restore,verify,ok,,19218457,12030000,18096000,43520000,,,,,
smoke-1789241936307339195,git,git/history,amber-go,1,true,15,retained_version_restore,verify,ok,,18361722,11415000,16492000,43520000,,,,,
smoke-1789241936307339195,git,git/history,amber-go,1,true,15,retained_version_restore,verify,ok,,18363505,17557000,10147000,43520000,,,,,
smoke-1789241936307339195,git,git/history,amber-go,1,true,15,retained_version_restore,verify,ok,,17854755,14816000,12130000,43520000,,,,,
smoke-1789241936307339195,git,git/history,amber-go,1,true,15,retained_version_restore,verify,ok,,18516758,20003000,8926000,43520000,,,,,
smoke-1789241936307339195,git,git/history,amber-go,1,true,15,retained_version_restore,verify,ok,,18762987,13945000,16020000,43520000,,,,,
smoke-1789241936307339195,git,git/history,amber-go,1,true,15,retained_version_restore,verify,ok,,18226164,14255000,14262000,43520000,,,,,
smoke-1789241936307339195,git,git/history,amber-go,1,true,15,retained_version_restore,verify,ok,,18154095,6082000,21679000,43520000,,,,,
smoke-1789241936307339195,git,git/history,amber-go,1,true,15,retained_version_restore,verify,ok,,18476410,7813000,20270000,43520000,,,,,
smoke-1789241936307339195,git,git/history,amber-go,1,true,15,retained_version_restore,verify,ok,,17972650,13349000,13314000,43520000,,,,,
smoke-1789241936307339195,git,git/history,amber-go,1,true,15,retained_version_restore,verify,ok,,18188301,17406000,9575000,43520000,,,,,
smoke-1789241936307339195,git,git/history,amber-go,1,true,15,retained_version_coverage,verify,ok,,0,0,0,0,,,,,
smoke-1789241936307339195,git,git/history,amber-go,1,true,15,ref_delete,measured,ok,,5270528,1092000,4459000,43520000,,,,,
smoke-1789241936307339195,git,git/history,amber-go,1,true,15,integrity_check,verify,ok,,10532441,2679000,10699000,43520000,,,,,
smoke-1789241936307339195,nix,nix/closure,nix,1,true,16,import_initial,measured,ok,,28218493,14678000,15690000,43520000,5768158,204410561.54203558,14267360,14458880,
smoke-1789241936307339195,nix,nix/closure,nix,1,true,16,import_repeat,measured,ok,,20527154,10478000,7344000,43520000,5768158,281001350.69868916,14267360,14458880,
smoke-1789241936307339195,nix,nix/closure,nix,1,true,16,import_incremental,measured,ok,,22529285,11446000,9339000,43520000,6030405,267669613.12797987,16889287,17125376,
smoke-1789241936307339195,nix,nix/closure,nix,1,true,16,catalog_list,measured,ok,,15989184,8356000,8364000,43520000,,,,,
smoke-1789241936307339195,nix,nix/closure,nix,1,true,16,closure_query,measured,ok,,15977953,10692000,5842000,43520000,,,,,
smoke-1789241936307339195,nix,nix/closure,nix,1,true,16,nar_and_reference_registration,setup,ok,,0,0,0,0,,,,,
smoke-1789241936307339195,nix,nix/closure,nix,1,true,16,read_closure,measured,ok,,136061553,73328000,66807000,43520000,6030405,44321153.67667456,,,
smoke-1789241936307339195,nix,nix/closure,nix,1,true,16,cache_export,measured,ok,,314546108,496910000,157868000,149643264,,,,,
smoke-1789241936307339195,nix,nix/closure,nix,1,true,16,materialize_closure,measured,ok,,22481203,23252000,6081000,43520000,6030405,268242095.4074388,,,
smoke-1789241936307339195,nix,nix/closure,nix,1,true,16,cache_substitute,measured,ok,,22894021,21324000,13460000,45649920,,,,,
smoke-1789241936307339195,nix,nix/closure,nix,1,true,16,delete_path,measured,ok,,20696307,12276000,7818000,43520000,,,8238151,8458240,
smoke-1789241936307339195,nix,nix/closure,nix,1,true,16,register_gc_root,setup,ok,,0,0,0,0,,,,,
smoke-1789241936307339195,nix,nix/closure,nix,1,true,16,gc,measured,ok,,19209951,8805000,10797000,43520000,,,6140999,6356992,2105344
smoke-1789241936307339195,nix,nix/closure,nix,1,true,16,post_gc_materialize,verify,ok,,20627647,8914000,18870000,43520000,,,,,
smoke-1789241936307339195,nix,nix/closure,nix,1,true,16,integrity_check,verify,ok,,16691945,16049000,4590000,43520000,,,,,
smoke-1789241936307339195,blob,blob/source-history,amber-rust-s3,1,true,17,ingest_payload,setup,ok,,13054623,7526000,43310000,43520000,,,,,
smoke-1789241936307339195,blob,blob/source-history,amber-rust-s3,1,true,17,ingest_payload,setup,ok,,11010623,6991000,33808000,43520000,,,,,
smoke-1789241936307339195,blob,blob/source-history,amber-rust-s3,1,true,17,ingest_payload,setup,ok,,10882077,14419000,25286000,43520000,,,,,
smoke-1789241936307339195,blob,blob/source-history,amber-rust-s3,1,true,17,ingest_payload,setup,ok,,10458179,5314000,28372000,43520000,,,,,
smoke-1789241936307339195,blob,blob/source-history,amber-rust-s3,1,true,17,ingest_payload,setup,ok,,11305857,10112000,27338000,43520000,,,,,
smoke-1789241936307339195,blob,blob/source-history,amber-rust-s3,1,true,17,ingest_payload,setup,ok,,10620509,7816000,30060000,43520000,,,,,
smoke-1789241936307339195,blob,blob/source-history,amber-rust-s3,1,true,17,ingest_payload,setup,ok,,9864766,10077000,24313000,43520000,,,,,
smoke-1789241936307339195,blob,blob/source-history,amber-rust-s3,1,true,17,ingest_payload,setup,ok,,10748233,8463000,37522000,43520000,,,,,
smoke-1789241936307339195,blob,blob/source-history,amber-rust-s3,1,true,17,ingest_payload,setup,ok,,10228300,999000,35121000,43520000,,,,,
smoke-1789241936307339195,blob,blob/source-history,amber-rust-s3,1,true,17,ingest_payload,setup,ok,,10931522,4756000,37175000,43520000,,,,,
smoke-1789241936307339195,blob,blob/source-history,amber-rust-s3,1,true,17,ingest_payload,setup,ok,,10764313,9828000,28594000,43520000,,,,,
smoke-1789241936307339195,blob,blob/source-history,amber-rust-s3,1,true,17,push_initial,measured,ok,,51740964,24539000,10527000,43520000,6095224,117802675.65173312,,,
smoke-1789241936307339195,blob,blob/source-history,amber-rust-s3,1,true,17,push_noop,measured,ok,,19379284,20863000,7456000,43520000,2662,137363.17605954895,,,
smoke-1789241936307339195,blob,blob/source-history,amber-rust-s3,1,true,17,pull_fresh,measured,ok,,23075087,14595000,14327000,43520000,6090988,263963815.174348,,,
smoke-1789241936307339195,blob,blob/source-history,amber-rust-s3,1,true,17,ingest_payload,setup,ok,,10059047,4864000,27398000,43663360,,,,,
smoke-1789241936307339195,blob,blob/source-history,amber-rust-s3,1,true,17,ingest_payload,setup,ok,,10237217,11107000,25836000,43663360,,,,,
smoke-1789241936307339195,blob,blob/source-history,amber-rust-s3,1,true,17,ingest_payload,setup,ok,,10830008,6948000,31264000,43663360,,,,,
smoke-1789241936307339195,blob,blob/source-history,amber-rust-s3,1,true,17,ingest_payload,setup,ok,,10848193,6229000,32637000,43663360,,,,,
smoke-1789241936307339195,blob,blob/source-history,amber-rust-s3,1,true,17,push_incremental,measured,ok,,52354585,22682000,12486000,43663360,6113113,116763660.7185407,,,
smoke-1789241936307339195,blob,blob/source-history,amber-rust-s3,1,true,17,pull_incremental,measured,ok,,65085962,18835000,13853000,43663360,6108256,93849054.57800563,,,
smoke-1789241936307339195,blob,blob/source-history,amber-rust-s3,1,true,17,retention_local,setup,ok,,5309102,0,4799000,43663360,,,,,
smoke-1789241936307339195,blob,blob/source-history,amber-rust-s3,1,true,17,retention_local,setup,ok,,4474098,2691000,1361000,43663360,,,,,
smoke-1789241936307339195,blob,blob/source-history,amber-rust-s3,1,true,17,retention_local,setup,ok,,4564912,1000000,3178000,43663360,,,,,
smoke-1789241936307339195,blob,blob/source-history,amber-rust-s3,1,true,17,retention_local,setup,ok,,4974243,1137000,3439000,43663360,,,,,
smoke-1789241936307339195,blob,blob/source-history,amber-rust-s3,1,true,17,retention_local,setup,ok,,5049868,0,4594000,43663360,,,,,
smoke-1789241936307339195,blob,blob/source-history,amber-rust-s3,1,true,17,retention_local,setup,ok,,4257494,1933000,1911000,43663360,,,,,
smoke-1789241936307339195,blob,blob/source-history,amber-rust-s3,1,true,17,retention_local,setup,ok,,4245943,0,3821000,43663360,,,,,
smoke-1789241936307339195,blob,blob/source-history,amber-rust-s3,1,true,17,retention_local,setup,ok,,4251203,918000,2919000,43663360,,,,,
smoke-1789241936307339195,blob,blob/source-history,amber-rust-s3,1,true,17,retention_local,setup,ok,,4241054,1878000,1929000,43663360,,,,,
smoke-1789241936307339195,blob,blob/source-history,amber-rust-s3,1,true,17,retention_local,setup,ok,,4196067,2864000,929000,43663360,,,,,
smoke-1789241936307339195,blob,blob/source-history,amber-rust-s3,1,true,17,retention_local,setup,ok,,5703906,2121000,3155000,43663360,,,,,
smoke-1789241936307339195,blob,blob/source-history,amber-rust-s3,1,true,17,age_sealed_segments,setup,ok,,0,0,0,0,,,,,
smoke-1789241936307339195,blob,blob/source-history,amber-rust-s3,1,true,17,retention_local,setup,ok,,5717782,1741000,3450000,43663360,,,,,
smoke-1789241936307339195,blob,blob/source-history,amber-rust-s3,1,true,17,retention_cleanup,measured,ok,,50161760,23377000,11237000,43663360,6133403,122272484.05957048,,,
smoke-1789241936307339195,blob,blob/source-history,amber-rust-s3,1,true,17,inject_missing_object,verify,ok,,0,0,0,0,,,,,
smoke-1789241936307339195,backup,backup/retention,restic,1,true,18,restic_init,setup,ok,,2939587884,2913820000,37890000,101457920,,,,,
smoke-1789241936307339195,backup,backup/retention,restic,1,true,18,backup_initial,measured,ok,,778235268,727557000,192966000,245387264,34237158,43993326.19297331,13163385,14254080,
smoke-1789241936307339195,backup,backup/retention,restic,1,true,18,backup_unchanged,measured,ok,,724911394,512518000,26666000,71913472,34237158,47229438.36084883,13163834,14258176,
smoke-1789241936307339195,backup,backup/retention,restic,1,true,18,backup_changed,measured,ok,,739307507,591017000,88550000,119951360,34257224,46336908.08715135,13377430,14479360,
smoke-1789241936307339195,backup,backup/retention,restic,1,true,18,backup_changed_again,measured,ok,,740647295,601116000,105159000,128344064,34274527,46276449.30506362,13589073,14700544,
smoke-1789241936307339195,backup,backup/retention,restic,1,true,18,list_snapshot,measured,ok,,732132897,529293000,12781000,69619712,,,,,
smoke-1789241936307339195,backup,backup/retention,restic,1,true,18,restore_latest,measured,ok,,768255866,546002000,36809000,83255296,34274527,44613427.00636145,,,
smoke-1789241936307339195,backup,backup/retention,restic,1,true,18,forget_oldest,measured,ok,,717453193,510215000,17668000,68849664,,,13588213,14692352,
smoke-1789241936307339195,backup,backup/retention,restic,1,true,18,prune,measured,ok,,889074571,643120000,73149000,172564480,,,13395366,14503936,188416
smoke-1789241936307339195,backup,backup/retention,restic,1,true,18,integrity_check,verify,ok,,749975019,536438000,33189000,82173952,,,,,
smoke-1789241936307339195,backup,backup/retention,restic,1,true,18,post_retention_restore,verify,ok,,759666094,530428000,42510000,82407424,,,,,
smoke-1789241936307339195,backup,backup/retention,restic,1,true,18,post_retention_restore,verify,ok,,764937265,535398000,44073000,83558400,,,,,
smoke-1789241936307339195,backup,backup/retention,restic,1,true,18,forgotten_snapshot_probe,verify,ok,,0,0,0,0,,,,,
smoke-1789241936307339195,backup,backup/retention,restic,1,true,18,forgotten_snapshot_probe,verify,ok,,0,0,0,0,,,,,
smoke-1789241936307339195,backup,backup/retention,amber-go,1,true,19,backup_initial,measured,ok,,69345772,324133000,338240000,294367232,34237158,493716588.8065966,11758134,16400384,
smoke-1789241936307339195,backup,backup/retention,amber-go,1,true,19,backup_unchanged,measured,ok,,33809203,164607000,147349000,146841600,34237158,1012657944.0515057,11758861,16408576,
smoke-1789241936307339195,backup,backup/retention,amber-go,1,true,19,backup_changed,measured,ok,,52523368,178018000,322099000,216612864,34257224,652228242.4843738,11956497,16609280,
smoke-1789241936307339195,backup,backup/retention,amber-go,1,true,19,backup_changed_again,measured,ok,,52071495,185097000,186149000,198004736,34274527,658220529.2934263,12151990,16805888,
smoke-1789241936307339195,backup,backup/retention,amber-go,1,true,19,list_snapshot,measured,ok,,202235829,92885000,162639000,43663360,,,,,
smoke-1789241936307339195,backup,backup/retention,amber-go,1,true,19,restore_latest,measured,ok,,52589864,45679000,29846000,43663360,34274527,651732565.8039352,,,
smoke-1789241936307339195,backup,backup/retention,amber-go,1,true,19,forget_oldest,measured,ok,,13972256,4114000,13961000,43663360,,,12151070,16797696,
smoke-1789241936307339195,backup,backup/retention,amber-go,1,true,19,age_sealed_segments,setup,ok,,0,0,0,0,,,,,
smoke-1789241936307339195,backup,backup/retention,amber-go,1,true,19,prune,measured,ok,,16087813,6863000,26336000,43663360,,,12001447,12042240,4755456
smoke-1789241936307339195,backup,backup/retention,amber-go,1,true,19,integrity_check,verify,ok,,27960641,32633000,10856000,43663360,,,,,
smoke-1789241936307339195,backup,backup/retention,amber-go,1,true,19,post_retention_restore,verify,ok,,55706893,44197000,41156000,43663360,,,,,
smoke-1789241936307339195,backup,backup/retention,amber-go,1,true,19,post_retention_restore,verify,ok,,57560441,41719000,44780000,43663360,,,,,
smoke-1789241936307339195,backup,backup/retention,amber-go,1,true,19,forgotten_snapshot_probe,verify,ok,,0,0,0,0,,,,,
smoke-1789241936307339195,backup,backup/retention,amber-go,1,true,19,forgotten_snapshot_probe,verify,ok,,0,0,0,0,,,,,
smoke-1789241936307339195,tree,tree/lifecycle,fs-sha256,1,true,20,ingest_fresh,measured,ok,,62558980,19906000,23098000,43663360,34237158,547278072.628422,25891297,26943488,
smoke-1789241936307339195,tree,tree/lifecycle,fs-sha256,1,true,20,ingest_repeat,measured,ok,,22058276,17754000,3939000,43663360,34237158,1552123021.7628975,25934044,26988544,
smoke-1789241936307339195,tree,tree/lifecycle,fs-sha256,1,true,20,ingest_changed,measured,ok,,27362500,15557000,7781000,43663360,34257224,1251977121.9735038,26158698,27373568,
smoke-1789241936307339195,tree,tree/lifecycle,fs-sha256,1,true,20,list_recursive,measured,ok,,824924,0,765000,43663360,,,,,
smoke-1789241936307339195,tree,tree/lifecycle,fs-sha256,1,true,20,read_full,measured,ok,,4112899,1016000,3038000,43663360,34237158,8324337164.613087,,,
smoke-1789241936307339195,tree,tree/lifecycle,fs-sha256,1,true,20,restore_full,measured,ok,,16082443,997000,14959000,43663360,34237158,2128853060.4461026,,,
smoke-1789241936307339195,tree,tree/lifecycle,fs-sha256,1,true,20,integrity_check,verify,ok,,20401105,15990000,4262000,43663360,,,,,
smoke-1789241936307339195,tree,tree/lifecycle,fs-sha256,1,true,20,ref_delete,measured,ok,,1387789,630000,602000,43663360,,,26073204,27283456,
smoke-1789241936307339195,tree,tree/lifecycle,fs-sha256,1,true,20,gc,measured,ok,,2916946,953000,1896000,43663360,,,25911444,27025408,258048
smoke-1789241936307339195,tree,tree/lifecycle,fs-sha256,1,true,20,restore_full,verify,ok,,15377787,2172000,13064000,43663360,,,,,
smoke-1789241936307339195,tree,tree/lifecycle,fs-sha256,1,true,20,post_gc_integrity_check,verify,ok,,17373486,13175000,4056000,43663360,,,,,
smoke-1789241936307339195,blob,blob/nix-closure,amber-rust-s3,1,true,21,ingest_payload,setup,ok,,8118925,5639000,7027000,43663360,,,,,
smoke-1789241936307339195,blob,blob/nix-closure,amber-rust-s3,1,true,21,ingest_payload,setup,ok,,8631553,5241000,19979000,43663360,,,,,
smoke-1789241936307339195,blob,blob/nix-closure,amber-rust-s3,1,true,21,ingest_payload,setup,ok,,7533306,1117000,15544000,43663360,,,,,
smoke-1789241936307339195,blob,blob/nix-closure,amber-rust-s3,1,true,21,ingest_payload,setup,ok,,7104769,1507000,10693000,43663360,,,,,
smoke-1789241936307339195,blob,blob/nix-closure,amber-rust-s3,1,true,21,ingest_payload,setup,ok,,6946437,2027000,11224000,43663360,,,,,
smoke-1789241936307339195,blob,blob/nix-closure,amber-rust-s3,1,true,21,ingest_payload,setup,ok,,7009878,4544000,9038000,43663360,,,,,
smoke-1789241936307339195,blob,blob/nix-closure,amber-rust-s3,1,true,21,ingest_payload,setup,ok,,6790900,2150000,12057000,43663360,,,,,
smoke-1789241936307339195,blob,blob/nix-closure,amber-rust-s3,1,true,21,ingest_payload,setup,ok,,6942880,2636000,9329000,43663360,,,,,
smoke-1789241936307339195,blob,blob/nix-closure,amber-rust-s3,1,true,21,push_initial,measured,ok,,51502289,19576000,15722000,43663360,7118060,138208614.3782852,,,
smoke-1789241936307339195,blob,blob/nix-closure,amber-rust-s3,1,true,21,push_noop,measured,ok,,17936792,10770000,13498000,43663360,2650,147741.02303243525,,,
smoke-1789241936307339195,blob,blob/nix-closure,amber-rust-s3,1,true,21,pull_fresh,measured,ok,,24252744,19751000,10065000,43663360,7112345,293259393.6587134,,,
smoke-1789241936307339195,blob,blob/nix-closure,amber-rust-s3,1,true,21,ingest_payload,setup,ok,,7211754,3989000,7032000,43663360,,,,,
smoke-1789241936307339195,blob,blob/nix-closure,amber-rust-s3,1,true,21,ingest_payload,setup,ok,,8277938,3104000,14952000,43663360,,,,,
smoke-1789241936307339195,blob,blob/nix-closure,amber-rust-s3,1,true,21,ingest_payload,setup,ok,,7919414,1086000,14327000,43663360,,,,,
smoke-1789241936307339195,blob,blob/nix-closure,amber-rust-s3,1,true,21,ingest_payload,setup,ok,,7374624,5170000,7821000,43663360,,,,,
smoke-1789241936307339195,blob,blob/nix-closure,amber-rust-s3,1,true,21,ingest_payload,setup,ok,,6821147,2858000,7677000,43663360,,,,,
smoke-1789241936307339195,blob,blob/nix-closure,amber-rust-s3,1,true,21,ingest_payload,setup,ok,,7576649,6125000,6160000,43663360,,,,,
smoke-1789241936307339195,blob,blob/nix-closure,amber-rust-s3,1,true,21,ingest_payload,setup,ok,,6880191,1865000,9380000,43663360,,,,,
smoke-1789241936307339195,blob,blob/nix-closure,amber-rust-s3,1,true,21,ingest_payload,setup,ok,,7305532,4002000,7963000,43663360,,,,,
smoke-1789241936307339195,blob,blob/nix-closure,amber-rust-s3,1,true,21,ingest_payload,setup,ok,,7252982,4337000,8764000,43663360,,,,,
smoke-1789241936307339195,blob,blob/nix-closure,amber-rust-s3,1,true,21,push_incremental,measured,ok,,55118199,20085000,16490000,43663360,7646893,138736263.86087108,,,
smoke-1789241936307339195,blob,blob/nix-closure,amber-rust-s3,1,true,21,pull_incremental,measured,ok,,64444498,13693000,19192000,43663360,7639843,118549189.41257018,,,
smoke-1789241936307339195,blob,blob/nix-closure,amber-rust-s3,1,true,21,retention_local,setup,ok,,5389405,965000,3990000,43663360,,,,,
smoke-1789241936307339195,blob,blob/nix-closure,amber-rust-s3,1,true,21,retention_local,setup,ok,,4951540,1821000,2737000,43663360,,,,,
smoke-1789241936307339195,blob,blob/nix-closure,amber-rust-s3,1,true,21,age_sealed_segments,setup,ok,,0,0,0,0,,,,,
smoke-1789241936307339195,blob,blob/nix-closure,amber-rust-s3,1,true,21,retention_local,setup,ok,,5089603,937000,3695000,43663360,,,,,
smoke-1789241936307339195,blob,blob/nix-closure,amber-rust-s3,1,true,21,retention_cleanup,measured,ok,,55148768,27104000,9934000,43663360,7654883,138804243.09750673,,,
smoke-1789241936307339195,blob,blob/nix-closure,amber-rust-s3,1,true,21,inject_missing_object,verify,ok,,0,0,0,0,,,,,
smoke-1789241936307339195,blob,blob/source-history,amber-go-s3,1,true,22,ingest_payload,setup,ok,,30452817,145545000,214755000,182276096,,,,,
smoke-1789241936307339195,blob,blob/source-history,amber-go-s3,1,true,22,ingest_payload,setup,ok,,25844733,87584000,109930000,127700992,,,,,
smoke-1789241936307339195,blob,blob/source-history,amber-go-s3,1,true,22,ingest_payload,setup,ok,,27711736,90979000,131149000,127545344,,,,,
smoke-1789241936307339195,blob,blob/source-history,amber-go-s3,1,true,22,ingest_payload,setup,ok,,27307294,96230000,111357000,137719808,,,,,
smoke-1789241936307339195,blob,blob/source-history,amber-go-s3,1,true,22,ingest_payload,setup,ok,,27396805,92169000,113920000,132046848,,,,,
smoke-1789241936307339195,blob,blob/source-history,amber-go-s3,1,true,22,ingest_payload,setup,ok,,25536154,112537000,92656000,122200064,,,,,
smoke-1789241936307339195,blob,blob/source-history,amber-go-s3,1,true,22,ingest_payload,setup,ok,,25401527,129620000,122910000,130695168,,,,,
smoke-1789241936307339195,blob,blob/source-history,amber-go-s3,1,true,22,ingest_payload,setup,ok,,26898083,90585000,139393000,146882560,,,,,
smoke-1789241936307339195,blob,blob/source-history,amber-go-s3,1,true,22,ingest_payload,setup,ok,,29884012,78666000,151024000,137510912,,,,,
smoke-1789241936307339195,blob,blob/source-history,amber-go-s3,1,true,22,ingest_payload,setup,ok,,27388269,102862000,161366000,157331456,,,,,
smoke-1789241936307339195,blob,blob/source-history,amber-go-s3,1,true,22,ingest_payload,setup,ok,,28775427,103303000,122198000,150355968,,,,,
smoke-1789241936307339195,blob,blob/source-history,amber-go-s3,1,true,22,push_initial,measured,ok,,43880383,31647000,16212000,43663360,2431057,55401909.32244142,,,
smoke-1789241936307339195,blob,blob/source-history,amber-go-s3,1,true,22,push_noop,measured,ok,,18585028,18130000,7249000,43663360,7410,398708.0353066996,,,
smoke-1789241936307339195,blob,blob/source-history,amber-go-s3,1,true,22,pull_fresh,measured,ok,,25002135,26042000,17296000,43663360,2432928,97308809.82764071,,,
smoke-1789241936307339195,blob,blob/source-history,amber-go-s3,1,true,22,ingest_payload,setup,ok,,27958907,106905000,161171000,131158016,,,,,
smoke-1789241936307339195,blob,blob/source-history,amber-go-s3,1,true,22,ingest_payload,setup,ok,,26371408,120888000,107833000,133197824,,,,,
smoke-1789241936307339195,blob,blob/source-history,amber-go-s3,1,true,22,ingest_payload,setup,ok,,26095822,138231000,121406000,138297344,,,,,
smoke-1789241936307339195,blob,blob/source-history,amber-go-s3,1,true,22,ingest_payload,setup,ok,,30096899,132027000,127374000,136437760,,,,,
smoke-1789241936307339195,blob,blob/source-history,amber-go-s3,1,true,22,push_incremental,measured,ok,,45159715,18224000,26991000,43732992,2449594,54242902.10866034,,,
smoke-1789241936307339195,blob,blob/source-history,amber-go-s3,1,true,22,pull_incremental,measured,ok,,24414614,28559000,10465000,43732992,2442263,100032832.79432556,,,
smoke-1789241936307339195,blob,blob/source-history,amber-go-s3,1,true,22,retention_local,setup,ok,,7105120,2991000,5949000,43732992,,,,,
smoke-1789241936307339195,blob,blob/source-history,amber-go-s3,1,true,22,retention_local,setup,ok,,8059922,4742000,5672000,43732992,,,,,
smoke-1789241936307339195,blob,blob/source-history,amber-go-s3,1,true,22,retention_local,setup,ok,,6794246,3191000,5280000,43732992,,,,,
smoke-1789241936307339195,blob,blob/source-history,amber-go-s3,1,true,22,retention_local,setup,ok,,6938141,0,8813000,43732992,,,,,
smoke-1789241936307339195,blob,blob/source-history,amber-go-s3,1,true,22,retention_local,setup,ok,,6596209,1680000,6698000,43732992,,,,,
smoke-1789241936307339195,blob,blob/source-history,amber-go-s3,1,true,22,retention_local,setup,ok,,6558868,1228000,7318000,43732992,,,,,
smoke-1789241936307339195,blob,blob/source-history,amber-go-s3,1,true,22,retention_local,setup,ok,,6504082,4177000,4169000,43732992,,,,,
smoke-1789241936307339195,blob,blob/source-history,amber-go-s3,1,true,22,retention_local,setup,ok,,6763869,3848000,4801000,43732992,,,,,
smoke-1789241936307339195,blob,blob/source-history,amber-go-s3,1,true,22,retention_local,setup,ok,,7242562,2076000,7261000,43732992,,,,,
smoke-1789241936307339195,blob,blob/source-history,amber-go-s3,1,true,22,retention_local,setup,ok,,6680419,2591000,6051000,43732992,,,,,
smoke-1789241936307339195,blob,blob/source-history,amber-go-s3,1,true,22,retention_local,setup,ok,,6907513,5599000,3188000,43732992,,,,,
smoke-1789241936307339195,blob,blob/source-history,amber-go-s3,1,true,22,age_sealed_segments,setup,ok,,0,0,0,0,,,,,
smoke-1789241936307339195,blob,blob/source-history,amber-go-s3,1,true,22,retention_local,setup,ok,,7315481,6145000,3072000,43732992,,,,,
smoke-1789241936307339195,blob,blob/source-history,amber-go-s3,1,true,22,retention_cleanup,measured,ok,,45577812,38862000,20353000,43732992,2501024,54873717.93977298,,,
smoke-1789241936307339195,blob,blob/source-history,amber-go-s3,1,true,22,inject_missing_object,verify,ok,,0,0,0,0,,,,,
