run_valid,group,scenario,backend,op,ok,excluded_invalid_samples,unsupported,failed,reason,metric,unit,n,min,median,p95,max,mean,stddev,cv,method
true,blob,blob/nix-closure,amber-go-s3,push_initial,2,0,0,0,,wall_ns,ns,2,52670997,52670997,56906548,56906548,54788772.5,2994986.8341614627,0.05466424410514878,"median = lower of the two middle samples for even n; p95 = nearest-rank (sorted ascending, index ceil(0.95*n)-1); stddev = sample standard deviation with n-1 denominator (null for n < 2); cv = stddev/mean"
true,blob,blob/nix-closure,amber-go-s3,push_initial,2,0,0,0,,cpu_ns,ns,2,44396000,44396000,46718000,46718000,45557000,1641901.9459151633,0.036040607281321496,"median = lower of the two middle samples for even n; p95 = nearest-rank (sorted ascending, index ceil(0.95*n)-1); stddev = sample standard deviation with n-1 denominator (null for n < 2); cv = stddev/mean"
true,blob,blob/nix-closure,amber-go-s3,push_initial,2,0,0,0,,max_rss_bytes,bytes,2,40456192,40456192,40914944,40914944,40685568,324386.65008289105,0.00797301515079969,"median = lower of the two middle samples for even n; p95 = nearest-rank (sorted ascending, index ceil(0.95*n)-1); stddev = sample standard deviation with n-1 denominator (null for n < 2); cv = stddev/mean"
true,blob,blob/nix-closure,amber-go-s3,push_initial,2,0,0,0,,throughput_bytes_per_s,bytes/s,2,60635500.15369058,60635500.15369058,65511518.60672013,65511518.60672013,63073509.38020535,3447865.7133279345,0.05466424410514875,"median = lower of the two middle samples for even n; p95 = nearest-rank (sorted ascending, index ceil(0.95*n)-1); stddev = sample standard deviation with n-1 denominator (null for n < 2); cv = stddev/mean"
true,blob,blob/nix-closure,amber-go-s3,push_initial,2,0,0,0,,logical_bytes,bytes,2,3450557,3450557,3450557,3450557,3450557,0,0,"median = lower of the two middle samples for even n; p95 = nearest-rank (sorted ascending, index ceil(0.95*n)-1); stddev = sample standard deviation with n-1 denominator (null for n < 2); cv = stddev/mean"
true,blob,blob/nix-closure,amber-go-s3,push_noop,2,0,0,0,,wall_ns,ns,2,17992707,17992707,18799997,18799997,18396352,570840.2333840879,0.031030077777598947,"median = lower of the two middle samples for even n; p95 = nearest-rank (sorted ascending, index ceil(0.95*n)-1); stddev = sample standard deviation with n-1 denominator (null for n < 2); cv = stddev/mean"
true,blob,blob/nix-closure,amber-go-s3,push_noop,2,0,0,0,,cpu_ns,ns,2,24617000,24617000,25788000,25788000,25202500,828022.0407694471,0.032854758090246884,"median = lower of the two middle samples for even n; p95 = nearest-rank (sorted ascending, index ceil(0.95*n)-1); stddev = sample standard deviation with n-1 denominator (null for n < 2); cv = stddev/mean"
true,blob,blob/nix-closure,amber-go-s3,push_noop,2,0,0,0,,max_rss_bytes,bytes,2,40456192,40456192,40914944,40914944,40685568,324386.65008289105,0.00797301515079969,"median = lower of the two middle samples for even n; p95 = nearest-rank (sorted ascending, index ceil(0.95*n)-1); stddev = sample standard deviation with n-1 denominator (null for n < 2); cv = stddev/mean"
true,blob,blob/nix-closure,amber-go-s3,push_noop,2,0,0,0,,throughput_bytes_per_s,bytes/s,2,344627.7145682523,344627.7145682523,360090.3410476256,360090.3410476256,352359.027807939,10933.728038519499,0.031030077777598954,"median = lower of the two middle samples for even n; p95 = nearest-rank (sorted ascending, index ceil(0.95*n)-1); stddev = sample standard deviation with n-1 denominator (null for n < 2); cv = stddev/mean"
true,blob,blob/nix-closure,amber-go-s3,push_noop,2,0,0,0,,logical_bytes,bytes,2,6479,6479,6479,6479,6479,0,0,"median = lower of the two middle samples for even n; p95 = nearest-rank (sorted ascending, index ceil(0.95*n)-1); stddev = sample standard deviation with n-1 denominator (null for n < 2); cv = stddev/mean"
true,blob,blob/nix-closure,amber-go-s3,pull_fresh,2,0,0,0,,wall_ns,ns,2,24883736,24883736,25229948,25229948,25056842,244808.852928157,0.00977013994533537,"median = lower of the two middle samples for even n; p95 = nearest-rank (sorted ascending, index ceil(0.95*n)-1); stddev = sample standard deviation with n-1 denominator (null for n < 2); cv = stddev/mean"
true,blob,blob/nix-closure,amber-go-s3,pull_fresh,2,0,0,0,,cpu_ns,ns,2,41553000,41553000,42193000,42193000,41873000,452548.3399593904,0.010807640722169188,"median = lower of the two middle samples for even n; p95 = nearest-rank (sorted ascending, index ceil(0.95*n)-1); stddev = sample standard deviation with n-1 denominator (null for n < 2); cv = stddev/mean"
true,blob,blob/nix-closure,amber-go-s3,pull_fresh,2,0,0,0,,max_rss_bytes,bytes,2,40456192,40456192,40914944,40914944,40685568,324386.65008289105,0.00797301515079969,"median = lower of the two middle samples for even n; p95 = nearest-rank (sorted ascending, index ceil(0.95*n)-1); stddev = sample standard deviation with n-1 denominator (null for n < 2); cv = stddev/mean"
true,blob,blob/nix-closure,amber-go-s3,pull_fresh,2,0,0,0,,throughput_bytes_per_s,bytes/s,2,136772140.79077768,136772140.79077768,138675076.76500025,138675076.76500025,137723608.77788895,1345578.9315366088,0.009770139945335479,"median = lower of the two middle samples for even n; p95 = nearest-rank (sorted ascending, index ceil(0.95*n)-1); stddev = sample standard deviation with n-1 denominator (null for n < 2); cv = stddev/mean"
true,blob,blob/nix-closure,amber-go-s3,pull_fresh,2,0,0,0,,logical_bytes,bytes,2,3450754,3450754,3450754,3450754,3450754,0,0,"median = lower of the two middle samples for even n; p95 = nearest-rank (sorted ascending, index ceil(0.95*n)-1); stddev = sample standard deviation with n-1 denominator (null for n < 2); cv = stddev/mean"
true,blob,blob/nix-closure,amber-go-s3,push_incremental,2,0,0,0,,wall_ns,ns,2,57756810,57756810,58397846,58397846,58077328,453280.9025846997,0.007804782316856927,"median = lower of the two middle samples for even n; p95 = nearest-rank (sorted ascending, index ceil(0.95*n)-1); stddev = sample standard deviation with n-1 denominator (null for n < 2); cv = stddev/mean"
true,blob,blob/nix-closure,amber-go-s3,push_incremental,2,0,0,0,,cpu_ns,ns,2,53098000,53098000,54436000,54436000,53767000,946108.8732276006,0.017596460156371018,"median = lower of the two middle samples for even n; p95 = nearest-rank (sorted ascending, index ceil(0.95*n)-1); stddev = sample standard deviation with n-1 denominator (null for n < 2); cv = stddev/mean"
true,blob,blob/nix-closure,amber-go-s3,push_incremental,2,0,0,0,,max_rss_bytes,bytes,2,40456192,40456192,40914944,40914944,40685568,324386.65008289105,0.00797301515079969,"median = lower of the two middle samples for even n; p95 = nearest-rank (sorted ascending, index ceil(0.95*n)-1); stddev = sample standard deviation with n-1 denominator (null for n < 2); cv = stddev/mean"
true,blob,blob/nix-closure,amber-go-s3,push_incremental,2,0,0,0,,throughput_bytes_per_s,bytes/s,2,68506910.34049441,68506910.34049441,69267139.23431712,69267139.23431712,68887024.78740576,537563.0060759895,0.007803545119490618,"median = lower of the two middle samples for even n; p95 = nearest-rank (sorted ascending, index ceil(0.95*n)-1); stddev = sample standard deviation with n-1 denominator (null for n < 2); cv = stddev/mean"
true,blob,blob/nix-closure,amber-go-s3,push_incremental,2,0,0,0,,logical_bytes,bytes,2,4000649,4000649,4000656,4000656,4000652.5,4.949747468305833,0.000001237235043110051,"median = lower of the two middle samples for even n; p95 = nearest-rank (sorted ascending, index ceil(0.95*n)-1); stddev = sample standard deviation with n-1 denominator (null for n < 2); cv = stddev/mean"
true,blob,blob/nix-closure,amber-go-s3,pull_incremental,2,0,0,0,,wall_ns,ns,2,28694770,28694770,67253206,67253206,47973988,27264931.567547496,0.5683273937440326,"median = lower of the two middle samples for even n; p95 = nearest-rank (sorted ascending, index ceil(0.95*n)-1); stddev = sample standard deviation with n-1 denominator (null for n < 2); cv = stddev/mean"
true,blob,blob/nix-closure,amber-go-s3,pull_incremental,2,0,0,0,,cpu_ns,ns,2,46114000,46114000,47488000,47488000,46801000,971564.7173503164,0.020759486279146096,"median = lower of the two middle samples for even n; p95 = nearest-rank (sorted ascending, index ceil(0.95*n)-1); stddev = sample standard deviation with n-1 denominator (null for n < 2); cv = stddev/mean"
true,blob,blob/nix-closure,amber-go-s3,pull_incremental,2,0,0,0,,max_rss_bytes,bytes,2,40456192,40456192,40914944,40914944,40685568,324386.65008289105,0.00797301515079969,"median = lower of the two middle samples for even n; p95 = nearest-rank (sorted ascending, index ceil(0.95*n)-1); stddev = sample standard deviation with n-1 denominator (null for n < 2); cv = stddev/mean"
true,blob,blob/nix-closure,amber-go-s3,pull_incremental,2,0,0,0,,throughput_bytes_per_s,bytes/s,2,59183751.031883895,59183751.031883895,138711340.08043975,138711340.08043975,98947545.55616182,56234497.50765086,0.5683263510132509,"median = lower of the two middle samples for even n; p95 = nearest-rank (sorted ascending, index ceil(0.95*n)-1); stddev = sample standard deviation with n-1 denominator (null for n < 2); cv = stddev/mean"
true,blob,blob/nix-closure,amber-go-s3,pull_incremental,2,0,0,0,,logical_bytes,bytes,2,3980290,3980290,3980297,3980297,3980293.5,4.949747468305833,0.0000012435634377982007,"median = lower of the two middle samples for even n; p95 = nearest-rank (sorted ascending, index ceil(0.95*n)-1); stddev = sample standard deviation with n-1 denominator (null for n < 2); cv = stddev/mean"
true,blob,blob/nix-closure,amber-go-s3,retention_cleanup,2,0,0,0,,wall_ns,ns,2,58638626,58638626,58989713,58989713,58814169.5,248255.99848644141,0.00422102361721594,"median = lower of the two middle samples for even n; p95 = nearest-rank (sorted ascending, index ceil(0.95*n)-1); stddev = sample standard deviation with n-1 denominator (null for n < 2); cv = stddev/mean"
true,blob,blob/nix-closure,amber-go-s3,retention_cleanup,2,0,0,0,,cpu_ns,ns,2,50681000,50681000,53946000,53946000,52313500,2308703.6405740776,0.04413208140487786,"median = lower of the two middle samples for even n; p95 = nearest-rank (sorted ascending, index ceil(0.95*n)-1); stddev = sample standard deviation with n-1 denominator (null for n < 2); cv = stddev/mean"
true,blob,blob/nix-closure,amber-go-s3,retention_cleanup,2,0,0,0,,max_rss_bytes,bytes,2,40456192,40456192,41177088,41177088,40816640,509750.45013025735,0.012488790114283227,"median = lower of the two middle samples for even n; p95 = nearest-rank (sorted ascending, index ceil(0.95*n)-1); stddev = sample standard deviation with n-1 denominator (null for n < 2); cv = stddev/mean"
true,blob,blob/nix-closure,amber-go-s3,retention_cleanup,2,0,0,0,,throughput_bytes_per_s,bytes/s,2,67798753.31822686,67798753.31822686,68205111.0815591,68205111.0815591,68001932.19989298,287338.33004003053,0.004225443612328456,"median = lower of the two middle samples for even n; p95 = nearest-rank (sorted ascending, index ceil(0.95*n)-1); stddev = sample standard deviation with n-1 denominator (null for n < 2); cv = stddev/mean"
true,blob,blob/nix-closure,amber-go-s3,retention_cleanup,2,0,0,0,,logical_bytes,bytes,2,3999429,3999429,3999454,3999454,3999441.5,17.67766952966369,0.000004420034529737137,"median = lower of the two middle samples for even n; p95 = nearest-rank (sorted ascending, index ceil(0.95*n)-1); stddev = sample standard deviation with n-1 denominator (null for n < 2); cv = stddev/mean"
true,nix,nix/closure,amber-go,import_initial,2,0,0,0,,wall_ns,ns,2,108951646,108951646,109589766,109589766,109270706,451218.9792107597,0.004129368206065766,"median = lower of the two middle samples for even n; p95 = nearest-rank (sorted ascending, index ceil(0.95*n)-1); stddev = sample standard deviation with n-1 denominator (null for n < 2); cv = stddev/mean"
true,nix,nix/closure,amber-go,import_initial,2,0,0,0,,cpu_ns,ns,2,344582000,344582000,354053000,354053000,349317500,6697008.324617792,0.019171694302798435,"median = lower of the two middle samples for even n; p95 = nearest-rank (sorted ascending, index ceil(0.95*n)-1); stddev = sample standard deviation with n-1 denominator (null for n < 2); cv = stddev/mean"
true,nix,nix/closure,amber-go,import_initial,2,0,0,0,,max_rss_bytes,bytes,2,74207232,74207232,74821632,74821632,74514432,434446.4063610148,0.005830365939862694,"median = lower of the two middle samples for even n; p95 = nearest-rank (sorted ascending, index ceil(0.95*n)-1); stddev = sample standard deviation with n-1 denominator (null for n < 2); cv = stddev/mean"
true,nix,nix/closure,amber-go,import_initial,2,0,0,0,,throughput_bytes_per_s,bytes/s,2,52634093.58862943,52634093.58862943,52942366.74496868,52942366.74496868,52788230.16679905,217982.03930526477,0.004129368206065823,"median = lower of the two middle samples for even n; p95 = nearest-rank (sorted ascending, index ceil(0.95*n)-1); stddev = sample standard deviation with n-1 denominator (null for n < 2); cv = stddev/mean"
true,nix,nix/closure,amber-go,import_initial,2,0,0,0,,logical_bytes,bytes,2,5768158,5768158,5768158,5768158,5768158,0,0,"median = lower of the two middle samples for even n; p95 = nearest-rank (sorted ascending, index ceil(0.95*n)-1); stddev = sample standard deviation with n-1 denominator (null for n < 2); cv = stddev/mean"
true,nix,nix/closure,amber-go,import_initial,2,0,0,0,,store_apparent_bytes,bytes,2,3427977,3427977,3427977,3427977,3427977,0,0,"median = lower of the two middle samples for even n; p95 = nearest-rank (sorted ascending, index ceil(0.95*n)-1); stddev = sample standard deviation with n-1 denominator (null for n < 2); cv = stddev/mean"
true,nix,nix/closure,amber-go,import_initial,2,0,0,0,,store_allocated_bytes,bytes,2,8093696,8093696,8093696,8093696,8093696,0,0,"median = lower of the two middle samples for even n; p95 = nearest-rank (sorted ascending, index ceil(0.95*n)-1); stddev = sample standard deviation with n-1 denominator (null for n < 2); cv = stddev/mean"
true,nix,nix/closure,amber-go,import_repeat,2,0,0,0,,wall_ns,ns,2,70925953,70925953,72969313,72969313,71947633,1444873.7124053438,0.02008229669494956,"median = lower of the two middle samples for even n; p95 = nearest-rank (sorted ascending, index ceil(0.95*n)-1); stddev = sample standard deviation with n-1 denominator (null for n < 2); cv = stddev/mean"
true,nix,nix/closure,amber-go,import_repeat,2,0,0,0,,cpu_ns,ns,2,113453000,113453000,114511000,114511000,113982000,748118.9744953673,0.006563483484193709,"median = lower of the two middle samples for even n; p95 = nearest-rank (sorted ascending, index ceil(0.95*n)-1); stddev = sample standard deviation with n-1 denominator (null for n < 2); cv = stddev/mean"
true,nix,nix/closure,amber-go,import_repeat,2,0,0,0,,max_rss_bytes,bytes,2,40456192,40456192,42295296,42295296,41375744,1300442.9097073043,0.031430079171683396,"median = lower of the two middle samples for even n; p95 = nearest-rank (sorted ascending, index ceil(0.95*n)-1); stddev = sample standard deviation with n-1 denominator (null for n < 2); cv = stddev/mean"
true,nix,nix/closure,amber-go,import_repeat,2,0,0,0,,throughput_bytes_per_s,bytes/s,2,79049092.87003976,79049092.87003976,81326478.6163677,81326478.6163677,80187785.74320373,1610354.9046060706,0.020082296694949646,"median = lower of the two middle samples for even n; p95 = nearest-rank (sorted ascending, index ceil(0.95*n)-1); stddev = sample standard deviation with n-1 denominator (null for n < 2); cv = stddev/mean"
true,nix,nix/closure,amber-go,import_repeat,2,0,0,0,,logical_bytes,bytes,2,5768158,5768158,5768158,5768158,5768158,0,0,"median = lower of the two middle samples for even n; p95 = nearest-rank (sorted ascending, index ceil(0.95*n)-1); stddev = sample standard deviation with n-1 denominator (null for n < 2); cv = stddev/mean"
true,nix,nix/closure,amber-go,import_repeat,2,0,0,0,,store_apparent_bytes,bytes,2,3428670,3428670,3428672,3428672,3428671,1.4142135623730951,0.0000004124669769636968,"median = lower of the two middle samples for even n; p95 = nearest-rank (sorted ascending, index ceil(0.95*n)-1); stddev = sample standard deviation with n-1 denominator (null for n < 2); cv = stddev/mean"
true,nix,nix/closure,amber-go,import_repeat,2,0,0,0,,store_allocated_bytes,bytes,2,8093696,8093696,8093696,8093696,8093696,0,0,"median = lower of the two middle samples for even n; p95 = nearest-rank (sorted ascending, index ceil(0.95*n)-1); stddev = sample standard deviation with n-1 denominator (null for n < 2); cv = stddev/mean"
true,nix,nix/closure,amber-go,import_incremental,2,0,0,0,,wall_ns,ns,2,94070995,94070995,94623874,94623874,94347434.5,390944.49007563724,0.004143668475433079,"median = lower of the two middle samples for even n; p95 = nearest-rank (sorted ascending, index ceil(0.95*n)-1); stddev = sample standard deviation with n-1 denominator (null for n < 2); cv = stddev/mean"
true,nix,nix/closure,amber-go,import_incremental,2,0,0,0,,cpu_ns,ns,2,173812000,173812000,175168000,175168000,174490000,958836.7952889585,0.00549508163957223,"median = lower of the two middle samples for even n; p95 = nearest-rank (sorted ascending, index ceil(0.95*n)-1); stddev = sample standard deviation with n-1 denominator (null for n < 2); cv = stddev/mean"
true,nix,nix/closure,amber-go,import_incremental,2,0,0,0,,max_rss_bytes,bytes,2,40787968,40787968,42295296,42295296,41541632,1065841.8502723563,0.025657197345360826,"median = lower of the two middle samples for even n; p95 = nearest-rank (sorted ascending, index ceil(0.95*n)-1); stddev = sample standard deviation with n-1 denominator (null for n < 2); cv = stddev/mean"
true,nix,nix/closure,amber-go,import_incremental,2,0,0,0,,throughput_bytes_per_s,bytes/s,2,63730269.59348547,63730269.59348547,64104828.48618748,64104828.48618748,63917549.039836474,264853.132983318,0.004143668475433075,"median = lower of the two middle samples for even n; p95 = nearest-rank (sorted ascending, index ceil(0.95*n)-1); stddev = sample standard deviation with n-1 denominator (null for n < 2); cv = stddev/mean"
true,nix,nix/closure,amber-go,import_incremental,2,0,0,0,,logical_bytes,bytes,2,6030405,6030405,6030405,6030405,6030405,0,0,"median = lower of the two middle samples for even n; p95 = nearest-rank (sorted ascending, index ceil(0.95*n)-1); stddev = sample standard deviation with n-1 denominator (null for n < 2); cv = stddev/mean"
true,nix,nix/closure,amber-go,import_incremental,2,0,0,0,,store_apparent_bytes,bytes,2,3955250,3955250,3955251,3955251,3955250.5,0.7071067811865476,0.00000017877673770259243,"median = lower of the two middle samples for even n; p95 = nearest-rank (sorted ascending, index ceil(0.95*n)-1); stddev = sample standard deviation with n-1 denominator (null for n < 2); cv = stddev/mean"
true,nix,nix/closure,amber-go,import_incremental,2,0,0,0,,store_allocated_bytes,bytes,2,8617984,8617984,8617984,8617984,8617984,0,0,"median = lower of the two middle samples for even n; p95 = nearest-rank (sorted ascending, index ceil(0.95*n)-1); stddev = sample standard deviation with n-1 denominator (null for n < 2); cv = stddev/mean"
true,nix,nix/closure,amber-go,catalog_list,2,0,0,0,,wall_ns,ns,2,7235458,7235458,7269011,7269011,7252234.5,23725.553829152228,0.0032714818900508843,"median = lower of the two middle samples for even n; p95 = nearest-rank (sorted ascending, index ceil(0.95*n)-1); stddev = sample standard deviation with n-1 denominator (null for n < 2); cv = stddev/mean"
true,nix,nix/closure,amber-go,catalog_list,2,0,0,0,,cpu_ns,ns,2,8999000,8999000,9190000,9190000,9094500,135057.39520663058,0.014850447545948714,"median = lower of the two middle samples for even n; p95 = nearest-rank (sorted ascending, index ceil(0.95*n)-1); stddev = sample standard deviation with n-1 denominator (null for n < 2); cv = stddev/mean"
true,nix,nix/closure,amber-go,catalog_list,2,0,0,0,,max_rss_bytes,bytes,2,40456192,40456192,42295296,42295296,41375744,1300442.9097073043,0.031430079171683396,"median = lower of the two middle samples for even n; p95 = nearest-rank (sorted ascending, index ceil(0.95*n)-1); stddev = sample standard deviation with n-1 denominator (null for n < 2); cv = stddev/mean"
true,nix,nix/closure,amber-go,closure_query,0,0,2,0,"these cores store trees keyed by content and record no references between roots, so there is no closure to query. The harness keeps the reference graph itself and verifies completeness separately; see the closure_is_complete check.",,,,,,,,,,,
true,nix,nix/closure,amber-go,nar_and_reference_registration,0,0,2,0,these cores record no NAR hash and no reference list for a stored tree: they address content by their own key and model no edges between roots. The harness therefore recomputes the NAR hash of every restored path with `nix hash path` and compares it with the source store's — see the nar_hashes_match_recomputed check — but nothing in the store under test would have noticed a mismatch.,,,,,,,,,,,
true,nix,nix/closure,amber-go,read_closure,2,0,0,0,,wall_ns,ns,2,66886283,66886283,67832493,67832493,67359388,669071.5074265231,0.009932862029959702,"median = lower of the two middle samples for even n; p95 = nearest-rank (sorted ascending, index ceil(0.95*n)-1); stddev = sample standard deviation with n-1 denominator (null for n < 2); cv = stddev/mean"
true,nix,nix/closure,amber-go,read_closure,2,0,0,0,,cpu_ns,ns,2,87419000,87419000,88435000,88435000,87927000,718420.4896855323,0.008170647124154495,"median = lower of the two middle samples for even n; p95 = nearest-rank (sorted ascending, index ceil(0.95*n)-1); stddev = sample standard deviation with n-1 denominator (null for n < 2); cv = stddev/mean"
true,nix,nix/closure,amber-go,read_closure,2,0,0,0,,max_rss_bytes,bytes,2,40456192,40456192,42295296,42295296,41375744,1300442.9097073043,0.031430079171683396,"median = lower of the two middle samples for even n; p95 = nearest-rank (sorted ascending, index ceil(0.95*n)-1); stddev = sample standard deviation with n-1 denominator (null for n < 2); cv = stddev/mean"
true,nix,nix/closure,amber-go,read_closure,2,0,0,0,,throughput_bytes_per_s,bytes/s,2,88901420.73946774,88901420.73946774,90159068.93794651,90159068.93794651,89530244.83870712,889291.5694913856,0.009932862029959659,"median = lower of the two middle samples for even n; p95 = nearest-rank (sorted ascending, index ceil(0.95*n)-1); stddev = sample standard deviation with n-1 denominator (null for n < 2); cv = stddev/mean"
true,nix,nix/closure,amber-go,read_closure,2,0,0,0,,logical_bytes,bytes,2,6030405,6030405,6030405,6030405,6030405,0,0,"median = lower of the two middle samples for even n; p95 = nearest-rank (sorted ascending, index ceil(0.95*n)-1); stddev = sample standard deviation with n-1 denominator (null for n < 2); cv = stddev/mean"
true,nix,nix/closure,amber-go,cache_export,0,0,2,0,"these cores have no binary-cache publication format; the blob scenario group measures what they can do, which is to publish their on-disk pack segments to object storage",,,,,,,,,,,
true,nix,nix/closure,amber-go,materialize_closure,2,0,0,0,,wall_ns,ns,2,71319648,71319648,71775653,71775653,71547650.5,322444.2277549716,0.004506706027404374,"median = lower of the two middle samples for even n; p95 = nearest-rank (sorted ascending, index ceil(0.95*n)-1); stddev = sample standard deviation with n-1 denominator (null for n < 2); cv = stddev/mean"
true,nix,nix/closure,amber-go,materialize_closure,2,0,0,0,,cpu_ns,ns,2,92809000,92809000,93229000,93229000,93019000,296984.84809834993,0.0031927331846004574,"median = lower of the two middle samples for even n; p95 = nearest-rank (sorted ascending, index ceil(0.95*n)-1); stddev = sample standard deviation with n-1 denominator (null for n < 2); cv = stddev/mean"
true,nix,nix/closure,amber-go,materialize_closure,2,0,0,0,,max_rss_bytes,bytes,2,40456192,40456192,42295296,42295296,41375744,1300442.9097073043,0.031430079171683396,"median = lower of the two middle samples for even n; p95 = nearest-rank (sorted ascending, index ceil(0.95*n)-1); stddev = sample standard deviation with n-1 denominator (null for n < 2); cv = stddev/mean"
true,nix,nix/closure,amber-go,materialize_closure,2,0,0,0,,throughput_bytes_per_s,bytes/s,2,84017417.43819454,84017417.43819454,84554609.69184817,84554609.69184817,84286013.56502137,379852.2853593661,0.0045067060274043445,"median = lower of the two middle samples for even n; p95 = nearest-rank (sorted ascending, index ceil(0.95*n)-1); stddev = sample standard deviation with n-1 denominator (null for n < 2); cv = stddev/mean"
true,nix,nix/closure,amber-go,materialize_closure,2,0,0,0,,logical_bytes,bytes,2,6030405,6030405,6030405,6030405,6030405,0,0,"median = lower of the two middle samples for even n; p95 = nearest-rank (sorted ascending, index ceil(0.95*n)-1); stddev = sample standard deviation with n-1 denominator (null for n < 2); cv = stddev/mean"
true,nix,nix/closure,amber-go,cache_substitute,0,0,2,0,these cores have no binary-cache client; see the blob scenario group,,,,,,,,,,,
true,nix,nix/closure,amber-go,delete_path,2,0,0,0,,wall_ns,ns,2,6940154,6940154,7205632,7205632,7072893,187721.29405584227,0.026540949234753343,"median = lower of the two middle samples for even n; p95 = nearest-rank (sorted ascending, index ceil(0.95*n)-1); stddev = sample standard deviation with n-1 denominator (null for n < 2); cv = stddev/mean"
true,nix,nix/closure,amber-go,delete_path,2,0,0,0,,cpu_ns,ns,2,8850000,8850000,9095000,9095000,8972500,173241.16139070413,0.0193080146437118,"median = lower of the two middle samples for even n; p95 = nearest-rank (sorted ascending, index ceil(0.95*n)-1); stddev = sample standard deviation with n-1 denominator (null for n < 2); cv = stddev/mean"
true,nix,nix/closure,amber-go,delete_path,2,0,0,0,,max_rss_bytes,bytes,2,40456192,40456192,42295296,42295296,41375744,1300442.9097073043,0.031430079171683396,"median = lower of the two middle samples for even n; p95 = nearest-rank (sorted ascending, index ceil(0.95*n)-1); stddev = sample standard deviation with n-1 denominator (null for n < 2); cv = stddev/mean"
true,nix,nix/closure,amber-go,delete_path,2,0,0,0,,store_apparent_bytes,bytes,2,3956325,3956325,3956326,3956326,3956325.5,0.7071067811865476,0.0000001787281610642369,"median = lower of the two middle samples for even n; p95 = nearest-rank (sorted ascending, index ceil(0.95*n)-1); stddev = sample standard deviation with n-1 denominator (null for n < 2); cv = stddev/mean"
true,nix,nix/closure,amber-go,delete_path,2,0,0,0,,store_allocated_bytes,bytes,2,8622080,8622080,8622080,8622080,8622080,0,0,"median = lower of the two middle samples for even n; p95 = nearest-rank (sorted ascending, index ceil(0.95*n)-1); stddev = sample standard deviation with n-1 denominator (null for n < 2); cv = stddev/mean"
true,nix,nix/closure,amber-go,gc,2,0,0,0,,wall_ns,ns,2,7939120,7939120,8414769,8414769,8176944.5,336334.63336460013,0.041132067530188096,"median = lower of the two middle samples for even n; p95 = nearest-rank (sorted ascending, index ceil(0.95*n)-1); stddev = sample standard deviation with n-1 denominator (null for n < 2); cv = stddev/mean"
true,nix,nix/closure,amber-go,gc,2,0,0,0,,cpu_ns,ns,2,10154000,10154000,10835000,10835000,10494500,481539.71798803884,0.045884960501980925,"median = lower of the two middle samples for even n; p95 = nearest-rank (sorted ascending, index ceil(0.95*n)-1); stddev = sample standard deviation with n-1 denominator (null for n < 2); cv = stddev/mean"
true,nix,nix/closure,amber-go,gc,2,0,0,0,,max_rss_bytes,bytes,2,40456192,40456192,42295296,42295296,41375744,1300442.9097073043,0.031430079171683396,"median = lower of the two middle samples for even n; p95 = nearest-rank (sorted ascending, index ceil(0.95*n)-1); stddev = sample standard deviation with n-1 denominator (null for n < 2); cv = stddev/mean"
true,nix,nix/closure,amber-go,gc,2,0,0,0,,store_apparent_bytes,bytes,2,3959783,3959783,3959791,3959791,3959787,5.656854249492381,0.0000014285753878914144,"median = lower of the two middle samples for even n; p95 = nearest-rank (sorted ascending, index ceil(0.95*n)-1); stddev = sample standard deviation with n-1 denominator (null for n < 2); cv = stddev/mean"
true,nix,nix/closure,amber-go,gc,2,0,0,0,,store_allocated_bytes,bytes,2,3993600,3993600,3993600,3993600,3993600,0,0,"median = lower of the two middle samples for even n; p95 = nearest-rank (sorted ascending, index ceil(0.95*n)-1); stddev = sample standard deviation with n-1 denominator (null for n < 2); cv = stddev/mean"
true,nix,nix/closure,amber-go,gc,2,0,0,0,,reclaimed_bytes,bytes,2,4628480,4628480,4628480,4628480,4628480,0,0,"median = lower of the two middle samples for even n; p95 = nearest-rank (sorted ascending, index ceil(0.95*n)-1); stddev = sample standard deviation with n-1 denominator (null for n < 2); cv = stddev/mean"
true,blob,blob/source-history,amber-go-s3,push_initial,2,0,0,0,,wall_ns,ns,2,43880383,43880383,45063607,45063607,44471995,836665.7140626715,0.01881331642672364,"median = lower of the two middle samples for even n; p95 = nearest-rank (sorted ascending, index ceil(0.95*n)-1); stddev = sample standard deviation with n-1 denominator (null for n < 2); cv = stddev/mean"
true,blob,blob/source-history,amber-go-s3,push_initial,2,0,0,0,,cpu_ns,ns,2,43776000,43776000,47859000,47859000,45817500,2887116.9875846733,0.06301341163495768,"median = lower of the two middle samples for even n; p95 = nearest-rank (sorted ascending, index ceil(0.95*n)-1); stddev = sample standard deviation with n-1 denominator (null for n < 2); cv = stddev/mean"
true,blob,blob/source-history,amber-go-s3,push_initial,2,0,0,0,,max_rss_bytes,bytes,2,40456192,40456192,43663360,43663360,42059776,2267810.2412044974,0.05391874272474721,"median = lower of the two middle samples for even n; p95 = nearest-rank (sorted ascending, index ceil(0.95*n)-1); stddev = sample standard deviation with n-1 denominator (null for n < 2); cv = stddev/mean"
true,blob,blob/source-history,amber-go-s3,push_initial,2,0,0,0,,throughput_bytes_per_s,bytes/s,2,53947235.07152901,53947235.07152901,55401909.32244142,55401909.32244142,54674572.196985215,1028610.0272376286,0.018813316426723622,"median = lower of the two middle samples for even n; p95 = nearest-rank (sorted ascending, index ceil(0.95*n)-1); stddev = sample standard deviation with n-1 denominator (null for n < 2); cv = stddev/mean"
true,blob,blob/source-history,amber-go-s3,push_initial,2,0,0,0,,logical_bytes,bytes,2,2431057,2431057,2431057,2431057,2431057,0,0,"median = lower of the two middle samples for even n; p95 = nearest-rank (sorted ascending, index ceil(0.95*n)-1); stddev = sample standard deviation with n-1 denominator (null for n < 2); cv = stddev/mean"
true,blob,blob/source-history,amber-go-s3,push_noop,2,0,0,0,,wall_ns,ns,2,18300323,18300323,18585028,18585028,18442675.5,201316.83613771602,0.010915815123338043,"median = lower of the two middle samples for even n; p95 = nearest-rank (sorted ascending, index ceil(0.95*n)-1); stddev = sample standard deviation with n-1 denominator (null for n < 2); cv = stddev/mean"
true,blob,blob/source-history,amber-go-s3,push_noop,2,0,0,0,,cpu_ns,ns,2,24283000,24283000,25379000,25379000,24831000,774989.0321804561,0.031210544568501312,"median = lower of the two middle samples for even n; p95 = nearest-rank (sorted ascending, index ceil(0.95*n)-1); stddev = sample standard deviation with n-1 denominator (null for n < 2); cv = stddev/mean"
true,blob,blob/source-history,amber-go-s3,push_noop,2,0,0,0,,max_rss_bytes,bytes,2,40456192,40456192,43663360,43663360,42059776,2267810.2412044974,0.05391874272474721,"median = lower of the two middle samples for even n; p95 = nearest-rank (sorted ascending, index ceil(0.95*n)-1); stddev = sample standard deviation with n-1 denominator (null for n < 2); cv = stddev/mean"
true,blob,blob/source-history,amber-go-s3,push_noop,2,0,0,0,,throughput_bytes_per_s,bytes/s,2,398708.0353066996,398708.0353066996,404910.885999116,404910.885999116,401809.4606529078,4386.077787295326,0.010915815123338075,"median = lower of the two middle samples for even n; p95 = nearest-rank (sorted ascending, index ceil(0.95*n)-1); stddev = sample standard deviation with n-1 denominator (null for n < 2); cv = stddev/mean"
true,blob,blob/source-history,amber-go-s3,push_noop,2,0,0,0,,logical_bytes,bytes,2,7410,7410,7410,7410,7410,0,0,"median = lower of the two middle samples for even n; p95 = nearest-rank (sorted ascending, index ceil(0.95*n)-1); stddev = sample standard deviation with n-1 denominator (null for n < 2); cv = stddev/mean"
true,blob,blob/source-history,amber-go-s3,pull_fresh,2,0,0,0,,wall_ns,ns,2,25002135,25002135,65510036,65510036,45256085.5,28643411.48873333,0.6329184500222258,"median = lower of the two middle samples for even n; p95 = nearest-rank (sorted ascending, index ceil(0.95*n)-1); stddev = sample standard deviation with n-1 denominator (null for n < 2); cv = stddev/mean"
true,blob,blob/source-history,amber-go-s3,pull_fresh,2,0,0,0,,cpu_ns,ns,2,43338000,43338000,43763000,43763000,43550500,300520.38200428267,0.006900503599368151,"median = lower of the two middle samples for even n; p95 = nearest-rank (sorted ascending, index ceil(0.95*n)-1); stddev = sample standard deviation with n-1 denominator (null for n < 2); cv = stddev/mean"
true,blob,blob/source-history,amber-go-s3,pull_fresh,2,0,0,0,,max_rss_bytes,bytes,2,40456192,40456192,43663360,43663360,42059776,2267810.2412044974,0.05391874272474721,"median = lower of the two middle samples for even n; p95 = nearest-rank (sorted ascending, index ceil(0.95*n)-1); stddev = sample standard deviation with n-1 denominator (null for n < 2); cv = stddev/mean"
true,blob,blob/source-history,amber-go-s3,pull_fresh,2,0,0,0,,throughput_bytes_per_s,bytes/s,2,37138248.55782402,37138248.55782402,97308809.82764071,97308809.82764071,67223529.19273236,42547011.90168802,0.6329184500222258,"median = lower of the two middle samples for even n; p95 = nearest-rank (sorted ascending, index ceil(0.95*n)-1); stddev = sample standard deviation with n-1 denominator (null for n < 2); cv = stddev/mean"
true,blob,blob/source-history,amber-go-s3,pull_fresh,2,0,0,0,,logical_bytes,bytes,2,2432928,2432928,2432928,2432928,2432928,0,0,"median = lower of the two middle samples for even n; p95 = nearest-rank (sorted ascending, index ceil(0.95*n)-1); stddev = sample standard deviation with n-1 denominator (null for n < 2); cv = stddev/mean"
true,blob,blob/source-history,amber-go-s3,push_incremental,2,0,0,0,,wall_ns,ns,2,41972639,41972639,45159715,45159715,43566177,2253603.051756897,0.05172827195181475,"median = lower of the two middle samples for even n; p95 = nearest-rank (sorted ascending, index ceil(0.95*n)-1); stddev = sample standard deviation with n-1 denominator (null for n < 2); cv = stddev/mean"
true,blob,blob/source-history,amber-go-s3,push_incremental,2,0,0,0,,cpu_ns,ns,2,42699000,42699000,45215000,45215000,43957000,1779080.6614653536,0.04047320475613335,"median = lower of the two middle samples for even n; p95 = nearest-rank (sorted ascending, index ceil(0.95*n)-1); stddev = sample standard deviation with n-1 denominator (null for n < 2); cv = stddev/mean"
true,blob,blob/source-history,amber-go-s3,push_incremental,2,0,0,0,,max_rss_bytes,bytes,2,40456192,40456192,43732992,43732992,42094592,2317047.500592079,0.05504382844694347,"median = lower of the two middle samples for even n; p95 = nearest-rank (sorted ascending, index ceil(0.95*n)-1); stddev = sample standard deviation with n-1 denominator (null for n < 2); cv = stddev/mean"
true,blob,blob/source-history,amber-go-s3,push_incremental,2,0,0,0,,throughput_bytes_per_s,bytes/s,2,54242902.10866034,54242902.10866034,58361233.85046149,58361233.85046149,56302067.97956091,2912100.301803399,0.05172279467355561,"median = lower of the two middle samples for even n; p95 = nearest-rank (sorted ascending, index ceil(0.95*n)-1); stddev = sample standard deviation with n-1 denominator (null for n < 2); cv = stddev/mean"
true,blob,blob/source-history,amber-go-s3,push_incremental,2,0,0,0,,logical_bytes,bytes,2,2449575,2449575,2449594,2449594,2449584.5,13.435028842544403,0.000005484615387852268,"median = lower of the two middle samples for even n; p95 = nearest-rank (sorted ascending, index ceil(0.95*n)-1); stddev = sample standard deviation with n-1 denominator (null for n < 2); cv = stddev/mean"
true,blob,blob/source-history,amber-go-s3,pull_incremental,2,0,0,0,,wall_ns,ns,2,24414614,24414614,25242612,25242612,24828613,585483.0006088989,0.02358097895395522,"median = lower of the two middle samples for even n; p95 = nearest-rank (sorted ascending, index ceil(0.95*n)-1); stddev = sample standard deviation with n-1 denominator (null for n < 2); cv = stddev/mean"
true,blob,blob/source-history,amber-go-s3,pull_incremental,2,0,0,0,,cpu_ns,ns,2,39024000,39024000,40483000,40483000,39753500,1031668.7937511728,0.025951646867600913,"median = lower of the two middle samples for even n; p95 = nearest-rank (sorted ascending, index ceil(0.95*n)-1); stddev = sample standard deviation with n-1 denominator (null for n < 2); cv = stddev/mean"
true,blob,blob/source-history,amber-go-s3,pull_incremental,2,0,0,0,,max_rss_bytes,bytes,2,40456192,40456192,43732992,43732992,42094592,2317047.500592079,0.05504382844694347,"median = lower of the two middle samples for even n; p95 = nearest-rank (sorted ascending, index ceil(0.95*n)-1); stddev = sample standard deviation with n-1 denominator (null for n < 2); cv = stddev/mean"
true,blob,blob/source-history,amber-go-s3,pull_incremental,2,0,0,0,,throughput_bytes_per_s,bytes/s,2,96751596.07096128,96751596.07096128,100032832.79432556,100032832.79432556,98392214.43264341,2320184.7377692093,0.023580978953955178,"median = lower of the two middle samples for even n; p95 = nearest-rank (sorted ascending, index ceil(0.95*n)-1); stddev = sample standard deviation with n-1 denominator (null for n < 2); cv = stddev/mean"
true,blob,blob/source-history,amber-go-s3,pull_incremental,2,0,0,0,,logical_bytes,bytes,2,2442263,2442263,2442263,2442263,2442263,0,0,"median = lower of the two middle samples for even n; p95 = nearest-rank (sorted ascending, index ceil(0.95*n)-1); stddev = sample standard deviation with n-1 denominator (null for n < 2); cv = stddev/mean"
true,blob,blob/source-history,amber-go-s3,retention_cleanup,2,0,0,0,,wall_ns,ns,2,45577812,45577812,45762391,45762391,45670101.5,130517.06256463175,0.0028578229142895983,"median = lower of the two middle samples for even n; p95 = nearest-rank (sorted ascending, index ceil(0.95*n)-1); stddev = sample standard deviation with n-1 denominator (null for n < 2); cv = stddev/mean"
true,blob,blob/source-history,amber-go-s3,retention_cleanup,2,0,0,0,,cpu_ns,ns,2,58189000,58189000,59215000,59215000,58702000,725491.5574973978,0.012358889944080232,"median = lower of the two middle samples for even n; p95 = nearest-rank (sorted ascending, index ceil(0.95*n)-1); stddev = sample standard deviation with n-1 denominator (null for n < 2); cv = stddev/mean"
true,blob,blob/source-history,amber-go-s3,retention_cleanup,2,0,0,0,,max_rss_bytes,bytes,2,40456192,40456192,43732992,43732992,42094592,2317047.500592079,0.05504382844694347,"median = lower of the two middle samples for even n; p95 = nearest-rank (sorted ascending, index ceil(0.95*n)-1); stddev = sample standard deviation with n-1 denominator (null for n < 2); cv = stddev/mean"
true,blob,blob/source-history,amber-go-s3,retention_cleanup,2,0,0,0,,throughput_bytes_per_s,bytes/s,2,54652367.26813509,54652367.26813509,54873717.93977298,54873717.93977298,54763042.60395403,156518.56093534548,0.002858105640099048,"median = lower of the two middle samples for even n; p95 = nearest-rank (sorted ascending, index ceil(0.95*n)-1); stddev = sample standard deviation with n-1 denominator (null for n < 2); cv = stddev/mean"
true,blob,blob/source-history,amber-go-s3,retention_cleanup,2,0,0,0,,logical_bytes,bytes,2,2501023,2501023,2501024,2501024,2501023.5,0.7071067811865476,0.0000002827269640555347,"median = lower of the two middle samples for even n; p95 = nearest-rank (sorted ascending, index ceil(0.95*n)-1); stddev = sample standard deviation with n-1 denominator (null for n < 2); cv = stddev/mean"
true,tree,tree/lifecycle,restic,ingest_fresh,2,0,0,0,,wall_ns,ns,2,791008322,791008322,797354266,797354266,794181294,4487260.035430084,0.005650170898422198,"median = lower of the two middle samples for even n; p95 = nearest-rank (sorted ascending, index ceil(0.95*n)-1); stddev = sample standard deviation with n-1 denominator (null for n < 2); cv = stddev/mean"
true,tree,tree/lifecycle,restic,ingest_fresh,2,0,0,0,,cpu_ns,ns,2,920763000,920763000,946783000,946783000,933773000,18398918.446473967,0.019703844988529298,"median = lower of the two middle samples for even n; p95 = nearest-rank (sorted ascending, index ceil(0.95*n)-1); stddev = sample standard deviation with n-1 denominator (null for n < 2); cv = stddev/mean"
true,tree,tree/lifecycle,restic,ingest_fresh,2,0,0,0,,max_rss_bytes,bytes,2,244887552,244887552,284545024,284545024,264716288,28042067.375915635,0.10593253474419993,"median = lower of the two middle samples for even n; p95 = nearest-rank (sorted ascending, index ceil(0.95*n)-1); stddev = sample standard deviation with n-1 denominator (null for n < 2); cv = stddev/mean"
true,tree,tree/lifecycle,restic,ingest_fresh,2,0,0,0,,throughput_bytes_per_s,bytes/s,2,42938452.15346224,42938452.15346224,43282930.21422852,43282930.21422852,43110691.18384538,243582.77273782797,0.005650170898422161,"median = lower of the two middle samples for even n; p95 = nearest-rank (sorted ascending, index ceil(0.95*n)-1); stddev = sample standard deviation with n-1 denominator (null for n < 2); cv = stddev/mean"
true,tree,tree/lifecycle,restic,ingest_fresh,2,0,0,0,,logical_bytes,bytes,2,34237158,34237158,34237158,34237158,34237158,0,0,"median = lower of the two middle samples for even n; p95 = nearest-rank (sorted ascending, index ceil(0.95*n)-1); stddev = sample standard deviation with n-1 denominator (null for n < 2); cv = stddev/mean"
true,tree,tree/lifecycle,restic,ingest_fresh,2,0,0,0,,store_apparent_bytes,bytes,2,13693589,13693589,16576854,16576854,15135221.5,2038776.233457831,0.13470408962682381,"median = lower of the two middle samples for even n; p95 = nearest-rank (sorted ascending, index ceil(0.95*n)-1); stddev = sample standard deviation with n-1 denominator (null for n < 2); cv = stddev/mean"
true,tree,tree/lifecycle,restic,ingest_fresh,2,0,0,0,,store_allocated_bytes,bytes,2,14786560,14786560,17670144,17670144,16228352,2039001.8005210294,0.1256444154354693,"median = lower of the two middle samples for even n; p95 = nearest-rank (sorted ascending, index ceil(0.95*n)-1); stddev = sample standard deviation with n-1 denominator (null for n < 2); cv = stddev/mean"
true,tree,tree/lifecycle,restic,ingest_repeat,2,0,0,0,,wall_ns,ns,2,721158220,721158220,722830067,722830067,721994143.5,1182174.350806386,0.001637373878236155,"median = lower of the two middle samples for even n; p95 = nearest-rank (sorted ascending, index ceil(0.95*n)-1); stddev = sample standard deviation with n-1 denominator (null for n < 2); cv = stddev/mean"
true,tree,tree/lifecycle,restic,ingest_repeat,2,0,0,0,,cpu_ns,ns,2,533985000,533985000,534479000,534479000,534232000,349310.74990615447,0.0006538559088675977,"median = lower of the two middle samples for even n; p95 = nearest-rank (sorted ascending, index ceil(0.95*n)-1); stddev = sample standard deviation with n-1 denominator (null for n < 2); cv = stddev/mean"
true,tree,tree/lifecycle,restic,ingest_repeat,2,0,0,0,,max_rss_bytes,bytes,2,71278592,71278592,71536640,71536640,71407616,182467.4906716262,0.002555294531491238,"median = lower of the two middle samples for even n; p95 = nearest-rank (sorted ascending, index ceil(0.95*n)-1); stddev = sample standard deviation with n-1 denominator (null for n < 2); cv = stddev/mean"
true,tree,tree/lifecycle,restic,ingest_repeat,2,0,0,0,,throughput_bytes_per_s,bytes/s,2,47365431.46592711,47365431.46592711,47475237.81951761,47475237.81951761,47420334.64272236,77644.8172412127,0.0016373738782361992,"median = lower of the two middle samples for even n; p95 = nearest-rank (sorted ascending, index ceil(0.95*n)-1); stddev = sample standard deviation with n-1 denominator (null for n < 2); cv = stddev/mean"
true,tree,tree/lifecycle,restic,ingest_repeat,2,0,0,0,,logical_bytes,bytes,2,34237158,34237158,34237158,34237158,34237158,0,0,"median = lower of the two middle samples for even n; p95 = nearest-rank (sorted ascending, index ceil(0.95*n)-1); stddev = sample standard deviation with n-1 denominator (null for n < 2); cv = stddev/mean"
true,tree,tree/lifecycle,restic,ingest_repeat,2,0,0,0,,store_apparent_bytes,bytes,2,13694037,13694037,16577304,16577304,15135670.5,2038777.6476713934,0.13470018706283235,"median = lower of the two middle samples for even n; p95 = nearest-rank (sorted ascending, index ceil(0.95*n)-1); stddev = sample standard deviation with n-1 denominator (null for n < 2); cv = stddev/mean"
true,tree,tree/lifecycle,restic,ingest_repeat,2,0,0,0,,store_allocated_bytes,bytes,2,14790656,14790656,17674240,17674240,16232448,2039001.8005210294,0.12561271106619465,"median = lower of the two middle samples for even n; p95 = nearest-rank (sorted ascending, index ceil(0.95*n)-1); stddev = sample standard deviation with n-1 denominator (null for n < 2); cv = stddev/mean"
true,tree,tree/lifecycle,restic,ingest_changed,2,0,0,0,,wall_ns,ns,2,738271118,738271118,741725028,741725028,739998073,2442283.1826080284,0.0033003912735973143,"median = lower of the two middle samples for even n; p95 = nearest-rank (sorted ascending, index ceil(0.95*n)-1); stddev = sample standard deviation with n-1 denominator (null for n < 2); cv = stddev/mean"
true,tree,tree/lifecycle,restic,ingest_changed,2,0,0,0,,cpu_ns,ns,2,708577000,708577000,710389000,710389000,709483000,1281277.487510024,0.0018059312027349833,"median = lower of the two middle samples for even n; p95 = nearest-rank (sorted ascending, index ceil(0.95*n)-1); stddev = sample standard deviation with n-1 denominator (null for n < 2); cv = stddev/mean"
true,tree,tree/lifecycle,restic,ingest_changed,2,0,0,0,,max_rss_bytes,bytes,2,126205952,126205952,128634880,128634880,127420416,1717511.4598138784,0.013479091606590566,"median = lower of the two middle samples for even n; p95 = nearest-rank (sorted ascending, index ceil(0.95*n)-1); stddev = sample standard deviation with n-1 denominator (null for n < 2); cv = stddev/mean"
true,tree,tree/lifecycle,restic,ingest_changed,2,0,0,0,,throughput_bytes_per_s,bytes/s,2,46185881.16457626,46185881.16457626,46401956.09006609,46401956.09006609,46293918.627321176,152788.04505823535,0.0033003912735973225,"median = lower of the two middle samples for even n; p95 = nearest-rank (sorted ascending, index ceil(0.95*n)-1); stddev = sample standard deviation with n-1 denominator (null for n < 2); cv = stddev/mean"
true,tree,tree/lifecycle,restic,ingest_changed,2,0,0,0,,logical_bytes,bytes,2,34257224,34257224,34257224,34257224,34257224,0,0,"median = lower of the two middle samples for even n; p95 = nearest-rank (sorted ascending, index ceil(0.95*n)-1); stddev = sample standard deviation with n-1 denominator (null for n < 2); cv = stddev/mean"
true,tree,tree/lifecycle,restic,ingest_changed,2,0,0,0,,store_apparent_bytes,bytes,2,13907450,13907450,16790639,16790639,15349044.5,2038722.4933424608,0.13282406558548063,"median = lower of the two middle samples for even n; p95 = nearest-rank (sorted ascending, index ceil(0.95*n)-1); stddev = sample standard deviation with n-1 denominator (null for n < 2); cv = stddev/mean"
true,tree,tree/lifecycle,restic,ingest_changed,2,0,0,0,,store_allocated_bytes,bytes,2,15011840,15011840,17895424,17895424,16453632,2039001.8005210294,0.12392411599585,"median = lower of the two middle samples for even n; p95 = nearest-rank (sorted ascending, index ceil(0.95*n)-1); stddev = sample standard deviation with n-1 denominator (null for n < 2); cv = stddev/mean"
true,tree,tree/lifecycle,restic,list_recursive,2,0,0,0,,wall_ns,ns,2,724431075,724431075,724562508,724562508,724496791.5,92937.1655716915,0.00012827822933387208,"median = lower of the two middle samples for even n; p95 = nearest-rank (sorted ascending, index ceil(0.95*n)-1); stddev = sample standard deviation with n-1 denominator (null for n < 2); cv = stddev/mean"
true,tree,tree/lifecycle,restic,list_recursive,2,0,0,0,,cpu_ns,ns,2,534488000,534488000,534569000,534569000,534528500,57275.64927611035,0.00010715172208050713,"median = lower of the two middle samples for even n; p95 = nearest-rank (sorted ascending, index ceil(0.95*n)-1); stddev = sample standard deviation with n-1 denominator (null for n < 2); cv = stddev/mean"
true,tree,tree/lifecycle,restic,list_recursive,2,0,0,0,,max_rss_bytes,bytes,2,70479872,70479872,70742016,70742016,70610944,185363.80004736633,0.0026251426414489847,"median = lower of the two middle samples for even n; p95 = nearest-rank (sorted ascending, index ceil(0.95*n)-1); stddev = sample standard deviation with n-1 denominator (null for n < 2); cv = stddev/mean"
true,tree,tree/lifecycle,restic,read_full,2,0,0,0,,wall_ns,ns,2,748396491,748396491,755946000,755946000,752171245.5,5338309.008528871,0.007097198996194373,"median = lower of the two middle samples for even n; p95 = nearest-rank (sorted ascending, index ceil(0.95*n)-1); stddev = sample standard deviation with n-1 denominator (null for n < 2); cv = stddev/mean"
true,tree,tree/lifecycle,restic,read_full,2,0,0,0,,cpu_ns,ns,2,575548000,575548000,581711000,581711000,578629500,4357899.092452693,0.007531415339958804,"median = lower of the two middle samples for even n; p95 = nearest-rank (sorted ascending, index ceil(0.95*n)-1); stddev = sample standard deviation with n-1 denominator (null for n < 2); cv = stddev/mean"
true,tree,tree/lifecycle,restic,read_full,2,0,0,0,,max_rss_bytes,bytes,2,92143616,92143616,97931264,97931264,95037440,4092485.1479207594,0.043061820140786196,"median = lower of the two middle samples for even n; p95 = nearest-rank (sorted ascending, index ceil(0.95*n)-1); stddev = sample standard deviation with n-1 denominator (null for n < 2); cv = stddev/mean"
true,tree,tree/lifecycle,restic,read_full,2,0,0,0,,throughput_bytes_per_s,bytes/s,2,45290481.0661079,45290481.0661079,45747352.388374574,45747352.388374574,45518916.72724123,323056.81010443077,0.007097198996194352,"median = lower of the two middle samples for even n; p95 = nearest-rank (sorted ascending, index ceil(0.95*n)-1); stddev = sample standard deviation with n-1 denominator (null for n < 2); cv = stddev/mean"
true,tree,tree/lifecycle,restic,read_full,2,0,0,0,,logical_bytes,bytes,2,34237158,34237158,34237158,34237158,34237158,0,0,"median = lower of the two middle samples for even n; p95 = nearest-rank (sorted ascending, index ceil(0.95*n)-1); stddev = sample standard deviation with n-1 denominator (null for n < 2); cv = stddev/mean"
true,tree,tree/lifecycle,restic,restore_full,2,0,0,0,,wall_ns,ns,2,766374504,766374504,768218608,768218608,767296556,1303978.443613237,0.001699445192887373,"median = lower of the two middle samples for even n; p95 = nearest-rank (sorted ascending, index ceil(0.95*n)-1); stddev = sample standard deviation with n-1 denominator (null for n < 2); cv = stddev/mean"
true,tree,tree/lifecycle,restic,restore_full,2,0,0,0,,cpu_ns,ns,2,578139000,578139000,582361000,582361000,580250000,2985404.8301696037,0.005145032020973035,"median = lower of the two middle samples for even n; p95 = nearest-rank (sorted ascending, index ceil(0.95*n)-1); stddev = sample standard deviation with n-1 denominator (null for n < 2); cv = stddev/mean"
true,tree,tree/lifecycle,restic,restore_full,2,0,0,0,,max_rss_bytes,bytes,2,87564288,87564288,89178112,89178112,88371200,1141145.8940415988,0.012913097185979128,"median = lower of the two middle samples for even n; p95 = nearest-rank (sorted ascending, index ceil(0.95*n)-1); stddev = sample standard deviation with n-1 denominator (null for n < 2); cv = stddev/mean"
true,tree,tree/lifecycle,restic,restore_full,2,0,0,0,,throughput_bytes_per_s,bytes/s,2,44566947.0167273,44566947.0167273,44674187.125619724,44674187.125619724,44620567.07117351,75830.20821301812,0.0016994451928874557,"median = lower of the two middle samples for even n; p95 = nearest-rank (sorted ascending, index ceil(0.95*n)-1); stddev = sample standard deviation with n-1 denominator (null for n < 2); cv = stddev/mean"
true,tree,tree/lifecycle,restic,restore_full,2,0,0,0,,logical_bytes,bytes,2,34237158,34237158,34237158,34237158,34237158,0,0,"median = lower of the two middle samples for even n; p95 = nearest-rank (sorted ascending, index ceil(0.95*n)-1); stddev = sample standard deviation with n-1 denominator (null for n < 2); cv = stddev/mean"
true,tree,tree/lifecycle,restic,ref_delete,2,0,0,0,,wall_ns,ns,2,716409306,716409306,737587417,737587417,726998361.5,14975185.900821416,0.02059865151542218,"median = lower of the two middle samples for even n; p95 = nearest-rank (sorted ascending, index ceil(0.95*n)-1); stddev = sample standard deviation with n-1 denominator (null for n < 2); cv = stddev/mean"
true,tree,tree/lifecycle,restic,ref_delete,2,0,0,0,,cpu_ns,ns,2,523373000,523373000,545083000,545083000,534228000,15351288.219559947,0.028735461674715565,"median = lower of the two middle samples for even n; p95 = nearest-rank (sorted ascending, index ceil(0.95*n)-1); stddev = sample standard deviation with n-1 denominator (null for n < 2); cv = stddev/mean"
true,tree,tree/lifecycle,restic,ref_delete,2,0,0,0,,max_rss_bytes,bytes,2,70090752,70090752,70610944,70610944,70350848,367831.29071899253,0.0052285267509354335,"median = lower of the two middle samples for even n; p95 = nearest-rank (sorted ascending, index ceil(0.95*n)-1); stddev = sample standard deviation with n-1 denominator (null for n < 2); cv = stddev/mean"
true,tree,tree/lifecycle,restic,ref_delete,2,0,0,0,,store_apparent_bytes,bytes,2,13906597,13906597,16789782,16789782,15348189.5,2038719.664915336,0.1328312805178315,"median = lower of the two middle samples for even n; p95 = nearest-rank (sorted ascending, index ceil(0.95*n)-1); stddev = sample standard deviation with n-1 denominator (null for n < 2); cv = stddev/mean"
true,tree,tree/lifecycle,restic,ref_delete,2,0,0,0,,store_allocated_bytes,bytes,2,15003648,15003648,17887232,17887232,16445440,2039001.8005210294,0.12398584656421655,"median = lower of the two middle samples for even n; p95 = nearest-rank (sorted ascending, index ceil(0.95*n)-1); stddev = sample standard deviation with n-1 denominator (null for n < 2); cv = stddev/mean"
true,tree,tree/lifecycle,restic,gc,2,0,0,0,,wall_ns,ns,2,887372841,887372841,902349342,902349342,894861091.5,10589985.41554711,0.011834222670018848,"median = lower of the two middle samples for even n; p95 = nearest-rank (sorted ascending, index ceil(0.95*n)-1); stddev = sample standard deviation with n-1 denominator (null for n < 2); cv = stddev/mean"
true,tree,tree/lifecycle,restic,gc,2,0,0,0,,cpu_ns,ns,2,713924000,713924000,730413000,730413000,722168500,11659483.714984981,0.016145101475604353,"median = lower of the two middle samples for even n; p95 = nearest-rank (sorted ascending, index ceil(0.95*n)-1); stddev = sample standard deviation with n-1 denominator (null for n < 2); cv = stddev/mean"
true,tree,tree/lifecycle,restic,gc,2,0,0,0,,max_rss_bytes,bytes,2,171794432,171794432,172806144,172806144,172300288,715388.4158078043,0.004151986187091018,"median = lower of the two middle samples for even n; p95 = nearest-rank (sorted ascending, index ceil(0.95*n)-1); stddev = sample standard deviation with n-1 denominator (null for n < 2); cv = stddev/mean"
true,tree,tree/lifecycle,restic,gc,2,0,0,0,,store_apparent_bytes,bytes,2,13714115,13714115,16597336,16597336,15155725.5,2038745.1207594587,0.13451979720531748,"median = lower of the two middle samples for even n; p95 = nearest-rank (sorted ascending, index ceil(0.95*n)-1); stddev = sample standard deviation with n-1 denominator (null for n < 2); cv = stddev/mean"
true,tree,tree/lifecycle,restic,gc,2,0,0,0,,store_allocated_bytes,bytes,2,14811136,14811136,17694720,17694720,16252928,2039001.8005210294,0.1254544289201939,"median = lower of the two middle samples for even n; p95 = nearest-rank (sorted ascending, index ceil(0.95*n)-1); stddev = sample standard deviation with n-1 denominator (null for n < 2); cv = stddev/mean"
true,tree,tree/lifecycle,restic,gc,2,0,0,0,,reclaimed_bytes,bytes,2,192512,192512,192512,192512,192512,0,0,"median = lower of the two middle samples for even n; p95 = nearest-rank (sorted ascending, index ceil(0.95*n)-1); stddev = sample standard deviation with n-1 denominator (null for n < 2); cv = stddev/mean"
true,blob,blob/source-history,amber-rust-s3,push_initial,2,0,0,0,,wall_ns,ns,2,51740964,51740964,53840057,53840057,52790510.5,1484282.8946412136,0.028116471702640828,"median = lower of the two middle samples for even n; p95 = nearest-rank (sorted ascending, index ceil(0.95*n)-1); stddev = sample standard deviation with n-1 denominator (null for n < 2); cv = stddev/mean"
true,blob,blob/source-history,amber-rust-s3,push_initial,2,0,0,0,,cpu_ns,ns,2,34571000,34571000,35066000,35066000,34818500,350017.856687341,0.010052640311539584,"median = lower of the two middle samples for even n; p95 = nearest-rank (sorted ascending, index ceil(0.95*n)-1); stddev = sample standard deviation with n-1 denominator (null for n < 2); cv = stddev/mean"
true,blob,blob/source-history,amber-rust-s3,push_initial,2,0,0,0,,max_rss_bytes,bytes,2,40456192,40456192,43520000,43520000,41988096,2166439.4130535936,0.05159651471344625,"median = lower of the two middle samples for even n; p95 = nearest-rank (sorted ascending, index ceil(0.95*n)-1); stddev = sample standard deviation with n-1 denominator (null for n < 2); cv = stddev/mean"
true,blob,blob/source-history,amber-rust-s3,push_initial,2,0,0,0,,throughput_bytes_per_s,bytes/s,2,113209835.56908196,113209835.56908196,117802675.65173312,117802675.65173312,115506255.61040753,3247628.367348014,0.02811647170264076,"median = lower of the two middle samples for even n; p95 = nearest-rank (sorted ascending, index ceil(0.95*n)-1); stddev = sample standard deviation with n-1 denominator (null for n < 2); cv = stddev/mean"
true,blob,blob/source-history,amber-rust-s3,push_initial,2,0,0,0,,logical_bytes,bytes,2,6095224,6095224,6095224,6095224,6095224,0,0,"median = lower of the two middle samples for even n; p95 = nearest-rank (sorted ascending, index ceil(0.95*n)-1); stddev = sample standard deviation with n-1 denominator (null for n < 2); cv = stddev/mean"
true,blob,blob/source-history,amber-rust-s3,push_noop,2,0,0,0,,wall_ns,ns,2,18823663,18823663,19379284,19379284,19101473.5,392883.37686965073,0.020568223538862104,"median = lower of the two middle samples for even n; p95 = nearest-rank (sorted ascending, index ceil(0.95*n)-1); stddev = sample standard deviation with n-1 denominator (null for n < 2); cv = stddev/mean"
true,blob,blob/source-history,amber-rust-s3,push_noop,2,0,0,0,,cpu_ns,ns,2,25633000,25633000,28319000,28319000,26976000,1899288.8142670665,0.07040661381476374,"median = lower of the two middle samples for even n; p95 = nearest-rank (sorted ascending, index ceil(0.95*n)-1); stddev = sample standard deviation with n-1 denominator (null for n < 2); cv = stddev/mean"
true,blob,blob/source-history,amber-rust-s3,push_noop,2,0,0,0,,max_rss_bytes,bytes,2,40456192,40456192,43520000,43520000,41988096,2166439.4130535936,0.05159651471344625,"median = lower of the two middle samples for even n; p95 = nearest-rank (sorted ascending, index ceil(0.95*n)-1); stddev = sample standard deviation with n-1 denominator (null for n < 2); cv = stddev/mean"
true,blob,blob/source-history,amber-rust-s3,push_noop,2,0,0,0,,throughput_bytes_per_s,bytes/s,2,137363.17605954895,137363.17605954895,141417.7463759312,141417.7463759312,139390.46121774008,2867.0141655115726,0.020568223538862146,"median = lower of the two middle samples for even n; p95 = nearest-rank (sorted ascending, index ceil(0.95*n)-1); stddev = sample standard deviation with n-1 denominator (null for n < 2); cv = stddev/mean"
true,blob,blob/source-history,amber-rust-s3,push_noop,2,0,0,0,,logical_bytes,bytes,2,2662,2662,2662,2662,2662,0,0,"median = lower of the two middle samples for even n; p95 = nearest-rank (sorted ascending, index ceil(0.95*n)-1); stddev = sample standard deviation with n-1 denominator (null for n < 2); cv = stddev/mean"
true,blob,blob/source-history,amber-rust-s3,pull_fresh,2,0,0,0,,wall_ns,ns,2,22390750,22390750,23075087,23075087,22732918.5,483899.3333168584,0.02128628285527256,"median = lower of the two middle samples for even n; p95 = nearest-rank (sorted ascending, index ceil(0.95*n)-1); stddev = sample standard deviation with n-1 denominator (null for n < 2); cv = stddev/mean"
true,blob,blob/source-history,amber-rust-s3,pull_fresh,2,0,0,0,,cpu_ns,ns,2,28922000,28922000,29158000,29158000,29040000,166877.20036002522,0.005746460067493982,"median = lower of the two middle samples for even n; p95 = nearest-rank (sorted ascending, index ceil(0.95*n)-1); stddev = sample standard deviation with n-1 denominator (null for n < 2); cv = stddev/mean"
true,blob,blob/source-history,amber-rust-s3,pull_fresh,2,0,0,0,,max_rss_bytes,bytes,2,40456192,40456192,43520000,43520000,41988096,2166439.4130535936,0.05159651471344625,"median = lower of the two middle samples for even n; p95 = nearest-rank (sorted ascending, index ceil(0.95*n)-1); stddev = sample standard deviation with n-1 denominator (null for n < 2); cv = stddev/mean"
true,blob,blob/source-history,amber-rust-s3,pull_fresh,2,0,0,0,,throughput_bytes_per_s,bytes/s,2,263963815.174348,263963815.174348,272031441.55510646,272031441.55510646,267997628.36472723,5704673.321913794,0.021286282855272533,"median = lower of the two middle samples for even n; p95 = nearest-rank (sorted ascending, index ceil(0.95*n)-1); stddev = sample standard deviation with n-1 denominator (null for n < 2); cv = stddev/mean"
true,blob,blob/source-history,amber-rust-s3,pull_fresh,2,0,0,0,,logical_bytes,bytes,2,6090988,6090988,6090988,6090988,6090988,0,0,"median = lower of the two middle samples for even n; p95 = nearest-rank (sorted ascending, index ceil(0.95*n)-1); stddev = sample standard deviation with n-1 denominator (null for n < 2); cv = stddev/mean"
true,blob,blob/source-history,amber-rust-s3,push_incremental,2,0,0,0,,wall_ns,ns,2,52354585,52354585,53653190,53653190,53003887.5,918252.4015827565,0.01732424629387338,"median = lower of the two middle samples for even n; p95 = nearest-rank (sorted ascending, index ceil(0.95*n)-1); stddev = sample standard deviation with n-1 denominator (null for n < 2); cv = stddev/mean"
true,blob,blob/source-history,amber-rust-s3,push_incremental,2,0,0,0,,cpu_ns,ns,2,34529000,34529000,35168000,35168000,34848500,451841.23317820387,0.01296587322777749,"median = lower of the two middle samples for even n; p95 = nearest-rank (sorted ascending, index ceil(0.95*n)-1); stddev = sample standard deviation with n-1 denominator (null for n < 2); cv = stddev/mean"
true,blob,blob/source-history,amber-rust-s3,push_incremental,2,0,0,0,,max_rss_bytes,bytes,2,40456192,40456192,43663360,43663360,42059776,2267810.2412044974,0.05391874272474721,"median = lower of the two middle samples for even n; p95 = nearest-rank (sorted ascending, index ceil(0.95*n)-1); stddev = sample standard deviation with n-1 denominator (null for n < 2); cv = stddev/mean"
true,blob,blob/source-history,amber-rust-s3,push_incremental,2,0,0,0,,throughput_bytes_per_s,bytes/s,2,113937549.65920945,113937549.65920945,116763660.7185407,116763660.7185407,115350605.18887508,1998362.2944394264,0.01732424629387343,"median = lower of the two middle samples for even n; p95 = nearest-rank (sorted ascending, index ceil(0.95*n)-1); stddev = sample standard deviation with n-1 denominator (null for n < 2); cv = stddev/mean"
true,blob,blob/source-history,amber-rust-s3,push_incremental,2,0,0,0,,logical_bytes,bytes,2,6113113,6113113,6113113,6113113,6113113,0,0,"median = lower of the two middle samples for even n; p95 = nearest-rank (sorted ascending, index ceil(0.95*n)-1); stddev = sample standard deviation with n-1 denominator (null for n < 2); cv = stddev/mean"
true,blob,blob/source-history,amber-rust-s3,pull_incremental,2,0,0,0,,wall_ns,ns,2,23601761,23601761,65085962,65085962,44343861.5,29333759.839205757,0.661506662860332,"median = lower of the two middle samples for even n; p95 = nearest-rank (sorted ascending, index ceil(0.95*n)-1); stddev = sample standard deviation with n-1 denominator (null for n < 2); cv = stddev/mean"
true,blob,blob/source-history,amber-rust-s3,pull_incremental,2,0,0,0,,cpu_ns,ns,2,32368000,32368000,32688000,32688000,32528000,226274.1699796952,0.006956289042661559,"median = lower of the two middle samples for even n; p95 = nearest-rank (sorted ascending, index ceil(0.95*n)-1); stddev = sample standard deviation with n-1 denominator (null for n < 2); cv = stddev/mean"
true,blob,blob/source-history,amber-rust-s3,pull_incremental,2,0,0,0,,max_rss_bytes,bytes,2,40456192,40456192,43663360,43663360,42059776,2267810.2412044974,0.05391874272474721,"median = lower of the two middle samples for even n; p95 = nearest-rank (sorted ascending, index ceil(0.95*n)-1); stddev = sample standard deviation with n-1 denominator (null for n < 2); cv = stddev/mean"
true,blob,blob/source-history,amber-rust-s3,pull_incremental,2,0,0,0,,throughput_bytes_per_s,bytes/s,2,93849054.57800563,93849054.57800563,258805095.09438723,258805095.09438723,176327074.83619642,116641534.84681632,0.661506662860332,"median = lower of the two middle samples for even n; p95 = nearest-rank (sorted ascending, index ceil(0.95*n)-1); stddev = sample standard deviation with n-1 denominator (null for n < 2); cv = stddev/mean"
true,blob,blob/source-history,amber-rust-s3,pull_incremental,2,0,0,0,,logical_bytes,bytes,2,6108256,6108256,6108256,6108256,6108256,0,0,"median = lower of the two middle samples for even n; p95 = nearest-rank (sorted ascending, index ceil(0.95*n)-1); stddev = sample standard deviation with n-1 denominator (null for n < 2); cv = stddev/mean"
true,blob,blob/source-history,amber-rust-s3,retention_cleanup,2,0,0,0,,wall_ns,ns,2,50161760,50161760,53674310,53674310,51918035,2483747.9242568077,0.047839790628763354,"median = lower of the two middle samples for even n; p95 = nearest-rank (sorted ascending, index ceil(0.95*n)-1); stddev = sample standard deviation with n-1 denominator (null for n < 2); cv = stddev/mean"
true,blob,blob/source-history,amber-rust-s3,retention_cleanup,2,0,0,0,,cpu_ns,ns,2,33608000,33608000,34614000,34614000,34111000,711349.4218736668,0.020853959774667023,"median = lower of the two middle samples for even n; p95 = nearest-rank (sorted ascending, index ceil(0.95*n)-1); stddev = sample standard deviation with n-1 denominator (null for n < 2); cv = stddev/mean"
true,blob,blob/source-history,amber-rust-s3,retention_cleanup,2,0,0,0,,max_rss_bytes,bytes,2,40456192,40456192,43663360,43663360,42059776,2267810.2412044974,0.05391874272474721,"median = lower of the two middle samples for even n; p95 = nearest-rank (sorted ascending, index ceil(0.95*n)-1); stddev = sample standard deviation with n-1 denominator (null for n < 2); cv = stddev/mean"
true,blob,blob/source-history,amber-rust-s3,retention_cleanup,2,0,0,0,,throughput_bytes_per_s,bytes/s,2,114270737.71418767,114270737.71418767,122272484.05957048,122272484.05957048,118271610.88687907,5658089.102154858,0.04783979062876331,"median = lower of the two middle samples for even n; p95 = nearest-rank (sorted ascending, index ceil(0.95*n)-1); stddev = sample standard deviation with n-1 denominator (null for n < 2); cv = stddev/mean"
true,blob,blob/source-history,amber-rust-s3,retention_cleanup,2,0,0,0,,logical_bytes,bytes,2,6133403,6133403,6133403,6133403,6133403,0,0,"median = lower of the two middle samples for even n; p95 = nearest-rank (sorted ascending, index ceil(0.95*n)-1); stddev = sample standard deviation with n-1 denominator (null for n < 2); cv = stddev/mean"
true,backup,backup/retention,amber-rust,backup_initial,2,0,0,0,,wall_ns,ns,2,24196316,24196316,25015750,25015750,24606033,579427.3381348174,0.02354818178675195,"median = lower of the two middle samples for even n; p95 = nearest-rank (sorted ascending, index ceil(0.95*n)-1); stddev = sample standard deviation with n-1 denominator (null for n < 2); cv = stddev/mean"
true,backup,backup/retention,amber-rust,backup_initial,2,0,0,0,,cpu_ns,ns,2,151658000,151658000,153565000,153565000,152611500,1348452.6317227462,0.008835852027683014,"median = lower of the two middle samples for even n; p95 = nearest-rank (sorted ascending, index ceil(0.95*n)-1); stddev = sample standard deviation with n-1 denominator (null for n < 2); cv = stddev/mean"
true,backup,backup/retention,amber-rust,backup_initial,2,0,0,0,,max_rss_bytes,bytes,2,51773440,51773440,56209408,56209408,53991424,3136703.053926527,0.05809632014755764,"median = lower of the two middle samples for even n; p95 = nearest-rank (sorted ascending, index ceil(0.95*n)-1); stddev = sample standard deviation with n-1 denominator (null for n < 2); cv = stddev/mean"
true,backup,backup/retention,amber-rust,backup_initial,2,0,0,0,,throughput_bytes_per_s,bytes/s,2,1368624086.8253,1368624086.8253,1414973998.5210972,1414973998.5210972,1391799042.6731987,32774336.867495872,0.023548181786751988,"median = lower of the two middle samples for even n; p95 = nearest-rank (sorted ascending, index ceil(0.95*n)-1); stddev = sample standard deviation with n-1 denominator (null for n < 2); cv = stddev/mean"
true,backup,backup/retention,amber-rust,backup_initial,2,0,0,0,,logical_bytes,bytes,2,34237158,34237158,34237158,34237158,34237158,0,0,"median = lower of the two middle samples for even n; p95 = nearest-rank (sorted ascending, index ceil(0.95*n)-1); stddev = sample standard deviation with n-1 denominator (null for n < 2); cv = stddev/mean"
true,backup,backup/retention,amber-rust,backup_initial,2,0,0,0,,store_apparent_bytes,bytes,2,15428920,15428920,15428964,15428964,15428942,31.11269837220809,0.000002016515349672589,"median = lower of the two middle samples for even n; p95 = nearest-rank (sorted ascending, index ceil(0.95*n)-1); stddev = sample standard deviation with n-1 denominator (null for n < 2); cv = stddev/mean"
true,backup,backup/retention,amber-rust,backup_initial,2,0,0,0,,store_allocated_bytes,bytes,2,13381632,13381632,13385728,13385728,13383680,2896.309375740099,0.0002164060539209021,"median = lower of the two middle samples for even n; p95 = nearest-rank (sorted ascending, index ceil(0.95*n)-1); stddev = sample standard deviation with n-1 denominator (null for n < 2); cv = stddev/mean"
true,backup,backup/retention,amber-rust,backup_unchanged,2,0,0,0,,wall_ns,ns,2,17156391,17156391,17218680,17218680,17187535.5,44044.97429332886,0.002562611393199965,"median = lower of the two middle samples for even n; p95 = nearest-rank (sorted ascending, index ceil(0.95*n)-1); stddev = sample standard deviation with n-1 denominator (null for n < 2); cv = stddev/mean"
true,backup,backup/retention,amber-rust,backup_unchanged,2,0,0,0,,cpu_ns,ns,2,82672000,82672000,86365000,86365000,84518500,2611345.34292192,0.03089673080949047,"median = lower of the two middle samples for even n; p95 = nearest-rank (sorted ascending, index ceil(0.95*n)-1); stddev = sample standard deviation with n-1 denominator (null for n < 2); cv = stddev/mean"
true,backup,backup/retention,amber-rust,backup_unchanged,2,0,0,0,,max_rss_bytes,bytes,2,40456192,40456192,42295296,42295296,41375744,1300442.9097073043,0.031430079171683396,"median = lower of the two middle samples for even n; p95 = nearest-rank (sorted ascending, index ceil(0.95*n)-1); stddev = sample standard deviation with n-1 denominator (null for n < 2); cv = stddev/mean"
true,backup,backup/retention,amber-rust,backup_unchanged,2,0,0,0,,throughput_bytes_per_s,bytes/s,2,1988372976.3257115,1988372976.3257115,1995592079.9426873,1995592079.9426873,1991982528.1341994,5104677.121651909,0.002562611393199935,"median = lower of the two middle samples for even n; p95 = nearest-rank (sorted ascending, index ceil(0.95*n)-1); stddev = sample standard deviation with n-1 denominator (null for n < 2); cv = stddev/mean"
true,backup,backup/retention,amber-rust,backup_unchanged,2,0,0,0,,logical_bytes,bytes,2,34237158,34237158,34237158,34237158,34237158,0,0,"median = lower of the two middle samples for even n; p95 = nearest-rank (sorted ascending, index ceil(0.95*n)-1); stddev = sample standard deviation with n-1 denominator (null for n < 2); cv = stddev/mean"
true,backup,backup/retention,amber-rust,backup_unchanged,2,0,0,0,,store_apparent_bytes,bytes,2,15428920,15428920,15428964,15428964,15428942,31.11269837220809,0.000002016515349672589,"median = lower of the two middle samples for even n; p95 = nearest-rank (sorted ascending, index ceil(0.95*n)-1); stddev = sample standard deviation with n-1 denominator (null for n < 2); cv = stddev/mean"
true,backup,backup/retention,amber-rust,backup_unchanged,2,0,0,0,,store_allocated_bytes,bytes,2,13389824,13389824,13393920,13393920,13391872,2896.309375740099,0.000216273675236748,"median = lower of the two middle samples for even n; p95 = nearest-rank (sorted ascending, index ceil(0.95*n)-1); stddev = sample standard deviation with n-1 denominator (null for n < 2); cv = stddev/mean"
true,backup,backup/retention,amber-rust,backup_changed,2,0,0,0,,wall_ns,ns,2,16135043,16135043,18434029,18434029,17284536,1625628.5904529362,0.09405104021611782,"median = lower of the two middle samples for even n; p95 = nearest-rank (sorted ascending, index ceil(0.95*n)-1); stddev = sample standard deviation with n-1 denominator (null for n < 2); cv = stddev/mean"
true,backup,backup/retention,amber-rust,backup_changed,2,0,0,0,,cpu_ns,ns,2,83360000,83360000,92582000,92582000,87971000,6520938.736102342,0.0741260044344425,"median = lower of the two middle samples for even n; p95 = nearest-rank (sorted ascending, index ceil(0.95*n)-1); stddev = sample standard deviation with n-1 denominator (null for n < 2); cv = stddev/mean"
true,backup,backup/retention,amber-rust,backup_changed,2,0,0,0,,max_rss_bytes,bytes,2,40456192,40456192,42295296,42295296,41375744,1300442.9097073043,0.031430079171683396,"median = lower of the two middle samples for even n; p95 = nearest-rank (sorted ascending, index ceil(0.95*n)-1); stddev = sample standard deviation with n-1 denominator (null for n < 2); cv = stddev/mean"
true,backup,backup/retention,amber-rust,backup_changed,2,0,0,0,,throughput_bytes_per_s,bytes/s,2,1858368780.910565,1858368780.910565,2123156659.700256,2123156659.700256,1990762720.3054104,187233304.66819227,0.09405104021611782,"median = lower of the two middle samples for even n; p95 = nearest-rank (sorted ascending, index ceil(0.95*n)-1); stddev = sample standard deviation with n-1 denominator (null for n < 2); cv = stddev/mean"
true,backup,backup/retention,amber-rust,backup_changed,2,0,0,0,,logical_bytes,bytes,2,34257224,34257224,34257224,34257224,34257224,0,0,"median = lower of the two middle samples for even n; p95 = nearest-rank (sorted ascending, index ceil(0.95*n)-1); stddev = sample standard deviation with n-1 denominator (null for n < 2); cv = stddev/mean"
true,backup,backup/retention,amber-rust,backup_changed,2,0,0,0,,store_apparent_bytes,bytes,2,15625711,15625711,15625755,15625755,15625733,31.11269837220809,0.0000019911192884332586,"median = lower of the two middle samples for even n; p95 = nearest-rank (sorted ascending, index ceil(0.95*n)-1); stddev = sample standard deviation with n-1 denominator (null for n < 2); cv = stddev/mean"
true,backup,backup/retention,amber-rust,backup_changed,2,0,0,0,,store_allocated_bytes,bytes,2,13586432,13586432,13590528,13590528,13588480,2896.309375740099,0.0002131444705912728,"median = lower of the two middle samples for even n; p95 = nearest-rank (sorted ascending, index ceil(0.95*n)-1); stddev = sample standard deviation with n-1 denominator (null for n < 2); cv = stddev/mean"
true,backup,backup/retention,amber-rust,backup_changed_again,2,0,0,0,,wall_ns,ns,2,18374265,18374265,19123495,19123495,18748880,529785.613668397,0.028256920609038883,"median = lower of the two middle samples for even n; p95 = nearest-rank (sorted ascending, index ceil(0.95*n)-1); stddev = sample standard deviation with n-1 denominator (null for n < 2); cv = stddev/mean"
true,backup,backup/retention,amber-rust,backup_changed_again,2,0,0,0,,cpu_ns,ns,2,85443000,85443000,91476000,91476000,88459500,4265975.210898441,0.04822517887732173,"median = lower of the two middle samples for even n; p95 = nearest-rank (sorted ascending, index ceil(0.95*n)-1); stddev = sample standard deviation with n-1 denominator (null for n < 2); cv = stddev/mean"
true,backup,backup/retention,amber-rust,backup_changed_again,2,0,0,0,,max_rss_bytes,bytes,2,40456192,40456192,42295296,42295296,41375744,1300442.9097073043,0.031430079171683396,"median = lower of the two middle samples for even n; p95 = nearest-rank (sorted ascending, index ceil(0.95*n)-1); stddev = sample standard deviation with n-1 denominator (null for n < 2); cv = stddev/mean"
true,backup,backup/retention,amber-rust,backup_changed_again,2,0,0,0,,throughput_bytes_per_s,bytes/s,2,1792273169.7317882,1792273169.7317882,1865354995.152187,1865354995.152187,1828814082.4419875,51676654.336255506,0.02825692060903887,"median = lower of the two middle samples for even n; p95 = nearest-rank (sorted ascending, index ceil(0.95*n)-1); stddev = sample standard deviation with n-1 denominator (null for n < 2); cv = stddev/mean"
true,backup,backup/retention,amber-rust,backup_changed_again,2,0,0,0,,logical_bytes,bytes,2,34274527,34274527,34274527,34274527,34274527,0,0,"median = lower of the two middle samples for even n; p95 = nearest-rank (sorted ascending, index ceil(0.95*n)-1); stddev = sample standard deviation with n-1 denominator (null for n < 2); cv = stddev/mean"
true,backup,backup/retention,amber-rust,backup_changed_again,2,0,0,0,,store_apparent_bytes,bytes,2,15820372,15820372,15820416,15820416,15820394,31.11269837220809,0.0000019666196917856844,"median = lower of the two middle samples for even n; p95 = nearest-rank (sorted ascending, index ceil(0.95*n)-1); stddev = sample standard deviation with n-1 denominator (null for n < 2); cv = stddev/mean"
true,backup,backup/retention,amber-rust,backup_changed_again,2,0,0,0,,store_allocated_bytes,bytes,2,13783040,13783040,13783040,13783040,13783040,0,0,"median = lower of the two middle samples for even n; p95 = nearest-rank (sorted ascending, index ceil(0.95*n)-1); stddev = sample standard deviation with n-1 denominator (null for n < 2); cv = stddev/mean"
true,backup,backup/retention,amber-rust,list_snapshot,2,0,0,0,,wall_ns,ns,2,136902866,136902866,159117435,159117435,148010150.5,15708072.381036462,0.10612834544098691,"median = lower of the two middle samples for even n; p95 = nearest-rank (sorted ascending, index ceil(0.95*n)-1); stddev = sample standard deviation with n-1 denominator (null for n < 2); cv = stddev/mean"
true,backup,backup/retention,amber-rust,list_snapshot,2,0,0,0,,cpu_ns,ns,2,125828000,125828000,147819000,147819000,136823500,15549985.225073367,0.11364995943732888,"median = lower of the two middle samples for even n; p95 = nearest-rank (sorted ascending, index ceil(0.95*n)-1); stddev = sample standard deviation with n-1 denominator (null for n < 2); cv = stddev/mean"
true,backup,backup/retention,amber-rust,list_snapshot,2,0,0,0,,max_rss_bytes,bytes,2,40456192,40456192,42295296,42295296,41375744,1300442.9097073043,0.031430079171683396,"median = lower of the two middle samples for even n; p95 = nearest-rank (sorted ascending, index ceil(0.95*n)-1); stddev = sample standard deviation with n-1 denominator (null for n < 2); cv = stddev/mean"
true,backup,backup/retention,amber-rust,restore_latest,2,0,0,0,,wall_ns,ns,2,46128961,46128961,46671819,46671819,46400390,383858.57302136684,0.00827274453989216,"median = lower of the two middle samples for even n; p95 = nearest-rank (sorted ascending, index ceil(0.95*n)-1); stddev = sample standard deviation with n-1 denominator (null for n < 2); cv = stddev/mean"
true,backup,backup/retention,amber-rust,restore_latest,2,0,0,0,,cpu_ns,ns,2,45275000,45275000,45821000,45821000,45548000,386080.302527855,0.008476339302007882,"median = lower of the two middle samples for even n; p95 = nearest-rank (sorted ascending, index ceil(0.95*n)-1); stddev = sample standard deviation with n-1 denominator (null for n < 2); cv = stddev/mean"
true,backup,backup/retention,amber-rust,restore_latest,2,0,0,0,,max_rss_bytes,bytes,2,40456192,40456192,42295296,42295296,41375744,1300442.9097073043,0.031430079171683396,"median = lower of the two middle samples for even n; p95 = nearest-rank (sorted ascending, index ceil(0.95*n)-1); stddev = sample standard deviation with n-1 denominator (null for n < 2); cv = stddev/mean"
true,backup,backup/retention,amber-rust,restore_latest,2,0,0,0,,throughput_bytes_per_s,bytes/s,2,734373069.9675536,734373069.9675536,743015369.4552106,743015369.4552106,738694219.7113822,6111028.572767255,0.008272744539892185,"median = lower of the two middle samples for even n; p95 = nearest-rank (sorted ascending, index ceil(0.95*n)-1); stddev = sample standard deviation with n-1 denominator (null for n < 2); cv = stddev/mean"
true,backup,backup/retention,amber-rust,restore_latest,2,0,0,0,,logical_bytes,bytes,2,34274527,34274527,34274527,34274527,34274527,0,0,"median = lower of the two middle samples for even n; p95 = nearest-rank (sorted ascending, index ceil(0.95*n)-1); stddev = sample standard deviation with n-1 denominator (null for n < 2); cv = stddev/mean"
true,backup,backup/retention,amber-rust,forget_oldest,2,0,0,0,,wall_ns,ns,2,11026844,11026844,11957199,11957199,11492021.5,657860.3294108104,0.05724496159451237,"median = lower of the two middle samples for even n; p95 = nearest-rank (sorted ascending, index ceil(0.95*n)-1); stddev = sample standard deviation with n-1 denominator (null for n < 2); cv = stddev/mean"
true,backup,backup/retention,amber-rust,forget_oldest,2,0,0,0,,cpu_ns,ns,2,10140000,10140000,11093000,11093000,10616500,673872.7624707798,0.06347409809925869,"median = lower of the two middle samples for even n; p95 = nearest-rank (sorted ascending, index ceil(0.95*n)-1); stddev = sample standard deviation with n-1 denominator (null for n < 2); cv = stddev/mean"
true,backup,backup/retention,amber-rust,forget_oldest,2,0,0,0,,max_rss_bytes,bytes,2,40456192,40456192,42295296,42295296,41375744,1300442.9097073043,0.031430079171683396,"median = lower of the two middle samples for even n; p95 = nearest-rank (sorted ascending, index ceil(0.95*n)-1); stddev = sample standard deviation with n-1 denominator (null for n < 2); cv = stddev/mean"
true,backup,backup/retention,amber-rust,forget_oldest,2,0,0,0,,store_apparent_bytes,bytes,2,15820372,15820372,15820416,15820416,15820394,31.11269837220809,0.0000019666196917856844,"median = lower of the two middle samples for even n; p95 = nearest-rank (sorted ascending, index ceil(0.95*n)-1); stddev = sample standard deviation with n-1 denominator (null for n < 2); cv = stddev/mean"
true,backup,backup/retention,amber-rust,forget_oldest,2,0,0,0,,store_allocated_bytes,bytes,2,13783040,13783040,13783040,13783040,13783040,0,0,"median = lower of the two middle samples for even n; p95 = nearest-rank (sorted ascending, index ceil(0.95*n)-1); stddev = sample standard deviation with n-1 denominator (null for n < 2); cv = stddev/mean"
true,backup,backup/retention,amber-rust,prune,2,0,0,0,,wall_ns,ns,2,12285145,12285145,12681442,12681442,12483293.5,280224.2960638852,0.022447945813649676,"median = lower of the two middle samples for even n; p95 = nearest-rank (sorted ascending, index ceil(0.95*n)-1); stddev = sample standard deviation with n-1 denominator (null for n < 2); cv = stddev/mean"
true,backup,backup/retention,amber-rust,prune,2,0,0,0,,cpu_ns,ns,2,18245000,18245000,19061000,19061000,18653000,576999.1334482228,0.03093331546926622,"median = lower of the two middle samples for even n; p95 = nearest-rank (sorted ascending, index ceil(0.95*n)-1); stddev = sample standard deviation with n-1 denominator (null for n < 2); cv = stddev/mean"
true,backup,backup/retention,amber-rust,prune,2,0,0,0,,max_rss_bytes,bytes,2,40456192,40456192,42295296,42295296,41375744,1300442.9097073043,0.031430079171683396,"median = lower of the two middle samples for even n; p95 = nearest-rank (sorted ascending, index ceil(0.95*n)-1); stddev = sample standard deviation with n-1 denominator (null for n < 2); cv = stddev/mean"
true,backup,backup/retention,amber-rust,prune,2,0,0,0,,store_apparent_bytes,bytes,2,15636139,15636139,15636183,15636183,15636161,31.11269837220809,0.000001989791379879504,"median = lower of the two middle samples for even n; p95 = nearest-rank (sorted ascending, index ceil(0.95*n)-1); stddev = sample standard deviation with n-1 denominator (null for n < 2); cv = stddev/mean"
true,backup,backup/retention,amber-rust,prune,2,0,0,0,,store_allocated_bytes,bytes,2,13598720,13598720,13598720,13598720,13598720,0,0,"median = lower of the two middle samples for even n; p95 = nearest-rank (sorted ascending, index ceil(0.95*n)-1); stddev = sample standard deviation with n-1 denominator (null for n < 2); cv = stddev/mean"
true,backup,backup/retention,amber-rust,prune,2,0,0,0,,reclaimed_bytes,bytes,2,184320,184320,184320,184320,184320,0,0,"median = lower of the two middle samples for even n; p95 = nearest-rank (sorted ascending, index ceil(0.95*n)-1); stddev = sample standard deviation with n-1 denominator (null for n < 2); cv = stddev/mean"
true,blob,blob/backup-corpus,restic-s3,push_initial,2,0,0,0,,wall_ns,ns,2,924068534,924068534,936198786,936198786,930133660,8577383.446701681,0.009221667611407247,"median = lower of the two middle samples for even n; p95 = nearest-rank (sorted ascending, index ceil(0.95*n)-1); stddev = sample standard deviation with n-1 denominator (null for n < 2); cv = stddev/mean"
true,blob,blob/backup-corpus,restic-s3,push_initial,2,0,0,0,,cpu_ns,ns,2,911997000,911997000,940859000,940859000,926428000,20408515.918606136,0.022029252050462782,"median = lower of the two middle samples for even n; p95 = nearest-rank (sorted ascending, index ceil(0.95*n)-1); stddev = sample standard deviation with n-1 denominator (null for n < 2); cv = stddev/mean"
true,blob,blob/backup-corpus,restic-s3,push_initial,2,0,0,0,,max_rss_bytes,bytes,2,257589248,257589248,274063360,274063360,265826304,11648956.309226677,0.0438216840618853,"median = lower of the two middle samples for even n; p95 = nearest-rank (sorted ascending, index ceil(0.95*n)-1); stddev = sample standard deviation with n-1 denominator (null for n < 2); cv = stddev/mean"
true,blob,blob/backup-corpus,restic-s3,push_initial,2,0,0,0,,throughput_bytes_per_s,bytes/s,2,14436112.159620402,14436112.159620402,15010839.802563043,15010839.802563043,14723475.981091723,406393.8136601022,0.027601757504953577,"median = lower of the two middle samples for even n; p95 = nearest-rank (sorted ascending, index ceil(0.95*n)-1); stddev = sample standard deviation with n-1 denominator (null for n < 2); cv = stddev/mean"
true,blob,blob/backup-corpus,restic-s3,push_initial,2,0,0,0,,logical_bytes,bytes,2,13339957,13339957,14053130,14053130,13696543.5,504289.46445915365,0.03681873930157296,"median = lower of the two middle samples for even n; p95 = nearest-rank (sorted ascending, index ceil(0.95*n)-1); stddev = sample standard deviation with n-1 denominator (null for n < 2); cv = stddev/mean"
true,blob,blob/backup-corpus,restic-s3,push_noop,2,0,0,0,,wall_ns,ns,2,728750531,728750531,732667330,732667330,730708930.5,2769595.1334446883,0.003790285047631135,"median = lower of the two middle samples for even n; p95 = nearest-rank (sorted ascending, index ceil(0.95*n)-1); stddev = sample standard deviation with n-1 denominator (null for n < 2); cv = stddev/mean"
true,blob,blob/backup-corpus,restic-s3,push_noop,2,0,0,0,,cpu_ns,ns,2,541405000,541405000,544610000,544610000,543007500,2266277.233702885,0.004173565252234794,"median = lower of the two middle samples for even n; p95 = nearest-rank (sorted ascending, index ceil(0.95*n)-1); stddev = sample standard deviation with n-1 denominator (null for n < 2); cv = stddev/mean"
true,blob,blob/backup-corpus,restic-s3,push_noop,2,0,0,0,,max_rss_bytes,bytes,2,72896512,72896512,72933376,72933376,72914944,26066.784381660887,0.00035749577455152247,"median = lower of the two middle samples for even n; p95 = nearest-rank (sorted ascending, index ceil(0.95*n)-1); stddev = sample standard deviation with n-1 denominator (null for n < 2); cv = stddev/mean"
true,blob,blob/backup-corpus,restic-s3,push_noop,2,0,0,0,,throughput_bytes_per_s,bytes/s,2,19751.119515592432,19751.119515592432,19860.019834414365,19860.019834414365,19805.569675003397,77.00415391236524,0.0038880049993993437,"median = lower of the two middle samples for even n; p95 = nearest-rank (sorted ascending, index ceil(0.95*n)-1); stddev = sample standard deviation with n-1 denominator (null for n < 2); cv = stddev/mean"
true,blob,blob/backup-corpus,restic-s3,push_noop,2,0,0,0,,logical_bytes,bytes,2,14471,14471,14473,14473,14472,1.4142135623730951,0.00009772067180576943,"median = lower of the two middle samples for even n; p95 = nearest-rank (sorted ascending, index ceil(0.95*n)-1); stddev = sample standard deviation with n-1 denominator (null for n < 2); cv = stddev/mean"
true,blob,blob/backup-corpus,restic-s3,pull_fresh,2,0,0,0,,wall_ns,ns,2,864057212,864057212,899597978,899597978,881827595,25131116.64716429,0.02849890022682301,"median = lower of the two middle samples for even n; p95 = nearest-rank (sorted ascending, index ceil(0.95*n)-1); stddev = sample standard deviation with n-1 denominator (null for n < 2); cv = stddev/mean"
true,blob,blob/backup-corpus,restic-s3,pull_fresh,2,0,0,0,,cpu_ns,ns,2,584569000,584569000,589063000,589063000,586816000,3177737.8746523447,0.005415220230280607,"median = lower of the two middle samples for even n; p95 = nearest-rank (sorted ascending, index ceil(0.95*n)-1); stddev = sample standard deviation with n-1 denominator (null for n < 2); cv = stddev/mean"
true,blob,blob/backup-corpus,restic-s3,pull_fresh,2,0,0,0,,max_rss_bytes,bytes,2,87040000,87040000,90091520,90091520,88565760,2157750.4849263737,0.024363258271891685,"median = lower of the two middle samples for even n; p95 = nearest-rank (sorted ascending, index ceil(0.95*n)-1); stddev = sample standard deviation with n-1 denominator (null for n < 2); cv = stddev/mean"
true,blob,blob/backup-corpus,restic-s3,pull_fresh,2,0,0,0,,throughput_bytes_per_s,bytes/s,2,15403635.100959033,15403635.100959033,15587155.97735592,15587155.97735592,15495395.539157476,129768.85618953701,0.008374672067041206,"median = lower of the two middle samples for even n; p95 = nearest-rank (sorted ascending, index ceil(0.95*n)-1); stddev = sample standard deviation with n-1 denominator (null for n < 2); cv = stddev/mean"
true,blob,blob/backup-corpus,restic-s3,pull_fresh,2,0,0,0,,logical_bytes,bytes,2,13309622,13309622,14022174,14022174,13665898,503850.35114803683,0.03686917253063332,"median = lower of the two middle samples for even n; p95 = nearest-rank (sorted ascending, index ceil(0.95*n)-1); stddev = sample standard deviation with n-1 denominator (null for n < 2); cv = stddev/mean"
true,blob,blob/backup-corpus,restic-s3,push_incremental,2,0,0,0,,wall_ns,ns,2,751818929,751818929,755648715,755648715,753733822,2708067.651093303,0.003592870018632789,"median = lower of the two middle samples for even n; p95 = nearest-rank (sorted ascending, index ceil(0.95*n)-1); stddev = sample standard deviation with n-1 denominator (null for n < 2); cv = stddev/mean"
true,blob,blob/backup-corpus,restic-s3,push_incremental,2,0,0,0,,cpu_ns,ns,2,704703000,704703000,739764000,739764000,722233500,24791870.85518154,0.034326669775331026,"median = lower of the two middle samples for even n; p95 = nearest-rank (sorted ascending, index ceil(0.95*n)-1); stddev = sample standard deviation with n-1 denominator (null for n < 2); cv = stddev/mean"
true,blob,blob/backup-corpus,restic-s3,push_incremental,2,0,0,0,,max_rss_bytes,bytes,2,125014016,125014016,133042176,133042176,129028096,5676766.376450594,0.043996358564033944,"median = lower of the two middle samples for even n; p95 = nearest-rank (sorted ascending, index ceil(0.95*n)-1); stddev = sample standard deviation with n-1 denominator (null for n < 2); cv = stddev/mean"
true,blob,blob/backup-corpus,restic-s3,push_incremental,2,0,0,0,,throughput_bytes_per_s,bytes/s,2,305604.9661912017,305604.9661912017,308075.5100274949,308075.5100274949,306840.23810934834,1746.9382998615622,0.0056933155528285295,"median = lower of the two middle samples for even n; p95 = nearest-rank (sorted ascending, index ceil(0.95*n)-1); stddev = sample standard deviation with n-1 denominator (null for n < 2); cv = stddev/mean"
true,blob,blob/backup-corpus,restic-s3,push_incremental,2,0,0,0,,logical_bytes,bytes,2,230930,230930,231617,231617,231273.5,485.78235867515815,0.002100467017082191,"median = lower of the two middle samples for even n; p95 = nearest-rank (sorted ascending, index ceil(0.95*n)-1); stddev = sample standard deviation with n-1 denominator (null for n < 2); cv = stddev/mean"
true,blob,blob/backup-corpus,restic-s3,pull_incremental,2,0,0,0,,wall_ns,ns,2,859093382,859093382,864857740,864857740,861975561,4076016.6309869247,0.004728691642090448,"median = lower of the two middle samples for even n; p95 = nearest-rank (sorted ascending, index ceil(0.95*n)-1); stddev = sample standard deviation with n-1 denominator (null for n < 2); cv = stddev/mean"
true,blob,blob/backup-corpus,restic-s3,pull_incremental,2,0,0,0,,cpu_ns,ns,2,590414000,590414000,590490000,590490000,590452000,53740.11537017761,0.00009101521439537441,"median = lower of the two middle samples for even n; p95 = nearest-rank (sorted ascending, index ceil(0.95*n)-1); stddev = sample standard deviation with n-1 denominator (null for n < 2); cv = stddev/mean"
true,blob,blob/backup-corpus,restic-s3,pull_incremental,2,0,0,0,,max_rss_bytes,bytes,2,88203264,88203264,89718784,89718784,88961024,1071634.4690238365,0.012046112115614098,"median = lower of the two middle samples for even n; p95 = nearest-rank (sorted ascending, index ceil(0.95*n)-1); stddev = sample standard deviation with n-1 denominator (null for n < 2); cv = stddev/mean"
true,blob,blob/backup-corpus,restic-s3,pull_incremental,2,0,0,0,,throughput_bytes_per_s,bytes/s,2,15688578.543839836,15688578.543839836,16417893.190156337,16417893.190156337,16053235.866998088,515703.33202906593,0.032124572036547366,"median = lower of the two middle samples for even n; p95 = nearest-rank (sorted ascending, index ceil(0.95*n)-1); stddev = sample standard deviation with n-1 denominator (null for n < 2); cv = stddev/mean"
true,blob,blob/backup-corpus,restic-s3,pull_incremental,2,0,0,0,,logical_bytes,bytes,2,13477954,13477954,14199142,14199142,13838548,509956.9253103638,0.03685046475326485,"median = lower of the two middle samples for even n; p95 = nearest-rank (sorted ascending, index ceil(0.95*n)-1); stddev = sample standard deviation with n-1 denominator (null for n < 2); cv = stddev/mean"
true,blob,blob/backup-corpus,restic-s3,retention_cleanup,2,0,0,0,,wall_ns,ns,2,1738248397,1738248397,1777730915,1777730915,1757989656,27918356.216119923,0.015880842143089335,"median = lower of the two middle samples for even n; p95 = nearest-rank (sorted ascending, index ceil(0.95*n)-1); stddev = sample standard deviation with n-1 denominator (null for n < 2); cv = stddev/mean"
true,blob,blob/backup-corpus,restic-s3,retention_cleanup,2,0,0,0,,cpu_ns,ns,2,1260756000,1260756000,1262101000,1262101000,1261428500,951058.6206959065,0.000753953649133428,"median = lower of the two middle samples for even n; p95 = nearest-rank (sorted ascending, index ceil(0.95*n)-1); stddev = sample standard deviation with n-1 denominator (null for n < 2); cv = stddev/mean"
true,blob,blob/backup-corpus,restic-s3,retention_cleanup,2,0,0,0,,max_rss_bytes,bytes,2,184139776,184139776,184721408,184721408,184430592,411275.931355094,0.0022299767456967984,"median = lower of the two middle samples for even n; p95 = nearest-rank (sorted ascending, index ceil(0.95*n)-1); stddev = sample standard deviation with n-1 denominator (null for n < 2); cv = stddev/mean"
true,blob,blob/backup-corpus,restic-s3,retention_cleanup,2,0,0,0,,throughput_bytes_per_s,bytes/s,2,14868086.48990615,14868086.48990615,16031495.871415436,16031495.871415436,15449791.180660794,822654.6629612629,0.053246976178617685,"median = lower of the two middle samples for even n; p95 = nearest-rank (sorted ascending, index ceil(0.95*n)-1); stddev = sample standard deviation with n-1 denominator (null for n < 2); cv = stddev/mean"
true,blob,blob/backup-corpus,restic-s3,retention_cleanup,2,0,0,0,,logical_bytes,bytes,2,26431457,26431457,27866722,27866722,27149089.5,1014885.6142997101,0.03738193924697586,"median = lower of the two middle samples for even n; p95 = nearest-rank (sorted ascending, index ceil(0.95*n)-1); stddev = sample standard deviation with n-1 denominator (null for n < 2); cv = stddev/mean"
true,blob,blob/nix-closure,nix-binary-cache,push_initial,2,0,0,0,,wall_ns,ns,2,363476871,363476871,364820892,364820892,364148881.5,950366.3631571248,0.0026098291425264886,"median = lower of the two middle samples for even n; p95 = nearest-rank (sorted ascending, index ceil(0.95*n)-1); stddev = sample standard deviation with n-1 denominator (null for n < 2); cv = stddev/mean"
true,blob,blob/nix-closure,nix-binary-cache,push_initial,2,0,0,0,,cpu_ns,ns,2,610030000,610030000,629774000,629774000,619902000,13961116.287747195,0.022521489344682215,"median = lower of the two middle samples for even n; p95 = nearest-rank (sorted ascending, index ceil(0.95*n)-1); stddev = sample standard deviation with n-1 denominator (null for n < 2); cv = stddev/mean"
true,blob,blob/nix-closure,nix-binary-cache,push_initial,2,0,0,0,,max_rss_bytes,bytes,2,138149888,138149888,140132352,140132352,139141120,1401813.7378582077,0.010074762499095937,"median = lower of the two middle samples for even n; p95 = nearest-rank (sorted ascending, index ceil(0.95*n)-1); stddev = sample standard deviation with n-1 denominator (null for n < 2); cv = stddev/mean"
true,blob,blob/nix-closure,nix-binary-cache,push_initial,2,0,0,0,,throughput_bytes_per_s,bytes/s,2,9461122.089466302,9461122.089466302,9496106.287324125,9496106.287324125,9478614.188395213,24737.56353963869,0.0026098291425264678,"median = lower of the two middle samples for even n; p95 = nearest-rank (sorted ascending, index ceil(0.95*n)-1); stddev = sample standard deviation with n-1 denominator (null for n < 2); cv = stddev/mean"
true,blob,blob/nix-closure,nix-binary-cache,push_initial,2,0,0,0,,logical_bytes,bytes,2,3451615,3451615,3451615,3451615,3451615,0,0,"median = lower of the two middle samples for even n; p95 = nearest-rank (sorted ascending, index ceil(0.95*n)-1); stddev = sample standard deviation with n-1 denominator (null for n < 2); cv = stddev/mean"
true,blob,blob/nix-closure,nix-binary-cache,push_noop,2,0,0,0,,wall_ns,ns,2,19844562,19844562,21323524,21323524,20584043,1045784.0593172187,0.05080557105896148,"median = lower of the two middle samples for even n; p95 = nearest-rank (sorted ascending, index ceil(0.95*n)-1); stddev = sample standard deviation with n-1 denominator (null for n < 2); cv = stddev/mean"
true,blob,blob/nix-closure,nix-binary-cache,push_noop,2,0,0,0,,cpu_ns,ns,2,17468000,17468000,18705000,18705000,18086500,874691.0883277593,0.04836154525904732,"median = lower of the two middle samples for even n; p95 = nearest-rank (sorted ascending, index ceil(0.95*n)-1); stddev = sample standard deviation with n-1 denominator (null for n < 2); cv = stddev/mean"
true,blob,blob/nix-closure,nix-binary-cache,push_noop,2,0,0,0,,max_rss_bytes,bytes,2,40456192,40456192,43233280,43233280,41844736,1963697.756751787,0.04692819084225521,"median = lower of the two middle samples for even n; p95 = nearest-rank (sorted ascending, index ceil(0.95*n)-1); stddev = sample standard deviation with n-1 denominator (null for n < 2); cv = stddev/mean"
true,blob,blob/nix-closure,nix-binary-cache,push_noop,2,0,0,0,,throughput_bytes_per_s,bytes/s,2,0,0,0,0,0,0,,"median = lower of the two middle samples for even n; p95 = nearest-rank (sorted ascending, index ceil(0.95*n)-1); stddev = sample standard deviation with n-1 denominator (null for n < 2); cv = stddev/mean"
true,blob,blob/nix-closure,nix-binary-cache,push_noop,2,0,0,0,,logical_bytes,bytes,2,0,0,0,0,0,0,,"median = lower of the two middle samples for even n; p95 = nearest-rank (sorted ascending, index ceil(0.95*n)-1); stddev = sample standard deviation with n-1 denominator (null for n < 2); cv = stddev/mean"
true,blob,blob/nix-closure,nix-binary-cache,pull_fresh,2,0,0,0,,wall_ns,ns,2,100321221,100321221,120263924,120263924,110292572.5,14101620.526489304,0.12785648395760563,"median = lower of the two middle samples for even n; p95 = nearest-rank (sorted ascending, index ceil(0.95*n)-1); stddev = sample standard deviation with n-1 denominator (null for n < 2); cv = stddev/mean"
true,blob,blob/nix-closure,nix-binary-cache,pull_fresh,2,0,0,0,,cpu_ns,ns,2,69624000,69624000,71064000,71064000,70344000,1018233.7649086284,0.01447506205090169,"median = lower of the two middle samples for even n; p95 = nearest-rank (sorted ascending, index ceil(0.95*n)-1); stddev = sample standard deviation with n-1 denominator (null for n < 2); cv = stddev/mean"
true,blob,blob/nix-closure,nix-binary-cache,pull_fresh,2,0,0,0,,max_rss_bytes,bytes,2,52748288,52748288,53248000,53248000,52998144,353349.74384029204,0.006667209777012041,"median = lower of the two middle samples for even n; p95 = nearest-rank (sorted ascending, index ceil(0.95*n)-1); stddev = sample standard deviation with n-1 denominator (null for n < 2); cv = stddev/mean"
true,blob,blob/nix-closure,nix-binary-cache,pull_fresh,2,0,0,0,,throughput_bytes_per_s,bytes/s,2,28594942.569810044,28594942.569810044,34279287.729163505,34279287.729163505,31437115.149486773,4019439.0087837586,0.1278564839576057,"median = lower of the two middle samples for even n; p95 = nearest-rank (sorted ascending, index ceil(0.95*n)-1); stddev = sample standard deviation with n-1 denominator (null for n < 2); cv = stddev/mean"
true,blob,blob/nix-closure,nix-binary-cache,pull_fresh,2,0,0,0,,logical_bytes,bytes,2,3438940,3438940,3438940,3438940,3438940,0,0,"median = lower of the two middle samples for even n; p95 = nearest-rank (sorted ascending, index ceil(0.95*n)-1); stddev = sample standard deviation with n-1 denominator (null for n < 2); cv = stddev/mean"
true,blob,blob/nix-closure,nix-binary-cache,push_incremental,2,0,0,0,,wall_ns,ns,2,131153286,131153286,132189869,132189869,131671577.5,732974.868562695,0.005566690112470894,"median = lower of the two middle samples for even n; p95 = nearest-rank (sorted ascending, index ceil(0.95*n)-1); stddev = sample standard deviation with n-1 denominator (null for n < 2); cv = stddev/mean"
true,blob,blob/nix-closure,nix-binary-cache,push_incremental,2,0,0,0,,cpu_ns,ns,2,157461000,157461000,160557000,160557000,159009000,2189202.594553551,0.013767790468171935,"median = lower of the two middle samples for even n; p95 = nearest-rank (sorted ascending, index ceil(0.95*n)-1); stddev = sample standard deviation with n-1 denominator (null for n < 2); cv = stddev/mean"
true,blob,blob/nix-closure,nix-binary-cache,push_incremental,2,0,0,0,,max_rss_bytes,bytes,2,81690624,81690624,82817024,82817024,82253824,796485.0783285272,0.009683258961048755,"median = lower of the two middle samples for even n; p95 = nearest-rank (sorted ascending, index ceil(0.95*n)-1); stddev = sample standard deviation with n-1 denominator (null for n < 2); cv = stddev/mean"
true,blob,blob/nix-closure,nix-binary-cache,push_incremental,2,0,0,0,,throughput_bytes_per_s,bytes/s,2,4081492.8109203284,4081492.8109203284,4113751.2940392513,4113751.2940392513,4097622.0524797896,22810.192164182165,0.00556669011247095,"median = lower of the two middle samples for even n; p95 = nearest-rank (sorted ascending, index ceil(0.95*n)-1); stddev = sample standard deviation with n-1 denominator (null for n < 2); cv = stddev/mean"
true,blob,blob/nix-closure,nix-binary-cache,push_incremental,2,0,0,0,,logical_bytes,bytes,2,539532,539532,539532,539532,539532,0,0,"median = lower of the two middle samples for even n; p95 = nearest-rank (sorted ascending, index ceil(0.95*n)-1); stddev = sample standard deviation with n-1 denominator (null for n < 2); cv = stddev/mean"
true,blob,blob/nix-closure,nix-binary-cache,pull_incremental,2,0,0,0,,wall_ns,ns,2,50811079,50811079,91332096,91332096,71071587.5,28652685.901275374,0.4031524679433307,"median = lower of the two middle samples for even n; p95 = nearest-rank (sorted ascending, index ceil(0.95*n)-1); stddev = sample standard deviation with n-1 denominator (null for n < 2); cv = stddev/mean"
true,blob,blob/nix-closure,nix-binary-cache,pull_incremental,2,0,0,0,,cpu_ns,ns,2,51879000,51879000,52557000,52557000,52218000,479418.39764447924,0.00918109459658507,"median = lower of the two middle samples for even n; p95 = nearest-rank (sorted ascending, index ceil(0.95*n)-1); stddev = sample standard deviation with n-1 denominator (null for n < 2); cv = stddev/mean"
true,blob,blob/nix-closure,nix-binary-cache,pull_incremental,2,0,0,0,,max_rss_bytes,bytes,2,46583808,46583808,48091136,48091136,47337472,1065841.8502723563,0.02251581686221766,"median = lower of the two middle samples for even n; p95 = nearest-rank (sorted ascending, index ceil(0.95*n)-1); stddev = sample standard deviation with n-1 denominator (null for n < 2); cv = stddev/mean"
true,blob,blob/nix-closure,nix-binary-cache,pull_incremental,2,0,0,0,,throughput_bytes_per_s,bytes/s,2,5804640.681847486,5804640.681847486,10433748.120168831,10433748.120168831,8119194.401008159,3273273.260478111,0.4031524679433306,"median = lower of the two middle samples for even n; p95 = nearest-rank (sorted ascending, index ceil(0.95*n)-1); stddev = sample standard deviation with n-1 denominator (null for n < 2); cv = stddev/mean"
true,blob,blob/nix-closure,nix-binary-cache,pull_incremental,2,0,0,0,,logical_bytes,bytes,2,530150,530150,530150,530150,530150,0,0,"median = lower of the two middle samples for even n; p95 = nearest-rank (sorted ascending, index ceil(0.95*n)-1); stddev = sample standard deviation with n-1 denominator (null for n < 2); cv = stddev/mean"
true,blob,blob/nix-closure,nix-binary-cache,retention_cleanup,2,0,0,0,,wall_ns,ns,2,37285086,37285086,37355890,37355890,37320488,50065.98853513231,0.0013415148412617838,"median = lower of the two middle samples for even n; p95 = nearest-rank (sorted ascending, index ceil(0.95*n)-1); stddev = sample standard deviation with n-1 denominator (null for n < 2); cv = stddev/mean"
true,blob,blob/nix-closure,nix-binary-cache,retention_cleanup,2,0,0,0,,cpu_ns,ns,2,48610000,48610000,48738000,48738000,48674000,90509.66799187809,0.0018595074987031697,"median = lower of the two middle samples for even n; p95 = nearest-rank (sorted ascending, index ceil(0.95*n)-1); stddev = sample standard deviation with n-1 denominator (null for n < 2); cv = stddev/mean"
true,blob,blob/nix-closure,nix-binary-cache,retention_cleanup,2,0,0,0,,max_rss_bytes,bytes,2,40456192,40456192,43233280,43233280,41844736,1963697.756751787,0.04692819084225521,"median = lower of the two middle samples for even n; p95 = nearest-rank (sorted ascending, index ceil(0.95*n)-1); stddev = sample standard deviation with n-1 denominator (null for n < 2); cv = stddev/mean"
true,blob,blob/nix-closure,nix-binary-cache,retention_cleanup,2,0,0,0,,throughput_bytes_per_s,bytes/s,2,213567.39191597363,213567.39191597363,213972.9542262555,213972.9542262555,213770.17307111458,286.7758597939993,0.001341514841261779,"median = lower of the two middle samples for even n; p95 = nearest-rank (sorted ascending, index ceil(0.95*n)-1); stddev = sample standard deviation with n-1 denominator (null for n < 2); cv = stddev/mean"
true,blob,blob/nix-closure,nix-binary-cache,retention_cleanup,2,0,0,0,,logical_bytes,bytes,2,7978,7978,7978,7978,7978,0,0,"median = lower of the two middle samples for even n; p95 = nearest-rank (sorted ascending, index ceil(0.95*n)-1); stddev = sample standard deviation with n-1 denominator (null for n < 2); cv = stddev/mean"
true,tree,tree/lifecycle,fs-sha256,ingest_fresh,2,0,0,0,,wall_ns,ns,2,62558980,62558980,62967425,62967425,62763202.5,288814.2292417394,0.004601649019451156,"median = lower of the two middle samples for even n; p95 = nearest-rank (sorted ascending, index ceil(0.95*n)-1); stddev = sample standard deviation with n-1 denominator (null for n < 2); cv = stddev/mean"
true,tree,tree/lifecycle,fs-sha256,ingest_fresh,2,0,0,0,,cpu_ns,ns,2,43004000,43004000,43011000,43011000,43007500,4949.747468305833,0.00011509033234449417,"median = lower of the two middle samples for even n; p95 = nearest-rank (sorted ascending, index ceil(0.95*n)-1); stddev = sample standard deviation with n-1 denominator (null for n < 2); cv = stddev/mean"
true,tree,tree/lifecycle,fs-sha256,ingest_fresh,2,0,0,0,,max_rss_bytes,bytes,2,40456192,40456192,43663360,43663360,42059776,2267810.2412044974,0.05391874272474721,"median = lower of the two middle samples for even n; p95 = nearest-rank (sorted ascending, index ceil(0.95*n)-1); stddev = sample standard deviation with n-1 denominator (null for n < 2); cv = stddev/mean"
true,tree,tree/lifecycle,fs-sha256,ingest_fresh,2,0,0,0,,throughput_bytes_per_s,bytes/s,2,543728094.3281387,543728094.3281387,547278072.628422,547278072.628422,545503083.4782803,2510213.7291954244,0.004601649019451181,"median = lower of the two middle samples for even n; p95 = nearest-rank (sorted ascending, index ceil(0.95*n)-1); stddev = sample standard deviation with n-1 denominator (null for n < 2); cv = stddev/mean"
true,tree,tree/lifecycle,fs-sha256,ingest_fresh,2,0,0,0,,logical_bytes,bytes,2,34237158,34237158,34237158,34237158,34237158,0,0,"median = lower of the two middle samples for even n; p95 = nearest-rank (sorted ascending, index ceil(0.95*n)-1); stddev = sample standard deviation with n-1 denominator (null for n < 2); cv = stddev/mean"
true,tree,tree/lifecycle,fs-sha256,ingest_fresh,2,0,0,0,,store_apparent_bytes,bytes,2,25891297,25891297,25891297,25891297,25891297,0,0,"median = lower of the two middle samples for even n; p95 = nearest-rank (sorted ascending, index ceil(0.95*n)-1); stddev = sample standard deviation with n-1 denominator (null for n < 2); cv = stddev/mean"
true,tree,tree/lifecycle,fs-sha256,ingest_fresh,2,0,0,0,,store_allocated_bytes,bytes,2,26943488,26943488,26943488,26943488,26943488,0,0,"median = lower of the two middle samples for even n; p95 = nearest-rank (sorted ascending, index ceil(0.95*n)-1); stddev = sample standard deviation with n-1 denominator (null for n < 2); cv = stddev/mean"
true,tree,tree/lifecycle,fs-sha256,ingest_repeat,2,0,0,0,,wall_ns,ns,2,20979557,20979557,22058276,22058276,21518916.5,762769.5198947714,0.03544646496931067,"median = lower of the two middle samples for even n; p95 = nearest-rank (sorted ascending, index ceil(0.95*n)-1); stddev = sample standard deviation with n-1 denominator (null for n < 2); cv = stddev/mean"
true,tree,tree/lifecycle,fs-sha256,ingest_repeat,2,0,0,0,,cpu_ns,ns,2,20619000,20619000,21693000,21693000,21156000,759432.6829943521,0.035896799158364155,"median = lower of the two middle samples for even n; p95 = nearest-rank (sorted ascending, index ceil(0.95*n)-1); stddev = sample standard deviation with n-1 denominator (null for n < 2); cv = stddev/mean"
true,tree,tree/lifecycle,fs-sha256,ingest_repeat,2,0,0,0,,max_rss_bytes,bytes,2,40456192,40456192,43663360,43663360,42059776,2267810.2412044974,0.05391874272474721,"median = lower of the two middle samples for even n; p95 = nearest-rank (sorted ascending, index ceil(0.95*n)-1); stddev = sample standard deviation with n-1 denominator (null for n < 2); cv = stddev/mean"
true,tree,tree/lifecycle,fs-sha256,ingest_repeat,2,0,0,0,,throughput_bytes_per_s,bytes/s,2,1552123021.7628975,1552123021.7628975,1631929501.6572561,1631929501.6572561,1592026261.7100768,56431703.11592886,0.03544646496931067,"median = lower of the two middle samples for even n; p95 = nearest-rank (sorted ascending, index ceil(0.95*n)-1); stddev = sample standard deviation with n-1 denominator (null for n < 2); cv = stddev/mean"
true,tree,tree/lifecycle,fs-sha256,ingest_repeat,2,0,0,0,,logical_bytes,bytes,2,34237158,34237158,34237158,34237158,34237158,0,0,"median = lower of the two middle samples for even n; p95 = nearest-rank (sorted ascending, index ceil(0.95*n)-1); stddev = sample standard deviation with n-1 denominator (null for n < 2); cv = stddev/mean"
true,tree,tree/lifecycle,fs-sha256,ingest_repeat,2,0,0,0,,store_apparent_bytes,bytes,2,25934044,25934044,25934044,25934044,25934044,0,0,"median = lower of the two middle samples for even n; p95 = nearest-rank (sorted ascending, index ceil(0.95*n)-1); stddev = sample standard deviation with n-1 denominator (null for n < 2); cv = stddev/mean"
true,tree,tree/lifecycle,fs-sha256,ingest_repeat,2,0,0,0,,store_allocated_bytes,bytes,2,26988544,26988544,26988544,26988544,26988544,0,0,"median = lower of the two middle samples for even n; p95 = nearest-rank (sorted ascending, index ceil(0.95*n)-1); stddev = sample standard deviation with n-1 denominator (null for n < 2); cv = stddev/mean"
true,tree,tree/lifecycle,fs-sha256,ingest_changed,2,0,0,0,,wall_ns,ns,2,27362500,27362500,27497606,27497606,27430053,95534.3687789897,0.003482835734185045,"median = lower of the two middle samples for even n; p95 = nearest-rank (sorted ascending, index ceil(0.95*n)-1); stddev = sample standard deviation with n-1 denominator (null for n < 2); cv = stddev/mean"
true,tree,tree/lifecycle,fs-sha256,ingest_changed,2,0,0,0,,cpu_ns,ns,2,23338000,23338000,23531000,23531000,23434500,136471.60876900368,0.005823534053169629,"median = lower of the two middle samples for even n; p95 = nearest-rank (sorted ascending, index ceil(0.95*n)-1); stddev = sample standard deviation with n-1 denominator (null for n < 2); cv = stddev/mean"
true,tree,tree/lifecycle,fs-sha256,ingest_changed,2,0,0,0,,max_rss_bytes,bytes,2,40456192,40456192,43663360,43663360,42059776,2267810.2412044974,0.05391874272474721,"median = lower of the two middle samples for even n; p95 = nearest-rank (sorted ascending, index ceil(0.95*n)-1); stddev = sample standard deviation with n-1 denominator (null for n < 2); cv = stddev/mean"
true,tree,tree/lifecycle,fs-sha256,ingest_changed,2,0,0,0,,throughput_bytes_per_s,bytes/s,2,1245825691.1528952,1245825691.1528952,1251977121.9735038,1251977121.9735038,1248901406.5631995,4349718.447252281,0.003482835734185049,"median = lower of the two middle samples for even n; p95 = nearest-rank (sorted ascending, index ceil(0.95*n)-1); stddev = sample standard deviation with n-1 denominator (null for n < 2); cv = stddev/mean"
true,tree,tree/lifecycle,fs-sha256,ingest_changed,2,0,0,0,,logical_bytes,bytes,2,34257224,34257224,34257224,34257224,34257224,0,0,"median = lower of the two middle samples for even n; p95 = nearest-rank (sorted ascending, index ceil(0.95*n)-1); stddev = sample standard deviation with n-1 denominator (null for n < 2); cv = stddev/mean"
true,tree,tree/lifecycle,fs-sha256,ingest_changed,2,0,0,0,,store_apparent_bytes,bytes,2,26158698,26158698,26158698,26158698,26158698,0,0,"median = lower of the two middle samples for even n; p95 = nearest-rank (sorted ascending, index ceil(0.95*n)-1); stddev = sample standard deviation with n-1 denominator (null for n < 2); cv = stddev/mean"
true,tree,tree/lifecycle,fs-sha256,ingest_changed,2,0,0,0,,store_allocated_bytes,bytes,2,27373568,27373568,27373568,27373568,27373568,0,0,"median = lower of the two middle samples for even n; p95 = nearest-rank (sorted ascending, index ceil(0.95*n)-1); stddev = sample standard deviation with n-1 denominator (null for n < 2); cv = stddev/mean"
true,tree,tree/lifecycle,fs-sha256,list_recursive,2,0,0,0,,wall_ns,ns,2,824924,824924,977836,977836,901380,108125.11212479735,0.1199550823457336,"median = lower of the two middle samples for even n; p95 = nearest-rank (sorted ascending, index ceil(0.95*n)-1); stddev = sample standard deviation with n-1 denominator (null for n < 2); cv = stddev/mean"
true,tree,tree/lifecycle,fs-sha256,list_recursive,2,0,0,0,,cpu_ns,ns,2,765000,765000,923000,923000,844000,111722.87142747451,0.13237307041169966,"median = lower of the two middle samples for even n; p95 = nearest-rank (sorted ascending, index ceil(0.95*n)-1); stddev = sample standard deviation with n-1 denominator (null for n < 2); cv = stddev/mean"
true,tree,tree/lifecycle,fs-sha256,list_recursive,2,0,0,0,,max_rss_bytes,bytes,2,40456192,40456192,43663360,43663360,42059776,2267810.2412044974,0.05391874272474721,"median = lower of the two middle samples for even n; p95 = nearest-rank (sorted ascending, index ceil(0.95*n)-1); stddev = sample standard deviation with n-1 denominator (null for n < 2); cv = stddev/mean"
true,tree,tree/lifecycle,fs-sha256,read_full,2,0,0,0,,wall_ns,ns,2,3752081,3752081,4112899,4112899,3932490,255136.8545741677,0.06487921255341214,"median = lower of the two middle samples for even n; p95 = nearest-rank (sorted ascending, index ceil(0.95*n)-1); stddev = sample standard deviation with n-1 denominator (null for n < 2); cv = stddev/mean"
true,tree,tree/lifecycle,fs-sha256,read_full,2,0,0,0,,cpu_ns,ns,2,3687000,3687000,4054000,4054000,3870500,259508.18869546294,0.06704771701213356,"median = lower of the two middle samples for even n; p95 = nearest-rank (sorted ascending, index ceil(0.95*n)-1); stddev = sample standard deviation with n-1 denominator (null for n < 2); cv = stddev/mean"
true,tree,tree/lifecycle,fs-sha256,read_full,2,0,0,0,,max_rss_bytes,bytes,2,40456192,40456192,43663360,43663360,42059776,2267810.2412044974,0.05391874272474721,"median = lower of the two middle samples for even n; p95 = nearest-rank (sorted ascending, index ceil(0.95*n)-1); stddev = sample standard deviation with n-1 denominator (null for n < 2); cv = stddev/mean"
true,tree,tree/lifecycle,fs-sha256,read_full,2,0,0,0,,throughput_bytes_per_s,bytes/s,2,8324337164.613087,8324337164.613087,9124845119.281807,9124845119.281807,8724591141.947447,566044603.1400255,0.06487921255341218,"median = lower of the two middle samples for even n; p95 = nearest-rank (sorted ascending, index ceil(0.95*n)-1); stddev = sample standard deviation with n-1 denominator (null for n < 2); cv = stddev/mean"
true,tree,tree/lifecycle,fs-sha256,read_full,2,0,0,0,,logical_bytes,bytes,2,34237158,34237158,34237158,34237158,34237158,0,0,"median = lower of the two middle samples for even n; p95 = nearest-rank (sorted ascending, index ceil(0.95*n)-1); stddev = sample standard deviation with n-1 denominator (null for n < 2); cv = stddev/mean"
true,tree,tree/lifecycle,fs-sha256,restore_full,2,0,0,0,,wall_ns,ns,2,15409989,15409989,16082443,16082443,15746216,475496.7834360186,0.03019752703989445,"median = lower of the two middle samples for even n; p95 = nearest-rank (sorted ascending, index ceil(0.95*n)-1); stddev = sample standard deviation with n-1 denominator (null for n < 2); cv = stddev/mean"
true,tree,tree/lifecycle,fs-sha256,restore_full,2,0,0,0,,cpu_ns,ns,2,15274000,15274000,15956000,15956000,15615000,482246.82476922544,0.03088356226508008,"median = lower of the two middle samples for even n; p95 = nearest-rank (sorted ascending, index ceil(0.95*n)-1); stddev = sample standard deviation with n-1 denominator (null for n < 2); cv = stddev/mean"
true,tree,tree/lifecycle,fs-sha256,restore_full,2,0,0,0,,max_rss_bytes,bytes,2,40456192,40456192,43663360,43663360,42059776,2267810.2412044974,0.05391874272474721,"median = lower of the two middle samples for even n; p95 = nearest-rank (sorted ascending, index ceil(0.95*n)-1); stddev = sample standard deviation with n-1 denominator (null for n < 2); cv = stddev/mean"
true,tree,tree/lifecycle,fs-sha256,restore_full,2,0,0,0,,throughput_bytes_per_s,bytes/s,2,2128853060.4461026,2128853060.4461026,2221750969.452347,2221750969.452347,2175302014.9492245,65688741.41636611,0.03019752703989446,"median = lower of the two middle samples for even n; p95 = nearest-rank (sorted ascending, index ceil(0.95*n)-1); stddev = sample standard deviation with n-1 denominator (null for n < 2); cv = stddev/mean"
true,tree,tree/lifecycle,fs-sha256,restore_full,2,0,0,0,,logical_bytes,bytes,2,34237158,34237158,34237158,34237158,34237158,0,0,"median = lower of the two middle samples for even n; p95 = nearest-rank (sorted ascending, index ceil(0.95*n)-1); stddev = sample standard deviation with n-1 denominator (null for n < 2); cv = stddev/mean"
true,tree,tree/lifecycle,fs-sha256,ref_delete,2,0,0,0,,wall_ns,ns,2,1387789,1387789,1461359,1461359,1424574,52021.8458918943,0.036517475323777006,"median = lower of the two middle samples for even n; p95 = nearest-rank (sorted ascending, index ceil(0.95*n)-1); stddev = sample standard deviation with n-1 denominator (null for n < 2); cv = stddev/mean"
true,tree,tree/lifecycle,fs-sha256,ref_delete,2,0,0,0,,cpu_ns,ns,2,1232000,1232000,1316000,1316000,1274000,59396.969619669995,0.04662242513317896,"median = lower of the two middle samples for even n; p95 = nearest-rank (sorted ascending, index ceil(0.95*n)-1); stddev = sample standard deviation with n-1 denominator (null for n < 2); cv = stddev/mean"
true,tree,tree/lifecycle,fs-sha256,ref_delete,2,0,0,0,,max_rss_bytes,bytes,2,40456192,40456192,43663360,43663360,42059776,2267810.2412044974,0.05391874272474721,"median = lower of the two middle samples for even n; p95 = nearest-rank (sorted ascending, index ceil(0.95*n)-1); stddev = sample standard deviation with n-1 denominator (null for n < 2); cv = stddev/mean"
true,tree,tree/lifecycle,fs-sha256,ref_delete,2,0,0,0,,store_apparent_bytes,bytes,2,26073204,26073204,26073204,26073204,26073204,0,0,"median = lower of the two middle samples for even n; p95 = nearest-rank (sorted ascending, index ceil(0.95*n)-1); stddev = sample standard deviation with n-1 denominator (null for n < 2); cv = stddev/mean"
true,tree,tree/lifecycle,fs-sha256,ref_delete,2,0,0,0,,store_allocated_bytes,bytes,2,27283456,27283456,27283456,27283456,27283456,0,0,"median = lower of the two middle samples for even n; p95 = nearest-rank (sorted ascending, index ceil(0.95*n)-1); stddev = sample standard deviation with n-1 denominator (null for n < 2); cv = stddev/mean"
true,tree,tree/lifecycle,fs-sha256,gc,2,0,0,0,,wall_ns,ns,2,2916946,2916946,2981279,2981279,2949112.5,45490.300554074165,0.015425081462329486,"median = lower of the two middle samples for even n; p95 = nearest-rank (sorted ascending, index ceil(0.95*n)-1); stddev = sample standard deviation with n-1 denominator (null for n < 2); cv = stddev/mean"
true,tree,tree/lifecycle,fs-sha256,gc,2,0,0,0,,cpu_ns,ns,2,2849000,2849000,2912000,2912000,2880500,44547.72721475249,0.015465275894724004,"median = lower of the two middle samples for even n; p95 = nearest-rank (sorted ascending, index ceil(0.95*n)-1); stddev = sample standard deviation with n-1 denominator (null for n < 2); cv = stddev/mean"
true,tree,tree/lifecycle,fs-sha256,gc,2,0,0,0,,max_rss_bytes,bytes,2,40456192,40456192,43663360,43663360,42059776,2267810.2412044974,0.05391874272474721,"median = lower of the two middle samples for even n; p95 = nearest-rank (sorted ascending, index ceil(0.95*n)-1); stddev = sample standard deviation with n-1 denominator (null for n < 2); cv = stddev/mean"
true,tree,tree/lifecycle,fs-sha256,gc,2,0,0,0,,store_apparent_bytes,bytes,2,25911444,25911444,25911444,25911444,25911444,0,0,"median = lower of the two middle samples for even n; p95 = nearest-rank (sorted ascending, index ceil(0.95*n)-1); stddev = sample standard deviation with n-1 denominator (null for n < 2); cv = stddev/mean"
true,tree,tree/lifecycle,fs-sha256,gc,2,0,0,0,,store_allocated_bytes,bytes,2,27025408,27025408,27025408,27025408,27025408,0,0,"median = lower of the two middle samples for even n; p95 = nearest-rank (sorted ascending, index ceil(0.95*n)-1); stddev = sample standard deviation with n-1 denominator (null for n < 2); cv = stddev/mean"
true,tree,tree/lifecycle,fs-sha256,gc,2,0,0,0,,reclaimed_bytes,bytes,2,258048,258048,258048,258048,258048,0,0,"median = lower of the two middle samples for even n; p95 = nearest-rank (sorted ascending, index ceil(0.95*n)-1); stddev = sample standard deviation with n-1 denominator (null for n < 2); cv = stddev/mean"
true,blob,blob/backup-corpus,amber-rust-s3,push_initial,2,0,0,0,,wall_ns,ns,2,89721322,89721322,96048932,96048932,92885127,4474295.93970381,0.04817020855991089,"median = lower of the two middle samples for even n; p95 = nearest-rank (sorted ascending, index ceil(0.95*n)-1); stddev = sample standard deviation with n-1 denominator (null for n < 2); cv = stddev/mean"
true,blob,blob/backup-corpus,amber-rust-s3,push_initial,2,0,0,0,,cpu_ns,ns,2,41037000,41037000,44026000,44026000,42531500,2113542.1689665904,0.04969357226917909,"median = lower of the two middle samples for even n; p95 = nearest-rank (sorted ascending, index ceil(0.95*n)-1); stddev = sample standard deviation with n-1 denominator (null for n < 2); cv = stddev/mean"
true,blob,blob/backup-corpus,amber-rust-s3,push_initial,2,0,0,0,,max_rss_bytes,bytes,2,40456192,40456192,43520000,43520000,41988096,2166439.4130535936,0.05159651471344625,"median = lower of the two middle samples for even n; p95 = nearest-rank (sorted ascending, index ceil(0.95*n)-1); stddev = sample standard deviation with n-1 denominator (null for n < 2); cv = stddev/mean"
true,blob,blob/backup-corpus,amber-rust-s3,push_initial,2,0,0,0,,throughput_bytes_per_s,bytes/s,2,160910638.75650382,160910638.75650382,172255542.55653968,172255542.55653968,166583090.65652174,8022058.408914391,0.04815649882169074,"median = lower of the two middle samples for even n; p95 = nearest-rank (sorted ascending, index ceil(0.95*n)-1); stddev = sample standard deviation with n-1 denominator (null for n < 2); cv = stddev/mean"
true,blob,blob/backup-corpus,amber-rust-s3,push_initial,2,0,0,0,,logical_bytes,bytes,2,15454995,15454995,15455295,15455295,15455145,212.13203435596427,0.000013725657983536503,"median = lower of the two middle samples for even n; p95 = nearest-rank (sorted ascending, index ceil(0.95*n)-1); stddev = sample standard deviation with n-1 denominator (null for n < 2); cv = stddev/mean"
true,blob,blob/backup-corpus,amber-rust-s3,push_noop,2,0,0,0,,wall_ns,ns,2,18606358,18606358,19102696,19102696,18854527,350963.9655605686,0.01861430761750579,"median = lower of the two middle samples for even n; p95 = nearest-rank (sorted ascending, index ceil(0.95*n)-1); stddev = sample standard deviation with n-1 denominator (null for n < 2); cv = stddev/mean"
true,blob,blob/backup-corpus,amber-rust-s3,push_noop,2,0,0,0,,cpu_ns,ns,2,24441000,24441000,24972000,24972000,24706500,375473.70081005676,0.015197365098660546,"median = lower of the two middle samples for even n; p95 = nearest-rank (sorted ascending, index ceil(0.95*n)-1); stddev = sample standard deviation with n-1 denominator (null for n < 2); cv = stddev/mean"
true,blob,blob/backup-corpus,amber-rust-s3,push_noop,2,0,0,0,,max_rss_bytes,bytes,2,40456192,40456192,43520000,43520000,41988096,2166439.4130535936,0.05159651471344625,"median = lower of the two middle samples for even n; p95 = nearest-rank (sorted ascending, index ceil(0.95*n)-1); stddev = sample standard deviation with n-1 denominator (null for n < 2); cv = stddev/mean"
true,blob,blob/backup-corpus,amber-rust-s3,push_noop,2,0,0,0,,throughput_bytes_per_s,bytes/s,2,155632.48245169164,155632.48245169164,159784.0910080307,159784.0910080307,157708.28672986117,2935.6305630194365,0.018614307617505755,"median = lower of the two middle samples for even n; p95 = nearest-rank (sorted ascending, index ceil(0.95*n)-1); stddev = sample standard deviation with n-1 denominator (null for n < 2); cv = stddev/mean"
true,blob,blob/backup-corpus,amber-rust-s3,push_noop,2,0,0,0,,logical_bytes,bytes,2,2973,2973,2973,2973,2973,0,0,"median = lower of the two middle samples for even n; p95 = nearest-rank (sorted ascending, index ceil(0.95*n)-1); stddev = sample standard deviation with n-1 denominator (null for n < 2); cv = stddev/mean"
true,blob,blob/backup-corpus,amber-rust-s3,pull_fresh,2,0,0,0,,wall_ns,ns,2,25667604,25667604,26343344,26343344,26005474,477820.3363189976,0.01837383684369674,"median = lower of the two middle samples for even n; p95 = nearest-rank (sorted ascending, index ceil(0.95*n)-1); stddev = sample standard deviation with n-1 denominator (null for n < 2); cv = stddev/mean"
true,blob,blob/backup-corpus,amber-rust-s3,pull_fresh,2,0,0,0,,cpu_ns,ns,2,32723000,32723000,34820000,34820000,33771500,1482802.92014819,0.04390693099649676,"median = lower of the two middle samples for even n; p95 = nearest-rank (sorted ascending, index ceil(0.95*n)-1); stddev = sample standard deviation with n-1 denominator (null for n < 2); cv = stddev/mean"
true,blob,blob/backup-corpus,amber-rust-s3,pull_fresh,2,0,0,0,,max_rss_bytes,bytes,2,40456192,40456192,43520000,43520000,41988096,2166439.4130535936,0.05159651471344625,"median = lower of the two middle samples for even n; p95 = nearest-rank (sorted ascending, index ceil(0.95*n)-1); stddev = sample standard deviation with n-1 denominator (null for n < 2); cv = stddev/mean"
true,blob,blob/backup-corpus,amber-rust-s3,pull_fresh,2,0,0,0,,throughput_bytes_per_s,bytes/s,2,586038507.4878876,586038507.4878876,601455203.999563,601455203.999563,593746855.7437253,10901250.646900637,0.01836009831706101,"median = lower of the two middle samples for even n; p95 = nearest-rank (sorted ascending, index ceil(0.95*n)-1); stddev = sample standard deviation with n-1 denominator (null for n < 2); cv = stddev/mean"
true,blob,blob/backup-corpus,amber-rust-s3,pull_fresh,2,0,0,0,,logical_bytes,bytes,2,15437914,15437914,15438214,15438214,15438064,212.13203435596427,0.000013740844341360696,"median = lower of the two middle samples for even n; p95 = nearest-rank (sorted ascending, index ceil(0.95*n)-1); stddev = sample standard deviation with n-1 denominator (null for n < 2); cv = stddev/mean"
true,blob,blob/backup-corpus,amber-rust-s3,push_incremental,2,0,0,0,,wall_ns,ns,2,51826845,51826845,52870760,52870760,52348802.5,738159.3754823548,0.014100788179106004,"median = lower of the two middle samples for even n; p95 = nearest-rank (sorted ascending, index ceil(0.95*n)-1); stddev = sample standard deviation with n-1 denominator (null for n < 2); cv = stddev/mean"
true,blob,blob/backup-corpus,amber-rust-s3,push_incremental,2,0,0,0,,cpu_ns,ns,2,35697000,35697000,35758000,35758000,35727500,43133.5136523794,0.001207291684343416,"median = lower of the two middle samples for even n; p95 = nearest-rank (sorted ascending, index ceil(0.95*n)-1); stddev = sample standard deviation with n-1 denominator (null for n < 2); cv = stddev/mean"
true,blob,blob/backup-corpus,amber-rust-s3,push_incremental,2,0,0,0,,max_rss_bytes,bytes,2,40456192,40456192,43520000,43520000,41988096,2166439.4130535936,0.05159651471344625,"median = lower of the two middle samples for even n; p95 = nearest-rank (sorted ascending, index ceil(0.95*n)-1); stddev = sample standard deviation with n-1 denominator (null for n < 2); cv = stddev/mean"
true,blob,blob/backup-corpus,amber-rust-s3,push_incremental,2,0,0,0,,throughput_bytes_per_s,bytes/s,2,136169708.9279594,136169708.9279594,139207856.46897858,139207856.46897858,137688782.69846898,2148294.728499891,0.01560253991935233,"median = lower of the two middle samples for even n; p95 = nearest-rank (sorted ascending, index ceil(0.95*n)-1); stddev = sample standard deviation with n-1 denominator (null for n < 2); cv = stddev/mean"
true,blob,blob/backup-corpus,amber-rust-s3,push_incremental,2,0,0,0,,logical_bytes,bytes,2,7199396,7199396,7214704,7214704,7207050,10824.39060640367,0.0015019169572021381,"median = lower of the two middle samples for even n; p95 = nearest-rank (sorted ascending, index ceil(0.95*n)-1); stddev = sample standard deviation with n-1 denominator (null for n < 2); cv = stddev/mean"
true,blob,blob/backup-corpus,amber-rust-s3,pull_incremental,2,0,0,0,,wall_ns,ns,2,23619906,23619906,64298408,64298408,43959157,28764044.612710536,0.6543356737416629,"median = lower of the two middle samples for even n; p95 = nearest-rank (sorted ascending, index ceil(0.95*n)-1); stddev = sample standard deviation with n-1 denominator (null for n < 2); cv = stddev/mean"
true,blob,blob/backup-corpus,amber-rust-s3,pull_incremental,2,0,0,0,,cpu_ns,ns,2,29805000,29805000,30392000,30392000,30098500,415071.6805565034,0.013790444060551304,"median = lower of the two middle samples for even n; p95 = nearest-rank (sorted ascending, index ceil(0.95*n)-1); stddev = sample standard deviation with n-1 denominator (null for n < 2); cv = stddev/mean"
true,blob,blob/backup-corpus,amber-rust-s3,pull_incremental,2,0,0,0,,max_rss_bytes,bytes,2,40456192,40456192,43520000,43520000,41988096,2166439.4130535936,0.05159651471344625,"median = lower of the two middle samples for even n; p95 = nearest-rank (sorted ascending, index ceil(0.95*n)-1); stddev = sample standard deviation with n-1 denominator (null for n < 2); cv = stddev/mean"
true,blob,blob/backup-corpus,amber-rust-s3,pull_incremental,2,0,0,0,,throughput_bytes_per_s,bytes/s,2,111867124.29956275,111867124.29956275,305174203.487516,305174203.487516,208520663.89353937,136688746.54516667,0.6555165516591361,"median = lower of the two middle samples for even n; p95 = nearest-rank (sorted ascending, index ceil(0.95*n)-1); stddev = sample standard deviation with n-1 denominator (null for n < 2); cv = stddev/mean"
true,blob,blob/backup-corpus,amber-rust-s3,pull_incremental,2,0,0,0,,logical_bytes,bytes,2,7192878,7192878,7208186,7208186,7200532,10824.39060640367,0.0015032765087918045,"median = lower of the two middle samples for even n; p95 = nearest-rank (sorted ascending, index ceil(0.95*n)-1); stddev = sample standard deviation with n-1 denominator (null for n < 2); cv = stddev/mean"
true,blob,blob/backup-corpus,amber-rust-s3,retention_cleanup,2,0,0,0,,wall_ns,ns,2,90956379,90956379,95287610,95287610,93121994.5,3062642.8109853915,0.03288850101879413,"median = lower of the two middle samples for even n; p95 = nearest-rank (sorted ascending, index ceil(0.95*n)-1); stddev = sample standard deviation with n-1 denominator (null for n < 2); cv = stddev/mean"
true,blob,blob/backup-corpus,amber-rust-s3,retention_cleanup,2,0,0,0,,cpu_ns,ns,2,46598000,46598000,47508000,47508000,47053000,643467.1708797582,0.013675369708196251,"median = lower of the two middle samples for even n; p95 = nearest-rank (sorted ascending, index ceil(0.95*n)-1); stddev = sample standard deviation with n-1 denominator (null for n < 2); cv = stddev/mean"
true,blob,blob/backup-corpus,amber-rust-s3,retention_cleanup,2,0,0,0,,max_rss_bytes,bytes,2,40456192,40456192,43520000,43520000,41988096,2166439.4130535936,0.05159651471344625,"median = lower of the two middle samples for even n; p95 = nearest-rank (sorted ascending, index ceil(0.95*n)-1); stddev = sample standard deviation with n-1 denominator (null for n < 2); cv = stddev/mean"
true,blob,blob/backup-corpus,amber-rust-s3,retention_cleanup,2,0,0,0,,throughput_bytes_per_s,bytes/s,2,162326770.500383,162326770.500383,170057055.59145007,170057055.59145007,166191913.04591653,5466137.008398797,0.03289051138660748,"median = lower of the two middle samples for even n; p95 = nearest-rank (sorted ascending, index ceil(0.95*n)-1); stddev = sample standard deviation with n-1 denominator (null for n < 2); cv = stddev/mean"
true,blob,blob/backup-corpus,amber-rust-s3,retention_cleanup,2,0,0,0,,logical_bytes,bytes,2,15467730,15467730,15467774,15467774,15467752,31.11269837220809,0.0000020114557288097254,"median = lower of the two middle samples for even n; p95 = nearest-rank (sorted ascending, index ceil(0.95*n)-1); stddev = sample standard deviation with n-1 denominator (null for n < 2); cv = stddev/mean"
true,git,git/history,git,history_store,2,0,0,0,,wall_ns,ns,2,183046412,183046412,184622825,184622825,183834618.5,1114692.3222506288,0.0060635604509421,"median = lower of the two middle samples for even n; p95 = nearest-rank (sorted ascending, index ceil(0.95*n)-1); stddev = sample standard deviation with n-1 denominator (null for n < 2); cv = stddev/mean"
true,git,git/history,git,history_store,2,0,0,0,,cpu_ns,ns,2,179753000,179753000,181557000,181557000,180655000,1275620.6332605318,0.007061086785644083,"median = lower of the two middle samples for even n; p95 = nearest-rank (sorted ascending, index ceil(0.95*n)-1); stddev = sample standard deviation with n-1 denominator (null for n < 2); cv = stddev/mean"
true,git,git/history,git,history_store,2,0,0,0,,max_rss_bytes,bytes,2,40456192,40456192,40898560,40898560,40677376,312801.4125799307,0.007689812946143101,"median = lower of the two middle samples for even n; p95 = nearest-rank (sorted ascending, index ceil(0.95*n)-1); stddev = sample standard deviation with n-1 denominator (null for n < 2); cv = stddev/mean"
true,git,git/history,git,history_store,2,0,0,0,,throughput_bytes_per_s,bytes/s,2,122016202.49283911,122016202.49283911,123067017.5605518,123067017.5605518,122541610.02669546,743038.4601526473,0.006063560450942156,"median = lower of the two middle samples for even n; p95 = nearest-rank (sorted ascending, index ceil(0.95*n)-1); stddev = sample standard deviation with n-1 denominator (null for n < 2); cv = stddev/mean"
true,git,git/history,git,history_store,2,0,0,0,,logical_bytes,bytes,2,22526976,22526976,22526976,22526976,22526976,0,0,"median = lower of the two middle samples for even n; p95 = nearest-rank (sorted ascending, index ceil(0.95*n)-1); stddev = sample standard deviation with n-1 denominator (null for n < 2); cv = stddev/mean"
true,git,git/history,git,history_store,2,0,0,0,,store_apparent_bytes,bytes,2,2643898,2643898,2643898,2643898,2643898,0,0,"median = lower of the two middle samples for even n; p95 = nearest-rank (sorted ascending, index ceil(0.95*n)-1); stddev = sample standard deviation with n-1 denominator (null for n < 2); cv = stddev/mean"
true,git,git/history,git,history_store,2,0,0,0,,store_allocated_bytes,bytes,2,4595712,4595712,4595712,4595712,4595712,0,0,"median = lower of the two middle samples for even n; p95 = nearest-rank (sorted ascending, index ceil(0.95*n)-1); stddev = sample standard deviation with n-1 denominator (null for n < 2); cv = stddev/mean"
true,git,git/history,git,clone_full,2,0,0,0,,wall_ns,ns,2,88372458,88372458,89281084,89281084,88826771,642495.6061624079,0.007233130270629874,"median = lower of the two middle samples for even n; p95 = nearest-rank (sorted ascending, index ceil(0.95*n)-1); stddev = sample standard deviation with n-1 denominator (null for n < 2); cv = stddev/mean"
true,git,git/history,git,clone_full,2,0,0,0,,cpu_ns,ns,2,117491000,117491000,118295000,118295000,117893000,568513.8520739842,0.004822286752173447,"median = lower of the two middle samples for even n; p95 = nearest-rank (sorted ascending, index ceil(0.95*n)-1); stddev = sample standard deviation with n-1 denominator (null for n < 2); cv = stddev/mean"
true,git,git/history,git,clone_full,2,0,0,0,,max_rss_bytes,bytes,2,40456192,40456192,40898560,40898560,40677376,312801.4125799307,0.007689812946143101,"median = lower of the two middle samples for even n; p95 = nearest-rank (sorted ascending, index ceil(0.95*n)-1); stddev = sample standard deviation with n-1 denominator (null for n < 2); cv = stddev/mean"
true,git,git/history,git,history_store_incremental,2,0,0,0,,wall_ns,ns,2,70883623,70883623,71036635,71036635,70960129,108195.82280291601,0.0015247410669576996,"median = lower of the two middle samples for even n; p95 = nearest-rank (sorted ascending, index ceil(0.95*n)-1); stddev = sample standard deviation with n-1 denominator (null for n < 2); cv = stddev/mean"
true,git,git/history,git,history_store_incremental,2,0,0,0,,cpu_ns,ns,2,69588000,69588000,69762000,69762000,69675000,123036.57992645926,0.0017658640821881487,"median = lower of the two middle samples for even n; p95 = nearest-rank (sorted ascending, index ceil(0.95*n)-1); stddev = sample standard deviation with n-1 denominator (null for n < 2); cv = stddev/mean"
true,git,git/history,git,history_store_incremental,2,0,0,0,,max_rss_bytes,bytes,2,40456192,40456192,40898560,40898560,40677376,312801.4125799307,0.007689812946143101,"median = lower of the two middle samples for even n; p95 = nearest-rank (sorted ascending, index ceil(0.95*n)-1); stddev = sample standard deviation with n-1 denominator (null for n < 2); cv = stddev/mean"
true,git,git/history,git,history_store_incremental,2,0,0,0,,throughput_bytes_per_s,bytes/s,2,115320777.79303594,115320777.79303594,115569713.47246176,115569713.47246176,115445245.63274884,176024.10700127835,0.0015247410669577616,"median = lower of the two middle samples for even n; p95 = nearest-rank (sorted ascending, index ceil(0.95*n)-1); stddev = sample standard deviation with n-1 denominator (null for n < 2); cv = stddev/mean"
true,git,git/history,git,history_store_incremental,2,0,0,0,,logical_bytes,bytes,2,8192000,8192000,8192000,8192000,8192000,0,0,"median = lower of the two middle samples for even n; p95 = nearest-rank (sorted ascending, index ceil(0.95*n)-1); stddev = sample standard deviation with n-1 denominator (null for n < 2); cv = stddev/mean"
true,git,git/history,git,history_store_incremental,2,0,0,0,,store_apparent_bytes,bytes,2,2662796,2662796,2662796,2662796,2662796,0,0,"median = lower of the two middle samples for even n; p95 = nearest-rank (sorted ascending, index ceil(0.95*n)-1); stddev = sample standard deviation with n-1 denominator (null for n < 2); cv = stddev/mean"
true,git,git/history,git,history_store_incremental,2,0,0,0,,store_allocated_bytes,bytes,2,4808704,4808704,4808704,4808704,4808704,0,0,"median = lower of the two middle samples for even n; p95 = nearest-rank (sorted ascending, index ceil(0.95*n)-1); stddev = sample standard deviation with n-1 denominator (null for n < 2); cv = stddev/mean"
true,git,git/history,git,fetch_incremental,2,0,0,0,,wall_ns,ns,2,15444293,15444293,15588088,15588088,15516190.5,101678.4196007196,0.006553053057754067,"median = lower of the two middle samples for even n; p95 = nearest-rank (sorted ascending, index ceil(0.95*n)-1); stddev = sample standard deviation with n-1 denominator (null for n < 2); cv = stddev/mean"
true,git,git/history,git,fetch_incremental,2,0,0,0,,cpu_ns,ns,2,16724000,16724000,16920000,16920000,16822000,138592.92911256332,0.008238790221885823,"median = lower of the two middle samples for even n; p95 = nearest-rank (sorted ascending, index ceil(0.95*n)-1); stddev = sample standard deviation with n-1 denominator (null for n < 2); cv = stddev/mean"
true,git,git/history,git,fetch_incremental,2,0,0,0,,max_rss_bytes,bytes,2,40456192,40456192,40898560,40898560,40677376,312801.4125799307,0.007689812946143101,"median = lower of the two middle samples for even n; p95 = nearest-rank (sorted ascending, index ceil(0.95*n)-1); stddev = sample standard deviation with n-1 denominator (null for n < 2); cv = stddev/mean"
true,git,git/history,git,gc,2,0,0,0,,wall_ns,ns,2,94654579,94654579,99142251,99142251,96898415,3173263.302940996,0.03274835097086981,"median = lower of the two middle samples for even n; p95 = nearest-rank (sorted ascending, index ceil(0.95*n)-1); stddev = sample standard deviation with n-1 denominator (null for n < 2); cv = stddev/mean"
true,git,git/history,git,gc,2,0,0,0,,cpu_ns,ns,2,106627000,106627000,111939000,111939000,109283000,3756151.2216629405,0.03437086483408161,"median = lower of the two middle samples for even n; p95 = nearest-rank (sorted ascending, index ceil(0.95*n)-1); stddev = sample standard deviation with n-1 denominator (null for n < 2); cv = stddev/mean"
true,git,git/history,git,gc,2,0,0,0,,max_rss_bytes,bytes,2,40456192,40456192,40898560,40898560,40677376,312801.4125799307,0.007689812946143101,"median = lower of the two middle samples for even n; p95 = nearest-rank (sorted ascending, index ceil(0.95*n)-1); stddev = sample standard deviation with n-1 denominator (null for n < 2); cv = stddev/mean"
true,git,git/history,git,gc,2,0,0,0,,store_apparent_bytes,bytes,2,2426549,2426549,2426549,2426549,2426549,0,0,"median = lower of the two middle samples for even n; p95 = nearest-rank (sorted ascending, index ceil(0.95*n)-1); stddev = sample standard deviation with n-1 denominator (null for n < 2); cv = stddev/mean"
true,git,git/history,git,gc,2,0,0,0,,store_allocated_bytes,bytes,2,2564096,2564096,2564096,2564096,2564096,0,0,"median = lower of the two middle samples for even n; p95 = nearest-rank (sorted ascending, index ceil(0.95*n)-1); stddev = sample standard deviation with n-1 denominator (null for n < 2); cv = stddev/mean"
true,git,git/history,git,gc,2,0,0,0,,reclaimed_bytes,bytes,2,2244608,2244608,2244608,2244608,2244608,0,0,"median = lower of the two middle samples for even n; p95 = nearest-rank (sorted ascending, index ceil(0.95*n)-1); stddev = sample standard deviation with n-1 denominator (null for n < 2); cv = stddev/mean"
true,git,git/history,git,list_head,2,0,0,0,,wall_ns,ns,2,1311613,1311613,1409319,1409319,1360466,69088.57516261282,0.05078302226047018,"median = lower of the two middle samples for even n; p95 = nearest-rank (sorted ascending, index ceil(0.95*n)-1); stddev = sample standard deviation with n-1 denominator (null for n < 2); cv = stddev/mean"
true,git,git/history,git,list_head,2,0,0,0,,cpu_ns,ns,2,1193000,1193000,1211000,1211000,1202000,12727.922061357855,0.010588953462028166,"median = lower of the two middle samples for even n; p95 = nearest-rank (sorted ascending, index ceil(0.95*n)-1); stddev = sample standard deviation with n-1 denominator (null for n < 2); cv = stddev/mean"
true,git,git/history,git,list_head,2,0,0,0,,max_rss_bytes,bytes,2,40456192,40456192,40898560,40898560,40677376,312801.4125799307,0.007689812946143101,"median = lower of the two middle samples for even n; p95 = nearest-rank (sorted ascending, index ceil(0.95*n)-1); stddev = sample standard deviation with n-1 denominator (null for n < 2); cv = stddev/mean"
true,git,git/history,git,read_all_versions,2,0,0,0,,wall_ns,ns,2,45536701,45536701,46001839,46001839,45769270,328902.23398754833,0.0071860930704717016,"median = lower of the two middle samples for even n; p95 = nearest-rank (sorted ascending, index ceil(0.95*n)-1); stddev = sample standard deviation with n-1 denominator (null for n < 2); cv = stddev/mean"
true,git,git/history,git,read_all_versions,2,0,0,0,,cpu_ns,ns,2,44072000,44072000,44616000,44616000,44344000,384666.08896548185,0.008674591578691184,"median = lower of the two middle samples for even n; p95 = nearest-rank (sorted ascending, index ceil(0.95*n)-1); stddev = sample standard deviation with n-1 denominator (null for n < 2); cv = stddev/mean"
true,git,git/history,git,read_all_versions,2,0,0,0,,max_rss_bytes,bytes,2,40456192,40456192,40898560,40898560,40677376,312801.4125799307,0.007689812946143101,"median = lower of the two middle samples for even n; p95 = nearest-rank (sorted ascending, index ceil(0.95*n)-1); stddev = sample standard deviation with n-1 denominator (null for n < 2); cv = stddev/mean"
true,git,git/history,git,read_all_versions,2,0,0,0,,throughput_bytes_per_s,bytes/s,2,667777129.5186698,667777129.5186698,674598188.393138,674598188.393138,671187658.955904,4823216.985009149,0.007186093070471707,"median = lower of the two middle samples for even n; p95 = nearest-rank (sorted ascending, index ceil(0.95*n)-1); stddev = sample standard deviation with n-1 denominator (null for n < 2); cv = stddev/mean"
true,git,git/history,git,read_all_versions,2,0,0,0,,logical_bytes,bytes,2,30718976,30718976,30718976,30718976,30718976,0,0,"median = lower of the two middle samples for even n; p95 = nearest-rank (sorted ascending, index ceil(0.95*n)-1); stddev = sample standard deviation with n-1 denominator (null for n < 2); cv = stddev/mean"
true,git,git/history,git,checkout_version,2,0,0,0,,wall_ns,ns,2,6537006,6537006,6858879,6858879,6697942.5,227598.5809808576,0.03398037247719842,"median = lower of the two middle samples for even n; p95 = nearest-rank (sorted ascending, index ceil(0.95*n)-1); stddev = sample standard deviation with n-1 denominator (null for n < 2); cv = stddev/mean"
true,git,git/history,git,checkout_version,2,0,0,0,,cpu_ns,ns,2,6403000,6403000,6709000,6709000,6556000,216374.67504308355,0.03300406879851793,"median = lower of the two middle samples for even n; p95 = nearest-rank (sorted ascending, index ceil(0.95*n)-1); stddev = sample standard deviation with n-1 denominator (null for n < 2); cv = stddev/mean"
true,git,git/history,git,checkout_version,2,0,0,0,,max_rss_bytes,bytes,2,40456192,40456192,40898560,40898560,40677376,312801.4125799307,0.007689812946143101,"median = lower of the two middle samples for even n; p95 = nearest-rank (sorted ascending, index ceil(0.95*n)-1); stddev = sample standard deviation with n-1 denominator (null for n < 2); cv = stddev/mean"
true,git,git/history,git,ref_delete,2,0,0,0,,wall_ns,ns,2,1355688,1355688,1441161,1441161,1398424.5,60438.53790835778,0.04321902105430631,"median = lower of the two middle samples for even n; p95 = nearest-rank (sorted ascending, index ceil(0.95*n)-1); stddev = sample standard deviation with n-1 denominator (null for n < 2); cv = stddev/mean"
true,git,git/history,git,ref_delete,2,0,0,0,,cpu_ns,ns,2,1273000,1273000,1345000,1345000,1309000,50911.68824543142,0.0388935739078926,"median = lower of the two middle samples for even n; p95 = nearest-rank (sorted ascending, index ceil(0.95*n)-1); stddev = sample standard deviation with n-1 denominator (null for n < 2); cv = stddev/mean"
true,git,git/history,git,ref_delete,2,0,0,0,,max_rss_bytes,bytes,2,40456192,40456192,40914944,40914944,40685568,324386.65008289105,0.00797301515079969,"median = lower of the two middle samples for even n; p95 = nearest-rank (sorted ascending, index ceil(0.95*n)-1); stddev = sample standard deviation with n-1 denominator (null for n < 2); cv = stddev/mean"
true,git,git/history,amber-rust,history_store,2,0,0,0,,wall_ns,ns,2,117935131,117935131,119777682,119777682,118856406.5,1302880.3067820542,0.010961801262114166,"median = lower of the two middle samples for even n; p95 = nearest-rank (sorted ascending, index ceil(0.95*n)-1); stddev = sample standard deviation with n-1 denominator (null for n < 2); cv = stddev/mean"
true,git,git/history,amber-rust,history_store,2,0,0,0,,cpu_ns,ns,2,437428000,437428000,445920000,445920000,441674000,6004750.785836161,0.013595436421062052,"median = lower of the two middle samples for even n; p95 = nearest-rank (sorted ascending, index ceil(0.95*n)-1); stddev = sample standard deviation with n-1 denominator (null for n < 2); cv = stddev/mean"
true,git,git/history,amber-rust,history_store,2,0,0,0,,max_rss_bytes,bytes,2,40456192,40456192,43520000,43520000,41988096,2166439.4130535936,0.05159651471344625,"median = lower of the two middle samples for even n; p95 = nearest-rank (sorted ascending, index ceil(0.95*n)-1); stddev = sample standard deviation with n-1 denominator (null for n < 2); cv = stddev/mean"
true,git,git/history,amber-rust,history_store,2,0,0,0,,throughput_bytes_per_s,bytes/s,2,188073233.87674174,188073233.87674174,191011582.4605308,191011582.4605308,189542408.16863626,2077726.209087126,0.010961801262114221,"median = lower of the two middle samples for even n; p95 = nearest-rank (sorted ascending, index ceil(0.95*n)-1); stddev = sample standard deviation with n-1 denominator (null for n < 2); cv = stddev/mean"
true,git,git/history,amber-rust,history_store,2,0,0,0,,logical_bytes,bytes,2,22526976,22526976,22526976,22526976,22526976,0,0,"median = lower of the two middle samples for even n; p95 = nearest-rank (sorted ascending, index ceil(0.95*n)-1); stddev = sample standard deviation with n-1 denominator (null for n < 2); cv = stddev/mean"
true,git,git/history,amber-rust,history_store,2,0,0,0,,store_apparent_bytes,bytes,2,6082720,6082720,6082720,6082720,6082720,0,0,"median = lower of the two middle samples for even n; p95 = nearest-rank (sorted ascending, index ceil(0.95*n)-1); stddev = sample standard deviation with n-1 denominator (null for n < 2); cv = stddev/mean"
true,git,git/history,amber-rust,history_store,2,0,0,0,,store_allocated_bytes,bytes,2,4046848,4046848,4046848,4046848,4046848,0,0,"median = lower of the two middle samples for even n; p95 = nearest-rank (sorted ascending, index ceil(0.95*n)-1); stddev = sample standard deviation with n-1 denominator (null for n < 2); cv = stddev/mean"
true,git,git/history,amber-rust,clone_full,0,0,2,0,these cores ship no repository-to-repository transfer command; what they can do to publish a store is measured in the blob scenario group as a file-level object-storage transport,,,,,,,,,,,
true,git,git/history,amber-rust,history_store_incremental,2,0,0,0,,wall_ns,ns,2,42756184,42756184,43853821,43853821,43305002.5,776146.5659812585,0.017922792314381198,"median = lower of the two middle samples for even n; p95 = nearest-rank (sorted ascending, index ceil(0.95*n)-1); stddev = sample standard deviation with n-1 denominator (null for n < 2); cv = stddev/mean"
true,git,git/history,amber-rust,history_store_incremental,2,0,0,0,,cpu_ns,ns,2,151252000,151252000,169462000,169462000,160357000,12876414.48540703,0.08029842467374065,"median = lower of the two middle samples for even n; p95 = nearest-rank (sorted ascending, index ceil(0.95*n)-1); stddev = sample standard deviation with n-1 denominator (null for n < 2); cv = stddev/mean"
true,git,git/history,amber-rust,history_store_incremental,2,0,0,0,,max_rss_bytes,bytes,2,40456192,40456192,43520000,43520000,41988096,2166439.4130535936,0.05159651471344625,"median = lower of the two middle samples for even n; p95 = nearest-rank (sorted ascending, index ceil(0.95*n)-1); stddev = sample standard deviation with n-1 denominator (null for n < 2); cv = stddev/mean"
true,git,git/history,amber-rust,history_store_incremental,2,0,0,0,,throughput_bytes_per_s,bytes/s,2,186802422.5300687,186802422.5300687,191598015.38883826,191598015.38883826,189200218.95945346,3390996.230245741,0.017922792314381243,"median = lower of the two middle samples for even n; p95 = nearest-rank (sorted ascending, index ceil(0.95*n)-1); stddev = sample standard deviation with n-1 denominator (null for n < 2); cv = stddev/mean"
true,git,git/history,amber-rust,history_store_incremental,2,0,0,0,,logical_bytes,bytes,2,8192000,8192000,8192000,8192000,8192000,0,0,"median = lower of the two middle samples for even n; p95 = nearest-rank (sorted ascending, index ceil(0.95*n)-1); stddev = sample standard deviation with n-1 denominator (null for n < 2); cv = stddev/mean"
true,git,git/history,amber-rust,history_store_incremental,2,0,0,0,,store_apparent_bytes,bytes,2,6099988,6099988,6099988,6099988,6099988,0,0,"median = lower of the two middle samples for even n; p95 = nearest-rank (sorted ascending, index ceil(0.95*n)-1); stddev = sample standard deviation with n-1 denominator (null for n < 2); cv = stddev/mean"
true,git,git/history,amber-rust,history_store_incremental,2,0,0,0,,store_allocated_bytes,bytes,2,4063232,4063232,4063232,4063232,4063232,0,0,"median = lower of the two middle samples for even n; p95 = nearest-rank (sorted ascending, index ceil(0.95*n)-1); stddev = sample standard deviation with n-1 denominator (null for n < 2); cv = stddev/mean"
true,git,git/history,amber-rust,fetch_incremental,0,0,2,0,these cores ship no incremental fetch command; see the blob scenario group for incremental object-storage publication,,,,,,,,,,,
true,git,git/history,amber-rust,gc,2,0,0,0,,wall_ns,ns,2,5447406,5447406,5489817,5489817,5468611.5,29989.10569690267,0.00548386106727506,"median = lower of the two middle samples for even n; p95 = nearest-rank (sorted ascending, index ceil(0.95*n)-1); stddev = sample standard deviation with n-1 denominator (null for n < 2); cv = stddev/mean"
true,git,git/history,amber-rust,gc,2,0,0,0,,cpu_ns,ns,2,4979000,4979000,5024000,5024000,5001500,31819.80515339464,0.0063620524149544415,"median = lower of the two middle samples for even n; p95 = nearest-rank (sorted ascending, index ceil(0.95*n)-1); stddev = sample standard deviation with n-1 denominator (null for n < 2); cv = stddev/mean"
true,git,git/history,amber-rust,gc,2,0,0,0,,max_rss_bytes,bytes,2,40456192,40456192,43520000,43520000,41988096,2166439.4130535936,0.05159651471344625,"median = lower of the two middle samples for even n; p95 = nearest-rank (sorted ascending, index ceil(0.95*n)-1); stddev = sample standard deviation with n-1 denominator (null for n < 2); cv = stddev/mean"
true,git,git/history,amber-rust,gc,2,0,0,0,,store_apparent_bytes,bytes,2,6118842,6118842,6118842,6118842,6118842,0,0,"median = lower of the two middle samples for even n; p95 = nearest-rank (sorted ascending, index ceil(0.95*n)-1); stddev = sample standard deviation with n-1 denominator (null for n < 2); cv = stddev/mean"
true,git,git/history,amber-rust,gc,2,0,0,0,,store_allocated_bytes,bytes,2,4079616,4079616,4079616,4079616,4079616,0,0,"median = lower of the two middle samples for even n; p95 = nearest-rank (sorted ascending, index ceil(0.95*n)-1); stddev = sample standard deviation with n-1 denominator (null for n < 2); cv = stddev/mean"
true,git,git/history,amber-rust,gc,2,0,0,0,,reclaimed_bytes,bytes,2,-16384,-16384,-16384,-16384,-16384,0,-0,"median = lower of the two middle samples for even n; p95 = nearest-rank (sorted ascending, index ceil(0.95*n)-1); stddev = sample standard deviation with n-1 denominator (null for n < 2); cv = stddev/mean"
true,git,git/history,amber-rust,list_head,2,0,0,0,,wall_ns,ns,2,111410844,111410844,120268285,120268285,115839564.5,6263156.595059754,0.05406750812724054,"median = lower of the two middle samples for even n; p95 = nearest-rank (sorted ascending, index ceil(0.95*n)-1); stddev = sample standard deviation with n-1 denominator (null for n < 2); cv = stddev/mean"
true,git,git/history,amber-rust,list_head,2,0,0,0,,cpu_ns,ns,2,102081000,102081000,110984000,110984000,106532500,6295371.672903833,0.05909343789832993,"median = lower of the two middle samples for even n; p95 = nearest-rank (sorted ascending, index ceil(0.95*n)-1); stddev = sample standard deviation with n-1 denominator (null for n < 2); cv = stddev/mean"
true,git,git/history,amber-rust,list_head,2,0,0,0,,max_rss_bytes,bytes,2,40456192,40456192,43520000,43520000,41988096,2166439.4130535936,0.05159651471344625,"median = lower of the two middle samples for even n; p95 = nearest-rank (sorted ascending, index ceil(0.95*n)-1); stddev = sample standard deviation with n-1 denominator (null for n < 2); cv = stddev/mean"
true,git,git/history,amber-rust,read_all_versions,2,0,0,0,,wall_ns,ns,2,72315158,72315158,73311384,73311384,72813271,704438.1601943495,0.00967458473599338,"median = lower of the two middle samples for even n; p95 = nearest-rank (sorted ascending, index ceil(0.95*n)-1); stddev = sample standard deviation with n-1 denominator (null for n < 2); cv = stddev/mean"
true,git,git/history,amber-rust,read_all_versions,2,0,0,0,,cpu_ns,ns,2,67504000,67504000,68445000,68445000,67974500,665387.4810965413,0.009788780808928955,"median = lower of the two middle samples for even n; p95 = nearest-rank (sorted ascending, index ceil(0.95*n)-1); stddev = sample standard deviation with n-1 denominator (null for n < 2); cv = stddev/mean"
true,git,git/history,amber-rust,read_all_versions,2,0,0,0,,max_rss_bytes,bytes,2,40456192,40456192,43520000,43520000,41988096,2166439.4130535936,0.05159651471344625,"median = lower of the two middle samples for even n; p95 = nearest-rank (sorted ascending, index ceil(0.95*n)-1); stddev = sample standard deviation with n-1 denominator (null for n < 2); cv = stddev/mean"
true,git,git/history,amber-rust,read_all_versions,2,0,0,0,,throughput_bytes_per_s,bytes/s,2,419020543.9308034,419020543.9308034,424793042.6979085,424793042.6979085,421906793.31435597,4081773.0226110034,0.009674584735993431,"median = lower of the two middle samples for even n; p95 = nearest-rank (sorted ascending, index ceil(0.95*n)-1); stddev = sample standard deviation with n-1 denominator (null for n < 2); cv = stddev/mean"
true,git,git/history,amber-rust,read_all_versions,2,0,0,0,,logical_bytes,bytes,2,30718976,30718976,30718976,30718976,30718976,0,0,"median = lower of the two middle samples for even n; p95 = nearest-rank (sorted ascending, index ceil(0.95*n)-1); stddev = sample standard deviation with n-1 denominator (null for n < 2); cv = stddev/mean"
true,git,git/history,amber-rust,checkout_version,2,0,0,0,,wall_ns,ns,2,10958113,10958113,11104813,11104813,11031463,103732.56480006652,0.009403337055118303,"median = lower of the two middle samples for even n; p95 = nearest-rank (sorted ascending, index ceil(0.95*n)-1); stddev = sample standard deviation with n-1 denominator (null for n < 2); cv = stddev/mean"
true,git,git/history,amber-rust,checkout_version,2,0,0,0,,cpu_ns,ns,2,10592000,10592000,10747000,10747000,10669500,109601.55108391486,0.010272416803403614,"median = lower of the two middle samples for even n; p95 = nearest-rank (sorted ascending, index ceil(0.95*n)-1); stddev = sample standard deviation with n-1 denominator (null for n < 2); cv = stddev/mean"
true,git,git/history,amber-rust,checkout_version,2,0,0,0,,max_rss_bytes,bytes,2,40456192,40456192,43520000,43520000,41988096,2166439.4130535936,0.05159651471344625,"median = lower of the two middle samples for even n; p95 = nearest-rank (sorted ascending, index ceil(0.95*n)-1); stddev = sample standard deviation with n-1 denominator (null for n < 2); cv = stddev/mean"
true,git,git/history,amber-rust,ref_delete,2,0,0,0,,wall_ns,ns,2,4126145,4126145,4610098,4610098,4368121.5,342206.44807557325,0.07834178790026176,"median = lower of the two middle samples for even n; p95 = nearest-rank (sorted ascending, index ceil(0.95*n)-1); stddev = sample standard deviation with n-1 denominator (null for n < 2); cv = stddev/mean"
true,git,git/history,amber-rust,ref_delete,2,0,0,0,,cpu_ns,ns,2,3779000,3779000,4252000,4252000,4015500,334461.507501237,0.08329261798063428,"median = lower of the two middle samples for even n; p95 = nearest-rank (sorted ascending, index ceil(0.95*n)-1); stddev = sample standard deviation with n-1 denominator (null for n < 2); cv = stddev/mean"
true,git,git/history,amber-rust,ref_delete,2,0,0,0,,max_rss_bytes,bytes,2,40456192,40456192,43520000,43520000,41988096,2166439.4130535936,0.05159651471344625,"median = lower of the two middle samples for even n; p95 = nearest-rank (sorted ascending, index ceil(0.95*n)-1); stddev = sample standard deviation with n-1 denominator (null for n < 2); cv = stddev/mean"
true,blob,blob/nix-closure,amber-rust-s3,push_initial,2,0,0,0,,wall_ns,ns,2,51502289,51502289,52340917,52340917,51921603,592999.545692912,0.01142105619683799,"median = lower of the two middle samples for even n; p95 = nearest-rank (sorted ascending, index ceil(0.95*n)-1); stddev = sample standard deviation with n-1 denominator (null for n < 2); cv = stddev/mean"
true,blob,blob/nix-closure,amber-rust-s3,push_initial,2,0,0,0,,cpu_ns,ns,2,35298000,35298000,35458000,35458000,35378000,113137.0849898476,0.0031979502795479566,"median = lower of the two middle samples for even n; p95 = nearest-rank (sorted ascending, index ceil(0.95*n)-1); stddev = sample standard deviation with n-1 denominator (null for n < 2); cv = stddev/mean"
true,blob,blob/nix-closure,amber-rust-s3,push_initial,2,0,0,0,,max_rss_bytes,bytes,2,40456192,40456192,43663360,43663360,42059776,2267810.2412044974,0.05391874272474721,"median = lower of the two middle samples for even n; p95 = nearest-rank (sorted ascending, index ceil(0.95*n)-1); stddev = sample standard deviation with n-1 denominator (null for n < 2); cv = stddev/mean"
true,blob,blob/nix-closure,amber-rust-s3,push_initial,2,0,0,0,,throughput_bytes_per_s,bytes/s,2,135994178.3213313,135994178.3213313,138208614.3782852,138208614.3782852,137101396.34980825,1565842.7523761075,0.011421056196837908,"median = lower of the two middle samples for even n; p95 = nearest-rank (sorted ascending, index ceil(0.95*n)-1); stddev = sample standard deviation with n-1 denominator (null for n < 2); cv = stddev/mean"
true,blob,blob/nix-closure,amber-rust-s3,push_initial,2,0,0,0,,logical_bytes,bytes,2,7118060,7118060,7118060,7118060,7118060,0,0,"median = lower of the two middle samples for even n; p95 = nearest-rank (sorted ascending, index ceil(0.95*n)-1); stddev = sample standard deviation with n-1 denominator (null for n < 2); cv = stddev/mean"
true,blob,blob/nix-closure,amber-rust-s3,push_noop,2,0,0,0,,wall_ns,ns,2,17936792,17936792,19236481,19236481,18586636.5,919018.9053335628,0.04944514330678188,"median = lower of the two middle samples for even n; p95 = nearest-rank (sorted ascending, index ceil(0.95*n)-1); stddev = sample standard deviation with n-1 denominator (null for n < 2); cv = stddev/mean"
true,blob,blob/nix-closure,amber-rust-s3,push_noop,2,0,0,0,,cpu_ns,ns,2,24268000,24268000,26308000,26308000,25288000,1442497.8336205569,0.05704278051330895,"median = lower of the two middle samples for even n; p95 = nearest-rank (sorted ascending, index ceil(0.95*n)-1); stddev = sample standard deviation with n-1 denominator (null for n < 2); cv = stddev/mean"
true,blob,blob/nix-closure,amber-rust-s3,push_noop,2,0,0,0,,max_rss_bytes,bytes,2,40456192,40456192,43663360,43663360,42059776,2267810.2412044974,0.05391874272474721,"median = lower of the two middle samples for even n; p95 = nearest-rank (sorted ascending, index ceil(0.95*n)-1); stddev = sample standard deviation with n-1 denominator (null for n < 2); cv = stddev/mean"
true,blob,blob/nix-closure,amber-rust-s3,push_noop,2,0,0,0,,throughput_bytes_per_s,bytes/s,2,137759.083898973,137759.083898973,147741.02303243525,147741.02303243525,142750.05346570414,7058.296850662516,0.049445143306781875,"median = lower of the two middle samples for even n; p95 = nearest-rank (sorted ascending, index ceil(0.95*n)-1); stddev = sample standard deviation with n-1 denominator (null for n < 2); cv = stddev/mean"
true,blob,blob/nix-closure,amber-rust-s3,push_noop,2,0,0,0,,logical_bytes,bytes,2,2650,2650,2650,2650,2650,0,0,"median = lower of the two middle samples for even n; p95 = nearest-rank (sorted ascending, index ceil(0.95*n)-1); stddev = sample standard deviation with n-1 denominator (null for n < 2); cv = stddev/mean"
true,blob,blob/nix-closure,amber-rust-s3,pull_fresh,2,0,0,0,,wall_ns,ns,2,23094112,23094112,24252744,24252744,23673428,819276.544099732,0.03460743176272283,"median = lower of the two middle samples for even n; p95 = nearest-rank (sorted ascending, index ceil(0.95*n)-1); stddev = sample standard deviation with n-1 denominator (null for n < 2); cv = stddev/mean"
true,blob,blob/nix-closure,amber-rust-s3,pull_fresh,2,0,0,0,,cpu_ns,ns,2,28641000,28641000,29816000,29816000,29228500,830850.4678941934,0.028426038554636514,"median = lower of the two middle samples for even n; p95 = nearest-rank (sorted ascending, index ceil(0.95*n)-1); stddev = sample standard deviation with n-1 denominator (null for n < 2); cv = stddev/mean"
true,blob,blob/nix-closure,amber-rust-s3,pull_fresh,2,0,0,0,,max_rss_bytes,bytes,2,40456192,40456192,43663360,43663360,42059776,2267810.2412044974,0.05391874272474721,"median = lower of the two middle samples for even n; p95 = nearest-rank (sorted ascending, index ceil(0.95*n)-1); stddev = sample standard deviation with n-1 denominator (null for n < 2); cv = stddev/mean"
true,blob,blob/nix-closure,amber-rust-s3,pull_fresh,2,0,0,0,,throughput_bytes_per_s,bytes/s,2,293259393.6587134,293259393.6587134,307972222.530141,307972222.530141,300615808.0944272,10403541.065423671,0.03460743176272283,"median = lower of the two middle samples for even n; p95 = nearest-rank (sorted ascending, index ceil(0.95*n)-1); stddev = sample standard deviation with n-1 denominator (null for n < 2); cv = stddev/mean"
true,blob,blob/nix-closure,amber-rust-s3,pull_fresh,2,0,0,0,,logical_bytes,bytes,2,7112345,7112345,7112345,7112345,7112345,0,0,"median = lower of the two middle samples for even n; p95 = nearest-rank (sorted ascending, index ceil(0.95*n)-1); stddev = sample standard deviation with n-1 denominator (null for n < 2); cv = stddev/mean"
true,blob,blob/nix-closure,amber-rust-s3,push_incremental,2,0,0,0,,wall_ns,ns,2,54170789,54170789,55118199,55118199,54644494,669920.0355639469,0.012259607263706146,"median = lower of the two middle samples for even n; p95 = nearest-rank (sorted ascending, index ceil(0.95*n)-1); stddev = sample standard deviation with n-1 denominator (null for n < 2); cv = stddev/mean"
true,blob,blob/nix-closure,amber-rust-s3,push_incremental,2,0,0,0,,cpu_ns,ns,2,36081000,36081000,36575000,36575000,36328000,349310.74990615447,0.009615468781825436,"median = lower of the two middle samples for even n; p95 = nearest-rank (sorted ascending, index ceil(0.95*n)-1); stddev = sample standard deviation with n-1 denominator (null for n < 2); cv = stddev/mean"
true,blob,blob/nix-closure,amber-rust-s3,push_incremental,2,0,0,0,,max_rss_bytes,bytes,2,40456192,40456192,43663360,43663360,42059776,2267810.2412044974,0.05391874272474721,"median = lower of the two middle samples for even n; p95 = nearest-rank (sorted ascending, index ceil(0.95*n)-1); stddev = sample standard deviation with n-1 denominator (null for n < 2); cv = stddev/mean"
true,blob,blob/nix-closure,amber-rust-s3,push_incremental,2,0,0,0,,throughput_bytes_per_s,bytes/s,2,138736263.86087108,138736263.86087108,141162666.100359,141162666.100359,139949464.98061502,1715725.477428131,0.012259607263706104,"median = lower of the two middle samples for even n; p95 = nearest-rank (sorted ascending, index ceil(0.95*n)-1); stddev = sample standard deviation with n-1 denominator (null for n < 2); cv = stddev/mean"
true,blob,blob/nix-closure,amber-rust-s3,push_incremental,2,0,0,0,,logical_bytes,bytes,2,7646893,7646893,7646893,7646893,7646893,0,0,"median = lower of the two middle samples for even n; p95 = nearest-rank (sorted ascending, index ceil(0.95*n)-1); stddev = sample standard deviation with n-1 denominator (null for n < 2); cv = stddev/mean"
true,blob,blob/nix-closure,amber-rust-s3,pull_incremental,2,0,0,0,,wall_ns,ns,2,22693909,22693909,64444498,64444498,43569203.5,29522124.600432478,0.6775915607553504,"median = lower of the two middle samples for even n; p95 = nearest-rank (sorted ascending, index ceil(0.95*n)-1); stddev = sample standard deviation with n-1 denominator (null for n < 2); cv = stddev/mean"
true,blob,blob/nix-closure,amber-rust-s3,pull_incremental,2,0,0,0,,cpu_ns,ns,2,30848000,30848000,32885000,32885000,31866500,1440376.5132769973,0.04520033619245908,"median = lower of the two middle samples for even n; p95 = nearest-rank (sorted ascending, index ceil(0.95*n)-1); stddev = sample standard deviation with n-1 denominator (null for n < 2); cv = stddev/mean"
true,blob,blob/nix-closure,amber-rust-s3,pull_incremental,2,0,0,0,,max_rss_bytes,bytes,2,40456192,40456192,43663360,43663360,42059776,2267810.2412044974,0.05391874272474721,"median = lower of the two middle samples for even n; p95 = nearest-rank (sorted ascending, index ceil(0.95*n)-1); stddev = sample standard deviation with n-1 denominator (null for n < 2); cv = stddev/mean"
true,blob,blob/nix-closure,amber-rust-s3,pull_incremental,2,0,0,0,,throughput_bytes_per_s,bytes/s,2,118549189.41257018,118549189.41257018,336647291.5706148,336647291.5706148,227598240.4915925,154218646.99986976,0.6775915607553504,"median = lower of the two middle samples for even n; p95 = nearest-rank (sorted ascending, index ceil(0.95*n)-1); stddev = sample standard deviation with n-1 denominator (null for n < 2); cv = stddev/mean"
true,blob,blob/nix-closure,amber-rust-s3,pull_incremental,2,0,0,0,,logical_bytes,bytes,2,7639843,7639843,7639843,7639843,7639843,0,0,"median = lower of the two middle samples for even n; p95 = nearest-rank (sorted ascending, index ceil(0.95*n)-1); stddev = sample standard deviation with n-1 denominator (null for n < 2); cv = stddev/mean"
true,blob,blob/nix-closure,amber-rust-s3,retention_cleanup,2,0,0,0,,wall_ns,ns,2,53819097,53819097,55148768,55148768,54483932.5,940219.3808470978,0.017256819353982898,"median = lower of the two middle samples for even n; p95 = nearest-rank (sorted ascending, index ceil(0.95*n)-1); stddev = sample standard deviation with n-1 denominator (null for n < 2); cv = stddev/mean"
true,blob,blob/nix-closure,amber-rust-s3,retention_cleanup,2,0,0,0,,cpu_ns,ns,2,36747000,36747000,37038000,37038000,36892500,205768.07332528534,0.0055775041898837256,"median = lower of the two middle samples for even n; p95 = nearest-rank (sorted ascending, index ceil(0.95*n)-1); stddev = sample standard deviation with n-1 denominator (null for n < 2); cv = stddev/mean"
true,blob,blob/nix-closure,amber-rust-s3,retention_cleanup,2,0,0,0,,max_rss_bytes,bytes,2,40456192,40456192,43663360,43663360,42059776,2267810.2412044974,0.05391874272474721,"median = lower of the two middle samples for even n; p95 = nearest-rank (sorted ascending, index ceil(0.95*n)-1); stddev = sample standard deviation with n-1 denominator (null for n < 2); cv = stddev/mean"
true,blob,blob/nix-closure,amber-rust-s3,retention_cleanup,2,0,0,0,,throughput_bytes_per_s,bytes/s,2,138804243.09750673,138804243.09750673,142233582.99749994,142233582.99749994,140518913.04750335,2424909.498278796,0.0172568193539829,"median = lower of the two middle samples for even n; p95 = nearest-rank (sorted ascending, index ceil(0.95*n)-1); stddev = sample standard deviation with n-1 denominator (null for n < 2); cv = stddev/mean"
true,blob,blob/nix-closure,amber-rust-s3,retention_cleanup,2,0,0,0,,logical_bytes,bytes,2,7654883,7654883,7654883,7654883,7654883,0,0,"median = lower of the two middle samples for even n; p95 = nearest-rank (sorted ascending, index ceil(0.95*n)-1); stddev = sample standard deviation with n-1 denominator (null for n < 2); cv = stddev/mean"
true,blob,blob/backup-corpus,amber-go-s3,push_initial,2,0,0,0,,wall_ns,ns,2,93735863,93735863,98148820,98148820,95942341.5,3120431.819784643,0.03252403236150582,"median = lower of the two middle samples for even n; p95 = nearest-rank (sorted ascending, index ceil(0.95*n)-1); stddev = sample standard deviation with n-1 denominator (null for n < 2); cv = stddev/mean"
true,blob,blob/backup-corpus,amber-go-s3,push_initial,2,0,0,0,,cpu_ns,ns,2,44162000,44162000,47093000,47093000,45627500,2072529.9756577709,0.045422825613013446,"median = lower of the two middle samples for even n; p95 = nearest-rank (sorted ascending, index ceil(0.95*n)-1); stddev = sample standard deviation with n-1 denominator (null for n < 2); cv = stddev/mean"
true,blob,blob/backup-corpus,amber-go-s3,push_initial,2,0,0,0,,max_rss_bytes,bytes,2,40456192,40456192,43520000,43520000,41988096,2166439.4130535936,0.05159651471344625,"median = lower of the two middle samples for even n; p95 = nearest-rank (sorted ascending, index ceil(0.95*n)-1); stddev = sample standard deviation with n-1 denominator (null for n < 2); cv = stddev/mean"
true,blob,blob/backup-corpus,amber-go-s3,push_initial,2,0,0,0,,throughput_bytes_per_s,bytes/s,2,120073302.96991853,120073302.96991853,125744945.6671669,125744945.6671669,122909124.31854272,4010457.0116914827,0.032629449065942485,"median = lower of the two middle samples for even n; p95 = nearest-rank (sorted ascending, index ceil(0.95*n)-1); stddev = sample standard deviation with n-1 denominator (null for n < 2); cv = stddev/mean"
true,blob,blob/backup-corpus,amber-go-s3,push_initial,2,0,0,0,,logical_bytes,bytes,2,11785053,11785053,11786811,11786811,11785932,1243.0937213259506,0.00010547267041129632,"median = lower of the two middle samples for even n; p95 = nearest-rank (sorted ascending, index ceil(0.95*n)-1); stddev = sample standard deviation with n-1 denominator (null for n < 2); cv = stddev/mean"
true,blob,blob/backup-corpus,amber-go-s3,push_noop,2,0,0,0,,wall_ns,ns,2,18036590,18036590,18978980,18978980,18507785,666370.3595223905,0.03600486819586409,"median = lower of the two middle samples for even n; p95 = nearest-rank (sorted ascending, index ceil(0.95*n)-1); stddev = sample standard deviation with n-1 denominator (null for n < 2); cv = stddev/mean"
true,blob,blob/backup-corpus,amber-go-s3,push_noop,2,0,0,0,,cpu_ns,ns,2,25659000,25659000,27243000,27243000,26451000,1120057.1413994913,0.04234460479375038,"median = lower of the two middle samples for even n; p95 = nearest-rank (sorted ascending, index ceil(0.95*n)-1); stddev = sample standard deviation with n-1 denominator (null for n < 2); cv = stddev/mean"
true,blob,blob/backup-corpus,amber-go-s3,push_noop,2,0,0,0,,max_rss_bytes,bytes,2,40456192,40456192,43520000,43520000,41988096,2166439.4130535936,0.05159651471344625,"median = lower of the two middle samples for even n; p95 = nearest-rank (sorted ascending, index ceil(0.95*n)-1); stddev = sample standard deviation with n-1 denominator (null for n < 2); cv = stddev/mean"
true,blob,blob/backup-corpus,amber-go-s3,push_noop,2,0,0,0,,throughput_bytes_per_s,bytes/s,2,235576.41137721838,235576.41137721838,247884.9937820841,247884.9937820841,241730.70257965123,8703.482085273965,0.036004868195864084,"median = lower of the two middle samples for even n; p95 = nearest-rank (sorted ascending, index ceil(0.95*n)-1); stddev = sample standard deviation with n-1 denominator (null for n < 2); cv = stddev/mean"
true,blob,blob/backup-corpus,amber-go-s3,push_noop,2,0,0,0,,logical_bytes,bytes,2,4471,4471,4471,4471,4471,0,0,"median = lower of the two middle samples for even n; p95 = nearest-rank (sorted ascending, index ceil(0.95*n)-1); stddev = sample standard deviation with n-1 denominator (null for n < 2); cv = stddev/mean"
true,blob,blob/backup-corpus,amber-go-s3,pull_fresh,2,0,0,0,,wall_ns,ns,2,27406864,27406864,27497155,27497155,27452009.5,63845.37838011456,0.0023257087383754026,"median = lower of the two middle samples for even n; p95 = nearest-rank (sorted ascending, index ceil(0.95*n)-1); stddev = sample standard deviation with n-1 denominator (null for n < 2); cv = stddev/mean"
true,blob,blob/backup-corpus,amber-go-s3,pull_fresh,2,0,0,0,,cpu_ns,ns,2,38745000,38745000,39685000,39685000,39215000,664680.3743153546,0.016949646163849412,"median = lower of the two middle samples for even n; p95 = nearest-rank (sorted ascending, index ceil(0.95*n)-1); stddev = sample standard deviation with n-1 denominator (null for n < 2); cv = stddev/mean"
true,blob,blob/backup-corpus,amber-go-s3,pull_fresh,2,0,0,0,,max_rss_bytes,bytes,2,40456192,40456192,43520000,43520000,41988096,2166439.4130535936,0.05159651471344625,"median = lower of the two middle samples for even n; p95 = nearest-rank (sorted ascending, index ceil(0.95*n)-1); stddev = sample standard deviation with n-1 denominator (null for n < 2); cv = stddev/mean"
true,blob,blob/backup-corpus,amber-go-s3,pull_fresh,2,0,0,0,,throughput_bytes_per_s,bytes/s,2,428235866.5832884,428235866.5832884,429579247.00907046,429579247.00907046,428907556.7961794,949913.4087837834,0.002214727611421383,"median = lower of the two middle samples for even n; p95 = nearest-rank (sorted ascending, index ceil(0.95*n)-1); stddev = sample standard deviation with n-1 denominator (null for n < 2); cv = stddev/mean"
true,blob,blob/backup-corpus,amber-go-s3,pull_fresh,2,0,0,0,,logical_bytes,bytes,2,11773420,11773420,11775268,11775268,11774344,1306.73333163274,0.00011098141277618014,"median = lower of the two middle samples for even n; p95 = nearest-rank (sorted ascending, index ceil(0.95*n)-1); stddev = sample standard deviation with n-1 denominator (null for n < 2); cv = stddev/mean"
true,blob,blob/backup-corpus,amber-go-s3,push_incremental,2,0,0,0,,wall_ns,ns,2,52709389,52709389,55080978,55080978,53895183.5,1676966.6640874231,0.031115334528686096,"median = lower of the two middle samples for even n; p95 = nearest-rank (sorted ascending, index ceil(0.95*n)-1); stddev = sample standard deviation with n-1 denominator (null for n < 2); cv = stddev/mean"
true,blob,blob/backup-corpus,amber-go-s3,push_incremental,2,0,0,0,,cpu_ns,ns,2,39375000,39375000,40768000,40768000,40071500,984999.7461928606,0.024581055018975097,"median = lower of the two middle samples for even n; p95 = nearest-rank (sorted ascending, index ceil(0.95*n)-1); stddev = sample standard deviation with n-1 denominator (null for n < 2); cv = stddev/mean"
true,blob,blob/backup-corpus,amber-go-s3,push_incremental,2,0,0,0,,max_rss_bytes,bytes,2,40542208,40542208,43520000,43520000,42031104,2105616.9161630515,0.05009663596185938,"median = lower of the two middle samples for even n; p95 = nearest-rank (sorted ascending, index ceil(0.95*n)-1); stddev = sample standard deviation with n-1 denominator (null for n < 2); cv = stddev/mean"
true,blob,blob/backup-corpus,amber-go-s3,push_incremental,2,0,0,0,,throughput_bytes_per_s,bytes/s,2,64813373.50255473,64813373.50255473,66301223.867345534,66301223.867345534,65557298.68495013,1052069.0823344565,0.016048084705112754,"median = lower of the two middle samples for even n; p95 = nearest-rank (sorted ascending, index ceil(0.95*n)-1); stddev = sample standard deviation with n-1 denominator (null for n < 2); cv = stddev/mean"
true,blob,blob/backup-corpus,amber-go-s3,push_incremental,2,0,0,0,,logical_bytes,bytes,2,3494697,3494697,3569984,3569984,3532340.5,53235.9482351916,0.015071012614778105,"median = lower of the two middle samples for even n; p95 = nearest-rank (sorted ascending, index ceil(0.95*n)-1); stddev = sample standard deviation with n-1 denominator (null for n < 2); cv = stddev/mean"
true,blob,blob/backup-corpus,amber-go-s3,pull_incremental,2,0,0,0,,wall_ns,ns,2,23469078,23469078,66841401,66841401,45155239.5,30668863.709113263,0.6791872670526587,"median = lower of the two middle samples for even n; p95 = nearest-rank (sorted ascending, index ceil(0.95*n)-1); stddev = sample standard deviation with n-1 denominator (null for n < 2); cv = stddev/mean"
true,blob,blob/backup-corpus,amber-go-s3,pull_incremental,2,0,0,0,,cpu_ns,ns,2,33262000,33262000,37424000,37424000,35343000,2942978.4232984106,0.08326906101062193,"median = lower of the two middle samples for even n; p95 = nearest-rank (sorted ascending, index ceil(0.95*n)-1); stddev = sample standard deviation with n-1 denominator (null for n < 2); cv = stddev/mean"
true,blob,blob/backup-corpus,amber-go-s3,pull_incremental,2,0,0,0,,max_rss_bytes,bytes,2,40542208,40542208,43520000,43520000,42031104,2105616.9161630515,0.05009663596185938,"median = lower of the two middle samples for even n; p95 = nearest-rank (sorted ascending, index ceil(0.95*n)-1); stddev = sample standard deviation with n-1 denominator (null for n < 2); cv = stddev/mean"
true,blob,blob/backup-corpus,amber-go-s3,pull_incremental,2,0,0,0,,throughput_bytes_per_s,bytes/s,2,53319543.676231444,53319543.676231444,148657139.40701038,148657139.40701038,100988341.54162091,67413860.44325542,0.6675410192321235,"median = lower of the two middle samples for even n; p95 = nearest-rank (sorted ascending, index ceil(0.95*n)-1); stddev = sample standard deviation with n-1 denominator (null for n < 2); cv = stddev/mean"
true,blob,blob/backup-corpus,amber-go-s3,pull_incremental,2,0,0,0,,logical_bytes,bytes,2,3488846,3488846,3563953,3563953,3526399.5,53108.66901457802,0.015060309818719638,"median = lower of the two middle samples for even n; p95 = nearest-rank (sorted ascending, index ceil(0.95*n)-1); stddev = sample standard deviation with n-1 denominator (null for n < 2); cv = stddev/mean"
true,blob,blob/backup-corpus,amber-go-s3,retention_cleanup,2,0,0,0,,wall_ns,ns,2,89907341,89907341,94805175,94805175,92356258,3463291.634526033,0.03749926328247332,"median = lower of the two middle samples for even n; p95 = nearest-rank (sorted ascending, index ceil(0.95*n)-1); stddev = sample standard deviation with n-1 denominator (null for n < 2); cv = stddev/mean"
true,blob,blob/backup-corpus,amber-go-s3,retention_cleanup,2,0,0,0,,cpu_ns,ns,2,50077000,50077000,54719000,54719000,52398000,3282389.6782679535,0.06264341536447868,"median = lower of the two middle samples for even n; p95 = nearest-rank (sorted ascending, index ceil(0.95*n)-1); stddev = sample standard deviation with n-1 denominator (null for n < 2); cv = stddev/mean"
true,blob,blob/backup-corpus,amber-go-s3,retention_cleanup,2,0,0,0,,max_rss_bytes,bytes,2,40542208,40542208,43520000,43520000,42031104,2105616.9161630515,0.05009663596185938,"median = lower of the two middle samples for even n; p95 = nearest-rank (sorted ascending, index ceil(0.95*n)-1); stddev = sample standard deviation with n-1 denominator (null for n < 2); cv = stddev/mean"
true,blob,blob/backup-corpus,amber-go-s3,retention_cleanup,2,0,0,0,,throughput_bytes_per_s,bytes/s,2,124697243.58401321,124697243.58401321,131751544.07024449,131751544.07024449,128224393.82712886,4988143.710341699,0.038901675113915346,"median = lower of the two middle samples for even n; p95 = nearest-rank (sorted ascending, index ceil(0.95*n)-1); stddev = sample standard deviation with n-1 denominator (null for n < 2); cv = stddev/mean"
true,blob,blob/backup-corpus,amber-go-s3,retention_cleanup,2,0,0,0,,logical_bytes,bytes,2,11821944,11821944,11845431,11845431,11833687.5,16607.816969728443,0.0014034354861684865,"median = lower of the two middle samples for even n; p95 = nearest-rank (sorted ascending, index ceil(0.95*n)-1); stddev = sample standard deviation with n-1 denominator (null for n < 2); cv = stddev/mean"
true,blob,blob/source-history,git-bundle-s3,push_initial,2,0,0,0,,wall_ns,ns,2,113133543,113133543,113325350,113325350,113229446.5,135628.0303790481,0.0011978158912845,"median = lower of the two middle samples for even n; p95 = nearest-rank (sorted ascending, index ceil(0.95*n)-1); stddev = sample standard deviation with n-1 denominator (null for n < 2); cv = stddev/mean"
true,blob,blob/source-history,git-bundle-s3,push_initial,2,0,0,0,,cpu_ns,ns,2,116589000,116589000,116727000,116727000,116658000,97580.73580374356,0.000836468444545111,"median = lower of the two middle samples for even n; p95 = nearest-rank (sorted ascending, index ceil(0.95*n)-1); stddev = sample standard deviation with n-1 denominator (null for n < 2); cv = stddev/mean"
true,blob,blob/source-history,git-bundle-s3,push_initial,2,0,0,0,,max_rss_bytes,bytes,2,40542208,40542208,41701376,41701376,41121792,819655.5533344479,0.01993238897114328,"median = lower of the two middle samples for even n; p95 = nearest-rank (sorted ascending, index ceil(0.95*n)-1); stddev = sample standard deviation with n-1 denominator (null for n < 2); cv = stddev/mean"
true,blob,blob/source-history,git-bundle-s3,push_initial,2,0,0,0,,throughput_bytes_per_s,bytes/s,2,20860787.105444632,20860787.105444632,20896154.556036487,20896154.556036487,20878470.83074056,25008.564146780667,0.001197815891284487,"median = lower of the two middle samples for even n; p95 = nearest-rank (sorted ascending, index ceil(0.95*n)-1); stddev = sample standard deviation with n-1 denominator (null for n < 2); cv = stddev/mean"
true,blob,blob/source-history,git-bundle-s3,push_initial,2,0,0,0,,logical_bytes,bytes,2,2364056,2364056,2364056,2364056,2364056,0,0,"median = lower of the two middle samples for even n; p95 = nearest-rank (sorted ascending, index ceil(0.95*n)-1); stddev = sample standard deviation with n-1 denominator (null for n < 2); cv = stddev/mean"
true,blob,blob/source-history,git-bundle-s3,push_noop,2,0,0,0,,wall_ns,ns,2,17241123,17241123,18312818,18312818,17776970.5,757802.801863717,0.04262834333126204,"median = lower of the two middle samples for even n; p95 = nearest-rank (sorted ascending, index ceil(0.95*n)-1); stddev = sample standard deviation with n-1 denominator (null for n < 2); cv = stddev/mean"
true,blob,blob/source-history,git-bundle-s3,push_noop,2,0,0,0,,cpu_ns,ns,2,23846000,23846000,27422000,27422000,25634000,2528613.849523094,0.09864296830471615,"median = lower of the two middle samples for even n; p95 = nearest-rank (sorted ascending, index ceil(0.95*n)-1); stddev = sample standard deviation with n-1 denominator (null for n < 2); cv = stddev/mean"
true,blob,blob/source-history,git-bundle-s3,push_noop,2,0,0,0,,max_rss_bytes,bytes,2,40542208,40542208,41701376,41701376,41121792,819655.5533344479,0.01993238897114328,"median = lower of the two middle samples for even n; p95 = nearest-rank (sorted ascending, index ceil(0.95*n)-1); stddev = sample standard deviation with n-1 denominator (null for n < 2); cv = stddev/mean"
true,blob,blob/source-history,git-bundle-s3,push_noop,2,0,0,0,,throughput_bytes_per_s,bytes/s,2,127833.95761373264,127833.95761373264,135780.0185057551,135780.0185057551,131806.9880597439,5618.71354047032,0.04262834333126205,"median = lower of the two middle samples for even n; p95 = nearest-rank (sorted ascending, index ceil(0.95*n)-1); stddev = sample standard deviation with n-1 denominator (null for n < 2); cv = stddev/mean"
true,blob,blob/source-history,git-bundle-s3,push_noop,2,0,0,0,,logical_bytes,bytes,2,2341,2341,2341,2341,2341,0,0,"median = lower of the two middle samples for even n; p95 = nearest-rank (sorted ascending, index ceil(0.95*n)-1); stddev = sample standard deviation with n-1 denominator (null for n < 2); cv = stddev/mean"
true,blob,blob/source-history,git-bundle-s3,pull_fresh,2,0,0,0,,wall_ns,ns,2,48282732,48282732,49802553,49802553,49042642.5,1074675.73528972,0.021913087886520796,"median = lower of the two middle samples for even n; p95 = nearest-rank (sorted ascending, index ceil(0.95*n)-1); stddev = sample standard deviation with n-1 denominator (null for n < 2); cv = stddev/mean"
true,blob,blob/source-history,git-bundle-s3,pull_fresh,2,0,0,0,,cpu_ns,ns,2,53266000,53266000,54038000,54038000,53652000,545886.4350760147,0.010174577556773553,"median = lower of the two middle samples for even n; p95 = nearest-rank (sorted ascending, index ceil(0.95*n)-1); stddev = sample standard deviation with n-1 denominator (null for n < 2); cv = stddev/mean"
true,blob,blob/source-history,git-bundle-s3,pull_fresh,2,0,0,0,,max_rss_bytes,bytes,2,40542208,40542208,41701376,41701376,41121792,819655.5533344479,0.01993238897114328,"median = lower of the two middle samples for even n; p95 = nearest-rank (sorted ascending, index ceil(0.95*n)-1); stddev = sample standard deviation with n-1 denominator (null for n < 2); cv = stddev/mean"
true,blob,blob/source-history,git-bundle-s3,pull_fresh,2,0,0,0,,throughput_bytes_per_s,bytes/s,2,47450499.174209,47450499.174209,48944123.5429677,48944123.5429677,48197311.35858835,1056151.9196947538,0.0219130878865208,"median = lower of the two middle samples for even n; p95 = nearest-rank (sorted ascending, index ceil(0.95*n)-1); stddev = sample standard deviation with n-1 denominator (null for n < 2); cv = stddev/mean"
true,blob,blob/source-history,git-bundle-s3,pull_fresh,2,0,0,0,,logical_bytes,bytes,2,2363156,2363156,2363156,2363156,2363156,0,0,"median = lower of the two middle samples for even n; p95 = nearest-rank (sorted ascending, index ceil(0.95*n)-1); stddev = sample standard deviation with n-1 denominator (null for n < 2); cv = stddev/mean"
true,blob,blob/source-history,git-bundle-s3,push_incremental,2,0,0,0,,wall_ns,ns,2,27827776,27827776,28483058,28483058,28155417,463354.3457894832,0.016457023022940248,"median = lower of the two middle samples for even n; p95 = nearest-rank (sorted ascending, index ceil(0.95*n)-1); stddev = sample standard deviation with n-1 denominator (null for n < 2); cv = stddev/mean"
true,blob,blob/source-history,git-bundle-s3,push_incremental,2,0,0,0,,cpu_ns,ns,2,34521000,34521000,35019000,35019000,34770000,352139.17703090067,0.010127672620963493,"median = lower of the two middle samples for even n; p95 = nearest-rank (sorted ascending, index ceil(0.95*n)-1); stddev = sample standard deviation with n-1 denominator (null for n < 2); cv = stddev/mean"
true,blob,blob/source-history,git-bundle-s3,push_incremental,2,0,0,0,,max_rss_bytes,bytes,2,40542208,40542208,42295296,42295296,41418752,1239620.4128167622,0.029928965817626815,"median = lower of the two middle samples for even n; p95 = nearest-rank (sorted ascending, index ceil(0.95*n)-1); stddev = sample standard deviation with n-1 denominator (null for n < 2); cv = stddev/mean"
true,blob,blob/source-history,git-bundle-s3,push_incremental,2,0,0,0,,throughput_bytes_per_s,bytes/s,2,737420.8204751048,737420.8204751048,754785.4345241244,754785.4345241244,746103.1274996146,12278.636346748897,0.01645702302294027,"median = lower of the two middle samples for even n; p95 = nearest-rank (sorted ascending, index ceil(0.95*n)-1); stddev = sample standard deviation with n-1 denominator (null for n < 2); cv = stddev/mean"
true,blob,blob/source-history,git-bundle-s3,push_incremental,2,0,0,0,,logical_bytes,bytes,2,21004,21004,21004,21004,21004,0,0,"median = lower of the two middle samples for even n; p95 = nearest-rank (sorted ascending, index ceil(0.95*n)-1); stddev = sample standard deviation with n-1 denominator (null for n < 2); cv = stddev/mean"
true,blob,blob/source-history,git-bundle-s3,pull_incremental,2,0,0,0,,wall_ns,ns,2,70046777,70046777,72346546,72346546,71196661.5,1626182.2550626053,0.022840709392849906,"median = lower of the two middle samples for even n; p95 = nearest-rank (sorted ascending, index ceil(0.95*n)-1); stddev = sample standard deviation with n-1 denominator (null for n < 2); cv = stddev/mean"
true,blob,blob/source-history,git-bundle-s3,pull_incremental,2,0,0,0,,cpu_ns,ns,2,35999000,35999000,36254000,36254000,36126500,180312.2292025696,0.004991134740497131,"median = lower of the two middle samples for even n; p95 = nearest-rank (sorted ascending, index ceil(0.95*n)-1); stddev = sample standard deviation with n-1 denominator (null for n < 2); cv = stddev/mean"
true,blob,blob/source-history,git-bundle-s3,pull_incremental,2,0,0,0,,max_rss_bytes,bytes,2,40542208,40542208,42295296,42295296,41418752,1239620.4128167622,0.029928965817626815,"median = lower of the two middle samples for even n; p95 = nearest-rank (sorted ascending, index ceil(0.95*n)-1); stddev = sample standard deviation with n-1 denominator (null for n < 2); cv = stddev/mean"
true,blob,blob/source-history,git-bundle-s3,pull_incremental,2,0,0,0,,throughput_bytes_per_s,bytes/s,2,348337.29311693745,348337.29311693745,359773.86939587526,359773.86939587526,354055.5812564064,8086.880640394135,0.02284070939284991,"median = lower of the two middle samples for even n; p95 = nearest-rank (sorted ascending, index ceil(0.95*n)-1); stddev = sample standard deviation with n-1 denominator (null for n < 2); cv = stddev/mean"
true,blob,blob/source-history,git-bundle-s3,pull_incremental,2,0,0,0,,logical_bytes,bytes,2,25201,25201,25201,25201,25201,0,0,"median = lower of the two middle samples for even n; p95 = nearest-rank (sorted ascending, index ceil(0.95*n)-1); stddev = sample standard deviation with n-1 denominator (null for n < 2); cv = stddev/mean"
true,blob,blob/source-history,git-bundle-s3,retention_cleanup,2,0,0,0,,wall_ns,ns,2,153229893,153229893,154541907,154541907,153885900,927733.996411687,0.006028713458553948,"median = lower of the two middle samples for even n; p95 = nearest-rank (sorted ascending, index ceil(0.95*n)-1); stddev = sample standard deviation with n-1 denominator (null for n < 2); cv = stddev/mean"
true,blob,blob/source-history,git-bundle-s3,retention_cleanup,2,0,0,0,,cpu_ns,ns,2,163706000,163706000,165939000,165939000,164822500,1578969.4423895606,0.00957981733312843,"median = lower of the two middle samples for even n; p95 = nearest-rank (sorted ascending, index ceil(0.95*n)-1); stddev = sample standard deviation with n-1 denominator (null for n < 2); cv = stddev/mean"
true,blob,blob/source-history,git-bundle-s3,retention_cleanup,2,0,0,0,,max_rss_bytes,bytes,2,40542208,40542208,42295296,42295296,41418752,1239620.4128167622,0.029928965817626815,"median = lower of the two middle samples for even n; p95 = nearest-rank (sorted ascending, index ceil(0.95*n)-1); stddev = sample standard deviation with n-1 denominator (null for n < 2); cv = stddev/mean"
true,blob,blob/source-history,git-bundle-s3,retention_cleanup,2,0,0,0,,throughput_bytes_per_s,bytes/s,2,15408597.229229221,15408597.229229221,15540531.637648536,15540531.637648536,15474564.433438879,93291.714865133,0.006028713458553934,"median = lower of the two middle samples for even n; p95 = nearest-rank (sorted ascending, index ceil(0.95*n)-1); stddev = sample standard deviation with n-1 denominator (null for n < 2); cv = stddev/mean"
true,blob,blob/source-history,git-bundle-s3,retention_cleanup,2,0,0,0,,logical_bytes,bytes,2,2381274,2381274,2381274,2381274,2381274,0,0,"median = lower of the two middle samples for even n; p95 = nearest-rank (sorted ascending, index ceil(0.95*n)-1); stddev = sample standard deviation with n-1 denominator (null for n < 2); cv = stddev/mean"
true,backup,backup/retention,amber-go,backup_initial,2,0,0,0,,wall_ns,ns,2,62885770,62885770,69345772,69345772,66115771,4567911.220678659,0.06908958561004544,"median = lower of the two middle samples for even n; p95 = nearest-rank (sorted ascending, index ceil(0.95*n)-1); stddev = sample standard deviation with n-1 denominator (null for n < 2); cv = stddev/mean"
true,backup,backup/retention,amber-go,backup_initial,2,0,0,0,,cpu_ns,ns,2,468430000,468430000,662373000,662373000,565401500,137138410.4636626,0.24255048927826084,"median = lower of the two middle samples for even n; p95 = nearest-rank (sorted ascending, index ceil(0.95*n)-1); stddev = sample standard deviation with n-1 denominator (null for n < 2); cv = stddev/mean"
true,backup,backup/retention,amber-go,backup_initial,2,0,0,0,,max_rss_bytes,bytes,2,219758592,219758592,294367232,294367232,257062912,52756275.279105894,0.2052270974006001,"median = lower of the two middle samples for even n; p95 = nearest-rank (sorted ascending, index ceil(0.95*n)-1); stddev = sample standard deviation with n-1 denominator (null for n < 2); cv = stddev/mean"
true,backup,backup/retention,amber-go,backup_initial,2,0,0,0,,throughput_bytes_per_s,bytes/s,2,493716588.8065966,493716588.8065966,544434106.4759166,544434106.4759166,519075347.6412566,35862700.66892475,0.06908958561004555,"median = lower of the two middle samples for even n; p95 = nearest-rank (sorted ascending, index ceil(0.95*n)-1); stddev = sample standard deviation with n-1 denominator (null for n < 2); cv = stddev/mean"
true,backup,backup/retention,amber-go,backup_initial,2,0,0,0,,logical_bytes,bytes,2,34237158,34237158,34237158,34237158,34237158,0,0,"median = lower of the two middle samples for even n; p95 = nearest-rank (sorted ascending, index ceil(0.95*n)-1); stddev = sample standard deviation with n-1 denominator (null for n < 2); cv = stddev/mean"
true,backup,backup/retention,amber-go,backup_initial,2,0,0,0,,store_apparent_bytes,bytes,2,11756418,11756418,11758134,11758134,11757276,1213.3952365161156,0.00010320377241430035,"median = lower of the two middle samples for even n; p95 = nearest-rank (sorted ascending, index ceil(0.95*n)-1); stddev = sample standard deviation with n-1 denominator (null for n < 2); cv = stddev/mean"
true,backup,backup/retention,amber-go,backup_initial,2,0,0,0,,store_allocated_bytes,bytes,2,16396288,16396288,16400384,16400384,16398336,2896.309375740099,0.00017662215091458663,"median = lower of the two middle samples for even n; p95 = nearest-rank (sorted ascending, index ceil(0.95*n)-1); stddev = sample standard deviation with n-1 denominator (null for n < 2); cv = stddev/mean"
true,backup,backup/retention,amber-go,backup_unchanged,2,0,0,0,,wall_ns,ns,2,33809203,33809203,40241295,40241295,37025249,4548175.8704157425,0.12283984559876268,"median = lower of the two middle samples for even n; p95 = nearest-rank (sorted ascending, index ceil(0.95*n)-1); stddev = sample standard deviation with n-1 denominator (null for n < 2); cv = stddev/mean"
true,backup,backup/retention,amber-go,backup_unchanged,2,0,0,0,,cpu_ns,ns,2,311956000,311956000,315438000,315438000,313697000,2462145.8120915587,0.007848802545423,"median = lower of the two middle samples for even n; p95 = nearest-rank (sorted ascending, index ceil(0.95*n)-1); stddev = sample standard deviation with n-1 denominator (null for n < 2); cv = stddev/mean"
true,backup,backup/retention,amber-go,backup_unchanged,2,0,0,0,,max_rss_bytes,bytes,2,129798144,129798144,146841600,146841600,138319872,12051543.31245455,0.08712806871636311,"median = lower of the two middle samples for even n; p95 = nearest-rank (sorted ascending, index ceil(0.95*n)-1); stddev = sample standard deviation with n-1 denominator (null for n < 2); cv = stddev/mean"
true,backup,backup/retention,amber-go,backup_unchanged,2,0,0,0,,throughput_bytes_per_s,bytes/s,2,850796625.7050127,850796625.7050127,1012657944.0515057,1012657944.0515057,931727284.8782592,114453235.81459974,0.1228398455987627,"median = lower of the two middle samples for even n; p95 = nearest-rank (sorted ascending, index ceil(0.95*n)-1); stddev = sample standard deviation with n-1 denominator (null for n < 2); cv = stddev/mean"
true,backup,backup/retention,amber-go,backup_unchanged,2,0,0,0,,logical_bytes,bytes,2,34237158,34237158,34237158,34237158,34237158,0,0,"median = lower of the two middle samples for even n; p95 = nearest-rank (sorted ascending, index ceil(0.95*n)-1); stddev = sample standard deviation with n-1 denominator (null for n < 2); cv = stddev/mean"
true,backup,backup/retention,amber-go,backup_unchanged,2,0,0,0,,store_apparent_bytes,bytes,2,11757145,11757145,11758861,11758861,11758003,1213.3952365161156,0.00010319739130157694,"median = lower of the two middle samples for even n; p95 = nearest-rank (sorted ascending, index ceil(0.95*n)-1); stddev = sample standard deviation with n-1 denominator (null for n < 2); cv = stddev/mean"
true,backup,backup/retention,amber-go,backup_unchanged,2,0,0,0,,store_allocated_bytes,bytes,2,16404480,16404480,16408576,16408576,16406528,2896.309375740099,0.00017653396110012422,"median = lower of the two middle samples for even n; p95 = nearest-rank (sorted ascending, index ceil(0.95*n)-1); stddev = sample standard deviation with n-1 denominator (null for n < 2); cv = stddev/mean"
true,backup,backup/retention,amber-go,backup_changed,2,0,0,0,,wall_ns,ns,2,52523368,52523368,53220635,53220635,52872001.5,493042.22399760043,0.009325204456230023,"median = lower of the two middle samples for even n; p95 = nearest-rank (sorted ascending, index ceil(0.95*n)-1); stddev = sample standard deviation with n-1 denominator (null for n < 2); cv = stddev/mean"
true,backup,backup/retention,amber-go,backup_changed,2,0,0,0,,cpu_ns,ns,2,500117000,500117000,502445000,502445000,501281000,1646144.5866022827,0.003283875883191828,"median = lower of the two middle samples for even n; p95 = nearest-rank (sorted ascending, index ceil(0.95*n)-1); stddev = sample standard deviation with n-1 denominator (null for n < 2); cv = stddev/mean"
true,backup,backup/retention,amber-go,backup_changed,2,0,0,0,,max_rss_bytes,bytes,2,197693440,197693440,216612864,216612864,207153152,13378053.006543515,0.06458049456347889,"median = lower of the two middle samples for even n; p95 = nearest-rank (sorted ascending, index ceil(0.95*n)-1); stddev = sample standard deviation with n-1 denominator (null for n < 2); cv = stddev/mean"
true,backup,backup/retention,amber-go,backup_changed,2,0,0,0,,throughput_bytes_per_s,bytes/s,2,643683112.762559,643683112.762559,652228242.4843738,652228242.4843738,647955677.6234665,6042319.172413927,0.009325204456230073,"median = lower of the two middle samples for even n; p95 = nearest-rank (sorted ascending, index ceil(0.95*n)-1); stddev = sample standard deviation with n-1 denominator (null for n < 2); cv = stddev/mean"
true,backup,backup/retention,amber-go,backup_changed,2,0,0,0,,logical_bytes,bytes,2,34257224,34257224,34257224,34257224,34257224,0,0,"median = lower of the two middle samples for even n; p95 = nearest-rank (sorted ascending, index ceil(0.95*n)-1); stddev = sample standard deviation with n-1 denominator (null for n < 2); cv = stddev/mean"
true,backup,backup/retention,amber-go,backup_changed,2,0,0,0,,store_apparent_bytes,bytes,2,11954781,11954781,11956497,11956497,11955639,1213.3952365161156,0.00010149145825799153,"median = lower of the two middle samples for even n; p95 = nearest-rank (sorted ascending, index ceil(0.95*n)-1); stddev = sample standard deviation with n-1 denominator (null for n < 2); cv = stddev/mean"
true,backup,backup/retention,amber-go,backup_changed,2,0,0,0,,store_allocated_bytes,bytes,2,16605184,16605184,16609280,16609280,16607232,2896.309375740099,0.00017440048863893147,"median = lower of the two middle samples for even n; p95 = nearest-rank (sorted ascending, index ceil(0.95*n)-1); stddev = sample standard deviation with n-1 denominator (null for n < 2); cv = stddev/mean"
true,backup,backup/retention,amber-go,backup_changed_again,2,0,0,0,,wall_ns,ns,2,48769140,48769140,52071495,52071495,50420317.5,2335117.6143853012,0.046313028758402826,"median = lower of the two middle samples for even n; p95 = nearest-rank (sorted ascending, index ceil(0.95*n)-1); stddev = sample standard deviation with n-1 denominator (null for n < 2); cv = stddev/mean"
true,backup,backup/retention,amber-go,backup_changed_again,2,0,0,0,,cpu_ns,ns,2,360927000,360927000,371246000,371246000,366086500,7296634.875063984,0.01993145028583131,"median = lower of the two middle samples for even n; p95 = nearest-rank (sorted ascending, index ceil(0.95*n)-1); stddev = sample standard deviation with n-1 denominator (null for n < 2); cv = stddev/mean"
true,backup,backup/retention,amber-go,backup_changed_again,2,0,0,0,,max_rss_bytes,bytes,2,198004736,198004736,202100736,202100736,200052736,2896309.3757400988,0.01447772939101467,"median = lower of the two middle samples for even n; p95 = nearest-rank (sorted ascending, index ceil(0.95*n)-1); stddev = sample standard deviation with n-1 denominator (null for n < 2); cv = stddev/mean"
true,backup,backup/retention,amber-go,backup_changed_again,2,0,0,0,,throughput_bytes_per_s,bytes/s,2,658220529.2934263,658220529.2934263,702791293.8386858,702791293.8386858,680505911.566056,31516289.85262192,0.04631302875840288,"median = lower of the two middle samples for even n; p95 = nearest-rank (sorted ascending, index ceil(0.95*n)-1); stddev = sample standard deviation with n-1 denominator (null for n < 2); cv = stddev/mean"
true,backup,backup/retention,amber-go,backup_changed_again,2,0,0,0,,logical_bytes,bytes,2,34274527,34274527,34274527,34274527,34274527,0,0,"median = lower of the two middle samples for even n; p95 = nearest-rank (sorted ascending, index ceil(0.95*n)-1); stddev = sample standard deviation with n-1 denominator (null for n < 2); cv = stddev/mean"
true,backup,backup/retention,amber-go,backup_changed_again,2,0,0,0,,store_apparent_bytes,bytes,2,12150274,12150274,12151990,12151990,12151132,1213.3952365161156,0.00009985861700096053,"median = lower of the two middle samples for even n; p95 = nearest-rank (sorted ascending, index ceil(0.95*n)-1); stddev = sample standard deviation with n-1 denominator (null for n < 2); cv = stddev/mean"
true,backup,backup/retention,amber-go,backup_changed_again,2,0,0,0,,store_allocated_bytes,bytes,2,16805888,16805888,16805888,16805888,16805888,0,0,"median = lower of the two middle samples for even n; p95 = nearest-rank (sorted ascending, index ceil(0.95*n)-1); stddev = sample standard deviation with n-1 denominator (null for n < 2); cv = stddev/mean"
true,backup,backup/retention,amber-go,list_snapshot,2,0,0,0,,wall_ns,ns,2,200744138,200744138,202235829,202235829,201489983.5,1054784.8215349424,0.005234924353125188,"median = lower of the two middle samples for even n; p95 = nearest-rank (sorted ascending, index ceil(0.95*n)-1); stddev = sample standard deviation with n-1 denominator (null for n < 2); cv = stddev/mean"
true,backup,backup/retention,amber-go,list_snapshot,2,0,0,0,,cpu_ns,ns,2,253396000,253396000,255524000,255524000,254460000,1504723.2303649732,0.005913397902872645,"median = lower of the two middle samples for even n; p95 = nearest-rank (sorted ascending, index ceil(0.95*n)-1); stddev = sample standard deviation with n-1 denominator (null for n < 2); cv = stddev/mean"
true,backup,backup/retention,amber-go,list_snapshot,2,0,0,0,,max_rss_bytes,bytes,2,40542208,40542208,43663360,43663360,42102784,2206987.7443139553,0.05241904536084729,"median = lower of the two middle samples for even n; p95 = nearest-rank (sorted ascending, index ceil(0.95*n)-1); stddev = sample standard deviation with n-1 denominator (null for n < 2); cv = stddev/mean"
true,backup,backup/retention,amber-go,restore_latest,2,0,0,0,,wall_ns,ns,2,51280863,51280863,52589864,52589864,51935363.5,925603.4836799719,0.01782222018490295,"median = lower of the two middle samples for even n; p95 = nearest-rank (sorted ascending, index ceil(0.95*n)-1); stddev = sample standard deviation with n-1 denominator (null for n < 2); cv = stddev/mean"
true,backup,backup/retention,amber-go,restore_latest,2,0,0,0,,cpu_ns,ns,2,73323000,73323000,75525000,75525000,74424000,1557049.1321727776,0.02092133091708021,"median = lower of the two middle samples for even n; p95 = nearest-rank (sorted ascending, index ceil(0.95*n)-1); stddev = sample standard deviation with n-1 denominator (null for n < 2); cv = stddev/mean"
true,backup,backup/retention,amber-go,restore_latest,2,0,0,0,,max_rss_bytes,bytes,2,43663360,43663360,46297088,46297088,44980224,1862326.9286008833,0.04140323820087875,"median = lower of the two middle samples for even n; p95 = nearest-rank (sorted ascending, index ceil(0.95*n)-1); stddev = sample standard deviation with n-1 denominator (null for n < 2); cv = stddev/mean"
true,backup,backup/retention,amber-go,restore_latest,2,0,0,0,,throughput_bytes_per_s,bytes/s,2,651732565.8039352,651732565.8039352,668368763.6068059,668368763.6068059,660050664.7053705,11763568.27957065,0.01782222018490293,"median = lower of the two middle samples for even n; p95 = nearest-rank (sorted ascending, index ceil(0.95*n)-1); stddev = sample standard deviation with n-1 denominator (null for n < 2); cv = stddev/mean"
true,backup,backup/retention,amber-go,restore_latest,2,0,0,0,,logical_bytes,bytes,2,34274527,34274527,34274527,34274527,34274527,0,0,"median = lower of the two middle samples for even n; p95 = nearest-rank (sorted ascending, index ceil(0.95*n)-1); stddev = sample standard deviation with n-1 denominator (null for n < 2); cv = stddev/mean"
true,backup,backup/retention,amber-go,forget_oldest,2,0,0,0,,wall_ns,ns,2,13972256,13972256,15196051,15196051,14584153.5,865353.7432821909,0.05933520538454226,"median = lower of the two middle samples for even n; p95 = nearest-rank (sorted ascending, index ceil(0.95*n)-1); stddev = sample standard deviation with n-1 denominator (null for n < 2); cv = stddev/mean"
true,backup,backup/retention,amber-go,forget_oldest,2,0,0,0,,cpu_ns,ns,2,18075000,18075000,19059000,19059000,18567000,695793.0726875628,0.03747471711571944,"median = lower of the two middle samples for even n; p95 = nearest-rank (sorted ascending, index ceil(0.95*n)-1); stddev = sample standard deviation with n-1 denominator (null for n < 2); cv = stddev/mean"
true,backup,backup/retention,amber-go,forget_oldest,2,0,0,0,,max_rss_bytes,bytes,2,40542208,40542208,43663360,43663360,42102784,2206987.7443139553,0.05241904536084729,"median = lower of the two middle samples for even n; p95 = nearest-rank (sorted ascending, index ceil(0.95*n)-1); stddev = sample standard deviation with n-1 denominator (null for n < 2); cv = stddev/mean"
true,backup,backup/retention,amber-go,forget_oldest,2,0,0,0,,store_apparent_bytes,bytes,2,12149354,12149354,12151070,12151070,12150212,1213.3952365161156,0.0000998661781799458,"median = lower of the two middle samples for even n; p95 = nearest-rank (sorted ascending, index ceil(0.95*n)-1); stddev = sample standard deviation with n-1 denominator (null for n < 2); cv = stddev/mean"
true,backup,backup/retention,amber-go,forget_oldest,2,0,0,0,,store_allocated_bytes,bytes,2,16797696,16797696,16797696,16797696,16797696,0,0,"median = lower of the two middle samples for even n; p95 = nearest-rank (sorted ascending, index ceil(0.95*n)-1); stddev = sample standard deviation with n-1 denominator (null for n < 2); cv = stddev/mean"
true,backup,backup/retention,amber-go,prune,2,0,0,0,,wall_ns,ns,2,15032929,15032929,16087813,16087813,15560371,745915.62976519,0.04793687951046861,"median = lower of the two middle samples for even n; p95 = nearest-rank (sorted ascending, index ceil(0.95*n)-1); stddev = sample standard deviation with n-1 denominator (null for n < 2); cv = stddev/mean"
true,backup,backup/retention,amber-go,prune,2,0,0,0,,cpu_ns,ns,2,31407000,31407000,33199000,33199000,32303000,1267135.3518862932,0.03922655331970074,"median = lower of the two middle samples for even n; p95 = nearest-rank (sorted ascending, index ceil(0.95*n)-1); stddev = sample standard deviation with n-1 denominator (null for n < 2); cv = stddev/mean"
true,backup,backup/retention,amber-go,prune,2,0,0,0,,max_rss_bytes,bytes,2,40542208,40542208,43663360,43663360,42102784,2206987.7443139553,0.05241904536084729,"median = lower of the two middle samples for even n; p95 = nearest-rank (sorted ascending, index ceil(0.95*n)-1); stddev = sample standard deviation with n-1 denominator (null for n < 2); cv = stddev/mean"
true,backup,backup/retention,amber-go,prune,2,0,0,0,,store_apparent_bytes,bytes,2,12001447,12001447,12023123,12023123,12012285,15327.246588999604,0.0012759642806509839,"median = lower of the two middle samples for even n; p95 = nearest-rank (sorted ascending, index ceil(0.95*n)-1); stddev = sample standard deviation with n-1 denominator (null for n < 2); cv = stddev/mean"
true,backup,backup/retention,amber-go,prune,2,0,0,0,,store_allocated_bytes,bytes,2,12042240,12042240,12062720,12062720,12052480,14481.546878700494,0.0012015408346415422,"median = lower of the two middle samples for even n; p95 = nearest-rank (sorted ascending, index ceil(0.95*n)-1); stddev = sample standard deviation with n-1 denominator (null for n < 2); cv = stddev/mean"
true,backup,backup/retention,amber-go,prune,2,0,0,0,,reclaimed_bytes,bytes,2,4734976,4734976,4755456,4755456,4745216,14481.546878700494,0.003051820376290667,"median = lower of the two middle samples for even n; p95 = nearest-rank (sorted ascending, index ceil(0.95*n)-1); stddev = sample standard deviation with n-1 denominator (null for n < 2); cv = stddev/mean"
true,nix,nix/closure,nix,import_initial,2,0,0,0,,wall_ns,ns,2,27092573,27092573,28218493,28218493,27655533,796145.6670735576,0.028787934301376786,"median = lower of the two middle samples for even n; p95 = nearest-rank (sorted ascending, index ceil(0.95*n)-1); stddev = sample standard deviation with n-1 denominator (null for n < 2); cv = stddev/mean"
true,nix,nix/closure,nix,import_initial,2,0,0,0,,cpu_ns,ns,2,29455000,29455000,30368000,30368000,29911500,645588.4912233179,0.02158328707096996,"median = lower of the two middle samples for even n; p95 = nearest-rank (sorted ascending, index ceil(0.95*n)-1); stddev = sample standard deviation with n-1 denominator (null for n < 2); cv = stddev/mean"
true,nix,nix/closure,nix,import_initial,2,0,0,0,,max_rss_bytes,bytes,2,40542208,40542208,43520000,43520000,42031104,2105616.9161630515,0.05009663596185938,"median = lower of the two middle samples for even n; p95 = nearest-rank (sorted ascending, index ceil(0.95*n)-1); stddev = sample standard deviation with n-1 denominator (null for n < 2); cv = stddev/mean"
true,nix,nix/closure,nix,import_initial,2,0,0,0,,throughput_bytes_per_s,bytes/s,2,204410561.54203558,204410561.54203558,212905507.35066766,212905507.35066766,208658034.44635162,6006833.78709598,0.02878793430137676,"median = lower of the two middle samples for even n; p95 = nearest-rank (sorted ascending, index ceil(0.95*n)-1); stddev = sample standard deviation with n-1 denominator (null for n < 2); cv = stddev/mean"
true,nix,nix/closure,nix,import_initial,2,0,0,0,,logical_bytes,bytes,2,5768158,5768158,5768158,5768158,5768158,0,0,"median = lower of the two middle samples for even n; p95 = nearest-rank (sorted ascending, index ceil(0.95*n)-1); stddev = sample standard deviation with n-1 denominator (null for n < 2); cv = stddev/mean"
true,nix,nix/closure,nix,import_initial,2,0,0,0,,store_apparent_bytes,bytes,2,14267360,14267360,14267360,14267360,14267360,0,0,"median = lower of the two middle samples for even n; p95 = nearest-rank (sorted ascending, index ceil(0.95*n)-1); stddev = sample standard deviation with n-1 denominator (null for n < 2); cv = stddev/mean"
true,nix,nix/closure,nix,import_initial,2,0,0,0,,store_allocated_bytes,bytes,2,14458880,14458880,14458880,14458880,14458880,0,0,"median = lower of the two middle samples for even n; p95 = nearest-rank (sorted ascending, index ceil(0.95*n)-1); stddev = sample standard deviation with n-1 denominator (null for n < 2); cv = stddev/mean"
true,nix,nix/closure,nix,import_repeat,2,0,0,0,,wall_ns,ns,2,20527154,20527154,21017349,21017349,20772251.5,346620.2086037397,0.01668669419892878,"median = lower of the two middle samples for even n; p95 = nearest-rank (sorted ascending, index ceil(0.95*n)-1); stddev = sample standard deviation with n-1 denominator (null for n < 2); cv = stddev/mean"
true,nix,nix/closure,nix,import_repeat,2,0,0,0,,cpu_ns,ns,2,17822000,17822000,18342000,18342000,18082000,367695.5262170047,0.020334892501769977,"median = lower of the two middle samples for even n; p95 = nearest-rank (sorted ascending, index ceil(0.95*n)-1); stddev = sample standard deviation with n-1 denominator (null for n < 2); cv = stddev/mean"
true,nix,nix/closure,nix,import_repeat,2,0,0,0,,max_rss_bytes,bytes,2,40542208,40542208,43520000,43520000,42031104,2105616.9161630515,0.05009663596185938,"median = lower of the two middle samples for even n; p95 = nearest-rank (sorted ascending, index ceil(0.95*n)-1); stddev = sample standard deviation with n-1 denominator (null for n < 2); cv = stddev/mean"
true,nix,nix/closure,nix,import_repeat,2,0,0,0,,throughput_bytes_per_s,bytes/s,2,274447457.6693759,274447457.6693759,281001350.69868916,281001350.69868916,277724404.18403256,4634302.204198655,0.016686694198928806,"median = lower of the two middle samples for even n; p95 = nearest-rank (sorted ascending, index ceil(0.95*n)-1); stddev = sample standard deviation with n-1 denominator (null for n < 2); cv = stddev/mean"
true,nix,nix/closure,nix,import_repeat,2,0,0,0,,logical_bytes,bytes,2,5768158,5768158,5768158,5768158,5768158,0,0,"median = lower of the two middle samples for even n; p95 = nearest-rank (sorted ascending, index ceil(0.95*n)-1); stddev = sample standard deviation with n-1 denominator (null for n < 2); cv = stddev/mean"
true,nix,nix/closure,nix,import_repeat,2,0,0,0,,store_apparent_bytes,bytes,2,14267360,14267360,14267360,14267360,14267360,0,0,"median = lower of the two middle samples for even n; p95 = nearest-rank (sorted ascending, index ceil(0.95*n)-1); stddev = sample standard deviation with n-1 denominator (null for n < 2); cv = stddev/mean"
true,nix,nix/closure,nix,import_repeat,2,0,0,0,,store_allocated_bytes,bytes,2,14458880,14458880,14458880,14458880,14458880,0,0,"median = lower of the two middle samples for even n; p95 = nearest-rank (sorted ascending, index ceil(0.95*n)-1); stddev = sample standard deviation with n-1 denominator (null for n < 2); cv = stddev/mean"
true,nix,nix/closure,nix,import_incremental,2,0,0,0,,wall_ns,ns,2,22154018,22154018,22529285,22529285,22341651.5,265353.84045553213,0.01187709155948172,"median = lower of the two middle samples for even n; p95 = nearest-rank (sorted ascending, index ceil(0.95*n)-1); stddev = sample standard deviation with n-1 denominator (null for n < 2); cv = stddev/mean"
true,nix,nix/closure,nix,import_incremental,2,0,0,0,,cpu_ns,ns,2,20493000,20493000,20785000,20785000,20639000,206475.18010647187,0.010004127143101501,"median = lower of the two middle samples for even n; p95 = nearest-rank (sorted ascending, index ceil(0.95*n)-1); stddev = sample standard deviation with n-1 denominator (null for n < 2); cv = stddev/mean"
true,nix,nix/closure,nix,import_incremental,2,0,0,0,,max_rss_bytes,bytes,2,40542208,40542208,43520000,43520000,42031104,2105616.9161630515,0.05009663596185938,"median = lower of the two middle samples for even n; p95 = nearest-rank (sorted ascending, index ceil(0.95*n)-1); stddev = sample standard deviation with n-1 denominator (null for n < 2); cv = stddev/mean"
true,nix,nix/closure,nix,import_incremental,2,0,0,0,,throughput_bytes_per_s,bytes/s,2,267669613.12797987,267669613.12797987,272203669.78125596,272203669.78125596,269936641.4546179,3206062.2058155034,0.011877091559481785,"median = lower of the two middle samples for even n; p95 = nearest-rank (sorted ascending, index ceil(0.95*n)-1); stddev = sample standard deviation with n-1 denominator (null for n < 2); cv = stddev/mean"
true,nix,nix/closure,nix,import_incremental,2,0,0,0,,logical_bytes,bytes,2,6030405,6030405,6030405,6030405,6030405,0,0,"median = lower of the two middle samples for even n; p95 = nearest-rank (sorted ascending, index ceil(0.95*n)-1); stddev = sample standard deviation with n-1 denominator (null for n < 2); cv = stddev/mean"
true,nix,nix/closure,nix,import_incremental,2,0,0,0,,store_apparent_bytes,bytes,2,16889287,16889287,16889287,16889287,16889287,0,0,"median = lower of the two middle samples for even n; p95 = nearest-rank (sorted ascending, index ceil(0.95*n)-1); stddev = sample standard deviation with n-1 denominator (null for n < 2); cv = stddev/mean"
true,nix,nix/closure,nix,import_incremental,2,0,0,0,,store_allocated_bytes,bytes,2,17125376,17125376,17125376,17125376,17125376,0,0,"median = lower of the two middle samples for even n; p95 = nearest-rank (sorted ascending, index ceil(0.95*n)-1); stddev = sample standard deviation with n-1 denominator (null for n < 2); cv = stddev/mean"
true,nix,nix/closure,nix,catalog_list,2,0,0,0,,wall_ns,ns,2,15174940,15174940,15989184,15989184,15582062,575757.4539404592,0.036950016880978855,"median = lower of the two middle samples for even n; p95 = nearest-rank (sorted ascending, index ceil(0.95*n)-1); stddev = sample standard deviation with n-1 denominator (null for n < 2); cv = stddev/mean"
true,nix,nix/closure,nix,catalog_list,2,0,0,0,,cpu_ns,ns,2,15870000,15870000,16720000,16720000,16295000,601040.7640085653,0.03688498091491656,"median = lower of the two middle samples for even n; p95 = nearest-rank (sorted ascending, index ceil(0.95*n)-1); stddev = sample standard deviation with n-1 denominator (null for n < 2); cv = stddev/mean"
true,nix,nix/closure,nix,catalog_list,2,0,0,0,,max_rss_bytes,bytes,2,40542208,40542208,43520000,43520000,42031104,2105616.9161630515,0.05009663596185938,"median = lower of the two middle samples for even n; p95 = nearest-rank (sorted ascending, index ceil(0.95*n)-1); stddev = sample standard deviation with n-1 denominator (null for n < 2); cv = stddev/mean"
true,nix,nix/closure,nix,closure_query,2,0,0,0,,wall_ns,ns,2,15581586,15581586,15977953,15977953,15779769.5,280273.7935385683,0.017761589834285496,"median = lower of the two middle samples for even n; p95 = nearest-rank (sorted ascending, index ceil(0.95*n)-1); stddev = sample standard deviation with n-1 denominator (null for n < 2); cv = stddev/mean"
true,nix,nix/closure,nix,closure_query,2,0,0,0,,cpu_ns,ns,2,16262000,16262000,16534000,16534000,16398000,192333.04448274092,0.011729055036147148,"median = lower of the two middle samples for even n; p95 = nearest-rank (sorted ascending, index ceil(0.95*n)-1); stddev = sample standard deviation with n-1 denominator (null for n < 2); cv = stddev/mean"
true,nix,nix/closure,nix,closure_query,2,0,0,0,,max_rss_bytes,bytes,2,40542208,40542208,43520000,43520000,42031104,2105616.9161630515,0.05009663596185938,"median = lower of the two middle samples for even n; p95 = nearest-rank (sorted ascending, index ceil(0.95*n)-1); stddev = sample standard deviation with n-1 denominator (null for n < 2); cv = stddev/mean"
true,nix,nix/closure,nix,read_closure,2,0,0,0,,wall_ns,ns,2,131251008,131251008,136061553,136061553,133656280.5,3401568.9907030403,0.02545012458807007,"median = lower of the two middle samples for even n; p95 = nearest-rank (sorted ascending, index ceil(0.95*n)-1); stddev = sample standard deviation with n-1 denominator (null for n < 2); cv = stddev/mean"
true,nix,nix/closure,nix,read_closure,2,0,0,0,,cpu_ns,ns,2,136114000,136114000,140135000,140135000,138124500,2843276.3671511076,0.020584880793422657,"median = lower of the two middle samples for even n; p95 = nearest-rank (sorted ascending, index ceil(0.95*n)-1); stddev = sample standard deviation with n-1 denominator (null for n < 2); cv = stddev/mean"
true,nix,nix/closure,nix,read_closure,2,0,0,0,,max_rss_bytes,bytes,2,40542208,40542208,43520000,43520000,42031104,2105616.9161630515,0.05009663596185938,"median = lower of the two middle samples for even n; p95 = nearest-rank (sorted ascending, index ceil(0.95*n)-1); stddev = sample standard deviation with n-1 denominator (null for n < 2); cv = stddev/mean"
true,nix,nix/closure,nix,read_closure,2,0,0,0,,throughput_bytes_per_s,bytes/s,2,44321153.67667456,44321153.67667456,45945589.995011695,45945589.995011695,45133371.83584313,1148649.9363018975,0.025450124588070003,"median = lower of the two middle samples for even n; p95 = nearest-rank (sorted ascending, index ceil(0.95*n)-1); stddev = sample standard deviation with n-1 denominator (null for n < 2); cv = stddev/mean"
true,nix,nix/closure,nix,read_closure,2,0,0,0,,logical_bytes,bytes,2,6030405,6030405,6030405,6030405,6030405,0,0,"median = lower of the two middle samples for even n; p95 = nearest-rank (sorted ascending, index ceil(0.95*n)-1); stddev = sample standard deviation with n-1 denominator (null for n < 2); cv = stddev/mean"
true,nix,nix/closure,nix,cache_export,2,0,0,0,,wall_ns,ns,2,314546108,314546108,314793517,314793517,314669812.5,174944.58162658254,0.0005559623919329171,"median = lower of the two middle samples for even n; p95 = nearest-rank (sorted ascending, index ceil(0.95*n)-1); stddev = sample standard deviation with n-1 denominator (null for n < 2); cv = stddev/mean"
true,nix,nix/closure,nix,cache_export,2,0,0,0,,cpu_ns,ns,2,625244000,625244000,654778000,654778000,640011000,20883691.675563496,0.03263020741137808,"median = lower of the two middle samples for even n; p95 = nearest-rank (sorted ascending, index ceil(0.95*n)-1); stddev = sample standard deviation with n-1 denominator (null for n < 2); cv = stddev/mean"
true,nix,nix/closure,nix,cache_export,2,0,0,0,,max_rss_bytes,bytes,2,149643264,149643264,152903680,152903680,151273472,2305462.2630891185,0.015240360603934036,"median = lower of the two middle samples for even n; p95 = nearest-rank (sorted ascending, index ceil(0.95*n)-1); stddev = sample standard deviation with n-1 denominator (null for n < 2); cv = stddev/mean"
true,nix,nix/closure,nix,materialize_closure,2,0,0,0,,wall_ns,ns,2,22398835,22398835,22481203,22481203,22440019,58242.971352773544,0.002595495634507865,"median = lower of the two middle samples for even n; p95 = nearest-rank (sorted ascending, index ceil(0.95*n)-1); stddev = sample standard deviation with n-1 denominator (null for n < 2); cv = stddev/mean"
true,nix,nix/closure,nix,materialize_closure,2,0,0,0,,cpu_ns,ns,2,29333000,29333000,29638000,29638000,29485500,215667.568261897,0.007314360219833375,"median = lower of the two middle samples for even n; p95 = nearest-rank (sorted ascending, index ceil(0.95*n)-1); stddev = sample standard deviation with n-1 denominator (null for n < 2); cv = stddev/mean"
true,nix,nix/closure,nix,materialize_closure,2,0,0,0,,max_rss_bytes,bytes,2,40624128,40624128,43520000,43520000,42072064,2047690.7286482498,0.0486710309398714,"median = lower of the two middle samples for even n; p95 = nearest-rank (sorted ascending, index ceil(0.95*n)-1); stddev = sample standard deviation with n-1 denominator (null for n < 2); cv = stddev/mean"
true,nix,nix/closure,nix,materialize_closure,2,0,0,0,,throughput_bytes_per_s,bytes/s,2,268242095.4074388,268242095.4074388,269228511.2149806,269228511.2149806,268735303.3112097,697501.3065824024,0.0025954956345079047,"median = lower of the two middle samples for even n; p95 = nearest-rank (sorted ascending, index ceil(0.95*n)-1); stddev = sample standard deviation with n-1 denominator (null for n < 2); cv = stddev/mean"
true,nix,nix/closure,nix,materialize_closure,2,0,0,0,,logical_bytes,bytes,2,6030405,6030405,6030405,6030405,6030405,0,0,"median = lower of the two middle samples for even n; p95 = nearest-rank (sorted ascending, index ceil(0.95*n)-1); stddev = sample standard deviation with n-1 denominator (null for n < 2); cv = stddev/mean"
true,nix,nix/closure,nix,cache_substitute,2,0,0,0,,wall_ns,ns,2,22607404,22607404,22894021,22894021,22750712.5,202668.82430334468,0.008908240755244245,"median = lower of the two middle samples for even n; p95 = nearest-rank (sorted ascending, index ceil(0.95*n)-1); stddev = sample standard deviation with n-1 denominator (null for n < 2); cv = stddev/mean"
true,nix,nix/closure,nix,cache_substitute,2,0,0,0,,cpu_ns,ns,2,33257000,33257000,34784000,34784000,34020500,1079752.054871858,0.03173827706447166,"median = lower of the two middle samples for even n; p95 = nearest-rank (sorted ascending, index ceil(0.95*n)-1); stddev = sample standard deviation with n-1 denominator (null for n < 2); cv = stddev/mean"
true,nix,nix/closure,nix,cache_substitute,2,0,0,0,,max_rss_bytes,bytes,2,45649920,45649920,46153728,46153728,45901824,356246.05321603216,0.0077610435092085265,"median = lower of the two middle samples for even n; p95 = nearest-rank (sorted ascending, index ceil(0.95*n)-1); stddev = sample standard deviation with n-1 denominator (null for n < 2); cv = stddev/mean"
true,nix,nix/closure,nix,delete_path,2,0,0,0,,wall_ns,ns,2,18443728,18443728,20696307,20696307,19570017.5,1592813.886058412,0.08139051925009326,"median = lower of the two middle samples for even n; p95 = nearest-rank (sorted ascending, index ceil(0.95*n)-1); stddev = sample standard deviation with n-1 denominator (null for n < 2); cv = stddev/mean"
true,nix,nix/closure,nix,delete_path,2,0,0,0,,cpu_ns,ns,2,18739000,18739000,20094000,20094000,19416500,958129.6885077719,0.04934615860262004,"median = lower of the two middle samples for even n; p95 = nearest-rank (sorted ascending, index ceil(0.95*n)-1); stddev = sample standard deviation with n-1 denominator (null for n < 2); cv = stddev/mean"
true,nix,nix/closure,nix,delete_path,2,0,0,0,,max_rss_bytes,bytes,2,40599552,40599552,43520000,43520000,42059776,2065068.5849026903,0.04909842089750288,"median = lower of the two middle samples for even n; p95 = nearest-rank (sorted ascending, index ceil(0.95*n)-1); stddev = sample standard deviation with n-1 denominator (null for n < 2); cv = stddev/mean"
true,nix,nix/closure,nix,delete_path,2,0,0,0,,store_apparent_bytes,bytes,2,8238151,8238151,8238151,8238151,8238151,0,0,"median = lower of the two middle samples for even n; p95 = nearest-rank (sorted ascending, index ceil(0.95*n)-1); stddev = sample standard deviation with n-1 denominator (null for n < 2); cv = stddev/mean"
true,nix,nix/closure,nix,delete_path,2,0,0,0,,store_allocated_bytes,bytes,2,8458240,8458240,8458240,8458240,8458240,0,0,"median = lower of the two middle samples for even n; p95 = nearest-rank (sorted ascending, index ceil(0.95*n)-1); stddev = sample standard deviation with n-1 denominator (null for n < 2); cv = stddev/mean"
true,nix,nix/closure,nix,gc,2,0,0,0,,wall_ns,ns,2,19209951,19209951,19639350,19639350,19424650.5,303630.9447347223,0.015631217907098115,"median = lower of the two middle samples for even n; p95 = nearest-rank (sorted ascending, index ceil(0.95*n)-1); stddev = sample standard deviation with n-1 denominator (null for n < 2); cv = stddev/mean"
true,nix,nix/closure,nix,gc,2,0,0,0,,cpu_ns,ns,2,19602000,19602000,20073000,20073000,19837500,333047.2939388639,0.016788773481480224,"median = lower of the two middle samples for even n; p95 = nearest-rank (sorted ascending, index ceil(0.95*n)-1); stddev = sample standard deviation with n-1 denominator (null for n < 2); cv = stddev/mean"
true,nix,nix/closure,nix,gc,2,0,0,0,,max_rss_bytes,bytes,2,40542208,40542208,43520000,43520000,42031104,2105616.9161630515,0.05009663596185938,"median = lower of the two middle samples for even n; p95 = nearest-rank (sorted ascending, index ceil(0.95*n)-1); stddev = sample standard deviation with n-1 denominator (null for n < 2); cv = stddev/mean"
true,nix,nix/closure,nix,gc,2,0,0,0,,store_apparent_bytes,bytes,2,6140999,6140999,6140999,6140999,6140999,0,0,"median = lower of the two middle samples for even n; p95 = nearest-rank (sorted ascending, index ceil(0.95*n)-1); stddev = sample standard deviation with n-1 denominator (null for n < 2); cv = stddev/mean"
true,nix,nix/closure,nix,gc,2,0,0,0,,store_allocated_bytes,bytes,2,6356992,6356992,6356992,6356992,6356992,0,0,"median = lower of the two middle samples for even n; p95 = nearest-rank (sorted ascending, index ceil(0.95*n)-1); stddev = sample standard deviation with n-1 denominator (null for n < 2); cv = stddev/mean"
true,nix,nix/closure,nix,gc,2,0,0,0,,reclaimed_bytes,bytes,2,2105344,2105344,2105344,2105344,2105344,0,0,"median = lower of the two middle samples for even n; p95 = nearest-rank (sorted ascending, index ceil(0.95*n)-1); stddev = sample standard deviation with n-1 denominator (null for n < 2); cv = stddev/mean"
true,tree,tree/lifecycle,amber-go,ingest_fresh,2,0,0,0,,wall_ns,ns,2,62083892,62083892,68983176,68983176,65533534,4878530.501731848,0.07444326902516578,"median = lower of the two middle samples for even n; p95 = nearest-rank (sorted ascending, index ceil(0.95*n)-1); stddev = sample standard deviation with n-1 denominator (null for n < 2); cv = stddev/mean"
true,tree,tree/lifecycle,amber-go,ingest_fresh,2,0,0,0,,cpu_ns,ns,2,513063000,513063000,697958000,697958000,605510500,130740508.3074867,0.215917821916361,"median = lower of the two middle samples for even n; p95 = nearest-rank (sorted ascending, index ceil(0.95*n)-1); stddev = sample standard deviation with n-1 denominator (null for n < 2); cv = stddev/mean"
true,tree,tree/lifecycle,amber-go,ingest_fresh,2,0,0,0,,max_rss_bytes,bytes,2,246824960,246824960,268984320,268984320,257904640,15669033.722753935,0.060755144702917846,"median = lower of the two middle samples for even n; p95 = nearest-rank (sorted ascending, index ceil(0.95*n)-1); stddev = sample standard deviation with n-1 denominator (null for n < 2); cv = stddev/mean"
true,tree,tree/lifecycle,amber-go,ingest_fresh,2,0,0,0,,throughput_bytes_per_s,bytes/s,2,496311709.3941862,496311709.3941862,551466038.8881547,551466038.8881547,523888874.1411705,39000000.396982364,0.07444326902516576,"median = lower of the two middle samples for even n; p95 = nearest-rank (sorted ascending, index ceil(0.95*n)-1); stddev = sample standard deviation with n-1 denominator (null for n < 2); cv = stddev/mean"
true,tree,tree/lifecycle,amber-go,ingest_fresh,2,0,0,0,,logical_bytes,bytes,2,34237158,34237158,34237158,34237158,34237158,0,0,"median = lower of the two middle samples for even n; p95 = nearest-rank (sorted ascending, index ceil(0.95*n)-1); stddev = sample standard deviation with n-1 denominator (null for n < 2); cv = stddev/mean"
true,tree,tree/lifecycle,amber-go,ingest_fresh,2,0,0,0,,store_apparent_bytes,bytes,2,11757032,11757032,11758832,11758832,11757932,1272.7922061357856,0.0001082496655139514,"median = lower of the two middle samples for even n; p95 = nearest-rank (sorted ascending, index ceil(0.95*n)-1); stddev = sample standard deviation with n-1 denominator (null for n < 2); cv = stddev/mean"
true,tree,tree/lifecycle,amber-go,ingest_fresh,2,0,0,0,,store_allocated_bytes,bytes,2,16400384,16400384,16400384,16400384,16400384,0,0,"median = lower of the two middle samples for even n; p95 = nearest-rank (sorted ascending, index ceil(0.95*n)-1); stddev = sample standard deviation with n-1 denominator (null for n < 2); cv = stddev/mean"
true,tree,tree/lifecycle,amber-go,ingest_repeat,2,0,0,0,,wall_ns,ns,2,36139759,36139759,45619010,45619010,40879384.5,6702842.662669362,0.16396633033135227,"median = lower of the two middle samples for even n; p95 = nearest-rank (sorted ascending, index ceil(0.95*n)-1); stddev = sample standard deviation with n-1 denominator (null for n < 2); cv = stddev/mean"
true,tree,tree/lifecycle,amber-go,ingest_repeat,2,0,0,0,,cpu_ns,ns,2,317340000,317340000,347201000,347201000,332270500,21114915.593011495,0.06354736756050114,"median = lower of the two middle samples for even n; p95 = nearest-rank (sorted ascending, index ceil(0.95*n)-1); stddev = sample standard deviation with n-1 denominator (null for n < 2); cv = stddev/mean"
true,tree,tree/lifecycle,amber-go,ingest_repeat,2,0,0,0,,max_rss_bytes,bytes,2,126189568,126189568,141836288,141836288,134012928,11063901.815327177,0.08255846641398043,"median = lower of the two middle samples for even n; p95 = nearest-rank (sorted ascending, index ceil(0.95*n)-1); stddev = sample standard deviation with n-1 denominator (null for n < 2); cv = stddev/mean"
true,tree,tree/lifecycle,amber-go,ingest_repeat,2,0,0,0,,throughput_bytes_per_s,bytes/s,2,750501994.6728349,750501994.6728349,947354352.8610692,947354352.8610692,848928173.766952,139195637.36746368,0.16396633033135227,"median = lower of the two middle samples for even n; p95 = nearest-rank (sorted ascending, index ceil(0.95*n)-1); stddev = sample standard deviation with n-1 denominator (null for n < 2); cv = stddev/mean"
true,tree,tree/lifecycle,amber-go,ingest_repeat,2,0,0,0,,logical_bytes,bytes,2,34237158,34237158,34237158,34237158,34237158,0,0,"median = lower of the two middle samples for even n; p95 = nearest-rank (sorted ascending, index ceil(0.95*n)-1); stddev = sample standard deviation with n-1 denominator (null for n < 2); cv = stddev/mean"
true,tree,tree/lifecycle,amber-go,ingest_repeat,2,0,0,0,,store_apparent_bytes,bytes,2,11757755,11757755,11759555,11759555,11758655,1272.7922061357856,0.00010824300960745813,"median = lower of the two middle samples for even n; p95 = nearest-rank (sorted ascending, index ceil(0.95*n)-1); stddev = sample standard deviation with n-1 denominator (null for n < 2); cv = stddev/mean"
true,tree,tree/lifecycle,amber-go,ingest_repeat,2,0,0,0,,store_allocated_bytes,bytes,2,16408576,16408576,16408576,16408576,16408576,0,0,"median = lower of the two middle samples for even n; p95 = nearest-rank (sorted ascending, index ceil(0.95*n)-1); stddev = sample standard deviation with n-1 denominator (null for n < 2); cv = stddev/mean"
true,tree,tree/lifecycle,amber-go,ingest_changed,2,0,0,0,,wall_ns,ns,2,48607612,48607612,51264665,51264665,49936138.5,1878820.1942720597,0.037624458973175505,"median = lower of the two middle samples for even n; p95 = nearest-rank (sorted ascending, index ceil(0.95*n)-1); stddev = sample standard deviation with n-1 denominator (null for n < 2); cv = stddev/mean"
true,tree,tree/lifecycle,amber-go,ingest_changed,2,0,0,0,,cpu_ns,ns,2,408440000,408440000,523176000,523176000,465808000,81130603.64621972,0.17417176958364758,"median = lower of the two middle samples for even n; p95 = nearest-rank (sorted ascending, index ceil(0.95*n)-1); stddev = sample standard deviation with n-1 denominator (null for n < 2); cv = stddev/mean"
true,tree,tree/lifecycle,amber-go,ingest_changed,2,0,0,0,,max_rss_bytes,bytes,2,209809408,209809408,210124800,210124800,209967104,223015.8219319876,0.001062146487156329,"median = lower of the two middle samples for even n; p95 = nearest-rank (sorted ascending, index ceil(0.95*n)-1); stddev = sample standard deviation with n-1 denominator (null for n < 2); cv = stddev/mean"
true,tree,tree/lifecycle,amber-go,ingest_changed,2,0,0,0,,throughput_bytes_per_s,bytes/s,2,668242423.8995807,668242423.8995807,704770767.1794286,704770767.1794286,686506595.5395046,25829439.238690473,0.03762445897317549,"median = lower of the two middle samples for even n; p95 = nearest-rank (sorted ascending, index ceil(0.95*n)-1); stddev = sample standard deviation with n-1 denominator (null for n < 2); cv = stddev/mean"
true,tree,tree/lifecycle,amber-go,ingest_changed,2,0,0,0,,logical_bytes,bytes,2,34257224,34257224,34257224,34257224,34257224,0,0,"median = lower of the two middle samples for even n; p95 = nearest-rank (sorted ascending, index ceil(0.95*n)-1); stddev = sample standard deviation with n-1 denominator (null for n < 2); cv = stddev/mean"
true,tree,tree/lifecycle,amber-go,ingest_changed,2,0,0,0,,store_apparent_bytes,bytes,2,11955385,11955385,11957185,11957185,11956285,1272.7922061357856,0.00010645381957152958,"median = lower of the two middle samples for even n; p95 = nearest-rank (sorted ascending, index ceil(0.95*n)-1); stddev = sample standard deviation with n-1 denominator (null for n < 2); cv = stddev/mean"
true,tree,tree/lifecycle,amber-go,ingest_changed,2,0,0,0,,store_allocated_bytes,bytes,2,16609280,16609280,16613376,16613376,16611328,2896.309375740099,0.00017435748518963078,"median = lower of the two middle samples for even n; p95 = nearest-rank (sorted ascending, index ceil(0.95*n)-1); stddev = sample standard deviation with n-1 denominator (null for n < 2); cv = stddev/mean"
true,tree,tree/lifecycle,amber-go,list_recursive,2,0,0,0,,wall_ns,ns,2,187515900,187515900,187570741,187570741,187543320.5,38778.44298705145,0.00020677058976915924,"median = lower of the two middle samples for even n; p95 = nearest-rank (sorted ascending, index ceil(0.95*n)-1); stddev = sample standard deviation with n-1 denominator (null for n < 2); cv = stddev/mean"
true,tree,tree/lifecycle,amber-go,list_recursive,2,0,0,0,,cpu_ns,ns,2,238263000,238263000,239229000,239229000,238746000,683065.1506262049,0.0028610538003828543,"median = lower of the two middle samples for even n; p95 = nearest-rank (sorted ascending, index ceil(0.95*n)-1); stddev = sample standard deviation with n-1 denominator (null for n < 2); cv = stddev/mean"
true,tree,tree/lifecycle,amber-go,list_recursive,2,0,0,0,,max_rss_bytes,bytes,2,40542208,40542208,43233280,43233280,41887744,1902875.2598612448,0.04542797195908294,"median = lower of the two middle samples for even n; p95 = nearest-rank (sorted ascending, index ceil(0.95*n)-1); stddev = sample standard deviation with n-1 denominator (null for n < 2); cv = stddev/mean"
true,tree,tree/lifecycle,amber-go,read_full,2,0,0,0,,wall_ns,ns,2,24592772,24592772,24829005,24829005,24710888.5,167041.95624004168,0.006759852291027159,"median = lower of the two middle samples for even n; p95 = nearest-rank (sorted ascending, index ceil(0.95*n)-1); stddev = sample standard deviation with n-1 denominator (null for n < 2); cv = stddev/mean"
true,tree,tree/lifecycle,amber-go,read_full,2,0,0,0,,cpu_ns,ns,2,36720000,36720000,36946000,36946000,36833000,159806.13254815975,0.004338667296939151,"median = lower of the two middle samples for even n; p95 = nearest-rank (sorted ascending, index ceil(0.95*n)-1); stddev = sample standard deviation with n-1 denominator (null for n < 2); cv = stddev/mean"
true,tree,tree/lifecycle,amber-go,read_full,2,0,0,0,,max_rss_bytes,bytes,2,46559232,46559232,47271936,47271936,46915584,503957.83137877716,0.010741800238035558,"median = lower of the two middle samples for even n; p95 = nearest-rank (sorted ascending, index ceil(0.95*n)-1); stddev = sample standard deviation with n-1 denominator (null for n < 2); cv = stddev/mean"
true,tree,tree/lifecycle,amber-go,read_full,2,0,0,0,,throughput_bytes_per_s,bytes/s,2,1378917842.2574728,1378917842.2574728,1392163437.2896233,1392163437.2896233,1385540639.7735481,9366050.068084469,0.00675985229102717,"median = lower of the two middle samples for even n; p95 = nearest-rank (sorted ascending, index ceil(0.95*n)-1); stddev = sample standard deviation with n-1 denominator (null for n < 2); cv = stddev/mean"
true,tree,tree/lifecycle,amber-go,read_full,2,0,0,0,,logical_bytes,bytes,2,34237158,34237158,34237158,34237158,34237158,0,0,"median = lower of the two middle samples for even n; p95 = nearest-rank (sorted ascending, index ceil(0.95*n)-1); stddev = sample standard deviation with n-1 denominator (null for n < 2); cv = stddev/mean"
true,tree,tree/lifecycle,amber-go,restore_full,2,0,0,0,,wall_ns,ns,2,50995750,50995750,51044374,51044374,51020062,34382.360128414686,0.000673898830785715,"median = lower of the two middle samples for even n; p95 = nearest-rank (sorted ascending, index ceil(0.95*n)-1); stddev = sample standard deviation with n-1 denominator (null for n < 2); cv = stddev/mean"
true,tree,tree/lifecycle,amber-go,restore_full,2,0,0,0,,cpu_ns,ns,2,70819000,70819000,73827000,73827000,72323000,2126977.197809135,0.029409416061406953,"median = lower of the two middle samples for even n; p95 = nearest-rank (sorted ascending, index ceil(0.95*n)-1); stddev = sample standard deviation with n-1 denominator (null for n < 2); cv = stddev/mean"
true,tree,tree/lifecycle,amber-go,restore_full,2,0,0,0,,max_rss_bytes,bytes,2,43479040,43479040,45252608,45252608,44365824,1254101.9596954628,0.028267297812285937,"median = lower of the two middle samples for even n; p95 = nearest-rank (sorted ascending, index ceil(0.95*n)-1); stddev = sample standard deviation with n-1 denominator (null for n < 2); cv = stddev/mean"
true,tree,tree/lifecycle,amber-go,restore_full,2,0,0,0,,throughput_bytes_per_s,bytes/s,2,670733233.0101649,670733233.0101649,671372771.2603501,671372771.2603501,671053002.1352575,452221.83353416994,0.0006738988307856792,"median = lower of the two middle samples for even n; p95 = nearest-rank (sorted ascending, index ceil(0.95*n)-1); stddev = sample standard deviation with n-1 denominator (null for n < 2); cv = stddev/mean"
true,tree,tree/lifecycle,amber-go,restore_full,2,0,0,0,,logical_bytes,bytes,2,34237158,34237158,34237158,34237158,34237158,0,0,"median = lower of the two middle samples for even n; p95 = nearest-rank (sorted ascending, index ceil(0.95*n)-1); stddev = sample standard deviation with n-1 denominator (null for n < 2); cv = stddev/mean"
true,tree,tree/lifecycle,amber-go,ref_delete,2,0,0,0,,wall_ns,ns,2,13741896,13741896,14466417,14466417,14104156.5,512313.7122120586,0.03632359809762878,"median = lower of the two middle samples for even n; p95 = nearest-rank (sorted ascending, index ceil(0.95*n)-1); stddev = sample standard deviation with n-1 denominator (null for n < 2); cv = stddev/mean"
true,tree,tree/lifecycle,amber-go,ref_delete,2,0,0,0,,cpu_ns,ns,2,17792000,17792000,18397000,18397000,18094500,427799.60261786124,0.02364252135277909,"median = lower of the two middle samples for even n; p95 = nearest-rank (sorted ascending, index ceil(0.95*n)-1); stddev = sample standard deviation with n-1 denominator (null for n < 2); cv = stddev/mean"
true,tree,tree/lifecycle,amber-go,ref_delete,2,0,0,0,,max_rss_bytes,bytes,2,40542208,40542208,43520000,43520000,42031104,2105616.9161630515,0.05009663596185938,"median = lower of the two middle samples for even n; p95 = nearest-rank (sorted ascending, index ceil(0.95*n)-1); stddev = sample standard deviation with n-1 denominator (null for n < 2); cv = stddev/mean"
true,tree,tree/lifecycle,amber-go,ref_delete,2,0,0,0,,store_apparent_bytes,bytes,2,11955047,11955047,11956847,11956847,11955947,1272.7922061357856,0.00010645682906889647,"median = lower of the two middle samples for even n; p95 = nearest-rank (sorted ascending, index ceil(0.95*n)-1); stddev = sample standard deviation with n-1 denominator (null for n < 2); cv = stddev/mean"
true,tree,tree/lifecycle,amber-go,ref_delete,2,0,0,0,,store_allocated_bytes,bytes,2,16605184,16605184,16609280,16609280,16607232,2896.309375740099,0.00017440048863893147,"median = lower of the two middle samples for even n; p95 = nearest-rank (sorted ascending, index ceil(0.95*n)-1); stddev = sample standard deviation with n-1 denominator (null for n < 2); cv = stddev/mean"
true,tree,tree/lifecycle,amber-go,gc,2,0,0,0,,wall_ns,ns,2,14772091,14772091,16947343,16947343,15859717,1538135.4399895999,0.09698378854992179,"median = lower of the two middle samples for even n; p95 = nearest-rank (sorted ascending, index ceil(0.95*n)-1); stddev = sample standard deviation with n-1 denominator (null for n < 2); cv = stddev/mean"
true,tree,tree/lifecycle,amber-go,gc,2,0,0,0,,cpu_ns,ns,2,29973000,29973000,33643000,33643000,31808000,2595081.8869546293,0.08158582391079695,"median = lower of the two middle samples for even n; p95 = nearest-rank (sorted ascending, index ceil(0.95*n)-1); stddev = sample standard deviation with n-1 denominator (null for n < 2); cv = stddev/mean"
true,tree,tree/lifecycle,amber-go,gc,2,0,0,0,,max_rss_bytes,bytes,2,40542208,40542208,43520000,43520000,42031104,2105616.9161630515,0.05009663596185938,"median = lower of the two middle samples for even n; p95 = nearest-rank (sorted ascending, index ceil(0.95*n)-1); stddev = sample standard deviation with n-1 denominator (null for n < 2); cv = stddev/mean"
true,tree,tree/lifecycle,amber-go,gc,2,0,0,0,,store_apparent_bytes,bytes,2,11799371,11799371,11813062,11813062,11806216.5,9680.998941225022,0.00081999164941834,"median = lower of the two middle samples for even n; p95 = nearest-rank (sorted ascending, index ceil(0.95*n)-1); stddev = sample standard deviation with n-1 denominator (null for n < 2); cv = stddev/mean"
true,tree,tree/lifecycle,amber-go,gc,2,0,0,0,,store_allocated_bytes,bytes,2,11837440,11837440,11853824,11853824,11845632,11585.237502960395,0.0009780176779896925,"median = lower of the two middle samples for even n; p95 = nearest-rank (sorted ascending, index ceil(0.95*n)-1); stddev = sample standard deviation with n-1 denominator (null for n < 2); cv = stddev/mean"
true,tree,tree/lifecycle,amber-go,gc,2,0,0,0,,reclaimed_bytes,bytes,2,4751360,4751360,4771840,4771840,4761600,14481.546878700494,0.003041319488974398,"median = lower of the two middle samples for even n; p95 = nearest-rank (sorted ascending, index ceil(0.95*n)-1); stddev = sample standard deviation with n-1 denominator (null for n < 2); cv = stddev/mean"
true,nix,nix/closure,amber-rust,import_initial,2,0,0,0,,wall_ns,ns,2,55386179,55386179,57325667,57325667,56355923,1371425.1168299348,0.024335066197566042,"median = lower of the two middle samples for even n; p95 = nearest-rank (sorted ascending, index ceil(0.95*n)-1); stddev = sample standard deviation with n-1 denominator (null for n < 2); cv = stddev/mean"
true,nix,nix/closure,amber-rust,import_initial,2,0,0,0,,cpu_ns,ns,2,112668000,112668000,117615000,117615000,115141500,3498057.2465298506,0.030380507866667107,"median = lower of the two middle samples for even n; p95 = nearest-rank (sorted ascending, index ceil(0.95*n)-1); stddev = sample standard deviation with n-1 denominator (null for n < 2); cv = stddev/mean"
true,nix,nix/closure,amber-rust,import_initial,2,0,0,0,,max_rss_bytes,bytes,2,40542208,40542208,42295296,42295296,41418752,1239620.4128167622,0.029928965817626815,"median = lower of the two middle samples for even n; p95 = nearest-rank (sorted ascending, index ceil(0.95*n)-1); stddev = sample standard deviation with n-1 denominator (null for n < 2); cv = stddev/mean"
true,nix,nix/closure,amber-rust,import_initial,2,0,0,0,,throughput_bytes_per_s,bytes/s,2,100620861.5069407,100620861.5069407,104144357.0245205,104144357.0245205,102382609.26573059,2491487.5739610866,0.024335066197565987,"median = lower of the two middle samples for even n; p95 = nearest-rank (sorted ascending, index ceil(0.95*n)-1); stddev = sample standard deviation with n-1 denominator (null for n < 2); cv = stddev/mean"
true,nix,nix/closure,amber-rust,import_initial,2,0,0,0,,logical_bytes,bytes,2,5768158,5768158,5768158,5768158,5768158,0,0,"median = lower of the two middle samples for even n; p95 = nearest-rank (sorted ascending, index ceil(0.95*n)-1); stddev = sample standard deviation with n-1 denominator (null for n < 2); cv = stddev/mean"
true,nix,nix/closure,amber-rust,import_initial,2,0,0,0,,store_apparent_bytes,bytes,2,7104128,7104128,7104128,7104128,7104128,0,0,"median = lower of the two middle samples for even n; p95 = nearest-rank (sorted ascending, index ceil(0.95*n)-1); stddev = sample standard deviation with n-1 denominator (null for n < 2); cv = stddev/mean"
true,nix,nix/closure,amber-rust,import_initial,2,0,0,0,,store_allocated_bytes,bytes,2,5066752,5066752,5066752,5066752,5066752,0,0,"median = lower of the two middle samples for even n; p95 = nearest-rank (sorted ascending, index ceil(0.95*n)-1); stddev = sample standard deviation with n-1 denominator (null for n < 2); cv = stddev/mean"
true,nix,nix/closure,amber-rust,import_repeat,2,0,0,0,,wall_ns,ns,2,58286115,58286115,58603477,58603477,58444796,224408.8222909251,0.003839671581554072,"median = lower of the two middle samples for even n; p95 = nearest-rank (sorted ascending, index ceil(0.95*n)-1); stddev = sample standard deviation with n-1 denominator (null for n < 2); cv = stddev/mean"
true,nix,nix/closure,amber-rust,import_repeat,2,0,0,0,,cpu_ns,ns,2,99981000,99981000,101527000,101527000,100754000,1093187.0837144025,0.01085006137438119,"median = lower of the two middle samples for even n; p95 = nearest-rank (sorted ascending, index ceil(0.95*n)-1); stddev = sample standard deviation with n-1 denominator (null for n < 2); cv = stddev/mean"
true,nix,nix/closure,amber-rust,import_repeat,2,0,0,0,,max_rss_bytes,bytes,2,40542208,40542208,42295296,42295296,41418752,1239620.4128167622,0.029928965817626815,"median = lower of the two middle samples for even n; p95 = nearest-rank (sorted ascending, index ceil(0.95*n)-1); stddev = sample standard deviation with n-1 denominator (null for n < 2); cv = stddev/mean"
true,nix,nix/closure,amber-rust,import_repeat,2,0,0,0,,throughput_bytes_per_s,bytes/s,2,98426890.2679614,98426890.2679614,98962814.72868796,98962814.72868796,98694852.49832468,378955.82038349356,0.0038396715815541267,"median = lower of the two middle samples for even n; p95 = nearest-rank (sorted ascending, index ceil(0.95*n)-1); stddev = sample standard deviation with n-1 denominator (null for n < 2); cv = stddev/mean"
true,nix,nix/closure,amber-rust,import_repeat,2,0,0,0,,logical_bytes,bytes,2,5768158,5768158,5768158,5768158,5768158,0,0,"median = lower of the two middle samples for even n; p95 = nearest-rank (sorted ascending, index ceil(0.95*n)-1); stddev = sample standard deviation with n-1 denominator (null for n < 2); cv = stddev/mean"
true,nix,nix/closure,amber-rust,import_repeat,2,0,0,0,,store_apparent_bytes,bytes,2,7104128,7104128,7104128,7104128,7104128,0,0,"median = lower of the two middle samples for even n; p95 = nearest-rank (sorted ascending, index ceil(0.95*n)-1); stddev = sample standard deviation with n-1 denominator (null for n < 2); cv = stddev/mean"
true,nix,nix/closure,amber-rust,import_repeat,2,0,0,0,,store_allocated_bytes,bytes,2,5066752,5066752,5066752,5066752,5066752,0,0,"median = lower of the two middle samples for even n; p95 = nearest-rank (sorted ascending, index ceil(0.95*n)-1); stddev = sample standard deviation with n-1 denominator (null for n < 2); cv = stddev/mean"
true,nix,nix/closure,amber-rust,import_incremental,2,0,0,0,,wall_ns,ns,2,62697843,62697843,67085105,67085105,64891474,3102262.711042055,0.04780693856703047,"median = lower of the two middle samples for even n; p95 = nearest-rank (sorted ascending, index ceil(0.95*n)-1); stddev = sample standard deviation with n-1 denominator (null for n < 2); cv = stddev/mean"
true,nix,nix/closure,amber-rust,import_incremental,2,0,0,0,,cpu_ns,ns,2,113859000,113859000,117187000,117187000,115523000,2353251.3677888303,0.020370414270654592,"median = lower of the two middle samples for even n; p95 = nearest-rank (sorted ascending, index ceil(0.95*n)-1); stddev = sample standard deviation with n-1 denominator (null for n < 2); cv = stddev/mean"
true,nix,nix/closure,amber-rust,import_incremental,2,0,0,0,,max_rss_bytes,bytes,2,40542208,40542208,42295296,42295296,41418752,1239620.4128167622,0.029928965817626815,"median = lower of the two middle samples for even n; p95 = nearest-rank (sorted ascending, index ceil(0.95*n)-1); stddev = sample standard deviation with n-1 denominator (null for n < 2); cv = stddev/mean"
true,nix,nix/closure,amber-rust,import_incremental,2,0,0,0,,throughput_bytes_per_s,bytes/s,2,89891861.98635301,89891861.98635301,96182016.9794358,96182016.9794358,93036939.4828944,4447811.250323263,0.04780693856703046,"median = lower of the two middle samples for even n; p95 = nearest-rank (sorted ascending, index ceil(0.95*n)-1); stddev = sample standard deviation with n-1 denominator (null for n < 2); cv = stddev/mean"
true,nix,nix/closure,amber-rust,import_incremental,2,0,0,0,,logical_bytes,bytes,2,6030405,6030405,6030405,6030405,6030405,0,0,"median = lower of the two middle samples for even n; p95 = nearest-rank (sorted ascending, index ceil(0.95*n)-1); stddev = sample standard deviation with n-1 denominator (null for n < 2); cv = stddev/mean"
true,nix,nix/closure,amber-rust,import_incremental,2,0,0,0,,store_apparent_bytes,bytes,2,7631626,7631626,7631626,7631626,7631626,0,0,"median = lower of the two middle samples for even n; p95 = nearest-rank (sorted ascending, index ceil(0.95*n)-1); stddev = sample standard deviation with n-1 denominator (null for n < 2); cv = stddev/mean"
true,nix,nix/closure,amber-rust,import_incremental,2,0,0,0,,store_allocated_bytes,bytes,2,5595136,5595136,5595136,5595136,5595136,0,0,"median = lower of the two middle samples for even n; p95 = nearest-rank (sorted ascending, index ceil(0.95*n)-1); stddev = sample standard deviation with n-1 denominator (null for n < 2); cv = stddev/mean"
true,nix,nix/closure,amber-rust,catalog_list,2,0,0,0,,wall_ns,ns,2,5014319,5014319,5082739,5082739,5048529,48380.24596878358,0.009583038142156573,"median = lower of the two middle samples for even n; p95 = nearest-rank (sorted ascending, index ceil(0.95*n)-1); stddev = sample standard deviation with n-1 denominator (null for n < 2); cv = stddev/mean"
true,nix,nix/closure,amber-rust,catalog_list,2,0,0,0,,cpu_ns,ns,2,4630000,4630000,4690000,4690000,4660000,42426.40687119285,0.009104379156908336,"median = lower of the two middle samples for even n; p95 = nearest-rank (sorted ascending, index ceil(0.95*n)-1); stddev = sample standard deviation with n-1 denominator (null for n < 2); cv = stddev/mean"
true,nix,nix/closure,amber-rust,catalog_list,2,0,0,0,,max_rss_bytes,bytes,2,40542208,40542208,42295296,42295296,41418752,1239620.4128167622,0.029928965817626815,"median = lower of the two middle samples for even n; p95 = nearest-rank (sorted ascending, index ceil(0.95*n)-1); stddev = sample standard deviation with n-1 denominator (null for n < 2); cv = stddev/mean"
true,nix,nix/closure,amber-rust,closure_query,0,0,2,0,"these cores store trees keyed by content and record no references between roots, so there is no closure to query. The harness keeps the reference graph itself and verifies completeness separately; see the closure_is_complete check.",,,,,,,,,,,
true,nix,nix/closure,amber-rust,nar_and_reference_registration,0,0,2,0,these cores record no NAR hash and no reference list for a stored tree: they address content by their own key and model no edges between roots. The harness therefore recomputes the NAR hash of every restored path with `nix hash path` and compares it with the source store's — see the nar_hashes_match_recomputed check — but nothing in the store under test would have noticed a mismatch.,,,,,,,,,,,
true,nix,nix/closure,amber-rust,read_closure,2,0,0,0,,wall_ns,ns,2,47098130,47098130,48849525,48849525,47973827.5,1238423.2810362135,0.02581456067970006,"median = lower of the two middle samples for even n; p95 = nearest-rank (sorted ascending, index ceil(0.95*n)-1); stddev = sample standard deviation with n-1 denominator (null for n < 2); cv = stddev/mean"
true,nix,nix/closure,amber-rust,read_closure,2,0,0,0,,cpu_ns,ns,2,43725000,43725000,45436000,45436000,44580500,1209859.7026101828,0.027138764765091975,"median = lower of the two middle samples for even n; p95 = nearest-rank (sorted ascending, index ceil(0.95*n)-1); stddev = sample standard deviation with n-1 denominator (null for n < 2); cv = stddev/mean"
true,nix,nix/closure,amber-rust,read_closure,2,0,0,0,,max_rss_bytes,bytes,2,40542208,40542208,42295296,42295296,41418752,1239620.4128167622,0.029928965817626815,"median = lower of the two middle samples for even n; p95 = nearest-rank (sorted ascending, index ceil(0.95*n)-1); stddev = sample standard deviation with n-1 denominator (null for n < 2); cv = stddev/mean"
true,nix,nix/closure,amber-rust,read_closure,2,0,0,0,,throughput_bytes_per_s,bytes/s,2,123448590.33941476,123448590.33941476,128039159.94116963,128039159.94116963,125743875.1402922,3246022.8949097004,0.025814560679700057,"median = lower of the two middle samples for even n; p95 = nearest-rank (sorted ascending, index ceil(0.95*n)-1); stddev = sample standard deviation with n-1 denominator (null for n < 2); cv = stddev/mean"
true,nix,nix/closure,amber-rust,read_closure,2,0,0,0,,logical_bytes,bytes,2,6030405,6030405,6030405,6030405,6030405,0,0,"median = lower of the two middle samples for even n; p95 = nearest-rank (sorted ascending, index ceil(0.95*n)-1); stddev = sample standard deviation with n-1 denominator (null for n < 2); cv = stddev/mean"
true,nix,nix/closure,amber-rust,cache_export,0,0,2,0,"these cores have no binary-cache publication format; the blob scenario group measures what they can do, which is to publish their on-disk pack segments to object storage",,,,,,,,,,,
true,nix,nix/closure,amber-rust,materialize_closure,2,0,0,0,,wall_ns,ns,2,47472746,47472746,55898989,55898989,51685867.5,5958253.565225678,0.11527819602187538,"median = lower of the two middle samples for even n; p95 = nearest-rank (sorted ascending, index ceil(0.95*n)-1); stddev = sample standard deviation with n-1 denominator (null for n < 2); cv = stddev/mean"
true,nix,nix/closure,amber-rust,materialize_closure,2,0,0,0,,cpu_ns,ns,2,43619000,43619000,52029000,52029000,47824000,5946768.029778864,0.12434693939818635,"median = lower of the two middle samples for even n; p95 = nearest-rank (sorted ascending, index ceil(0.95*n)-1); stddev = sample standard deviation with n-1 denominator (null for n < 2); cv = stddev/mean"
true,nix,nix/closure,amber-rust,materialize_closure,2,0,0,0,,max_rss_bytes,bytes,2,40542208,40542208,42295296,42295296,41418752,1239620.4128167622,0.029928965817626815,"median = lower of the two middle samples for even n; p95 = nearest-rank (sorted ascending, index ceil(0.95*n)-1); stddev = sample standard deviation with n-1 denominator (null for n < 2); cv = stddev/mean"
true,nix,nix/closure,amber-rust,materialize_closure,2,0,0,0,,throughput_bytes_per_s,bytes/s,2,107880394.75991239,107880394.75991239,127028779.83927873,127028779.83927873,117454587.29959556,13539952.938391246,0.11527819602187533,"median = lower of the two middle samples for even n; p95 = nearest-rank (sorted ascending, index ceil(0.95*n)-1); stddev = sample standard deviation with n-1 denominator (null for n < 2); cv = stddev/mean"
true,nix,nix/closure,amber-rust,materialize_closure,2,0,0,0,,logical_bytes,bytes,2,6030405,6030405,6030405,6030405,6030405,0,0,"median = lower of the two middle samples for even n; p95 = nearest-rank (sorted ascending, index ceil(0.95*n)-1); stddev = sample standard deviation with n-1 denominator (null for n < 2); cv = stddev/mean"
true,nix,nix/closure,amber-rust,cache_substitute,0,0,2,0,these cores have no binary-cache client; see the blob scenario group,,,,,,,,,,,
true,nix,nix/closure,amber-rust,delete_path,2,0,0,0,,wall_ns,ns,2,5917533,5917533,6282559,6282559,6100046,258112.3599094007,0.04231318254147603,"median = lower of the two middle samples for even n; p95 = nearest-rank (sorted ascending, index ceil(0.95*n)-1); stddev = sample standard deviation with n-1 denominator (null for n < 2); cv = stddev/mean"
true,nix,nix/closure,amber-rust,delete_path,2,0,0,0,,cpu_ns,ns,2,5487000,5487000,5849000,5849000,5668000,255972.6547895302,0.04516101884077809,"median = lower of the two middle samples for even n; p95 = nearest-rank (sorted ascending, index ceil(0.95*n)-1); stddev = sample standard deviation with n-1 denominator (null for n < 2); cv = stddev/mean"
true,nix,nix/closure,amber-rust,delete_path,2,0,0,0,,max_rss_bytes,bytes,2,40542208,40542208,42295296,42295296,41418752,1239620.4128167622,0.029928965817626815,"median = lower of the two middle samples for even n; p95 = nearest-rank (sorted ascending, index ceil(0.95*n)-1); stddev = sample standard deviation with n-1 denominator (null for n < 2); cv = stddev/mean"
true,nix,nix/closure,amber-rust,delete_path,2,0,0,0,,store_apparent_bytes,bytes,2,7631626,7631626,7631626,7631626,7631626,0,0,"median = lower of the two middle samples for even n; p95 = nearest-rank (sorted ascending, index ceil(0.95*n)-1); stddev = sample standard deviation with n-1 denominator (null for n < 2); cv = stddev/mean"
true,nix,nix/closure,amber-rust,delete_path,2,0,0,0,,store_allocated_bytes,bytes,2,5595136,5595136,5595136,5595136,5595136,0,0,"median = lower of the two middle samples for even n; p95 = nearest-rank (sorted ascending, index ceil(0.95*n)-1); stddev = sample standard deviation with n-1 denominator (null for n < 2); cv = stddev/mean"
true,nix,nix/closure,amber-rust,gc,2,0,0,0,,wall_ns,ns,2,5101536,5101536,6008486,6008486,5555011,641310.4951971393,0.1154472052705457,"median = lower of the two middle samples for even n; p95 = nearest-rank (sorted ascending, index ceil(0.95*n)-1); stddev = sample standard deviation with n-1 denominator (null for n < 2); cv = stddev/mean"
true,nix,nix/closure,amber-rust,gc,2,0,0,0,,cpu_ns,ns,2,4638000,4638000,5532000,5532000,5085000,632153.4623807735,0.12431729840329862,"median = lower of the two middle samples for even n; p95 = nearest-rank (sorted ascending, index ceil(0.95*n)-1); stddev = sample standard deviation with n-1 denominator (null for n < 2); cv = stddev/mean"
true,nix,nix/closure,amber-rust,gc,2,0,0,0,,max_rss_bytes,bytes,2,40542208,40542208,42295296,42295296,41418752,1239620.4128167622,0.029928965817626815,"median = lower of the two middle samples for even n; p95 = nearest-rank (sorted ascending, index ceil(0.95*n)-1); stddev = sample standard deviation with n-1 denominator (null for n < 2); cv = stddev/mean"
true,nix,nix/closure,amber-rust,gc,2,0,0,0,,store_apparent_bytes,bytes,2,7638276,7638276,7638276,7638276,7638276,0,0,"median = lower of the two middle samples for even n; p95 = nearest-rank (sorted ascending, index ceil(0.95*n)-1); stddev = sample standard deviation with n-1 denominator (null for n < 2); cv = stddev/mean"
true,nix,nix/closure,amber-rust,gc,2,0,0,0,,store_allocated_bytes,bytes,2,5599232,5599232,5599232,5599232,5599232,0,0,"median = lower of the two middle samples for even n; p95 = nearest-rank (sorted ascending, index ceil(0.95*n)-1); stddev = sample standard deviation with n-1 denominator (null for n < 2); cv = stddev/mean"
true,nix,nix/closure,amber-rust,gc,2,0,0,0,,reclaimed_bytes,bytes,2,-4096,-4096,-4096,-4096,-4096,0,-0,"median = lower of the two middle samples for even n; p95 = nearest-rank (sorted ascending, index ceil(0.95*n)-1); stddev = sample standard deviation with n-1 denominator (null for n < 2); cv = stddev/mean"
true,git,git/history,amber-go,history_store,2,0,0,0,,wall_ns,ns,2,312337240,312337240,332443474,332443474,322390357,14217254.405523522,0.044099502658274364,"median = lower of the two middle samples for even n; p95 = nearest-rank (sorted ascending, index ceil(0.95*n)-1); stddev = sample standard deviation with n-1 denominator (null for n < 2); cv = stddev/mean"
true,git,git/history,amber-go,history_store,2,0,0,0,,cpu_ns,ns,2,2462959000,2462959000,2577256000,2577256000,2520107500,80820183.76927882,0.03207013342457765,"median = lower of the two middle samples for even n; p95 = nearest-rank (sorted ascending, index ceil(0.95*n)-1); stddev = sample standard deviation with n-1 denominator (null for n < 2); cv = stddev/mean"
true,git,git/history,amber-go,history_store,2,0,0,0,,max_rss_bytes,bytes,2,171712512,171712512,178864128,178864128,175288320,5056956.170042212,0.028849361840208247,"median = lower of the two middle samples for even n; p95 = nearest-rank (sorted ascending, index ceil(0.95*n)-1); stddev = sample standard deviation with n-1 denominator (null for n < 2); cv = stddev/mean"
true,git,git/history,amber-go,history_store,2,0,0,0,,throughput_bytes_per_s,bytes/s,2,67761823.4731839,67761823.4731839,72123887.6286414,72123887.6286414,69942855.55091265,3084445.1442947662,0.04409950265827428,"median = lower of the two middle samples for even n; p95 = nearest-rank (sorted ascending, index ceil(0.95*n)-1); stddev = sample standard deviation with n-1 denominator (null for n < 2); cv = stddev/mean"
true,git,git/history,amber-go,history_store,2,0,0,0,,logical_bytes,bytes,2,22526976,22526976,22526976,22526976,22526976,0,0,"median = lower of the two middle samples for even n; p95 = nearest-rank (sorted ascending, index ceil(0.95*n)-1); stddev = sample standard deviation with n-1 denominator (null for n < 2); cv = stddev/mean"
true,git,git/history,amber-go,history_store,2,0,0,0,,store_apparent_bytes,bytes,2,2406660,2406660,2406660,2406660,2406660,0,0,"median = lower of the two middle samples for even n; p95 = nearest-rank (sorted ascending, index ceil(0.95*n)-1); stddev = sample standard deviation with n-1 denominator (null for n < 2); cv = stddev/mean"
true,git,git/history,amber-go,history_store,2,0,0,0,,store_allocated_bytes,bytes,2,7086080,7086080,7086080,7086080,7086080,0,0,"median = lower of the two middle samples for even n; p95 = nearest-rank (sorted ascending, index ceil(0.95*n)-1); stddev = sample standard deviation with n-1 denominator (null for n < 2); cv = stddev/mean"
true,git,git/history,amber-go,clone_full,0,0,2,0,these cores ship no repository-to-repository transfer command; what they can do to publish a store is measured in the blob scenario group as a file-level object-storage transport,,,,,,,,,,,
true,git,git/history,amber-go,history_store_incremental,2,0,0,0,,wall_ns,ns,2,105093113,105093113,105218727,105218727,105155920,88822.51121196698,0.0008446743769819805,"median = lower of the two middle samples for even n; p95 = nearest-rank (sorted ascending, index ceil(0.95*n)-1); stddev = sample standard deviation with n-1 denominator (null for n < 2); cv = stddev/mean"
true,git,git/history,amber-go,history_store_incremental,2,0,0,0,,cpu_ns,ns,2,845615000,845615000,896841000,896841000,871228000,36222251.97306208,0.04157608797359828,"median = lower of the two middle samples for even n; p95 = nearest-rank (sorted ascending, index ceil(0.95*n)-1); stddev = sample standard deviation with n-1 denominator (null for n < 2); cv = stddev/mean"
true,git,git/history,amber-go,history_store_incremental,2,0,0,0,,max_rss_bytes,bytes,2,159207424,159207424,166547456,166547456,162877440,5190186.401326257,0.03186559416286416,"median = lower of the two middle samples for even n; p95 = nearest-rank (sorted ascending, index ceil(0.95*n)-1); stddev = sample standard deviation with n-1 denominator (null for n < 2); cv = stddev/mean"
true,git,git/history,amber-go,history_store_incremental,2,0,0,0,,throughput_bytes_per_s,bytes/s,2,77856862.87575024,77856862.87575024,77949922.37026988,77949922.37026988,77903392.62301007,65802.999628627,0.0008446743769820236,"median = lower of the two middle samples for even n; p95 = nearest-rank (sorted ascending, index ceil(0.95*n)-1); stddev = sample standard deviation with n-1 denominator (null for n < 2); cv = stddev/mean"
true,git,git/history,amber-go,history_store_incremental,2,0,0,0,,logical_bytes,bytes,2,8192000,8192000,8192000,8192000,8192000,0,0,"median = lower of the two middle samples for even n; p95 = nearest-rank (sorted ascending, index ceil(0.95*n)-1); stddev = sample standard deviation with n-1 denominator (null for n < 2); cv = stddev/mean"
true,git,git/history,amber-go,history_store_incremental,2,0,0,0,,store_apparent_bytes,bytes,2,2426975,2426975,2426975,2426975,2426975,0,0,"median = lower of the two middle samples for even n; p95 = nearest-rank (sorted ascending, index ceil(0.95*n)-1); stddev = sample standard deviation with n-1 denominator (null for n < 2); cv = stddev/mean"
true,git,git/history,amber-go,history_store_incremental,2,0,0,0,,store_allocated_bytes,bytes,2,7118848,7118848,7118848,7118848,7118848,0,0,"median = lower of the two middle samples for even n; p95 = nearest-rank (sorted ascending, index ceil(0.95*n)-1); stddev = sample standard deviation with n-1 denominator (null for n < 2); cv = stddev/mean"
true,git,git/history,amber-go,fetch_incremental,0,0,2,0,these cores ship no incremental fetch command; see the blob scenario group for incremental object-storage publication,,,,,,,,,,,
true,git,git/history,amber-go,gc,2,0,0,0,,wall_ns,ns,2,8680015,8680015,8746782,8746782,8713398.5,47211.39845948222,0.005418253102906084,"median = lower of the two middle samples for even n; p95 = nearest-rank (sorted ascending, index ceil(0.95*n)-1); stddev = sample standard deviation with n-1 denominator (null for n < 2); cv = stddev/mean"
true,git,git/history,amber-go,gc,2,0,0,0,,cpu_ns,ns,2,10550000,10550000,10628000,10628000,10589000,55154.32893255071,0.005208643774912712,"median = lower of the two middle samples for even n; p95 = nearest-rank (sorted ascending, index ceil(0.95*n)-1); stddev = sample standard deviation with n-1 denominator (null for n < 2); cv = stddev/mean"
true,git,git/history,amber-go,gc,2,0,0,0,,max_rss_bytes,bytes,2,40542208,40542208,43520000,43520000,42031104,2105616.9161630515,0.05009663596185938,"median = lower of the two middle samples for even n; p95 = nearest-rank (sorted ascending, index ceil(0.95*n)-1); stddev = sample standard deviation with n-1 denominator (null for n < 2); cv = stddev/mean"
true,git,git/history,amber-go,gc,2,0,0,0,,store_apparent_bytes,bytes,2,2446477,2446477,2446477,2446477,2446477,0,0,"median = lower of the two middle samples for even n; p95 = nearest-rank (sorted ascending, index ceil(0.95*n)-1); stddev = sample standard deviation with n-1 denominator (null for n < 2); cv = stddev/mean"
true,git,git/history,amber-go,gc,2,0,0,0,,store_allocated_bytes,bytes,2,2527232,2527232,2527232,2527232,2527232,0,0,"median = lower of the two middle samples for even n; p95 = nearest-rank (sorted ascending, index ceil(0.95*n)-1); stddev = sample standard deviation with n-1 denominator (null for n < 2); cv = stddev/mean"
true,git,git/history,amber-go,gc,2,0,0,0,,reclaimed_bytes,bytes,2,4591616,4591616,4591616,4591616,4591616,0,0,"median = lower of the two middle samples for even n; p95 = nearest-rank (sorted ascending, index ceil(0.95*n)-1); stddev = sample standard deviation with n-1 denominator (null for n < 2); cv = stddev/mean"
true,git,git/history,amber-go,list_head,2,0,0,0,,wall_ns,ns,2,140577483,140577483,141689973,141689973,141133728,786649.2230022223,0.005573786182437002,"median = lower of the two middle samples for even n; p95 = nearest-rank (sorted ascending, index ceil(0.95*n)-1); stddev = sample standard deviation with n-1 denominator (null for n < 2); cv = stddev/mean"
true,git,git/history,amber-go,list_head,2,0,0,0,,cpu_ns,ns,2,149078000,149078000,150164000,150164000,149621000,767917.9643685906,0.005132421012883155,"median = lower of the two middle samples for even n; p95 = nearest-rank (sorted ascending, index ceil(0.95*n)-1); stddev = sample standard deviation with n-1 denominator (null for n < 2); cv = stddev/mean"
true,git,git/history,amber-go,list_head,2,0,0,0,,max_rss_bytes,bytes,2,40542208,40542208,43520000,43520000,42031104,2105616.9161630515,0.05009663596185938,"median = lower of the two middle samples for even n; p95 = nearest-rank (sorted ascending, index ceil(0.95*n)-1); stddev = sample standard deviation with n-1 denominator (null for n < 2); cv = stddev/mean"
true,git,git/history,amber-go,read_all_versions,2,0,0,0,,wall_ns,ns,2,123814294,123814294,127297506,127297506,125555900,2463002.8255103566,0.01961678284740388,"median = lower of the two middle samples for even n; p95 = nearest-rank (sorted ascending, index ceil(0.95*n)-1); stddev = sample standard deviation with n-1 denominator (null for n < 2); cv = stddev/mean"
true,git,git/history,amber-go,read_all_versions,2,0,0,0,,cpu_ns,ns,2,186899000,186899000,192705000,192705000,189802000,4105461.971569095,0.02163023556953612,"median = lower of the two middle samples for even n; p95 = nearest-rank (sorted ascending, index ceil(0.95*n)-1); stddev = sample standard deviation with n-1 denominator (null for n < 2); cv = stddev/mean"
true,git,git/history,amber-go,read_all_versions,2,0,0,0,,max_rss_bytes,bytes,2,40542208,40542208,43520000,43520000,42031104,2105616.9161630515,0.05009663596185938,"median = lower of the two middle samples for even n; p95 = nearest-rank (sorted ascending, index ceil(0.95*n)-1); stddev = sample standard deviation with n-1 denominator (null for n < 2); cv = stddev/mean"
true,git,git/history,amber-go,read_all_versions,2,0,0,0,,throughput_bytes_per_s,bytes/s,2,241316400.96703857,241316400.96703857,248105247.04037806,248105247.04037806,244710824.0037083,4800439.094890021,0.019616782847403903,"median = lower of the two middle samples for even n; p95 = nearest-rank (sorted ascending, index ceil(0.95*n)-1); stddev = sample standard deviation with n-1 denominator (null for n < 2); cv = stddev/mean"
true,git,git/history,amber-go,read_all_versions,2,0,0,0,,logical_bytes,bytes,2,30718976,30718976,30718976,30718976,30718976,0,0,"median = lower of the two middle samples for even n; p95 = nearest-rank (sorted ascending, index ceil(0.95*n)-1); stddev = sample standard deviation with n-1 denominator (null for n < 2); cv = stddev/mean"
true,git,git/history,amber-go,checkout_version,2,0,0,0,,wall_ns,ns,2,18277721,18277721,18383273,18383273,18330497,74636.53496780246,0.004071713656634758,"median = lower of the two middle samples for even n; p95 = nearest-rank (sorted ascending, index ceil(0.95*n)-1); stddev = sample standard deviation with n-1 denominator (null for n < 2); cv = stddev/mean"
true,git,git/history,amber-go,checkout_version,2,0,0,0,,cpu_ns,ns,2,27033000,27033000,27649000,27649000,27341000,435577.77721091325,0.015931303800552767,"median = lower of the two middle samples for even n; p95 = nearest-rank (sorted ascending, index ceil(0.95*n)-1); stddev = sample standard deviation with n-1 denominator (null for n < 2); cv = stddev/mean"
true,git,git/history,amber-go,checkout_version,2,0,0,0,,max_rss_bytes,bytes,2,40542208,40542208,43520000,43520000,42031104,2105616.9161630515,0.05009663596185938,"median = lower of the two middle samples for even n; p95 = nearest-rank (sorted ascending, index ceil(0.95*n)-1); stddev = sample standard deviation with n-1 denominator (null for n < 2); cv = stddev/mean"
true,git,git/history,amber-go,ref_delete,2,0,0,0,,wall_ns,ns,2,5270528,5270528,5529503,5529503,5400015.5,183122.97865778615,0.033911565375652375,"median = lower of the two middle samples for even n; p95 = nearest-rank (sorted ascending, index ceil(0.95*n)-1); stddev = sample standard deviation with n-1 denominator (null for n < 2); cv = stddev/mean"
true,git,git/history,amber-go,ref_delete,2,0,0,0,,cpu_ns,ns,2,5551000,5551000,5794000,5794000,5672500,171826.94782833106,0.030291220419273877,"median = lower of the two middle samples for even n; p95 = nearest-rank (sorted ascending, index ceil(0.95*n)-1); stddev = sample standard deviation with n-1 denominator (null for n < 2); cv = stddev/mean"
true,git,git/history,amber-go,ref_delete,2,0,0,0,,max_rss_bytes,bytes,2,40542208,40542208,43520000,43520000,42031104,2105616.9161630515,0.05009663596185938,"median = lower of the two middle samples for even n; p95 = nearest-rank (sorted ascending, index ceil(0.95*n)-1); stddev = sample standard deviation with n-1 denominator (null for n < 2); cv = stddev/mean"
true,backup,backup/retention,restic,backup_initial,2,0,0,0,,wall_ns,ns,2,778235268,778235268,789648526,789648526,783941897,8070392.127231613,0.01029463045426645,"median = lower of the two middle samples for even n; p95 = nearest-rank (sorted ascending, index ceil(0.95*n)-1); stddev = sample standard deviation with n-1 denominator (null for n < 2); cv = stddev/mean"
true,backup,backup/retention,restic,backup_initial,2,0,0,0,,cpu_ns,ns,2,920523000,920523000,937253000,937253000,928888000,11829896.44925094,0.012735546642061196,"median = lower of the two middle samples for even n; p95 = nearest-rank (sorted ascending, index ceil(0.95*n)-1); stddev = sample standard deviation with n-1 denominator (null for n < 2); cv = stddev/mean"
true,backup,backup/retention,restic,backup_initial,2,0,0,0,,max_rss_bytes,bytes,2,245387264,245387264,281251840,281251840,263319552,25360084.893980306,0.09630916011121082,"median = lower of the two middle samples for even n; p95 = nearest-rank (sorted ascending, index ceil(0.95*n)-1); stddev = sample standard deviation with n-1 denominator (null for n < 2); cv = stddev/mean"
true,backup,backup/retention,restic,backup_initial,2,0,0,0,,throughput_bytes_per_s,bytes/s,2,43357464.584186405,43357464.584186405,43993326.19297331,43993326.19297331,43675395.38857986,449622.0554694069,0.010294630454266545,"median = lower of the two middle samples for even n; p95 = nearest-rank (sorted ascending, index ceil(0.95*n)-1); stddev = sample standard deviation with n-1 denominator (null for n < 2); cv = stddev/mean"
true,backup,backup/retention,restic,backup_initial,2,0,0,0,,logical_bytes,bytes,2,34237158,34237158,34237158,34237158,34237158,0,0,"median = lower of the two middle samples for even n; p95 = nearest-rank (sorted ascending, index ceil(0.95*n)-1); stddev = sample standard deviation with n-1 denominator (null for n < 2); cv = stddev/mean"
true,backup,backup/retention,restic,backup_initial,2,0,0,0,,store_apparent_bytes,bytes,2,13163385,13163385,16288424,16288424,14725904.5,2209736.268372427,0.1500577617064152,"median = lower of the two middle samples for even n; p95 = nearest-rank (sorted ascending, index ceil(0.95*n)-1); stddev = sample standard deviation with n-1 denominator (null for n < 2); cv = stddev/mean"
true,backup,backup/retention,restic,backup_initial,2,0,0,0,,store_allocated_bytes,bytes,2,14254080,14254080,17379328,17379328,15816704,2209884.0536896954,0.13971836696758663,"median = lower of the two middle samples for even n; p95 = nearest-rank (sorted ascending, index ceil(0.95*n)-1); stddev = sample standard deviation with n-1 denominator (null for n < 2); cv = stddev/mean"
true,backup,backup/retention,restic,backup_unchanged,2,0,0,0,,wall_ns,ns,2,724911394,724911394,728078517,728078517,726494955.5,2239494.150151882,0.0030826011016285466,"median = lower of the two middle samples for even n; p95 = nearest-rank (sorted ascending, index ceil(0.95*n)-1); stddev = sample standard deviation with n-1 denominator (null for n < 2); cv = stddev/mean"
true,backup,backup/retention,restic,backup_unchanged,2,0,0,0,,cpu_ns,ns,2,539184000,539184000,543134000,543134000,541159000,2793071.7856868627,0.005161277527837221,"median = lower of the two middle samples for even n; p95 = nearest-rank (sorted ascending, index ceil(0.95*n)-1); stddev = sample standard deviation with n-1 denominator (null for n < 2); cv = stddev/mean"
true,backup,backup/retention,restic,backup_unchanged,2,0,0,0,,max_rss_bytes,bytes,2,70414336,70414336,71913472,71913472,71163904,1060049.231520876,0.014895883614267087,"median = lower of the two middle samples for even n; p95 = nearest-rank (sorted ascending, index ceil(0.95*n)-1); stddev = sample standard deviation with n-1 denominator (null for n < 2); cv = stddev/mean"
true,backup,backup/retention,restic,backup_unchanged,2,0,0,0,,throughput_bytes_per_s,bytes/s,2,47023991.507223666,47023991.507223666,47229438.36084883,47229438.36084883,47126714.93403625,145272.8633717931,0.003082601101628514,"median = lower of the two middle samples for even n; p95 = nearest-rank (sorted ascending, index ceil(0.95*n)-1); stddev = sample standard deviation with n-1 denominator (null for n < 2); cv = stddev/mean"
true,backup,backup/retention,restic,backup_unchanged,2,0,0,0,,logical_bytes,bytes,2,34237158,34237158,34237158,34237158,34237158,0,0,"median = lower of the two middle samples for even n; p95 = nearest-rank (sorted ascending, index ceil(0.95*n)-1); stddev = sample standard deviation with n-1 denominator (null for n < 2); cv = stddev/mean"
true,backup,backup/retention,restic,backup_unchanged,2,0,0,0,,store_apparent_bytes,bytes,2,13163834,13163834,16288874,16288874,14726354,2209736.9754792084,0.1500532294333824,"median = lower of the two middle samples for even n; p95 = nearest-rank (sorted ascending, index ceil(0.95*n)-1); stddev = sample standard deviation with n-1 denominator (null for n < 2); cv = stddev/mean"
true,backup,backup/retention,restic,backup_unchanged,2,0,0,0,,store_allocated_bytes,bytes,2,14258176,14258176,17383424,17383424,15820800,2209884.0536896954,0.13968219392759504,"median = lower of the two middle samples for even n; p95 = nearest-rank (sorted ascending, index ceil(0.95*n)-1); stddev = sample standard deviation with n-1 denominator (null for n < 2); cv = stddev/mean"
true,backup,backup/retention,restic,backup_changed,2,0,0,0,,wall_ns,ns,2,735749025,735749025,739307507,739307507,737528266,2516226.752930268,0.0034117021257735335,"median = lower of the two middle samples for even n; p95 = nearest-rank (sorted ascending, index ceil(0.95*n)-1); stddev = sample standard deviation with n-1 denominator (null for n < 2); cv = stddev/mean"
true,backup,backup/retention,restic,backup_changed,2,0,0,0,,cpu_ns,ns,2,679567000,679567000,687554000,687554000,683560500,5647661.861336955,0.008262124364027698,"median = lower of the two middle samples for even n; p95 = nearest-rank (sorted ascending, index ceil(0.95*n)-1); stddev = sample standard deviation with n-1 denominator (null for n < 2); cv = stddev/mean"
true,backup,backup/retention,restic,backup_changed,2,0,0,0,,max_rss_bytes,bytes,2,119951360,119951360,120467456,120467456,120209408,364934.9813432524,0.0030358271238075845,"median = lower of the two middle samples for even n; p95 = nearest-rank (sorted ascending, index ceil(0.95*n)-1); stddev = sample standard deviation with n-1 denominator (null for n < 2); cv = stddev/mean"
true,backup,backup/retention,restic,backup_changed,2,0,0,0,,throughput_bytes_per_s,bytes/s,2,46336908.08715135,46336908.08715135,46561018.54841058,46561018.54841058,46448963.317780964,158470.02689124725,0.00341170212577347,"median = lower of the two middle samples for even n; p95 = nearest-rank (sorted ascending, index ceil(0.95*n)-1); stddev = sample standard deviation with n-1 denominator (null for n < 2); cv = stddev/mean"
true,backup,backup/retention,restic,backup_changed,2,0,0,0,,logical_bytes,bytes,2,34257224,34257224,34257224,34257224,34257224,0,0,"median = lower of the two middle samples for even n; p95 = nearest-rank (sorted ascending, index ceil(0.95*n)-1); stddev = sample standard deviation with n-1 denominator (null for n < 2); cv = stddev/mean"
true,backup,backup/retention,restic,backup_changed,2,0,0,0,,store_apparent_bytes,bytes,2,13377430,13377430,16502337,16502337,14939883.5,2209642.930277311,0.14790228653906912,"median = lower of the two middle samples for even n; p95 = nearest-rank (sorted ascending, index ceil(0.95*n)-1); stddev = sample standard deviation with n-1 denominator (null for n < 2); cv = stddev/mean"
true,backup,backup/retention,restic,backup_changed,2,0,0,0,,store_allocated_bytes,bytes,2,14479360,14479360,17604608,17604608,16041984,2209884.0536896954,0.13775628087459105,"median = lower of the two middle samples for even n; p95 = nearest-rank (sorted ascending, index ceil(0.95*n)-1); stddev = sample standard deviation with n-1 denominator (null for n < 2); cv = stddev/mean"
true,backup,backup/retention,restic,backup_changed_again,2,0,0,0,,wall_ns,ns,2,740647295,740647295,742358230,742358230,741502762.5,1209813.7406694058,0.0016315701058084808,"median = lower of the two middle samples for even n; p95 = nearest-rank (sorted ascending, index ceil(0.95*n)-1); stddev = sample standard deviation with n-1 denominator (null for n < 2); cv = stddev/mean"
true,backup,backup/retention,restic,backup_changed_again,2,0,0,0,,cpu_ns,ns,2,706275000,706275000,707945000,707945000,707110000,1180868.3245815344,0.0016699923980449073,"median = lower of the two middle samples for even n; p95 = nearest-rank (sorted ascending, index ceil(0.95*n)-1); stddev = sample standard deviation with n-1 denominator (null for n < 2); cv = stddev/mean"
true,backup,backup/retention,restic,backup_changed_again,2,0,0,0,,max_rss_bytes,bytes,2,128344064,128344064,130441216,130441216,129392640,1482910.4003789306,0.011460546754273895,"median = lower of the two middle samples for even n; p95 = nearest-rank (sorted ascending, index ceil(0.95*n)-1); stddev = sample standard deviation with n-1 denominator (null for n < 2); cv = stddev/mean"
true,backup,backup/retention,restic,backup_changed_again,2,0,0,0,,throughput_bytes_per_s,bytes/s,2,46169794.60172483,46169794.60172483,46276449.30506362,46276449.30506362,46223121.95339423,75416.26397629577,0.0016315701058084383,"median = lower of the two middle samples for even n; p95 = nearest-rank (sorted ascending, index ceil(0.95*n)-1); stddev = sample standard deviation with n-1 denominator (null for n < 2); cv = stddev/mean"
true,backup,backup/retention,restic,backup_changed_again,2,0,0,0,,logical_bytes,bytes,2,34274527,34274527,34274527,34274527,34274527,0,0,"median = lower of the two middle samples for even n; p95 = nearest-rank (sorted ascending, index ceil(0.95*n)-1); stddev = sample standard deviation with n-1 denominator (null for n < 2); cv = stddev/mean"
true,backup,backup/retention,restic,backup_changed_again,2,0,0,0,,store_apparent_bytes,bytes,2,13589073,13589073,16713807,16713807,15151440,2209520.6008041655,0.14582908296532643,"median = lower of the two middle samples for even n; p95 = nearest-rank (sorted ascending, index ceil(0.95*n)-1); stddev = sample standard deviation with n-1 denominator (null for n < 2); cv = stddev/mean"
true,backup,backup/retention,restic,backup_changed_again,2,0,0,0,,store_allocated_bytes,bytes,2,14700544,14700544,17825792,17825792,16263168,2209884.0536896954,0.13588275382076206,"median = lower of the two middle samples for even n; p95 = nearest-rank (sorted ascending, index ceil(0.95*n)-1); stddev = sample standard deviation with n-1 denominator (null for n < 2); cv = stddev/mean"
true,backup,backup/retention,restic,list_snapshot,2,0,0,0,,wall_ns,ns,2,721439099,721439099,732132897,732132897,726785998,7561657.0824391395,0.010404241555626585,"median = lower of the two middle samples for even n; p95 = nearest-rank (sorted ascending, index ceil(0.95*n)-1); stddev = sample standard deviation with n-1 denominator (null for n < 2); cv = stddev/mean"
true,backup,backup/retention,restic,list_snapshot,2,0,0,0,,cpu_ns,ns,2,532017000,532017000,542074000,542074000,537045500,7111372.8983931085,0.013241658106050807,"median = lower of the two middle samples for even n; p95 = nearest-rank (sorted ascending, index ceil(0.95*n)-1); stddev = sample standard deviation with n-1 denominator (null for n < 2); cv = stddev/mean"
true,backup,backup/retention,restic,list_snapshot,2,0,0,0,,max_rss_bytes,bytes,2,69619712,69619712,69890048,69890048,69754880,191156.4187988465,0.002740402087980748,"median = lower of the two middle samples for even n; p95 = nearest-rank (sorted ascending, index ceil(0.95*n)-1); stddev = sample standard deviation with n-1 denominator (null for n < 2); cv = stddev/mean"
true,backup,backup/retention,restic,restore_latest,2,0,0,0,,wall_ns,ns,2,768255866,768255866,775298153,775298153,771777009.5,4979648.892761868,0.006452186099697323,"median = lower of the two middle samples for even n; p95 = nearest-rank (sorted ascending, index ceil(0.95*n)-1); stddev = sample standard deviation with n-1 denominator (null for n < 2); cv = stddev/mean"
true,backup,backup/retention,restic,restore_latest,2,0,0,0,,cpu_ns,ns,2,582811000,582811000,589333000,589333000,586072000,4611750.426898663,0.00786891444549247,"median = lower of the two middle samples for even n; p95 = nearest-rank (sorted ascending, index ceil(0.95*n)-1); stddev = sample standard deviation with n-1 denominator (null for n < 2); cv = stddev/mean"
true,backup,backup/retention,restic,restore_latest,2,0,0,0,,max_rss_bytes,bytes,2,83255296,83255296,91058176,91058176,87156736,5517469.360784888,0.06330513984352154,"median = lower of the two middle samples for even n; p95 = nearest-rank (sorted ascending, index ceil(0.95*n)-1); stddev = sample standard deviation with n-1 denominator (null for n < 2); cv = stddev/mean"
true,backup,backup/retention,restic,restore_latest,2,0,0,0,,throughput_bytes_per_s,bytes/s,2,44208188.63991283,44208188.63991283,44613427.00636145,44613427.00636145,44410807.823137134,286546.79691277724,0.0064521860996973835,"median = lower of the two middle samples for even n; p95 = nearest-rank (sorted ascending, index ceil(0.95*n)-1); stddev = sample standard deviation with n-1 denominator (null for n < 2); cv = stddev/mean"
true,backup,backup/retention,restic,restore_latest,2,0,0,0,,logical_bytes,bytes,2,34274527,34274527,34274527,34274527,34274527,0,0,"median = lower of the two middle samples for even n; p95 = nearest-rank (sorted ascending, index ceil(0.95*n)-1); stddev = sample standard deviation with n-1 denominator (null for n < 2); cv = stddev/mean"
true,backup,backup/retention,restic,forget_oldest,2,0,0,0,,wall_ns,ns,2,717453193,717453193,719600200,719600200,718526696.5,1518163.208954986,0.002112883510591991,"median = lower of the two middle samples for even n; p95 = nearest-rank (sorted ascending, index ceil(0.95*n)-1); stddev = sample standard deviation with n-1 denominator (null for n < 2); cv = stddev/mean"
true,backup,backup/retention,restic,forget_oldest,2,0,0,0,,cpu_ns,ns,2,527883000,527883000,528153000,528153000,528018000,190918.83092036782,0.00036157636845783256,"median = lower of the two middle samples for even n; p95 = nearest-rank (sorted ascending, index ceil(0.95*n)-1); stddev = sample standard deviation with n-1 denominator (null for n < 2); cv = stddev/mean"
true,backup,backup/retention,restic,forget_oldest,2,0,0,0,,max_rss_bytes,bytes,2,68849664,68849664,70152192,70152192,69500928,921026.3814853514,0.013252001203283953,"median = lower of the two middle samples for even n; p95 = nearest-rank (sorted ascending, index ceil(0.95*n)-1); stddev = sample standard deviation with n-1 denominator (null for n < 2); cv = stddev/mean"
true,backup,backup/retention,restic,forget_oldest,2,0,0,0,,store_apparent_bytes,bytes,2,13588213,13588213,16712947,16712947,15150580,2209520.6008041655,0.1458373607349795,"median = lower of the two middle samples for even n; p95 = nearest-rank (sorted ascending, index ceil(0.95*n)-1); stddev = sample standard deviation with n-1 denominator (null for n < 2); cv = stddev/mean"
true,backup,backup/retention,restic,forget_oldest,2,0,0,0,,store_allocated_bytes,bytes,2,14692352,14692352,17817600,17817600,16254976,2209884.0536896954,0.13595123448288668,"median = lower of the two middle samples for even n; p95 = nearest-rank (sorted ascending, index ceil(0.95*n)-1); stddev = sample standard deviation with n-1 denominator (null for n < 2); cv = stddev/mean"
true,backup,backup/retention,restic,prune,2,0,0,0,,wall_ns,ns,2,889074571,889074571,904278840,904278840,896676705.5,10751041.712884407,0.011989875109880846,"median = lower of the two middle samples for even n; p95 = nearest-rank (sorted ascending, index ceil(0.95*n)-1); stddev = sample standard deviation with n-1 denominator (null for n < 2); cv = stddev/mean"
true,backup,backup/retention,restic,prune,2,0,0,0,,cpu_ns,ns,2,716269000,716269000,734209000,734209000,725239000,12685495.654486662,0.017491469232193333,"median = lower of the two middle samples for even n; p95 = nearest-rank (sorted ascending, index ceil(0.95*n)-1); stddev = sample standard deviation with n-1 denominator (null for n < 2); cv = stddev/mean"
true,backup,backup/retention,restic,prune,2,0,0,0,,max_rss_bytes,bytes,2,172564480,172564480,197824512,197824512,185194496,17861539.920189187,0.09644746634472974,"median = lower of the two middle samples for even n; p95 = nearest-rank (sorted ascending, index ceil(0.95*n)-1); stddev = sample standard deviation with n-1 denominator (null for n < 2); cv = stddev/mean"
true,backup,backup/retention,restic,prune,2,0,0,0,,store_apparent_bytes,bytes,2,13395366,13395366,16520239,16520239,14957802.5,2209618.8886467502,0.14772349672665822,"median = lower of the two middle samples for even n; p95 = nearest-rank (sorted ascending, index ceil(0.95*n)-1); stddev = sample standard deviation with n-1 denominator (null for n < 2); cv = stddev/mean"
true,backup,backup/retention,restic,prune,2,0,0,0,,store_allocated_bytes,bytes,2,14503936,14503936,17629184,17629184,16066560,2209884.0536896954,0.13754556381015573,"median = lower of the two middle samples for even n; p95 = nearest-rank (sorted ascending, index ceil(0.95*n)-1); stddev = sample standard deviation with n-1 denominator (null for n < 2); cv = stddev/mean"
true,backup,backup/retention,restic,prune,2,0,0,0,,reclaimed_bytes,bytes,2,188416,188416,188416,188416,188416,0,0,"median = lower of the two middle samples for even n; p95 = nearest-rank (sorted ascending, index ceil(0.95*n)-1); stddev = sample standard deviation with n-1 denominator (null for n < 2); cv = stddev/mean"
true,tree,tree/lifecycle,git,ingest_fresh,2,0,0,0,,wall_ns,ns,2,233439460,233439460,235631449,235631449,234535454.5,1549970.286186319,0.00660868221178184,"median = lower of the two middle samples for even n; p95 = nearest-rank (sorted ascending, index ceil(0.95*n)-1); stddev = sample standard deviation with n-1 denominator (null for n < 2); cv = stddev/mean"
true,tree,tree/lifecycle,git,ingest_fresh,2,0,0,0,,cpu_ns,ns,2,231582000,231582000,233845000,233845000,232713500,1600182.645825157,0.006876191737158166,"median = lower of the two middle samples for even n; p95 = nearest-rank (sorted ascending, index ceil(0.95*n)-1); stddev = sample standard deviation with n-1 denominator (null for n < 2); cv = stddev/mean"
true,tree,tree/lifecycle,git,ingest_fresh,2,0,0,0,,max_rss_bytes,bytes,2,40542208,40542208,42295296,42295296,41418752,1239620.4128167622,0.029928965817626815,"median = lower of the two middle samples for even n; p95 = nearest-rank (sorted ascending, index ceil(0.95*n)-1); stddev = sample standard deviation with n-1 denominator (null for n < 2); cv = stddev/mean"
true,tree,tree/lifecycle,git,ingest_fresh,2,0,0,0,,throughput_bytes_per_s,bytes/s,2,145299611.51323226,145299611.51323226,146663970.17882067,146663970.17882067,145981790.84602648,964747.264408193,0.006608682211781845,"median = lower of the two middle samples for even n; p95 = nearest-rank (sorted ascending, index ceil(0.95*n)-1); stddev = sample standard deviation with n-1 denominator (null for n < 2); cv = stddev/mean"
true,tree,tree/lifecycle,git,ingest_fresh,2,0,0,0,,logical_bytes,bytes,2,34237158,34237158,34237158,34237158,34237158,0,0,"median = lower of the two middle samples for even n; p95 = nearest-rank (sorted ascending, index ceil(0.95*n)-1); stddev = sample standard deviation with n-1 denominator (null for n < 2); cv = stddev/mean"
true,tree,tree/lifecycle,git,ingest_fresh,2,0,0,0,,store_apparent_bytes,bytes,2,21501959,21501959,21501959,21501959,21501959,0,0,"median = lower of the two middle samples for even n; p95 = nearest-rank (sorted ascending, index ceil(0.95*n)-1); stddev = sample standard deviation with n-1 denominator (null for n < 2); cv = stddev/mean"
true,tree,tree/lifecycle,git,ingest_fresh,2,0,0,0,,store_allocated_bytes,bytes,2,22917120,22917120,22917120,22917120,22917120,0,0,"median = lower of the two middle samples for even n; p95 = nearest-rank (sorted ascending, index ceil(0.95*n)-1); stddev = sample standard deviation with n-1 denominator (null for n < 2); cv = stddev/mean"
true,tree,tree/lifecycle,git,ingest_repeat,2,0,0,0,,wall_ns,ns,2,60339661,60339661,60707564,60707564,60523612.5,260146.7061188744,0.004298267987867949,"median = lower of the two middle samples for even n; p95 = nearest-rank (sorted ascending, index ceil(0.95*n)-1); stddev = sample standard deviation with n-1 denominator (null for n < 2); cv = stddev/mean"
true,tree,tree/lifecycle,git,ingest_repeat,2,0,0,0,,cpu_ns,ns,2,59643000,59643000,60025000,60025000,59834000,270114.79041326116,0.004514403021914984,"median = lower of the two middle samples for even n; p95 = nearest-rank (sorted ascending, index ceil(0.95*n)-1); stddev = sample standard deviation with n-1 denominator (null for n < 2); cv = stddev/mean"
true,tree,tree/lifecycle,git,ingest_repeat,2,0,0,0,,max_rss_bytes,bytes,2,40542208,40542208,42295296,42295296,41418752,1239620.4128167622,0.029928965817626815,"median = lower of the two middle samples for even n; p95 = nearest-rank (sorted ascending, index ceil(0.95*n)-1); stddev = sample standard deviation with n-1 denominator (null for n < 2); cv = stddev/mean"
true,tree,tree/lifecycle,git,ingest_repeat,2,0,0,0,,throughput_bytes_per_s,bytes/s,2,563968569.0567324,563968569.0567324,567407198.3931099,567407198.3931099,565687883.7249212,2431478.121739529,0.0042982679878678315,"median = lower of the two middle samples for even n; p95 = nearest-rank (sorted ascending, index ceil(0.95*n)-1); stddev = sample standard deviation with n-1 denominator (null for n < 2); cv = stddev/mean"
true,tree,tree/lifecycle,git,ingest_repeat,2,0,0,0,,logical_bytes,bytes,2,34237158,34237158,34237158,34237158,34237158,0,0,"median = lower of the two middle samples for even n; p95 = nearest-rank (sorted ascending, index ceil(0.95*n)-1); stddev = sample standard deviation with n-1 denominator (null for n < 2); cv = stddev/mean"
true,tree,tree/lifecycle,git,ingest_repeat,2,0,0,0,,store_apparent_bytes,bytes,2,21502268,21502268,21502268,21502268,21502268,0,0,"median = lower of the two middle samples for even n; p95 = nearest-rank (sorted ascending, index ceil(0.95*n)-1); stddev = sample standard deviation with n-1 denominator (null for n < 2); cv = stddev/mean"
true,tree,tree/lifecycle,git,ingest_repeat,2,0,0,0,,store_allocated_bytes,bytes,2,22929408,22929408,22929408,22929408,22929408,0,0,"median = lower of the two middle samples for even n; p95 = nearest-rank (sorted ascending, index ceil(0.95*n)-1); stddev = sample standard deviation with n-1 denominator (null for n < 2); cv = stddev/mean"
true,tree,tree/lifecycle,git,ingest_changed,2,0,0,0,,wall_ns,ns,2,62016212,62016212,63492168,63492168,62754190,1043658.496332972,0.016630897416299563,"median = lower of the two middle samples for even n; p95 = nearest-rank (sorted ascending, index ceil(0.95*n)-1); stddev = sample standard deviation with n-1 denominator (null for n < 2); cv = stddev/mean"
true,tree,tree/lifecycle,git,ingest_changed,2,0,0,0,,cpu_ns,ns,2,61142000,61142000,62722000,62722000,61932000,1117228.7142747452,0.0180396033435824,"median = lower of the two middle samples for even n; p95 = nearest-rank (sorted ascending, index ceil(0.95*n)-1); stddev = sample standard deviation with n-1 denominator (null for n < 2); cv = stddev/mean"
true,tree,tree/lifecycle,git,ingest_changed,2,0,0,0,,max_rss_bytes,bytes,2,40542208,40542208,42295296,42295296,41418752,1239620.4128167622,0.029928965817626815,"median = lower of the two middle samples for even n; p95 = nearest-rank (sorted ascending, index ceil(0.95*n)-1); stddev = sample standard deviation with n-1 denominator (null for n < 2); cv = stddev/mean"
true,tree,tree/lifecycle,git,ingest_changed,2,0,0,0,,throughput_bytes_per_s,bytes/s,2,539550389.9000583,539550389.9000583,552391429.5184621,552391429.5184621,545970909.7092602,9079986.191658437,0.016630897416299525,"median = lower of the two middle samples for even n; p95 = nearest-rank (sorted ascending, index ceil(0.95*n)-1); stddev = sample standard deviation with n-1 denominator (null for n < 2); cv = stddev/mean"
true,tree,tree/lifecycle,git,ingest_changed,2,0,0,0,,logical_bytes,bytes,2,34257224,34257224,34257224,34257224,34257224,0,0,"median = lower of the two middle samples for even n; p95 = nearest-rank (sorted ascending, index ceil(0.95*n)-1); stddev = sample standard deviation with n-1 denominator (null for n < 2); cv = stddev/mean"
true,tree,tree/lifecycle,git,ingest_changed,2,0,0,0,,store_apparent_bytes,bytes,2,21702965,21702965,21702965,21702965,21702965,0,0,"median = lower of the two middle samples for even n; p95 = nearest-rank (sorted ascending, index ceil(0.95*n)-1); stddev = sample standard deviation with n-1 denominator (null for n < 2); cv = stddev/mean"
true,tree,tree/lifecycle,git,ingest_changed,2,0,0,0,,store_allocated_bytes,bytes,2,23441408,23441408,23441408,23441408,23441408,0,0,"median = lower of the two middle samples for even n; p95 = nearest-rank (sorted ascending, index ceil(0.95*n)-1); stddev = sample standard deviation with n-1 denominator (null for n < 2); cv = stddev/mean"
true,tree,tree/lifecycle,git,list_recursive,2,0,0,0,,wall_ns,ns,2,3622854,3622854,3928217,3928217,3775535.5,215924.24802346772,0.057190363598347234,"median = lower of the two middle samples for even n; p95 = nearest-rank (sorted ascending, index ceil(0.95*n)-1); stddev = sample standard deviation with n-1 denominator (null for n < 2); cv = stddev/mean"
true,tree,tree/lifecycle,git,list_recursive,2,0,0,0,,cpu_ns,ns,2,3539000,3539000,3831000,3831000,3685000,206475.18010647187,0.056031256473940805,"median = lower of the two middle samples for even n; p95 = nearest-rank (sorted ascending, index ceil(0.95*n)-1); stddev = sample standard deviation with n-1 denominator (null for n < 2); cv = stddev/mean"
true,tree,tree/lifecycle,git,list_recursive,2,0,0,0,,max_rss_bytes,bytes,2,40542208,40542208,42295296,42295296,41418752,1239620.4128167622,0.029928965817626815,"median = lower of the two middle samples for even n; p95 = nearest-rank (sorted ascending, index ceil(0.95*n)-1); stddev = sample standard deviation with n-1 denominator (null for n < 2); cv = stddev/mean"
true,tree,tree/lifecycle,git,read_full,2,0,0,0,,wall_ns,ns,2,61098631,61098631,61481131,61481131,61289881,270468.3438038544,0.0044129363508448385,"median = lower of the two middle samples for even n; p95 = nearest-rank (sorted ascending, index ceil(0.95*n)-1); stddev = sample standard deviation with n-1 denominator (null for n < 2); cv = stddev/mean"
true,tree,tree/lifecycle,git,read_full,2,0,0,0,,cpu_ns,ns,2,60706000,60706000,61045000,61045000,60875500,239709.19882223962,0.003937695769599258,"median = lower of the two middle samples for even n; p95 = nearest-rank (sorted ascending, index ceil(0.95*n)-1); stddev = sample standard deviation with n-1 denominator (null for n < 2); cv = stddev/mean"
true,tree,tree/lifecycle,git,read_full,2,0,0,0,,max_rss_bytes,bytes,2,40542208,40542208,42295296,42295296,41418752,1239620.4128167622,0.029928965817626815,"median = lower of the two middle samples for even n; p95 = nearest-rank (sorted ascending, index ceil(0.95*n)-1); stddev = sample standard deviation with n-1 denominator (null for n < 2); cv = stddev/mean"
true,tree,tree/lifecycle,git,read_full,2,0,0,0,,throughput_bytes_per_s,bytes/s,2,556872611.8587506,556872611.8587506,560358840.1186926,560358840.1186926,558615725.9887216,2465135.643369205,0.004412936350844831,"median = lower of the two middle samples for even n; p95 = nearest-rank (sorted ascending, index ceil(0.95*n)-1); stddev = sample standard deviation with n-1 denominator (null for n < 2); cv = stddev/mean"
true,tree,tree/lifecycle,git,read_full,2,0,0,0,,logical_bytes,bytes,2,34237158,34237158,34237158,34237158,34237158,0,0,"median = lower of the two middle samples for even n; p95 = nearest-rank (sorted ascending, index ceil(0.95*n)-1); stddev = sample standard deviation with n-1 denominator (null for n < 2); cv = stddev/mean"
true,tree,tree/lifecycle,git,restore_full,2,0,0,0,,wall_ns,ns,2,71271685,71271685,71988594,71988594,71630139.5,506931.2153936666,0.007077065868253217,"median = lower of the two middle samples for even n; p95 = nearest-rank (sorted ascending, index ceil(0.95*n)-1); stddev = sample standard deviation with n-1 denominator (null for n < 2); cv = stddev/mean"
true,tree,tree/lifecycle,git,restore_full,2,0,0,0,,cpu_ns,ns,2,70827000,70827000,71609000,71609000,71218000,552957.5028878802,0.007764294179671996,"median = lower of the two middle samples for even n; p95 = nearest-rank (sorted ascending, index ceil(0.95*n)-1); stddev = sample standard deviation with n-1 denominator (null for n < 2); cv = stddev/mean"
true,tree,tree/lifecycle,git,restore_full,2,0,0,0,,max_rss_bytes,bytes,2,40542208,40542208,42295296,42295296,41418752,1239620.4128167622,0.029928965817626815,"median = lower of the two middle samples for even n; p95 = nearest-rank (sorted ascending, index ceil(0.95*n)-1); stddev = sample standard deviation with n-1 denominator (null for n < 2); cv = stddev/mean"
true,tree,tree/lifecycle,git,restore_full,2,0,0,0,,throughput_bytes_per_s,bytes/s,2,475591424.94156784,475591424.94156784,480375313.1415372,480375313.1415372,477983369.04155254,3382719.7866366347,0.007077065868253179,"median = lower of the two middle samples for even n; p95 = nearest-rank (sorted ascending, index ceil(0.95*n)-1); stddev = sample standard deviation with n-1 denominator (null for n < 2); cv = stddev/mean"
true,tree,tree/lifecycle,git,restore_full,2,0,0,0,,logical_bytes,bytes,2,34237158,34237158,34237158,34237158,34237158,0,0,"median = lower of the two middle samples for even n; p95 = nearest-rank (sorted ascending, index ceil(0.95*n)-1); stddev = sample standard deviation with n-1 denominator (null for n < 2); cv = stddev/mean"
true,tree,tree/lifecycle,git,ref_delete,2,0,0,0,,wall_ns,ns,2,2067595,2067595,2217432,2217432,2142513.5,105950.75877264873,0.04945161781834687,"median = lower of the two middle samples for even n; p95 = nearest-rank (sorted ascending, index ceil(0.95*n)-1); stddev = sample standard deviation with n-1 denominator (null for n < 2); cv = stddev/mean"
true,tree,tree/lifecycle,git,ref_delete,2,0,0,0,,cpu_ns,ns,2,1870000,1870000,2032000,2032000,1951000,114551.2985522207,0.05871414584942117,"median = lower of the two middle samples for even n; p95 = nearest-rank (sorted ascending, index ceil(0.95*n)-1); stddev = sample standard deviation with n-1 denominator (null for n < 2); cv = stddev/mean"
true,tree,tree/lifecycle,git,ref_delete,2,0,0,0,,max_rss_bytes,bytes,2,40898560,40898560,42295296,42295296,41596928,987641.4971273736,0.023743135481720516,"median = lower of the two middle samples for even n; p95 = nearest-rank (sorted ascending, index ceil(0.95*n)-1); stddev = sample standard deviation with n-1 denominator (null for n < 2); cv = stddev/mean"
true,tree,tree/lifecycle,git,ref_delete,2,0,0,0,,store_apparent_bytes,bytes,2,21701952,21701952,21701952,21701952,21701952,0,0,"median = lower of the two middle samples for even n; p95 = nearest-rank (sorted ascending, index ceil(0.95*n)-1); stddev = sample standard deviation with n-1 denominator (null for n < 2); cv = stddev/mean"
true,tree,tree/lifecycle,git,ref_delete,2,0,0,0,,store_allocated_bytes,bytes,2,23425024,23425024,23425024,23425024,23425024,0,0,"median = lower of the two middle samples for even n; p95 = nearest-rank (sorted ascending, index ceil(0.95*n)-1); stddev = sample standard deviation with n-1 denominator (null for n < 2); cv = stddev/mean"
true,tree,tree/lifecycle,git,gc,2,0,0,0,,wall_ns,ns,2,303393359,303393359,305761585,305761585,304577472,1674588.6639822926,0.005498071321513538,"median = lower of the two middle samples for even n; p95 = nearest-rank (sorted ascending, index ceil(0.95*n)-1); stddev = sample standard deviation with n-1 denominator (null for n < 2); cv = stddev/mean"
true,tree,tree/lifecycle,git,gc,2,0,0,0,,cpu_ns,ns,2,384709000,384709000,386609000,386609000,385659000,1343502.8842544402,0.0034836549497209717,"median = lower of the two middle samples for even n; p95 = nearest-rank (sorted ascending, index ceil(0.95*n)-1); stddev = sample standard deviation with n-1 denominator (null for n < 2); cv = stddev/mean"
true,tree,tree/lifecycle,git,gc,2,0,0,0,,max_rss_bytes,bytes,2,52695040,52695040,52756480,52756480,52725760,43444.64063610148,0.0008239737205514246,"median = lower of the two middle samples for even n; p95 = nearest-rank (sorted ascending, index ceil(0.95*n)-1); stddev = sample standard deviation with n-1 denominator (null for n < 2); cv = stddev/mean"
true,tree,tree/lifecycle,git,gc,2,0,0,0,,store_apparent_bytes,bytes,2,11626572,11626572,11626572,11626572,11626572,0,0,"median = lower of the two middle samples for even n; p95 = nearest-rank (sorted ascending, index ceil(0.95*n)-1); stddev = sample standard deviation with n-1 denominator (null for n < 2); cv = stddev/mean"
true,tree,tree/lifecycle,git,gc,2,0,0,0,,store_allocated_bytes,bytes,2,11755520,11755520,11755520,11755520,11755520,0,0,"median = lower of the two middle samples for even n; p95 = nearest-rank (sorted ascending, index ceil(0.95*n)-1); stddev = sample standard deviation with n-1 denominator (null for n < 2); cv = stddev/mean"
true,tree,tree/lifecycle,git,gc,2,0,0,0,,reclaimed_bytes,bytes,2,11669504,11669504,11669504,11669504,11669504,0,0,"median = lower of the two middle samples for even n; p95 = nearest-rank (sorted ascending, index ceil(0.95*n)-1); stddev = sample standard deviation with n-1 denominator (null for n < 2); cv = stddev/mean"
true,tree,tree/lifecycle,amber-rust,ingest_fresh,2,0,0,0,,wall_ns,ns,2,25182178,25182178,26438224,26438224,25810201,888158.6440822383,0.03441114790552147,"median = lower of the two middle samples for even n; p95 = nearest-rank (sorted ascending, index ceil(0.95*n)-1); stddev = sample standard deviation with n-1 denominator (null for n < 2); cv = stddev/mean"
true,tree,tree/lifecycle,amber-rust,ingest_fresh,2,0,0,0,,cpu_ns,ns,2,150165000,150165000,157668000,157668000,153916500,5305422.179242666,0.03446948299397833,"median = lower of the two middle samples for even n; p95 = nearest-rank (sorted ascending, index ceil(0.95*n)-1); stddev = sample standard deviation with n-1 denominator (null for n < 2); cv = stddev/mean"
true,tree,tree/lifecycle,amber-rust,ingest_fresh,2,0,0,0,,max_rss_bytes,bytes,2,50479104,50479104,50966528,50966528,50722816,344660.81571307173,0.0067949858247829086,"median = lower of the two middle samples for even n; p95 = nearest-rank (sorted ascending, index ceil(0.95*n)-1); stddev = sample standard deviation with n-1 denominator (null for n < 2); cv = stddev/mean"
true,tree,tree/lifecycle,amber-rust,ingest_fresh,2,0,0,0,,throughput_bytes_per_s,bytes/s,2,1294987061.158117,1294987061.158117,1359578905.3671212,1359578905.3671212,1327282983.262619,45673331.04953188,0.03441114790552156,"median = lower of the two middle samples for even n; p95 = nearest-rank (sorted ascending, index ceil(0.95*n)-1); stddev = sample standard deviation with n-1 denominator (null for n < 2); cv = stddev/mean"
true,tree,tree/lifecycle,amber-rust,ingest_fresh,2,0,0,0,,logical_bytes,bytes,2,34237158,34237158,34237158,34237158,34237158,0,0,"median = lower of the two middle samples for even n; p95 = nearest-rank (sorted ascending, index ceil(0.95*n)-1); stddev = sample standard deviation with n-1 denominator (null for n < 2); cv = stddev/mean"
true,tree,tree/lifecycle,amber-rust,ingest_fresh,2,0,0,0,,store_apparent_bytes,bytes,2,15429008,15429008,15429052,15429052,15429030,31.11269837220809,0.000002016503848408363,"median = lower of the two middle samples for even n; p95 = nearest-rank (sorted ascending, index ceil(0.95*n)-1); stddev = sample standard deviation with n-1 denominator (null for n < 2); cv = stddev/mean"
true,tree,tree/lifecycle,amber-rust,ingest_fresh,2,0,0,0,,store_allocated_bytes,bytes,2,13385728,13385728,13385728,13385728,13385728,0,0,"median = lower of the two middle samples for even n; p95 = nearest-rank (sorted ascending, index ceil(0.95*n)-1); stddev = sample standard deviation with n-1 denominator (null for n < 2); cv = stddev/mean"
true,tree,tree/lifecycle,amber-rust,ingest_repeat,2,0,0,0,,wall_ns,ns,2,16998831,16998831,19748468,19748468,18373649.5,1944286.968501435,0.10581931306033866,"median = lower of the two middle samples for even n; p95 = nearest-rank (sorted ascending, index ceil(0.95*n)-1); stddev = sample standard deviation with n-1 denominator (null for n < 2); cv = stddev/mean"
true,tree,tree/lifecycle,amber-rust,ingest_repeat,2,0,0,0,,cpu_ns,ns,2,83938000,83938000,85364000,85364000,84651000,1008334.2699720168,0.01191166400836395,"median = lower of the two middle samples for even n; p95 = nearest-rank (sorted ascending, index ceil(0.95*n)-1); stddev = sample standard deviation with n-1 denominator (null for n < 2); cv = stddev/mean"
true,tree,tree/lifecycle,amber-rust,ingest_repeat,2,0,0,0,,max_rss_bytes,bytes,2,40898560,40898560,42295296,42295296,41596928,987641.4971273736,0.023743135481720516,"median = lower of the two middle samples for even n; p95 = nearest-rank (sorted ascending, index ceil(0.95*n)-1); stddev = sample standard deviation with n-1 denominator (null for n < 2); cv = stddev/mean"
true,tree,tree/lifecycle,amber-rust,ingest_repeat,2,0,0,0,,throughput_bytes_per_s,bytes/s,2,1733661466.8033996,1733661466.8033996,2014088968.8237975,2014088968.8237975,1873875217.8135986,198292188.3098276,0.10581931306033872,"median = lower of the two middle samples for even n; p95 = nearest-rank (sorted ascending, index ceil(0.95*n)-1); stddev = sample standard deviation with n-1 denominator (null for n < 2); cv = stddev/mean"
true,tree,tree/lifecycle,amber-rust,ingest_repeat,2,0,0,0,,logical_bytes,bytes,2,34237158,34237158,34237158,34237158,34237158,0,0,"median = lower of the two middle samples for even n; p95 = nearest-rank (sorted ascending, index ceil(0.95*n)-1); stddev = sample standard deviation with n-1 denominator (null for n < 2); cv = stddev/mean"
true,tree,tree/lifecycle,amber-rust,ingest_repeat,2,0,0,0,,store_apparent_bytes,bytes,2,15429008,15429008,15429052,15429052,15429030,31.11269837220809,0.000002016503848408363,"median = lower of the two middle samples for even n; p95 = nearest-rank (sorted ascending, index ceil(0.95*n)-1); stddev = sample standard deviation with n-1 denominator (null for n < 2); cv = stddev/mean"
true,tree,tree/lifecycle,amber-rust,ingest_repeat,2,0,0,0,,store_allocated_bytes,bytes,2,13393920,13393920,13393920,13393920,13393920,0,0,"median = lower of the two middle samples for even n; p95 = nearest-rank (sorted ascending, index ceil(0.95*n)-1); stddev = sample standard deviation with n-1 denominator (null for n < 2); cv = stddev/mean"
true,tree,tree/lifecycle,amber-rust,ingest_changed,2,0,0,0,,wall_ns,ns,2,17238098,17238098,18946047,18946047,18092072.5,1207702.3198207826,0.06675312183392934,"median = lower of the two middle samples for even n; p95 = nearest-rank (sorted ascending, index ceil(0.95*n)-1); stddev = sample standard deviation with n-1 denominator (null for n < 2); cv = stddev/mean"
true,tree,tree/lifecycle,amber-rust,ingest_changed,2,0,0,0,,cpu_ns,ns,2,86879000,86879000,93897000,93897000,90388000,4962475.39036719,0.05490192714040791,"median = lower of the two middle samples for even n; p95 = nearest-rank (sorted ascending, index ceil(0.95*n)-1); stddev = sample standard deviation with n-1 denominator (null for n < 2); cv = stddev/mean"
true,tree,tree/lifecycle,amber-rust,ingest_changed,2,0,0,0,,max_rss_bytes,bytes,2,40898560,40898560,42295296,42295296,41596928,987641.4971273736,0.023743135481720516,"median = lower of the two middle samples for even n; p95 = nearest-rank (sorted ascending, index ceil(0.95*n)-1); stddev = sample standard deviation with n-1 denominator (null for n < 2); cv = stddev/mean"
true,tree,tree/lifecycle,amber-rust,ingest_changed,2,0,0,0,,throughput_bytes_per_s,bytes/s,2,1808146258.6892138,1808146258.6892138,1987297206.4551437,1987297206.4551437,1897721732.5721788,126678850.02128603,0.06675312183392929,"median = lower of the two middle samples for even n; p95 = nearest-rank (sorted ascending, index ceil(0.95*n)-1); stddev = sample standard deviation with n-1 denominator (null for n < 2); cv = stddev/mean"
true,tree,tree/lifecycle,amber-rust,ingest_changed,2,0,0,0,,logical_bytes,bytes,2,34257224,34257224,34257224,34257224,34257224,0,0,"median = lower of the two middle samples for even n; p95 = nearest-rank (sorted ascending, index ceil(0.95*n)-1); stddev = sample standard deviation with n-1 denominator (null for n < 2); cv = stddev/mean"
true,tree,tree/lifecycle,amber-rust,ingest_changed,2,0,0,0,,store_apparent_bytes,bytes,2,15625799,15625799,15625843,15625843,15625821,31.11269837220809,0.000001991108075038623,"median = lower of the two middle samples for even n; p95 = nearest-rank (sorted ascending, index ceil(0.95*n)-1); stddev = sample standard deviation with n-1 denominator (null for n < 2); cv = stddev/mean"
true,tree,tree/lifecycle,amber-rust,ingest_changed,2,0,0,0,,store_allocated_bytes,bytes,2,13590528,13590528,13590528,13590528,13590528,0,0,"median = lower of the two middle samples for even n; p95 = nearest-rank (sorted ascending, index ceil(0.95*n)-1); stddev = sample standard deviation with n-1 denominator (null for n < 2); cv = stddev/mean"
true,tree,tree/lifecycle,amber-rust,list_recursive,2,0,0,0,,wall_ns,ns,2,138546700,138546700,142014878,142014878,140280789,2452372.182161998,0.01748188187166525,"median = lower of the two middle samples for even n; p95 = nearest-rank (sorted ascending, index ceil(0.95*n)-1); stddev = sample standard deviation with n-1 denominator (null for n < 2); cv = stddev/mean"
true,tree,tree/lifecycle,amber-rust,list_recursive,2,0,0,0,,cpu_ns,ns,2,127810000,127810000,131012000,131012000,129411000,2264155.9133593254,0.017495853624184383,"median = lower of the two middle samples for even n; p95 = nearest-rank (sorted ascending, index ceil(0.95*n)-1); stddev = sample standard deviation with n-1 denominator (null for n < 2); cv = stddev/mean"
true,tree,tree/lifecycle,amber-rust,list_recursive,2,0,0,0,,max_rss_bytes,bytes,2,40898560,40898560,42295296,42295296,41596928,987641.4971273736,0.023743135481720516,"median = lower of the two middle samples for even n; p95 = nearest-rank (sorted ascending, index ceil(0.95*n)-1); stddev = sample standard deviation with n-1 denominator (null for n < 2); cv = stddev/mean"
true,tree,tree/lifecycle,amber-rust,read_full,2,0,0,0,,wall_ns,ns,2,12085454,12085454,12493132,12493132,12289293,288271.8783405693,0.023457157245788618,"median = lower of the two middle samples for even n; p95 = nearest-rank (sorted ascending, index ceil(0.95*n)-1); stddev = sample standard deviation with n-1 denominator (null for n < 2); cv = stddev/mean"
true,tree,tree/lifecycle,amber-rust,read_full,2,0,0,0,,cpu_ns,ns,2,11675000,11675000,12054000,12054000,11864500,267993.4700697015,0.022587843572818195,"median = lower of the two middle samples for even n; p95 = nearest-rank (sorted ascending, index ceil(0.95*n)-1); stddev = sample standard deviation with n-1 denominator (null for n < 2); cv = stddev/mean"
true,tree,tree/lifecycle,amber-rust,read_full,2,0,0,0,,max_rss_bytes,bytes,2,40898560,40898560,42295296,42295296,41596928,987641.4971273736,0.023743135481720516,"median = lower of the two middle samples for even n; p95 = nearest-rank (sorted ascending, index ceil(0.95*n)-1); stddev = sample standard deviation with n-1 denominator (null for n < 2); cv = stddev/mean"
true,tree,tree/lifecycle,amber-rust,read_full,2,0,0,0,,throughput_bytes_per_s,bytes/s,2,2740478368.434753,2740478368.434753,2832922784.6963797,2832922784.6963797,2786700576.565566,65368073.6214282,0.023457157245788587,"median = lower of the two middle samples for even n; p95 = nearest-rank (sorted ascending, index ceil(0.95*n)-1); stddev = sample standard deviation with n-1 denominator (null for n < 2); cv = stddev/mean"
true,tree,tree/lifecycle,amber-rust,read_full,2,0,0,0,,logical_bytes,bytes,2,34237158,34237158,34237158,34237158,34237158,0,0,"median = lower of the two middle samples for even n; p95 = nearest-rank (sorted ascending, index ceil(0.95*n)-1); stddev = sample standard deviation with n-1 denominator (null for n < 2); cv = stddev/mean"
true,tree,tree/lifecycle,amber-rust,restore_full,2,0,0,0,,wall_ns,ns,2,46477117,46477117,46854748,46854748,46665932.5,267025.4408862571,0.0057220637536013474,"median = lower of the two middle samples for even n; p95 = nearest-rank (sorted ascending, index ceil(0.95*n)-1); stddev = sample standard deviation with n-1 denominator (null for n < 2); cv = stddev/mean"
true,tree,tree/lifecycle,amber-rust,restore_full,2,0,0,0,,cpu_ns,ns,2,45669000,45669000,45990000,45990000,45829500,226981.27676088177,0.004952732994269668,"median = lower of the two middle samples for even n; p95 = nearest-rank (sorted ascending, index ceil(0.95*n)-1); stddev = sample standard deviation with n-1 denominator (null for n < 2); cv = stddev/mean"
true,tree,tree/lifecycle,amber-rust,restore_full,2,0,0,0,,max_rss_bytes,bytes,2,40898560,40898560,42295296,42295296,41596928,987641.4971273736,0.023743135481720516,"median = lower of the two middle samples for even n; p95 = nearest-rank (sorted ascending, index ceil(0.95*n)-1); stddev = sample standard deviation with n-1 denominator (null for n < 2); cv = stddev/mean"
true,tree,tree/lifecycle,amber-rust,restore_full,2,0,0,0,,throughput_bytes_per_s,bytes/s,2,730708401.2062129,730708401.2062129,736645476.5255771,736645476.5255771,733676938.865895,4198146.218737706,0.0057220637536013145,"median = lower of the two middle samples for even n; p95 = nearest-rank (sorted ascending, index ceil(0.95*n)-1); stddev = sample standard deviation with n-1 denominator (null for n < 2); cv = stddev/mean"
true,tree,tree/lifecycle,amber-rust,restore_full,2,0,0,0,,logical_bytes,bytes,2,34237158,34237158,34237158,34237158,34237158,0,0,"median = lower of the two middle samples for even n; p95 = nearest-rank (sorted ascending, index ceil(0.95*n)-1); stddev = sample standard deviation with n-1 denominator (null for n < 2); cv = stddev/mean"
true,tree,tree/lifecycle,amber-rust,ref_delete,2,0,0,0,,wall_ns,ns,2,9449824,9449824,11866456,11866456,10658140,1708816.8748324087,0.16032974560593205,"median = lower of the two middle samples for even n; p95 = nearest-rank (sorted ascending, index ceil(0.95*n)-1); stddev = sample standard deviation with n-1 denominator (null for n < 2); cv = stddev/mean"
true,tree,tree/lifecycle,amber-rust,ref_delete,2,0,0,0,,cpu_ns,ns,2,8508000,8508000,10979000,10979000,9743500,1747260.856311959,0.17932579220115555,"median = lower of the two middle samples for even n; p95 = nearest-rank (sorted ascending, index ceil(0.95*n)-1); stddev = sample standard deviation with n-1 denominator (null for n < 2); cv = stddev/mean"
true,tree,tree/lifecycle,amber-rust,ref_delete,2,0,0,0,,max_rss_bytes,bytes,2,40898560,40898560,42295296,42295296,41596928,987641.4971273736,0.023743135481720516,"median = lower of the two middle samples for even n; p95 = nearest-rank (sorted ascending, index ceil(0.95*n)-1); stddev = sample standard deviation with n-1 denominator (null for n < 2); cv = stddev/mean"
true,tree,tree/lifecycle,amber-rust,ref_delete,2,0,0,0,,store_apparent_bytes,bytes,2,15625799,15625799,15625843,15625843,15625821,31.11269837220809,0.000001991108075038623,"median = lower of the two middle samples for even n; p95 = nearest-rank (sorted ascending, index ceil(0.95*n)-1); stddev = sample standard deviation with n-1 denominator (null for n < 2); cv = stddev/mean"
true,tree,tree/lifecycle,amber-rust,ref_delete,2,0,0,0,,store_allocated_bytes,bytes,2,13590528,13590528,13590528,13590528,13590528,0,0,"median = lower of the two middle samples for even n; p95 = nearest-rank (sorted ascending, index ceil(0.95*n)-1); stddev = sample standard deviation with n-1 denominator (null for n < 2); cv = stddev/mean"
true,tree,tree/lifecycle,amber-rust,gc,2,0,0,0,,wall_ns,ns,2,11278184,11278184,11890411,11890411,11584297.5,432909.86332549644,0.037370402765078886,"median = lower of the two middle samples for even n; p95 = nearest-rank (sorted ascending, index ceil(0.95*n)-1); stddev = sample standard deviation with n-1 denominator (null for n < 2); cv = stddev/mean"
true,tree,tree/lifecycle,amber-rust,gc,2,0,0,0,,cpu_ns,ns,2,17193000,17193000,17957000,17957000,17575000,540229.5808265223,0.030738525224837686,"median = lower of the two middle samples for even n; p95 = nearest-rank (sorted ascending, index ceil(0.95*n)-1); stddev = sample standard deviation with n-1 denominator (null for n < 2); cv = stddev/mean"
true,tree,tree/lifecycle,amber-rust,gc,2,0,0,0,,max_rss_bytes,bytes,2,40898560,40898560,42295296,42295296,41596928,987641.4971273736,0.023743135481720516,"median = lower of the two middle samples for even n; p95 = nearest-rank (sorted ascending, index ceil(0.95*n)-1); stddev = sample standard deviation with n-1 denominator (null for n < 2); cv = stddev/mean"
true,tree,tree/lifecycle,amber-rust,gc,2,0,0,0,,store_apparent_bytes,bytes,2,15437608,15437608,15451950,15451950,15444779,10141.325455777465,0.0006566183598857235,"median = lower of the two middle samples for even n; p95 = nearest-rank (sorted ascending, index ceil(0.95*n)-1); stddev = sample standard deviation with n-1 denominator (null for n < 2); cv = stddev/mean"
true,tree,tree/lifecycle,amber-rust,gc,2,0,0,0,,store_allocated_bytes,bytes,2,13402112,13402112,13418496,13418496,13410304,11585.237502960395,0.0008639056581387264,"median = lower of the two middle samples for even n; p95 = nearest-rank (sorted ascending, index ceil(0.95*n)-1); stddev = sample standard deviation with n-1 denominator (null for n < 2); cv = stddev/mean"
true,tree,tree/lifecycle,amber-rust,gc,2,0,0,0,,reclaimed_bytes,bytes,2,172032,172032,188416,188416,180224,11585.237502960395,0.0642824346533225,"median = lower of the two middle samples for even n; p95 = nearest-rank (sorted ascending, index ceil(0.95*n)-1); stddev = sample standard deviation with n-1 denominator (null for n < 2); cv = stddev/mean"
