group,scenario,backend,rep,op,counter,value
blob,blob/nix-closure,amber-rust-s3,0,push_initial,s3_bytes_down,4120
blob,blob/nix-closure,amber-rust-s3,0,push_initial,s3_bytes_up,113072115
blob,blob/nix-closure,amber-rust-s3,0,push_initial,s3_connections,8
blob,blob/nix-closure,amber-rust-s3,0,push_initial,s3_request_body_bytes,113061193
blob,blob/nix-closure,amber-rust-s3,0,push_initial,s3_requests_GET,2
blob,blob/nix-closure,amber-rust-s3,0,push_initial,s3_requests_POST,4
blob,blob/nix-closure,amber-rust-s3,0,push_initial,s3_requests_PUT,9
blob,blob/nix-closure,amber-rust-s3,0,push_initial,s3_requests_total,15
blob,blob/nix-closure,amber-rust-s3,0,push_initial,s3_response_body_bytes,2450
blob,blob/nix-closure,amber-rust-s3,0,push_initial,s3_responses_2xx,14
blob,blob/nix-closure,amber-rust-s3,0,push_initial,s3_responses_4xx,1
blob,blob/nix-closure,amber-rust-s3,0,push_initial,stored_bytes,112904392
blob,blob/nix-closure,amber-rust-s3,0,push_initial,stored_objects,3
blob,blob/nix-closure,amber-rust-s3,0,push_noop,s3_bytes_down,1787
blob,blob/nix-closure,amber-rust-s3,0,push_noop,s3_bytes_up,1197
blob,blob/nix-closure,amber-rust-s3,0,push_noop,s3_connections,1
blob,blob/nix-closure,amber-rust-s3,0,push_noop,s3_request_body_bytes,0
blob,blob/nix-closure,amber-rust-s3,0,push_noop,s3_requests_GET,2
blob,blob/nix-closure,amber-rust-s3,0,push_noop,s3_requests_total,2
blob,blob/nix-closure,amber-rust-s3,0,push_noop,s3_response_body_bytes,1561
blob,blob/nix-closure,amber-rust-s3,0,push_noop,s3_responses_2xx,1
blob,blob/nix-closure,amber-rust-s3,0,push_noop,s3_responses_4xx,1
blob,blob/nix-closure,amber-rust-s3,0,push_noop,stored_bytes,112904392
blob,blob/nix-closure,amber-rust-s3,0,push_noop,stored_objects,3
blob,blob/nix-closure,amber-rust-s3,0,pull_fresh,delivered_logical_bytes,184550399
blob,blob/nix-closure,amber-rust-s3,0,pull_fresh,delivered_references,8
blob,blob/nix-closure,amber-rust-s3,0,pull_fresh,s3_bytes_down,112908575
blob,blob/nix-closure,amber-rust-s3,0,pull_fresh,s3_bytes_up,5154
blob,blob/nix-closure,amber-rust-s3,0,pull_fresh,s3_connections,3
blob,blob/nix-closure,amber-rust-s3,0,pull_fresh,s3_request_body_bytes,0
blob,blob/nix-closure,amber-rust-s3,0,pull_fresh,s3_requests_GET,7
blob,blob/nix-closure,amber-rust-s3,0,pull_fresh,s3_requests_HEAD,1
blob,blob/nix-closure,amber-rust-s3,0,pull_fresh,s3_requests_total,8
blob,blob/nix-closure,amber-rust-s3,0,pull_fresh,s3_response_body_bytes,112907319
blob,blob/nix-closure,amber-rust-s3,0,pull_fresh,s3_responses_2xx,6
blob,blob/nix-closure,amber-rust-s3,0,pull_fresh,s3_responses_4xx,2
blob,blob/nix-closure,amber-rust-s3,0,pull_fresh,stored_bytes,112904392
blob,blob/nix-closure,amber-rust-s3,0,pull_fresh,stored_objects,3
blob,blob/nix-closure,amber-rust-s3,0,push_incremental,s3_bytes_down,3536
blob,blob/nix-closure,amber-rust-s3,0,push_incremental,s3_bytes_up,62636615
blob,blob/nix-closure,amber-rust-s3,0,push_incremental,s3_connections,5
blob,blob/nix-closure,amber-rust-s3,0,push_incremental,s3_request_body_bytes,62630177
blob,blob/nix-closure,amber-rust-s3,0,push_incremental,s3_requests_GET,2
blob,blob/nix-closure,amber-rust-s3,0,push_incremental,s3_requests_POST,2
blob,blob/nix-closure,amber-rust-s3,0,push_incremental,s3_requests_PUT,5
blob,blob/nix-closure,amber-rust-s3,0,push_incremental,s3_requests_total,9
blob,blob/nix-closure,amber-rust-s3,0,push_incremental,s3_response_body_bytes,2487
blob,blob/nix-closure,amber-rust-s3,0,push_incremental,s3_responses_2xx,8
blob,blob/nix-closure,amber-rust-s3,0,push_incremental,s3_responses_4xx,1
blob,blob/nix-closure,amber-rust-s3,0,push_incremental,stored_bytes,129702330
blob,blob/nix-closure,amber-rust-s3,0,push_incremental,stored_objects,3
blob,blob/nix-closure,amber-rust-s3,0,pull_incremental,delivered_logical_bytes,192939113
blob,blob/nix-closure,amber-rust-s3,0,pull_incremental,delivered_references,9
blob,blob/nix-closure,amber-rust-s3,0,pull_incremental,s3_bytes_down,62547223
blob,blob/nix-closure,amber-rust-s3,0,pull_incremental,s3_bytes_up,4536
blob,blob/nix-closure,amber-rust-s3,0,pull_incremental,s3_connections,2
blob,blob/nix-closure,amber-rust-s3,0,pull_incremental,s3_request_body_bytes,0
blob,blob/nix-closure,amber-rust-s3,0,pull_incremental,s3_requests_GET,6
blob,blob/nix-closure,amber-rust-s3,0,pull_incremental,s3_requests_HEAD,1
blob,blob/nix-closure,amber-rust-s3,0,pull_incremental,s3_requests_total,7
blob,blob/nix-closure,amber-rust-s3,0,pull_incremental,s3_response_body_bytes,62546201
blob,blob/nix-closure,amber-rust-s3,0,pull_incremental,s3_responses_2xx,5
blob,blob/nix-closure,amber-rust-s3,0,pull_incremental,s3_responses_4xx,2
blob,blob/nix-closure,amber-rust-s3,0,pull_incremental,stored_bytes,129702330
blob,blob/nix-closure,amber-rust-s3,0,pull_incremental,stored_objects,3
blob,blob/nix-closure,amber-rust-s3,0,age_sealed_segments,segments_aged,2
blob,blob/nix-closure,amber-rust-s3,0,retention_cleanup,retained_logical_bytes,192939113
blob,blob/nix-closure,amber-rust-s3,0,retention_cleanup,retained_references,9
blob,blob/nix-closure,amber-rust-s3,0,retention_cleanup,s3_bytes_down,6272
blob,blob/nix-closure,amber-rust-s3,0,retention_cleanup,s3_bytes_up,129934161
blob,blob/nix-closure,amber-rust-s3,0,retention_cleanup,s3_connections,9
blob,blob/nix-closure,amber-rust-s3,0,retention_cleanup,s3_request_body_bytes,129921197
blob,blob/nix-closure,amber-rust-s3,0,retention_cleanup,s3_requests_GET,2
blob,blob/nix-closure,amber-rust-s3,0,retention_cleanup,s3_requests_POST,6
blob,blob/nix-closure,amber-rust-s3,0,retention_cleanup,s3_requests_PUT,10
blob,blob/nix-closure,amber-rust-s3,0,retention_cleanup,s3_requests_total,18
blob,blob/nix-closure,amber-rust-s3,0,retention_cleanup,s3_response_body_bytes,4268
blob,blob/nix-closure,amber-rust-s3,0,retention_cleanup,s3_responses_2xx,17
blob,blob/nix-closure,amber-rust-s3,0,retention_cleanup,s3_responses_4xx,1
blob,blob/nix-closure,amber-rust-s3,0,retention_cleanup,stored_bytes,129740755
blob,blob/nix-closure,amber-rust-s3,0,retention_cleanup,stored_objects,3
blob,blob/nix-closure,nix-binary-cache,0,push_initial,s3_bytes_down,8068
blob,blob/nix-closure,nix-binary-cache,0,push_initial,s3_bytes_up,109104661
blob,blob/nix-closure,nix-binary-cache,0,push_initial,s3_connections,8
blob,blob/nix-closure,nix-binary-cache,0,push_initial,s3_request_body_bytes,109082825
blob,blob/nix-closure,nix-binary-cache,0,push_initial,s3_requests_GET,9
blob,blob/nix-closure,nix-binary-cache,0,push_initial,s3_requests_HEAD,8
blob,blob/nix-closure,nix-binary-cache,0,push_initial,s3_requests_PUT,17
blob,blob/nix-closure,nix-binary-cache,0,push_initial,s3_requests_total,34
blob,blob/nix-closure,nix-binary-cache,0,push_initial,s3_response_body_bytes,2521
blob,blob/nix-closure,nix-binary-cache,0,push_initial,s3_responses_1xx,7
blob,blob/nix-closure,nix-binary-cache,0,push_initial,s3_responses_2xx,17
blob,blob/nix-closure,nix-binary-cache,0,push_initial,s3_responses_4xx,17
blob,blob/nix-closure,nix-binary-cache,0,push_initial,stored_bytes,109082825
blob,blob/nix-closure,nix-binary-cache,0,push_initial,stored_objects,17
blob,blob/nix-closure,nix-binary-cache,0,push_noop,s3_bytes_down,0
blob,blob/nix-closure,nix-binary-cache,0,push_noop,s3_bytes_up,0
blob,blob/nix-closure,nix-binary-cache,0,push_noop,s3_connections,0
blob,blob/nix-closure,nix-binary-cache,0,push_noop,s3_request_body_bytes,0
blob,blob/nix-closure,nix-binary-cache,0,push_noop,s3_requests_total,0
blob,blob/nix-closure,nix-binary-cache,0,push_noop,s3_response_body_bytes,0
blob,blob/nix-closure,nix-binary-cache,0,push_noop,stored_bytes,109082825
blob,blob/nix-closure,nix-binary-cache,0,push_noop,stored_objects,17
blob,blob/nix-closure,nix-binary-cache,0,pull_fresh,delivered_logical_bytes,184550399
blob,blob/nix-closure,nix-binary-cache,0,pull_fresh,delivered_references,8
blob,blob/nix-closure,nix-binary-cache,0,pull_fresh,s3_bytes_down,109087302
blob,blob/nix-closure,nix-binary-cache,0,pull_fresh,s3_bytes_up,12401
blob,blob/nix-closure,nix-binary-cache,0,pull_fresh,s3_connections,5
blob,blob/nix-closure,nix-binary-cache,0,pull_fresh,s3_request_body_bytes,0
blob,blob/nix-closure,nix-binary-cache,0,pull_fresh,s3_requests_GET,17
blob,blob/nix-closure,nix-binary-cache,0,pull_fresh,s3_requests_HEAD,3
blob,blob/nix-closure,nix-binary-cache,0,pull_fresh,s3_requests_total,20
blob,blob/nix-closure,nix-binary-cache,0,pull_fresh,s3_response_body_bytes,109082825
blob,blob/nix-closure,nix-binary-cache,0,pull_fresh,s3_responses_2xx,20
blob,blob/nix-closure,nix-binary-cache,0,pull_fresh,stored_bytes,109082825
blob,blob/nix-closure,nix-binary-cache,0,pull_fresh,stored_objects,17
blob,blob/nix-closure,nix-binary-cache,0,push_incremental,s3_bytes_down,2795
blob,blob/nix-closure,nix-binary-cache,0,push_incremental,s3_bytes_up,16800512
blob,blob/nix-closure,nix-binary-cache,0,push_incremental,s3_connections,3
blob,blob/nix-closure,nix-binary-cache,0,push_incremental,s3_request_body_bytes,16792790
blob,blob/nix-closure,nix-binary-cache,0,push_incremental,s3_requests_GET,3
blob,blob/nix-closure,nix-binary-cache,0,push_incremental,s3_requests_HEAD,3
blob,blob/nix-closure,nix-binary-cache,0,push_incremental,s3_requests_PUT,6
blob,blob/nix-closure,nix-binary-cache,0,push_incremental,s3_requests_total,12
blob,blob/nix-closure,nix-binary-cache,0,push_incremental,s3_response_body_bytes,849
blob,blob/nix-closure,nix-binary-cache,0,push_incremental,s3_responses_1xx,2
blob,blob/nix-closure,nix-binary-cache,0,push_incremental,s3_responses_2xx,6
blob,blob/nix-closure,nix-binary-cache,0,push_incremental,s3_responses_4xx,6
blob,blob/nix-closure,nix-binary-cache,0,push_incremental,stored_bytes,125875615
blob,blob/nix-closure,nix-binary-cache,0,push_incremental,stored_objects,23
blob,blob/nix-closure,nix-binary-cache,0,pull_incremental,delivered_logical_bytes,192939113
blob,blob/nix-closure,nix-binary-cache,0,pull_incremental,delivered_references,9
blob,blob/nix-closure,nix-binary-cache,0,pull_incremental,s3_bytes_down,16791850
blob,blob/nix-closure,nix-binary-cache,0,pull_incremental,s3_bytes_up,1905
blob,blob/nix-closure,nix-binary-cache,0,pull_incremental,s3_connections,2
blob,blob/nix-closure,nix-binary-cache,0,pull_incremental,s3_request_body_bytes,0
blob,blob/nix-closure,nix-binary-cache,0,pull_incremental,s3_requests_GET,3
blob,blob/nix-closure,nix-binary-cache,0,pull_incremental,s3_requests_total,3
blob,blob/nix-closure,nix-binary-cache,0,pull_incremental,s3_response_body_bytes,16791168
blob,blob/nix-closure,nix-binary-cache,0,pull_incremental,s3_responses_2xx,3
blob,blob/nix-closure,nix-binary-cache,0,pull_incremental,stored_bytes,125875615
blob,blob/nix-closure,nix-binary-cache,0,pull_incremental,stored_objects,23
blob,blob/nix-closure,nix-binary-cache,0,retention_cleanup,retained_logical_bytes,192939113
blob,blob/nix-closure,nix-binary-cache,0,retention_cleanup,retained_references,9
blob,blob/nix-closure,nix-binary-cache,0,retention_cleanup,s3_bytes_down,2766
blob,blob/nix-closure,nix-binary-cache,0,retention_cleanup,s3_bytes_up,5236
blob,blob/nix-closure,nix-binary-cache,0,retention_cleanup,s3_connections,2
blob,blob/nix-closure,nix-binary-cache,0,retention_cleanup,s3_request_body_bytes,360
blob,blob/nix-closure,nix-binary-cache,0,retention_cleanup,s3_requests_GET,2
blob,blob/nix-closure,nix-binary-cache,0,retention_cleanup,s3_requests_HEAD,4
blob,blob/nix-closure,nix-binary-cache,0,retention_cleanup,s3_requests_POST,2
blob,blob/nix-closure,nix-binary-cache,0,retention_cleanup,s3_requests_total,8
blob,blob/nix-closure,nix-binary-cache,0,retention_cleanup,s3_response_body_bytes,1432
blob,blob/nix-closure,nix-binary-cache,0,retention_cleanup,s3_responses_2xx,6
blob,blob/nix-closure,nix-binary-cache,0,retention_cleanup,s3_responses_4xx,2
blob,blob/nix-closure,nix-binary-cache,0,retention_cleanup,stored_bytes,125874489
blob,blob/nix-closure,nix-binary-cache,0,retention_cleanup,stored_objects,21
git,git/history,amber-rust,0,history_store,backend_commands,39
git,git/history,amber-rust,0,history_store,commits,39
git,git/history,amber-rust,0,history_store,store_closures_allocated_bytes,4096
git,git/history,amber-rust,0,history_store,store_closures_apparent_bytes,0
git,git/history,amber-rust,0,history_store,store_packstore_allocated_bytes,116035584
git,git/history,amber-rust,0,history_store,store_packstore_apparent_bytes,116018470
git,git/history,amber-rust,0,history_store,store_refs_allocated_bytes,1634304
git,git/history,amber-rust,0,history_store,store_refs_apparent_bytes,3686400
git,git/history,amber-rust,0,history_store_incremental,backend_commands,13
git,git/history,amber-rust,0,history_store_incremental,commits,13
git,git/history,amber-rust,0,history_store_incremental,store_closures_allocated_bytes,4096
git,git/history,amber-rust,0,history_store_incremental,store_closures_apparent_bytes,0
git,git/history,amber-rust,0,history_store_incremental,store_packstore_allocated_bytes,116858880
git,git/history,amber-rust,0,history_store_incremental,store_packstore_apparent_bytes,116840614
git,git/history,amber-rust,0,history_store_incremental,store_refs_allocated_bytes,1642496
git,git/history,amber-rust,0,history_store_incremental,store_refs_apparent_bytes,3686400
git,git/history,amber-rust,0,list_head,cli_invocations,29
git,git/history,amber-rust,0,list_head,entries,1952
git,git/history,amber-rust,0,retained_version_coverage,versions_retained,52
git,git/history,amber-rust,0,retained_version_coverage,versions_unverified,0
git,git/history,amber-rust,0,retained_version_coverage,versions_verified,52
tree,tree/lifecycle,git,0,ingest_fresh,store_refs_allocated_bytes,16384
tree,tree/lifecycle,git,0,ingest_fresh,store_refs_apparent_bytes,41
tree,tree/lifecycle,git,0,ingest_repeat,store_refs_allocated_bytes,20480
tree,tree/lifecycle,git,0,ingest_repeat,store_refs_apparent_bytes,82
tree,tree/lifecycle,git,0,ingest_changed,store_refs_allocated_bytes,24576
tree,tree/lifecycle,git,0,ingest_changed,store_refs_apparent_bytes,123
tree,tree/lifecycle,git,0,ref_delete,store_refs_allocated_bytes,16384
tree,tree/lifecycle,git,0,ref_delete,store_refs_apparent_bytes,41
tree,tree/lifecycle,git,0,gc,allocated_after_gc,722554880
tree,tree/lifecycle,git,0,gc,allocated_before_delete,1383505920
tree,tree/lifecycle,git,0,gc,allocated_before_gc,1383489536
tree,tree/lifecycle,git,0,gc,store_refs_allocated_bytes,12288
tree,tree/lifecycle,git,0,gc,store_refs_apparent_bytes,0
nix,nix/closure,nix,0,gc,allocated_before_delete,277172224
nix,nix/closure,amber-rust,0,import_initial,store_closures_allocated_bytes,4096
nix,nix/closure,amber-rust,0,import_initial,store_closures_apparent_bytes,0
nix,nix/closure,amber-rust,0,import_initial,store_packstore_allocated_bytes,109232128
nix,nix/closure,amber-rust,0,import_initial,store_packstore_apparent_bytes,109217904
nix,nix/closure,amber-rust,0,import_initial,store_refs_allocated_bytes,1634304
nix,nix/closure,amber-rust,0,import_initial,store_refs_apparent_bytes,3686400
nix,nix/closure,amber-rust,0,import_repeat,store_closures_allocated_bytes,4096
nix,nix/closure,amber-rust,0,import_repeat,store_closures_apparent_bytes,0
nix,nix/closure,amber-rust,0,import_repeat,store_packstore_allocated_bytes,109232128
nix,nix/closure,amber-rust,0,import_repeat,store_packstore_apparent_bytes,109217904
nix,nix/closure,amber-rust,0,import_repeat,store_refs_allocated_bytes,1634304
nix,nix/closure,amber-rust,0,import_repeat,store_refs_apparent_bytes,3686400
nix,nix/closure,amber-rust,0,import_incremental,store_closures_allocated_bytes,4096
nix,nix/closure,amber-rust,0,import_incremental,store_closures_apparent_bytes,0
nix,nix/closure,amber-rust,0,import_incremental,store_packstore_allocated_bytes,126033920
nix,nix/closure,amber-rust,0,import_incremental,store_packstore_apparent_bytes,126015842
nix,nix/closure,amber-rust,0,import_incremental,store_refs_allocated_bytes,1634304
nix,nix/closure,amber-rust,0,import_incremental,store_refs_apparent_bytes,3686400
nix,nix/closure,amber-rust,0,delete_path,store_closures_allocated_bytes,4096
nix,nix/closure,amber-rust,0,delete_path,store_closures_apparent_bytes,0
nix,nix/closure,amber-rust,0,delete_path,store_packstore_allocated_bytes,126033920
nix,nix/closure,amber-rust,0,delete_path,store_packstore_apparent_bytes,126015842
nix,nix/closure,amber-rust,0,delete_path,store_refs_allocated_bytes,1634304
nix,nix/closure,amber-rust,0,delete_path,store_refs_apparent_bytes,3686400
nix,nix/closure,amber-rust,0,age_sealed_segments,segments_aged,2
nix,nix/closure,amber-rust,0,gc,allocated_before_delete,127676416
nix,nix/closure,amber-rust,0,gc,reclaimed_packstore_bytes,-40960
nix,nix/closure,amber-rust,0,gc,store_closures_allocated_bytes,4096
nix,nix/closure,amber-rust,0,gc,store_closures_apparent_bytes,0
nix,nix/closure,amber-rust,0,gc,store_packstore_allocated_bytes,126074880
nix,nix/closure,amber-rust,0,gc,store_packstore_apparent_bytes,126056392
nix,nix/closure,amber-rust,0,gc,store_refs_allocated_bytes,1634304
nix,nix/closure,amber-rust,0,gc,store_refs_apparent_bytes,3686400
blob,blob/source-history,amber-rust-s3,0,push_initial,s3_bytes_down,4141
blob,blob/source-history,amber-rust-s3,0,push_initial,s3_bytes_up,119882131
blob,blob/source-history,amber-rust-s3,0,push_initial,s3_connections,8
blob,blob/source-history,amber-rust-s3,0,push_initial,s3_request_body_bytes,119871163
blob,blob/source-history,amber-rust-s3,0,push_initial,s3_requests_GET,2
blob,blob/source-history,amber-rust-s3,0,push_initial,s3_requests_POST,4
blob,blob/source-history,amber-rust-s3,0,push_initial,s3_requests_PUT,9
blob,blob/source-history,amber-rust-s3,0,push_initial,s3_requests_total,15
blob,blob/source-history,amber-rust-s3,0,push_initial,s3_response_body_bytes,2471
blob,blob/source-history,amber-rust-s3,0,push_initial,s3_responses_2xx,14
blob,blob/source-history,amber-rust-s3,0,push_initial,s3_responses_4xx,1
blob,blob/source-history,amber-rust-s3,0,push_initial,stored_bytes,119705002
blob,blob/source-history,amber-rust-s3,0,push_initial,stored_objects,3
blob,blob/source-history,amber-rust-s3,0,push_noop,s3_bytes_down,1799
blob,blob/source-history,amber-rust-s3,0,push_noop,s3_bytes_up,1200
blob,blob/source-history,amber-rust-s3,0,push_noop,s3_connections,1
blob,blob/source-history,amber-rust-s3,0,push_noop,s3_request_body_bytes,0
blob,blob/source-history,amber-rust-s3,0,push_noop,s3_requests_GET,2
blob,blob/source-history,amber-rust-s3,0,push_noop,s3_requests_total,2
blob,blob/source-history,amber-rust-s3,0,push_noop,s3_response_body_bytes,1573
blob,blob/source-history,amber-rust-s3,0,push_noop,s3_responses_2xx,1
blob,blob/source-history,amber-rust-s3,0,push_noop,s3_responses_4xx,1
blob,blob/source-history,amber-rust-s3,0,push_noop,stored_bytes,119705002
blob,blob/source-history,amber-rust-s3,0,push_noop,stored_objects,3
blob,blob/source-history,amber-rust-s3,0,pull_fresh,delivered_logical_bytes,4314044416
blob,blob/source-history,amber-rust-s3,0,pull_fresh,delivered_references,39
blob,blob/source-history,amber-rust-s3,0,pull_fresh,s3_bytes_down,119709217
blob,blob/source-history,amber-rust-s3,0,pull_fresh,s3_bytes_up,5179
blob,blob/source-history,amber-rust-s3,0,pull_fresh,s3_connections,3
blob,blob/source-history,amber-rust-s3,0,pull_fresh,s3_request_body_bytes,0
blob,blob/source-history,amber-rust-s3,0,pull_fresh,s3_requests_GET,7
blob,blob/source-history,amber-rust-s3,0,pull_fresh,s3_requests_HEAD,1
blob,blob/source-history,amber-rust-s3,0,pull_fresh,s3_requests_total,8
blob,blob/source-history,amber-rust-s3,0,pull_fresh,s3_response_body_bytes,119707961
blob,blob/source-history,amber-rust-s3,0,pull_fresh,s3_responses_2xx,6
blob,blob/source-history,amber-rust-s3,0,pull_fresh,s3_responses_4xx,2
blob,blob/source-history,amber-rust-s3,0,pull_fresh,stored_bytes,119705002
blob,blob/source-history,amber-rust-s3,0,pull_fresh,stored_objects,3
blob,blob/source-history,amber-rust-s3,0,push_incremental,s3_bytes_down,3440
blob,blob/source-history,amber-rust-s3,0,push_incremental,s3_bytes_up,53331063
blob,blob/source-history,amber-rust-s3,0,push_incremental,s3_connections,4
blob,blob/source-history,amber-rust-s3,0,push_incremental,s3_request_body_bytes,53325378
blob,blob/source-history,amber-rust-s3,0,push_incremental,s3_requests_GET,2
blob,blob/source-history,amber-rust-s3,0,push_incremental,s3_requests_POST,2
blob,blob/source-history,amber-rust-s3,0,push_incremental,s3_requests_PUT,4
blob,blob/source-history,amber-rust-s3,0,push_incremental,s3_requests_total,8
blob,blob/source-history,amber-rust-s3,0,push_incremental,s3_response_body_bytes,2508
blob,blob/source-history,amber-rust-s3,0,push_incremental,s3_responses_2xx,7
blob,blob/source-history,amber-rust-s3,0,push_incremental,s3_responses_4xx,1
blob,blob/source-history,amber-rust-s3,0,push_incremental,stored_bytes,120527146
blob,blob/source-history,amber-rust-s3,0,push_incremental,stored_objects,3
blob,blob/source-history,amber-rust-s3,0,pull_incremental,delivered_logical_bytes,1438015488
blob,blob/source-history,amber-rust-s3,0,pull_incremental,delivered_references,13
blob,blob/source-history,amber-rust-s3,0,pull_incremental,s3_bytes_down,53255406
blob,blob/source-history,amber-rust-s3,0,pull_incremental,s3_bytes_up,4558
blob,blob/source-history,amber-rust-s3,0,pull_incremental,s3_connections,2
blob,blob/source-history,amber-rust-s3,0,pull_incremental,s3_request_body_bytes,0
blob,blob/source-history,amber-rust-s3,0,pull_incremental,s3_requests_GET,6
blob,blob/source-history,amber-rust-s3,0,pull_incremental,s3_requests_HEAD,1
blob,blob/source-history,amber-rust-s3,0,pull_incremental,s3_requests_total,7
blob,blob/source-history,amber-rust-s3,0,pull_incremental,s3_response_body_bytes,53254384
blob,blob/source-history,amber-rust-s3,0,pull_incremental,s3_responses_2xx,5
blob,blob/source-history,amber-rust-s3,0,pull_incremental,s3_responses_4xx,2
blob,blob/source-history,amber-rust-s3,0,pull_incremental,stored_bytes,120527146
blob,blob/source-history,amber-rust-s3,0,pull_incremental,stored_objects,3
blob,blob/source-history,amber-rust-s3,0,age_sealed_segments,segments_aged,2
blob,blob/source-history,amber-rust-s3,0,retention_cleanup,retained_logical_bytes,1438015488
blob,blob/source-history,amber-rust-s3,0,retention_cleanup,retained_references,13
blob,blob/source-history,amber-rust-s3,0,retention_cleanup,s3_bytes_down,6095
blob,blob/source-history,amber-rust-s3,0,retention_cleanup,s3_bytes_up,113919388
blob,blob/source-history,amber-rust-s3,0,retention_cleanup,s3_connections,8
blob,blob/source-history,amber-rust-s3,0,retention_cleanup,s3_request_body_bytes,113907887
blob,blob/source-history,amber-rust-s3,0,retention_cleanup,s3_requests_GET,2
blob,blob/source-history,amber-rust-s3,0,retention_cleanup,s3_requests_POST,6
blob,blob/source-history,amber-rust-s3,0,retention_cleanup,s3_requests_PUT,8
blob,blob/source-history,amber-rust-s3,0,retention_cleanup,s3_requests_total,16
blob,blob/source-history,amber-rust-s3,0,retention_cleanup,s3_response_body_bytes,4325
blob,blob/source-history,amber-rust-s3,0,retention_cleanup,s3_responses_2xx,15
blob,blob/source-history,amber-rust-s3,0,retention_cleanup,s3_responses_4xx,1
blob,blob/source-history,amber-rust-s3,0,retention_cleanup,stored_bytes,113749650
blob,blob/source-history,amber-rust-s3,0,retention_cleanup,stored_objects,3
blob,blob/backup-corpus,restic-s3,0,push_initial,s3_bytes_down,14363
blob,blob/backup-corpus,restic-s3,0,push_initial,s3_bytes_up,743550465
blob,blob/backup-corpus,restic-s3,0,push_initial,s3_connections,5
blob,blob/backup-corpus,restic-s3,0,push_initial,s3_request_body_bytes,743508058
blob,blob/backup-corpus,restic-s3,0,push_initial,s3_requests_DELETE,1
blob,blob/backup-corpus,restic-s3,0,push_initial,s3_requests_GET,8
blob,blob/backup-corpus,restic-s3,0,push_initial,s3_requests_HEAD,1
blob,blob/backup-corpus,restic-s3,0,push_initial,s3_requests_PUT,47
blob,blob/backup-corpus,restic-s3,0,push_initial,s3_requests_total,57
blob,blob/backup-corpus,restic-s3,0,push_initial,s3_response_body_bytes,3514
blob,blob/backup-corpus,restic-s3,0,push_initial,s3_responses_2xx,56
blob,blob/backup-corpus,restic-s3,0,push_initial,s3_responses_4xx,1
blob,blob/backup-corpus,restic-s3,0,push_initial,stored_bytes,742482814
blob,blob/backup-corpus,restic-s3,0,push_initial,stored_objects,48
blob,blob/backup-corpus,restic-s3,0,push_noop,s3_bytes_down,6021
blob,blob/backup-corpus,restic-s3,0,push_noop,s3_bytes_up,8514
blob,blob/backup-corpus,restic-s3,0,push_noop,s3_connections,1
blob,blob/backup-corpus,restic-s3,0,push_noop,s3_request_body_bytes,970
blob,blob/backup-corpus,restic-s3,0,push_noop,s3_requests_DELETE,1
blob,blob/backup-corpus,restic-s3,0,push_noop,s3_requests_GET,8
blob,blob/backup-corpus,restic-s3,0,push_noop,s3_requests_HEAD,1
blob,blob/backup-corpus,restic-s3,0,push_noop,s3_requests_PUT,2
blob,blob/backup-corpus,restic-s3,0,push_noop,s3_requests_total,12
blob,blob/backup-corpus,restic-s3,0,push_noop,s3_response_body_bytes,4217
blob,blob/backup-corpus,restic-s3,0,push_noop,s3_responses_2xx,11
blob,blob/backup-corpus,restic-s3,0,push_noop,s3_responses_4xx,1
blob,blob/backup-corpus,restic-s3,0,push_noop,stored_bytes,742483265
blob,blob/backup-corpus,restic-s3,0,push_noop,stored_objects,49
blob,blob/backup-corpus,restic-s3,0,pull_fresh,delivered_logical_bytes,2179569013
blob,blob/backup-corpus,restic-s3,0,pull_fresh,delivered_references,1
blob,blob/backup-corpus,restic-s3,0,pull_fresh,s3_bytes_down,742238471
blob,blob/backup-corpus,restic-s3,0,pull_fresh,s3_bytes_up,35389
blob,blob/backup-corpus,restic-s3,0,pull_fresh,s3_connections,5
blob,blob/backup-corpus,restic-s3,0,pull_fresh,s3_request_body_bytes,345
blob,blob/backup-corpus,restic-s3,0,pull_fresh,s3_requests_DELETE,1
blob,blob/backup-corpus,restic-s3,0,pull_fresh,s3_requests_GET,53
blob,blob/backup-corpus,restic-s3,0,pull_fresh,s3_requests_HEAD,1
blob,blob/backup-corpus,restic-s3,0,pull_fresh,s3_requests_PUT,1
blob,blob/backup-corpus,restic-s3,0,pull_fresh,s3_requests_total,56
blob,blob/backup-corpus,restic-s3,0,pull_fresh,s3_response_body_bytes,742223951
blob,blob/backup-corpus,restic-s3,0,pull_fresh,s3_responses_2xx,55
blob,blob/backup-corpus,restic-s3,0,pull_fresh,s3_responses_4xx,1
blob,blob/backup-corpus,restic-s3,0,pull_fresh,stored_bytes,742483265
blob,blob/backup-corpus,restic-s3,0,pull_fresh,stored_objects,49
blob,blob/backup-corpus,restic-s3,0,push_incremental,s3_bytes_down,6977
blob,blob/backup-corpus,restic-s3,0,push_incremental,s3_bytes_up,6222325
blob,blob/backup-corpus,restic-s3,0,push_incremental,s3_connections,1
blob,blob/backup-corpus,restic-s3,0,push_incremental,s3_request_body_bytes,6212470
blob,blob/backup-corpus,restic-s3,0,push_incremental,s3_requests_DELETE,1
blob,blob/backup-corpus,restic-s3,0,push_incremental,s3_requests_GET,8
blob,blob/backup-corpus,restic-s3,0,push_incremental,s3_requests_HEAD,1
blob,blob/backup-corpus,restic-s3,0,push_incremental,s3_requests_PUT,5
blob,blob/backup-corpus,restic-s3,0,push_incremental,s3_requests_total,15
blob,blob/backup-corpus,restic-s3,0,push_incremental,s3_response_body_bytes,4569
blob,blob/backup-corpus,restic-s3,0,push_incremental,s3_responses_2xx,14
blob,blob/backup-corpus,restic-s3,0,push_incremental,s3_responses_4xx,1
blob,blob/backup-corpus,restic-s3,0,push_incremental,stored_bytes,748686321
blob,blob/backup-corpus,restic-s3,0,push_incremental,stored_objects,53
blob,blob/backup-corpus,restic-s3,0,pull_incremental,delivered_logical_bytes,2179966963
blob,blob/backup-corpus,restic-s3,0,pull_incremental,delivered_references,1
blob,blob/backup-corpus,restic-s3,0,pull_incremental,s3_bytes_down,747594853
blob,blob/backup-corpus,restic-s3,0,pull_incremental,s3_bytes_up,36029
blob,blob/backup-corpus,restic-s3,0,pull_incremental,s3_connections,5
blob,blob/backup-corpus,restic-s3,0,pull_incremental,s3_request_body_bytes,345
blob,blob/backup-corpus,restic-s3,0,pull_incremental,s3_requests_DELETE,1
blob,blob/backup-corpus,restic-s3,0,pull_incremental,s3_requests_GET,54
blob,blob/backup-corpus,restic-s3,0,pull_incremental,s3_requests_HEAD,1
blob,blob/backup-corpus,restic-s3,0,pull_incremental,s3_requests_PUT,1
blob,blob/backup-corpus,restic-s3,0,pull_incremental,s3_requests_total,57
blob,blob/backup-corpus,restic-s3,0,pull_incremental,s3_response_body_bytes,747580037
blob,blob/backup-corpus,restic-s3,0,pull_incremental,s3_responses_2xx,56
blob,blob/backup-corpus,restic-s3,0,pull_incremental,s3_responses_4xx,1
blob,blob/backup-corpus,restic-s3,0,pull_incremental,stored_bytes,748686321
blob,blob/backup-corpus,restic-s3,0,pull_incremental,stored_objects,53
blob,blob/backup-corpus,restic-s3,0,retention_cleanup,retained_logical_bytes,2179966963
blob,blob/backup-corpus,restic-s3,0,retention_cleanup,retained_references,1
blob,blob/backup-corpus,restic-s3,0,retention_cleanup,s3_bytes_down,530272539
blob,blob/backup-corpus,restic-s3,0,retention_cleanup,s3_bytes_up,526582192
blob,blob/backup-corpus,restic-s3,0,retention_cleanup,s3_connections,7
blob,blob/backup-corpus,restic-s3,0,retention_cleanup,s3_request_body_bytes,526500493
blob,blob/backup-corpus,restic-s3,0,retention_cleanup,s3_requests_DELETE,39
blob,blob/backup-corpus,restic-s3,0,retention_cleanup,s3_requests_GET,47
blob,blob/backup-corpus,restic-s3,0,retention_cleanup,s3_requests_HEAD,2
blob,blob/backup-corpus,restic-s3,0,retention_cleanup,s3_requests_PUT,35
blob,blob/backup-corpus,restic-s3,0,retention_cleanup,s3_requests_total,123
blob,blob/backup-corpus,restic-s3,0,retention_cleanup,s3_response_body_bytes,530251422
blob,blob/backup-corpus,restic-s3,0,retention_cleanup,s3_responses_2xx,121
blob,blob/backup-corpus,restic-s3,0,retention_cleanup,s3_responses_4xx,2
blob,blob/backup-corpus,restic-s3,0,retention_cleanup,stored_bytes,742879028
blob,blob/backup-corpus,restic-s3,0,retention_cleanup,stored_objects,49
backup,backup/retention,restic,0,backup_initial,store_data_allocated_bytes,742043648
backup,backup/retention,restic,0,backup_initial,store_data_apparent_bytes,740900719
backup,backup/retention,restic,0,backup_initial,store_index_allocated_bytes,307200
backup,backup/retention,restic,0,backup_initial,store_index_apparent_bytes,302346
backup,backup/retention,restic,0,backup_initial,store_snapshots_allocated_bytes,8192
backup,backup/retention,restic,0,backup_initial,store_snapshots_apparent_bytes,419
backup,backup/retention,restic,0,backup_unchanged,store_data_allocated_bytes,742043648
backup,backup/retention,restic,0,backup_unchanged,store_data_apparent_bytes,740900719
backup,backup/retention,restic,0,backup_unchanged,store_index_allocated_bytes,307200
backup,backup/retention,restic,0,backup_unchanged,store_index_apparent_bytes,302346
backup,backup/retention,restic,0,backup_unchanged,store_snapshots_allocated_bytes,12288
backup,backup/retention,restic,0,backup_unchanged,store_snapshots_apparent_bytes,871
backup,backup/retention,restic,0,backup_changed,store_data_allocated_bytes,748199936
backup,backup/retention,restic,0,backup_changed,store_data_apparent_bytes,747052670
backup,backup/retention,restic,0,backup_changed,store_index_allocated_bytes,360448
backup,backup/retention,restic,0,backup_changed,store_index_apparent_bytes,352195
backup,backup/retention,restic,0,backup_changed,store_snapshots_allocated_bytes,16384
backup,backup/retention,restic,0,backup_changed,store_snapshots_apparent_bytes,1285
backup,backup/retention,restic,0,backup_changed_again,store_data_allocated_bytes,754290688
backup,backup/retention,restic,0,backup_changed_again,store_data_apparent_bytes,753137125
backup,backup/retention,restic,0,backup_changed_again,store_index_allocated_bytes,409600
backup,backup/retention,restic,0,backup_changed_again,store_index_apparent_bytes,400619
backup,backup/retention,restic,0,backup_changed_again,store_snapshots_allocated_bytes,20480
backup,backup/retention,restic,0,backup_changed_again,store_snapshots_apparent_bytes,1700
backup,backup/retention,restic,0,forget_oldest,store_data_allocated_bytes,754290688
backup,backup/retention,restic,0,forget_oldest,store_data_apparent_bytes,753137125
backup,backup/retention,restic,0,forget_oldest,store_index_allocated_bytes,409600
backup,backup/retention,restic,0,forget_oldest,store_index_apparent_bytes,400619
backup,backup/retention,restic,0,forget_oldest,store_snapshots_allocated_bytes,12288
backup,backup/retention,restic,0,forget_oldest,store_snapshots_apparent_bytes,829
backup,backup/retention,restic,0,prune,allocated_after_prune,748924928
backup,backup/retention,restic,0,prune,allocated_before_forget,754741248
backup,backup/retention,restic,0,prune,store_data_allocated_bytes,748535808
backup,backup/retention,restic,0,prune,store_data_apparent_bytes,747380030
backup,backup/retention,restic,0,prune,store_index_allocated_bytes,356352
backup,backup/retention,restic,0,prune,store_index_apparent_bytes,350657
backup,backup/retention,restic,0,prune,store_snapshots_allocated_bytes,12288
backup,backup/retention,restic,0,prune,store_snapshots_apparent_bytes,829
tree,tree/lifecycle,amber-rust,0,ingest_fresh,store_closures_allocated_bytes,4096
tree,tree/lifecycle,amber-rust,0,ingest_fresh,store_closures_apparent_bytes,0
tree,tree/lifecycle,amber-rust,0,ingest_fresh,store_packstore_allocated_bytes,723013632
tree,tree/lifecycle,amber-rust,0,ingest_fresh,store_packstore_apparent_bytes,722942374
tree,tree/lifecycle,amber-rust,0,ingest_fresh,store_refs_allocated_bytes,1626112
tree,tree/lifecycle,amber-rust,0,ingest_fresh,store_refs_apparent_bytes,3686400
tree,tree/lifecycle,amber-rust,0,ingest_repeat,store_closures_allocated_bytes,4096
tree,tree/lifecycle,amber-rust,0,ingest_repeat,store_closures_apparent_bytes,0
tree,tree/lifecycle,amber-rust,0,ingest_repeat,store_packstore_allocated_bytes,723013632
tree,tree/lifecycle,amber-rust,0,ingest_repeat,store_packstore_apparent_bytes,722942374
tree,tree/lifecycle,amber-rust,0,ingest_repeat,store_refs_allocated_bytes,1634304
tree,tree/lifecycle,amber-rust,0,ingest_repeat,store_refs_apparent_bytes,3686400
tree,tree/lifecycle,amber-rust,0,ingest_changed,store_closures_allocated_bytes,4096
tree,tree/lifecycle,amber-rust,0,ingest_changed,store_closures_apparent_bytes,0
tree,tree/lifecycle,amber-rust,0,ingest_changed,store_packstore_allocated_bytes,728965120
tree,tree/lifecycle,amber-rust,0,ingest_changed,store_packstore_apparent_bytes,728894502
tree,tree/lifecycle,amber-rust,0,ingest_changed,store_refs_allocated_bytes,1634304
tree,tree/lifecycle,amber-rust,0,ingest_changed,store_refs_apparent_bytes,3686400
tree,tree/lifecycle,amber-rust,0,list_recursive,cli_invocations,167
tree,tree/lifecycle,amber-rust,0,list_recursive,directories,166
tree,tree/lifecycle,amber-rust,0,list_recursive,entries,5842
tree,tree/lifecycle,amber-rust,0,ref_delete,store_closures_allocated_bytes,4096
tree,tree/lifecycle,amber-rust,0,ref_delete,store_closures_apparent_bytes,0
tree,tree/lifecycle,amber-rust,0,ref_delete,store_packstore_allocated_bytes,728965120
tree,tree/lifecycle,amber-rust,0,ref_delete,store_packstore_apparent_bytes,728894502
tree,tree/lifecycle,amber-rust,0,ref_delete,store_refs_allocated_bytes,1634304
tree,tree/lifecycle,amber-rust,0,ref_delete,store_refs_apparent_bytes,3686400
tree,tree/lifecycle,amber-rust,0,age_sealed_segments,segments_aged,11
tree,tree/lifecycle,amber-rust,0,gc,allocated_after_gc,725041152
tree,tree/lifecycle,amber-rust,0,gc,allocated_before_delete,730607616
tree,tree/lifecycle,amber-rust,0,gc,allocated_before_gc,730607616
tree,tree/lifecycle,amber-rust,0,gc,reclaimed_packstore_bytes,5566464
tree,tree/lifecycle,amber-rust,0,gc,store_closures_allocated_bytes,4096
tree,tree/lifecycle,amber-rust,0,gc,store_closures_apparent_bytes,0
tree,tree/lifecycle,amber-rust,0,gc,store_packstore_allocated_bytes,723398656
tree,tree/lifecycle,amber-rust,0,gc,store_packstore_apparent_bytes,723335063
tree,tree/lifecycle,amber-rust,0,gc,store_refs_allocated_bytes,1634304
tree,tree/lifecycle,amber-rust,0,gc,store_refs_apparent_bytes,3686400
backup,backup/retention,amber-rust,0,backup_initial,store_closures_allocated_bytes,4096
backup,backup/retention,amber-rust,0,backup_initial,store_closures_apparent_bytes,0
backup,backup/retention,amber-rust,0,backup_initial,store_packstore_allocated_bytes,723009536
backup,backup/retention,amber-rust,0,backup_initial,store_packstore_apparent_bytes,722942026
backup,backup/retention,amber-rust,0,backup_initial,store_refs_allocated_bytes,1626112
backup,backup/retention,amber-rust,0,backup_initial,store_refs_apparent_bytes,3686400
backup,backup/retention,amber-rust,0,backup_unchanged,store_closures_allocated_bytes,4096
backup,backup/retention,amber-rust,0,backup_unchanged,store_closures_apparent_bytes,0
backup,backup/retention,amber-rust,0,backup_unchanged,store_packstore_allocated_bytes,723009536
backup,backup/retention,amber-rust,0,backup_unchanged,store_packstore_apparent_bytes,722942026
backup,backup/retention,amber-rust,0,backup_unchanged,store_refs_allocated_bytes,1634304
backup,backup/retention,amber-rust,0,backup_unchanged,store_refs_apparent_bytes,3686400
backup,backup/retention,amber-rust,0,backup_changed,store_closures_allocated_bytes,4096
backup,backup/retention,amber-rust,0,backup_changed,store_closures_apparent_bytes,0
backup,backup/retention,amber-rust,0,backup_changed,store_packstore_allocated_bytes,728965120
backup,backup/retention,amber-rust,0,backup_changed,store_packstore_apparent_bytes,728894154
backup,backup/retention,amber-rust,0,backup_changed,store_refs_allocated_bytes,1634304
backup,backup/retention,amber-rust,0,backup_changed,store_refs_apparent_bytes,3686400
backup,backup/retention,amber-rust,0,backup_changed_again,store_closures_allocated_bytes,4096
backup,backup/retention,amber-rust,0,backup_changed_again,store_closures_apparent_bytes,0
backup,backup/retention,amber-rust,0,backup_changed_again,store_packstore_allocated_bytes,734851072
backup,backup/retention,amber-rust,0,backup_changed_again,store_packstore_apparent_bytes,734781079
backup,backup/retention,amber-rust,0,backup_changed_again,store_refs_allocated_bytes,1634304
backup,backup/retention,amber-rust,0,backup_changed_again,store_refs_apparent_bytes,3686400
backup,backup/retention,amber-rust,0,list_snapshot,cli_invocations,168
backup,backup/retention,amber-rust,0,list_snapshot,entries,5842
backup,backup/retention,amber-rust,0,forget_oldest,store_closures_allocated_bytes,4096
backup,backup/retention,amber-rust,0,forget_oldest,store_closures_apparent_bytes,0
backup,backup/retention,amber-rust,0,forget_oldest,store_packstore_allocated_bytes,734851072
backup,backup/retention,amber-rust,0,forget_oldest,store_packstore_apparent_bytes,734781079
backup,backup/retention,amber-rust,0,forget_oldest,store_refs_allocated_bytes,1634304
backup,backup/retention,amber-rust,0,forget_oldest,store_refs_apparent_bytes,3686400
backup,backup/retention,amber-rust,0,age_sealed_segments,segments_aged,11
backup,backup/retention,amber-rust,0,prune,allocated_after_prune,730968064
backup,backup/retention,amber-rust,0,prune,allocated_before_forget,736493568
backup,backup/retention,amber-rust,0,prune,reclaimed_packstore_bytes,5525504
backup,backup/retention,amber-rust,0,prune,store_closures_allocated_bytes,4096
backup,backup/retention,amber-rust,0,prune,store_closures_apparent_bytes,0
backup,backup/retention,amber-rust,0,prune,store_packstore_allocated_bytes,729325568
backup,backup/retention,amber-rust,0,prune,store_packstore_apparent_bytes,729263380
backup,backup/retention,amber-rust,0,prune,store_refs_allocated_bytes,1634304
backup,backup/retention,amber-rust,0,prune,store_refs_apparent_bytes,3686400
tree,tree/lifecycle,amber-go,0,ingest_fresh,store_closures_allocated_bytes,4096
tree,tree/lifecycle,amber-go,0,ingest_fresh,store_closures_apparent_bytes,0
tree,tree/lifecycle,amber-go,0,ingest_fresh,store_packstore_allocated_bytes,723869696
tree,tree/lifecycle,amber-go,0,ingest_fresh,store_packstore_apparent_bytes,723802368
tree,tree/lifecycle,amber-go,0,ingest_fresh,store_refs_allocated_bytes,4628480
tree,tree/lifecycle,amber-go,0,ingest_fresh,store_refs_apparent_bytes,2917
tree,tree/lifecycle,amber-go,0,ingest_repeat,store_closures_allocated_bytes,4096
tree,tree/lifecycle,amber-go,0,ingest_repeat,store_closures_apparent_bytes,0
tree,tree/lifecycle,amber-go,0,ingest_repeat,store_packstore_allocated_bytes,723869696
tree,tree/lifecycle,amber-go,0,ingest_repeat,store_packstore_apparent_bytes,723802368
tree,tree/lifecycle,amber-go,0,ingest_repeat,store_refs_allocated_bytes,4636672
tree,tree/lifecycle,amber-go,0,ingest_repeat,store_refs_apparent_bytes,3640
tree,tree/lifecycle,amber-go,0,ingest_changed,store_closures_allocated_bytes,4096
tree,tree/lifecycle,amber-go,0,ingest_changed,store_closures_apparent_bytes,0
tree,tree/lifecycle,amber-go,0,ingest_changed,store_packstore_allocated_bytes,729825280
tree,tree/lifecycle,amber-go,0,ingest_changed,store_packstore_apparent_bytes,729755125
tree,tree/lifecycle,amber-go,0,ingest_changed,store_refs_allocated_bytes,4640768
tree,tree/lifecycle,amber-go,0,ingest_changed,store_refs_apparent_bytes,4367
tree,tree/lifecycle,amber-go,0,list_recursive,cli_invocations,167
tree,tree/lifecycle,amber-go,0,list_recursive,directories,166
tree,tree/lifecycle,amber-go,0,list_recursive,entries,5842
tree,tree/lifecycle,amber-go,0,ref_delete,store_closures_allocated_bytes,4096
tree,tree/lifecycle,amber-go,0,ref_delete,store_closures_apparent_bytes,0
tree,tree/lifecycle,amber-go,0,ref_delete,store_packstore_allocated_bytes,729825280
tree,tree/lifecycle,amber-go,0,ref_delete,store_packstore_apparent_bytes,729755125
tree,tree/lifecycle,amber-go,0,ref_delete,store_refs_allocated_bytes,4636672
tree,tree/lifecycle,amber-go,0,ref_delete,store_refs_apparent_bytes,4029
tree,tree/lifecycle,amber-go,0,age_sealed_segments,segments_aged,11
tree,tree/lifecycle,amber-go,0,gc,allocated_after_gc,725323776
tree,tree/lifecycle,amber-go,0,gc,allocated_before_delete,729866240
tree,tree/lifecycle,amber-go,0,gc,allocated_before_gc,734470144
tree,tree/lifecycle,amber-go,0,gc,reclaimed_packstore_bytes,4538368
tree,tree/lifecycle,amber-go,0,gc,store_closures_allocated_bytes,4096
tree,tree/lifecycle,amber-go,0,gc,store_closures_apparent_bytes,0
tree,tree/lifecycle,amber-go,0,gc,store_packstore_allocated_bytes,725286912
tree,tree/lifecycle,amber-go,0,gc,store_packstore_apparent_bytes,725215934
tree,tree/lifecycle,amber-go,0,gc,store_refs_allocated_bytes,28672
tree,tree/lifecycle,amber-go,0,gc,store_refs_apparent_bytes,4570
git,git/history,git,0,history_store,backend_commands,85
git,git/history,git,0,history_store,commits,39
git,git/history,git,0,history_store,store_refs_allocated_bytes,36864
git,git/history,git,0,history_store,store_refs_apparent_bytes,205
git,git/history,git,0,history_store_incremental,backend_commands,26
git,git/history,git,0,history_store_incremental,commits,13
git,git/history,git,0,history_store_incremental,store_refs_allocated_bytes,36864
git,git/history,git,0,history_store_incremental,store_refs_apparent_bytes,205
git,git/history,git,0,retained_version_coverage,versions_retained,52
git,git/history,git,0,retained_version_coverage,versions_unverified,0
git,git/history,git,0,retained_version_coverage,versions_verified,52
blob,blob/nix-closure,amber-go-s3,0,push_initial,s3_bytes_down,6738
blob,blob/nix-closure,amber-go-s3,0,push_initial,s3_bytes_up,109403509
blob,blob/nix-closure,amber-go-s3,0,push_initial,s3_connections,14
blob,blob/nix-closure,amber-go-s3,0,push_initial,s3_request_body_bytes,109383489
blob,blob/nix-closure,amber-go-s3,0,push_initial,s3_requests_GET,2
blob,blob/nix-closure,amber-go-s3,0,push_initial,s3_requests_POST,4
blob,blob/nix-closure,amber-go-s3,0,push_initial,s3_requests_PUT,22
blob,blob/nix-closure,amber-go-s3,0,push_initial,s3_requests_total,28
blob,blob/nix-closure,amber-go-s3,0,push_initial,s3_response_body_bytes,2436
blob,blob/nix-closure,amber-go-s3,0,push_initial,s3_responses_2xx,27
blob,blob/nix-closure,amber-go-s3,0,push_initial,s3_responses_4xx,1
blob,blob/nix-closure,amber-go-s3,0,push_initial,stored_bytes,109229642
blob,blob/nix-closure,amber-go-s3,0,push_initial,stored_objects,16
blob,blob/nix-closure,amber-go-s3,0,push_noop,s3_bytes_down,5654
blob,blob/nix-closure,amber-go-s3,0,push_noop,s3_bytes_up,1195
blob,blob/nix-closure,amber-go-s3,0,push_noop,s3_connections,1
blob,blob/nix-closure,amber-go-s3,0,push_noop,s3_request_body_bytes,0
blob,blob/nix-closure,amber-go-s3,0,push_noop,s3_requests_GET,2
blob,blob/nix-closure,amber-go-s3,0,push_noop,s3_requests_total,2
blob,blob/nix-closure,amber-go-s3,0,push_noop,s3_response_body_bytes,5428
blob,blob/nix-closure,amber-go-s3,0,push_noop,s3_responses_2xx,1
blob,blob/nix-closure,amber-go-s3,0,push_noop,s3_responses_4xx,1
blob,blob/nix-closure,amber-go-s3,0,push_noop,stored_bytes,109229642
blob,blob/nix-closure,amber-go-s3,0,push_noop,stored_objects,16
blob,blob/nix-closure,amber-go-s3,0,pull_fresh,delivered_logical_bytes,184550399
blob,blob/nix-closure,amber-go-s3,0,pull_fresh,delivered_references,8
blob,blob/nix-closure,amber-go-s3,0,pull_fresh,s3_bytes_down,109240606
blob,blob/nix-closure,amber-go-s3,0,pull_fresh,s3_bytes_up,13006
blob,blob/nix-closure,amber-go-s3,0,pull_fresh,s3_connections,15
blob,blob/nix-closure,amber-go-s3,0,pull_fresh,s3_request_body_bytes,0
blob,blob/nix-closure,amber-go-s3,0,pull_fresh,s3_requests_GET,20
blob,blob/nix-closure,amber-go-s3,0,pull_fresh,s3_requests_HEAD,1
blob,blob/nix-closure,amber-go-s3,0,pull_fresh,s3_requests_total,21
blob,blob/nix-closure,amber-go-s3,0,pull_fresh,s3_response_body_bytes,109236420
blob,blob/nix-closure,amber-go-s3,0,pull_fresh,s3_responses_2xx,19
blob,blob/nix-closure,amber-go-s3,0,pull_fresh,s3_responses_4xx,2
blob,blob/nix-closure,amber-go-s3,0,pull_fresh,stored_bytes,109229642
blob,blob/nix-closure,amber-go-s3,0,pull_fresh,stored_objects,16
blob,blob/nix-closure,amber-go-s3,0,push_incremental,s3_bytes_down,16082
blob,blob/nix-closure,amber-go-s3,0,push_incremental,s3_bytes_up,58938107
blob,blob/nix-closure,amber-go-s3,0,push_incremental,s3_connections,11
blob,blob/nix-closure,amber-go-s3,0,push_incremental,s3_request_body_bytes,58916600
blob,blob/nix-closure,amber-go-s3,0,push_incremental,s3_requests_GET,2
blob,blob/nix-closure,amber-go-s3,0,push_incremental,s3_requests_POST,14
blob,blob/nix-closure,amber-go-s3,0,push_incremental,s3_requests_PUT,16
blob,blob/nix-closure,amber-go-s3,0,push_incremental,s3_requests_total,32
blob,blob/nix-closure,amber-go-s3,0,push_incremental,s3_response_body_bytes,11526
blob,blob/nix-closure,amber-go-s3,0,push_incremental,s3_responses_2xx,31
blob,blob/nix-closure,amber-go-s3,0,push_incremental,s3_responses_4xx,1
blob,blob/nix-closure,amber-go-s3,0,push_incremental,stored_bytes,126027666
blob,blob/nix-closure,amber-go-s3,0,push_incremental,stored_objects,15
blob,blob/nix-closure,amber-go-s3,0,pull_incremental,delivered_logical_bytes,192939113
blob,blob/nix-closure,amber-go-s3,0,pull_incremental,delivered_references,9
blob,blob/nix-closure,amber-go-s3,0,pull_incremental,s3_bytes_down,58841233
blob,blob/nix-closure,amber-go-s3,0,pull_incremental,s3_bytes_up,11166
blob,blob/nix-closure,amber-go-s3,0,pull_incremental,s3_connections,9
blob,blob/nix-closure,amber-go-s3,0,pull_incremental,s3_request_body_bytes,0
blob,blob/nix-closure,amber-go-s3,0,pull_incremental,s3_requests_GET,17
blob,blob/nix-closure,amber-go-s3,0,pull_incremental,s3_requests_HEAD,1
blob,blob/nix-closure,amber-go-s3,0,pull_incremental,s3_requests_total,18
blob,blob/nix-closure,amber-go-s3,0,pull_incremental,s3_response_body_bytes,58837733
blob,blob/nix-closure,amber-go-s3,0,pull_incremental,s3_responses_2xx,16
blob,blob/nix-closure,amber-go-s3,0,pull_incremental,s3_responses_4xx,2
blob,blob/nix-closure,amber-go-s3,0,pull_incremental,stored_bytes,126027666
blob,blob/nix-closure,amber-go-s3,0,pull_incremental,stored_objects,15
blob,blob/nix-closure,amber-go-s3,0,age_sealed_segments,segments_aged,2
blob,blob/nix-closure,amber-go-s3,0,retention_cleanup,retained_logical_bytes,192939113
blob,blob/nix-closure,amber-go-s3,0,retention_cleanup,retained_references,9
blob,blob/nix-closure,amber-go-s3,0,retention_cleanup,s3_bytes_down,16973
blob,blob/nix-closure,amber-go-s3,0,retention_cleanup,s3_bytes_up,126264327
blob,blob/nix-closure,amber-go-s3,0,retention_cleanup,s3_connections,20
blob,blob/nix-closure,amber-go-s3,0,retention_cleanup,s3_request_body_bytes,126240474
blob,blob/nix-closure,amber-go-s3,0,retention_cleanup,s3_requests_GET,2
blob,blob/nix-closure,amber-go-s3,0,retention_cleanup,s3_requests_POST,17
blob,blob/nix-closure,amber-go-s3,0,retention_cleanup,s3_requests_PUT,16
blob,blob/nix-closure,amber-go-s3,0,retention_cleanup,s3_requests_total,35
blob,blob/nix-closure,amber-go-s3,0,retention_cleanup,s3_response_body_bytes,12575
blob,blob/nix-closure,amber-go-s3,0,retention_cleanup,s3_responses_2xx,34
blob,blob/nix-closure,amber-go-s3,0,retention_cleanup,s3_responses_4xx,1
blob,blob/nix-closure,amber-go-s3,0,retention_cleanup,stored_bytes,126062429
blob,blob/nix-closure,amber-go-s3,0,retention_cleanup,stored_objects,10
git,git/history,amber-go,0,history_store,backend_commands,39
git,git/history,amber-go,0,history_store,commits,39
git,git/history,amber-go,0,history_store,store_closures_allocated_bytes,4096
git,git/history,amber-go,0,history_store,store_closures_apparent_bytes,0
git,git/history,amber-go,0,history_store,store_packstore_allocated_bytes,115970048
git,git/history,amber-go,0,history_store,store_packstore_apparent_bytes,115957005
git,git/history,amber-go,0,history_store,store_refs_allocated_bytes,4788224
git,git/history,amber-go,0,history_store,store_refs_apparent_bytes,31402
git,git/history,amber-go,0,history_store_incremental,backend_commands,13
git,git/history,amber-go,0,history_store_incremental,commits,13
git,git/history,amber-go,0,history_store_incremental,store_closures_allocated_bytes,4096
git,git/history,amber-go,0,history_store_incremental,store_closures_apparent_bytes,0
git,git/history,amber-go,0,history_store_incremental,store_packstore_allocated_bytes,116793344
git,git/history,amber-go,0,history_store_incremental,store_packstore_apparent_bytes,116779813
git,git/history,amber-go,0,history_store_incremental,store_refs_allocated_bytes,4841472
git,git/history,amber-go,0,history_store_incremental,store_refs_apparent_bytes,41152
git,git/history,amber-go,0,list_head,cli_invocations,29
git,git/history,amber-go,0,list_head,entries,1952
git,git/history,amber-go,0,retained_version_coverage,versions_retained,52
git,git/history,amber-go,0,retained_version_coverage,versions_unverified,0
git,git/history,amber-go,0,retained_version_coverage,versions_verified,52
blob,blob/backup-corpus,amber-go-s3,0,push_initial,s3_bytes_down,20038
blob,blob/backup-corpus,amber-go-s3,0,push_initial,s3_bytes_up,724881700
blob,blob/backup-corpus,amber-go-s3,0,push_initial,s3_connections,48
blob,blob/backup-corpus,amber-go-s3,0,push_initial,s3_request_body_bytes,724819091
blob,blob/backup-corpus,amber-go-s3,0,push_initial,s3_requests_GET,2
blob,blob/backup-corpus,amber-go-s3,0,push_initial,s3_requests_POST,22
blob,blob/backup-corpus,amber-go-s3,0,push_initial,s3_requests_PUT,60
blob,blob/backup-corpus,amber-go-s3,0,push_initial,s3_requests_total,84
blob,blob/backup-corpus,amber-go-s3,0,push_initial,s3_response_body_bytes,10595
blob,blob/backup-corpus,amber-go-s3,0,push_initial,s3_responses_2xx,83
blob,blob/backup-corpus,amber-go-s3,0,push_initial,s3_responses_4xx,1
blob,blob/backup-corpus,amber-go-s3,0,push_initial,stored_bytes,723813465
blob,blob/backup-corpus,amber-go-s3,0,push_initial,stored_objects,17
blob,blob/backup-corpus,amber-go-s3,0,push_noop,s3_bytes_down,6173
blob,blob/backup-corpus,amber-go-s3,0,push_noop,s3_bytes_up,1197
blob,blob/backup-corpus,amber-go-s3,0,push_noop,s3_connections,1
blob,blob/backup-corpus,amber-go-s3,0,push_noop,s3_request_body_bytes,0
blob,blob/backup-corpus,amber-go-s3,0,push_noop,s3_requests_GET,2
blob,blob/backup-corpus,amber-go-s3,0,push_noop,s3_requests_total,2
blob,blob/backup-corpus,amber-go-s3,0,push_noop,s3_response_body_bytes,5947
blob,blob/backup-corpus,amber-go-s3,0,push_noop,s3_responses_2xx,1
blob,blob/backup-corpus,amber-go-s3,0,push_noop,s3_responses_4xx,1
blob,blob/backup-corpus,amber-go-s3,0,push_noop,stored_bytes,723813465
blob,blob/backup-corpus,amber-go-s3,0,push_noop,stored_objects,17
blob,blob/backup-corpus,amber-go-s3,0,pull_fresh,delivered_logical_bytes,2179569013
blob,blob/backup-corpus,amber-go-s3,0,pull_fresh,delivered_references,1
blob,blob/backup-corpus,amber-go-s3,0,pull_fresh,s3_bytes_down,723825250
blob,blob/backup-corpus,amber-go-s3,0,pull_fresh,s3_bytes_up,13785
blob,blob/backup-corpus,amber-go-s3,0,pull_fresh,s3_connections,17
blob,blob/backup-corpus,amber-go-s3,0,pull_fresh,s3_request_body_bytes,0
blob,blob/backup-corpus,amber-go-s3,0,pull_fresh,s3_requests_GET,21
blob,blob/backup-corpus,amber-go-s3,0,pull_fresh,s3_requests_HEAD,1
blob,blob/backup-corpus,amber-go-s3,0,pull_fresh,s3_requests_total,22
blob,blob/backup-corpus,amber-go-s3,0,pull_fresh,s3_response_body_bytes,723820778
blob,blob/backup-corpus,amber-go-s3,0,pull_fresh,s3_responses_2xx,20
blob,blob/backup-corpus,amber-go-s3,0,pull_fresh,s3_responses_4xx,2
blob,blob/backup-corpus,amber-go-s3,0,pull_fresh,stored_bytes,723813465
blob,blob/backup-corpus,amber-go-s3,0,pull_fresh,stored_objects,17
blob,blob/backup-corpus,amber-go-s3,0,push_incremental,s3_bytes_down,10573
blob,blob/backup-corpus,amber-go-s3,0,push_incremental,s3_bytes_up,57837653
blob,blob/backup-corpus,amber-go-s3,0,push_incremental,s3_connections,9
blob,blob/backup-corpus,amber-go-s3,0,push_incremental,s3_request_body_bytes,57825789
blob,blob/backup-corpus,amber-go-s3,0,push_incremental,s3_requests_GET,2
blob,blob/backup-corpus,amber-go-s3,0,push_incremental,s3_requests_POST,5
blob,blob/backup-corpus,amber-go-s3,0,push_incremental,s3_requests_PUT,10
blob,blob/backup-corpus,amber-go-s3,0,push_incremental,s3_requests_total,17
blob,blob/backup-corpus,amber-go-s3,0,push_incremental,s3_response_body_bytes,8195
blob,blob/backup-corpus,amber-go-s3,0,push_incremental,s3_responses_2xx,16
blob,blob/backup-corpus,amber-go-s3,0,push_incremental,s3_responses_4xx,1
blob,blob/backup-corpus,amber-go-s3,0,push_incremental,stored_bytes,729766933
blob,blob/backup-corpus,amber-go-s3,0,push_incremental,stored_objects,19
blob,blob/backup-corpus,amber-go-s3,0,pull_incremental,delivered_logical_bytes,2179966963
blob,blob/backup-corpus,amber-go-s3,0,pull_incremental,delivered_references,1
blob,blob/backup-corpus,amber-go-s3,0,pull_incremental,s3_bytes_down,57754321
blob,blob/backup-corpus,amber-go-s3,0,pull_incremental,s3_bytes_up,7583
blob,blob/backup-corpus,amber-go-s3,0,pull_incremental,s3_connections,7
blob,blob/backup-corpus,amber-go-s3,0,pull_incremental,s3_request_body_bytes,0
blob,blob/backup-corpus,amber-go-s3,0,pull_incremental,s3_requests_GET,11
blob,blob/backup-corpus,amber-go-s3,0,pull_incremental,s3_requests_HEAD,1
blob,blob/backup-corpus,amber-go-s3,0,pull_incremental,s3_requests_total,12
blob,blob/backup-corpus,amber-go-s3,0,pull_incremental,s3_response_body_bytes,57752187
blob,blob/backup-corpus,amber-go-s3,0,pull_incremental,s3_responses_2xx,10
blob,blob/backup-corpus,amber-go-s3,0,pull_incremental,s3_responses_4xx,2
blob,blob/backup-corpus,amber-go-s3,0,pull_incremental,stored_bytes,729766933
blob,blob/backup-corpus,amber-go-s3,0,pull_incremental,stored_objects,19
blob,blob/backup-corpus,amber-go-s3,0,age_sealed_segments,segments_aged,11
blob,blob/backup-corpus,amber-go-s3,0,retention_cleanup,retained_logical_bytes,2179966963
blob,blob/backup-corpus,amber-go-s3,0,retention_cleanup,retained_references,1
blob,blob/backup-corpus,amber-go-s3,0,retention_cleanup,s3_bytes_down,35407
blob,blob/backup-corpus,amber-go-s3,0,retention_cleanup,s3_bytes_up,726239991
blob,blob/backup-corpus,amber-go-s3,0,retention_cleanup,s3_connections,53
blob,blob/backup-corpus,amber-go-s3,0,retention_cleanup,s3_request_body_bytes,726166615
blob,blob/backup-corpus,amber-go-s3,0,retention_cleanup,s3_requests_GET,2
blob,blob/backup-corpus,amber-go-s3,0,retention_cleanup,s3_requests_POST,39
blob,blob/backup-corpus,amber-go-s3,0,retention_cleanup,s3_requests_PUT,60
blob,blob/backup-corpus,amber-go-s3,0,retention_cleanup,s3_requests_total,101
blob,blob/backup-corpus,amber-go-s3,0,retention_cleanup,s3_response_body_bytes,24043
blob,blob/backup-corpus,amber-go-s3,0,retention_cleanup,s3_responses_2xx,100
blob,blob/backup-corpus,amber-go-s3,0,retention_cleanup,s3_responses_4xx,1
blob,blob/backup-corpus,amber-go-s3,0,retention_cleanup,stored_bytes,725156392
blob,blob/backup-corpus,amber-go-s3,0,retention_cleanup,stored_objects,19
blob,blob/backup-corpus,amber-rust-s3,0,push_initial,s3_bytes_down,19101
blob,blob/backup-corpus,amber-rust-s3,0,push_initial,s3_bytes_up,727696808
blob,blob/backup-corpus,amber-rust-s3,0,push_initial,s3_connections,45
blob,blob/backup-corpus,amber-rust-s3,0,push_initial,s3_request_body_bytes,727637602
blob,blob/backup-corpus,amber-rust-s3,0,push_initial,s3_requests_GET,2
blob,blob/backup-corpus,amber-rust-s3,0,push_initial,s3_requests_POST,22
blob,blob/backup-corpus,amber-rust-s3,0,push_initial,s3_requests_PUT,55
blob,blob/backup-corpus,amber-rust-s3,0,push_initial,s3_requests_total,79
blob,blob/backup-corpus,amber-rust-s3,0,push_initial,s3_response_body_bytes,10663
blob,blob/backup-corpus,amber-rust-s3,0,push_initial,s3_responses_2xx,78
blob,blob/backup-corpus,amber-rust-s3,0,push_initial,s3_responses_4xx,1
blob,blob/backup-corpus,amber-rust-s3,0,push_initial,stored_bytes,726628890
blob,blob/backup-corpus,amber-rust-s3,0,push_initial,stored_objects,12
blob,blob/backup-corpus,amber-rust-s3,0,push_noop,s3_bytes_down,4676
blob,blob/backup-corpus,amber-rust-s3,0,push_noop,s3_bytes_up,1199
blob,blob/backup-corpus,amber-rust-s3,0,push_noop,s3_connections,1
blob,blob/backup-corpus,amber-rust-s3,0,push_noop,s3_request_body_bytes,0
blob,blob/backup-corpus,amber-rust-s3,0,push_noop,s3_requests_GET,2
blob,blob/backup-corpus,amber-rust-s3,0,push_noop,s3_requests_total,2
blob,blob/backup-corpus,amber-rust-s3,0,push_noop,s3_response_body_bytes,4450
blob,blob/backup-corpus,amber-rust-s3,0,push_noop,s3_responses_2xx,1
blob,blob/backup-corpus,amber-rust-s3,0,push_noop,s3_responses_4xx,1
blob,blob/backup-corpus,amber-rust-s3,0,push_noop,stored_bytes,726628890
blob,blob/backup-corpus,amber-rust-s3,0,push_noop,stored_objects,12
blob,blob/backup-corpus,amber-rust-s3,0,pull_fresh,delivered_logical_bytes,2179569013
blob,blob/backup-corpus,amber-rust-s3,0,pull_fresh,delivered_references,1
blob,blob/backup-corpus,amber-rust-s3,0,pull_fresh,s3_bytes_down,726638076
blob,blob/backup-corpus,amber-rust-s3,0,pull_fresh,s3_bytes_up,10744
blob,blob/backup-corpus,amber-rust-s3,0,pull_fresh,s3_connections,12
blob,blob/backup-corpus,amber-rust-s3,0,pull_fresh,s3_request_body_bytes,0
blob,blob/backup-corpus,amber-rust-s3,0,pull_fresh,s3_requests_GET,16
blob,blob/backup-corpus,amber-rust-s3,0,pull_fresh,s3_requests_HEAD,1
blob,blob/backup-corpus,amber-rust-s3,0,pull_fresh,s3_requests_total,17
blob,blob/backup-corpus,amber-rust-s3,0,pull_fresh,s3_response_body_bytes,726634714
blob,blob/backup-corpus,amber-rust-s3,0,pull_fresh,s3_responses_2xx,15
blob,blob/backup-corpus,amber-rust-s3,0,pull_fresh,s3_responses_4xx,2
blob,blob/backup-corpus,amber-rust-s3,0,pull_fresh,stored_bytes,726628890
blob,blob/backup-corpus,amber-rust-s3,0,pull_fresh,stored_objects,12
blob,blob/backup-corpus,amber-rust-s3,0,push_incremental,s3_bytes_down,6431
blob,blob/backup-corpus,amber-rust-s3,0,push_incremental,s3_bytes_up,60340088
blob,blob/backup-corpus,amber-rust-s3,0,push_incremental,s3_connections,5
blob,blob/backup-corpus,amber-rust-s3,0,push_incremental,s3_request_body_bytes,60333634
blob,blob/backup-corpus,amber-rust-s3,0,push_incremental,s3_requests_GET,2
blob,blob/backup-corpus,amber-rust-s3,0,push_incremental,s3_requests_POST,2
blob,blob/backup-corpus,amber-rust-s3,0,push_incremental,s3_requests_PUT,5
blob,blob/backup-corpus,amber-rust-s3,0,push_incremental,s3_requests_total,9
blob,blob/backup-corpus,amber-rust-s3,0,push_incremental,s3_response_body_bytes,5382
blob,blob/backup-corpus,amber-rust-s3,0,push_incremental,s3_responses_2xx,8
blob,blob/backup-corpus,amber-rust-s3,0,push_incremental,s3_responses_4xx,1
blob,blob/backup-corpus,amber-rust-s3,0,push_incremental,stored_bytes,732581018
blob,blob/backup-corpus,amber-rust-s3,0,push_incremental,stored_objects,12
blob,blob/backup-corpus,amber-rust-s3,0,pull_incremental,delivered_logical_bytes,2179966963
blob,blob/backup-corpus,amber-rust-s3,0,pull_incremental,delivered_references,1
blob,blob/backup-corpus,amber-rust-s3,0,pull_incremental,s3_bytes_down,60256727
blob,blob/backup-corpus,amber-rust-s3,0,pull_incremental,s3_bytes_up,4544
blob,blob/backup-corpus,amber-rust-s3,0,pull_incremental,s3_connections,2
blob,blob/backup-corpus,amber-rust-s3,0,pull_incremental,s3_request_body_bytes,0
blob,blob/backup-corpus,amber-rust-s3,0,pull_incremental,s3_requests_GET,6
blob,blob/backup-corpus,amber-rust-s3,0,pull_incremental,s3_requests_HEAD,1
blob,blob/backup-corpus,amber-rust-s3,0,pull_incremental,s3_requests_total,7
blob,blob/backup-corpus,amber-rust-s3,0,pull_incremental,s3_response_body_bytes,60255705
blob,blob/backup-corpus,amber-rust-s3,0,pull_incremental,s3_responses_2xx,5
blob,blob/backup-corpus,amber-rust-s3,0,pull_incremental,s3_responses_4xx,2
blob,blob/backup-corpus,amber-rust-s3,0,pull_incremental,stored_bytes,732581018
blob,blob/backup-corpus,amber-rust-s3,0,pull_incremental,stored_objects,12
blob,blob/backup-corpus,amber-rust-s3,0,age_sealed_segments,segments_aged,11
blob,blob/backup-corpus,amber-rust-s3,0,retention_cleanup,retained_logical_bytes,2179966963
blob,blob/backup-corpus,amber-rust-s3,0,retention_cleanup,retained_references,1
blob,blob/backup-corpus,amber-rust-s3,0,retention_cleanup,s3_bytes_down,24516
blob,blob/backup-corpus,amber-rust-s3,0,retention_cleanup,s3_bytes_up,593438105
blob,blob/backup-corpus,amber-rust-s3,0,retention_cleanup,s3_connections,37
blob,blob/backup-corpus,amber-rust-s3,0,retention_cleanup,s3_request_body_bytes,593384339
blob,blob/backup-corpus,amber-rust-s3,0,retention_cleanup,s3_requests_GET,2
blob,blob/backup-corpus,amber-rust-s3,0,retention_cleanup,s3_requests_POST,27
blob,blob/backup-corpus,amber-rust-s3,0,retention_cleanup,s3_requests_PUT,44
blob,blob/backup-corpus,amber-rust-s3,0,retention_cleanup,s3_requests_total,73
blob,blob/backup-corpus,amber-rust-s3,0,retention_cleanup,s3_response_body_bytes,16700
blob,blob/backup-corpus,amber-rust-s3,0,retention_cleanup,s3_responses_2xx,72
blob,blob/backup-corpus,amber-rust-s3,0,retention_cleanup,s3_responses_4xx,1
blob,blob/backup-corpus,amber-rust-s3,0,retention_cleanup,stored_bytes,727019639
blob,blob/backup-corpus,amber-rust-s3,0,retention_cleanup,stored_objects,12
tree,tree/lifecycle,fs-sha256,0,ingest_fresh,store_refs_allocated_bytes,954368
tree,tree/lifecycle,fs-sha256,0,ingest_fresh,store_refs_apparent_bytes,949642
tree,tree/lifecycle,fs-sha256,0,ingest_repeat,store_refs_allocated_bytes,1904640
tree,tree/lifecycle,fs-sha256,0,ingest_repeat,store_refs_apparent_bytes,1899284
tree,tree/lifecycle,fs-sha256,0,ingest_changed,store_refs_allocated_bytes,2854912
tree,tree/lifecycle,fs-sha256,0,ingest_changed,store_refs_apparent_bytes,2849241
tree,tree/lifecycle,fs-sha256,0,ref_delete,store_refs_allocated_bytes,954368
tree,tree/lifecycle,fs-sha256,0,ref_delete,store_refs_apparent_bytes,949957
tree,tree/lifecycle,fs-sha256,0,gc,allocated_after_gc,1654943744
tree,tree/lifecycle,fs-sha256,0,gc,allocated_before_delete,1663836160
tree,tree/lifecycle,fs-sha256,0,gc,allocated_before_gc,1661935616
tree,tree/lifecycle,fs-sha256,0,gc,store_refs_allocated_bytes,954368
tree,tree/lifecycle,fs-sha256,0,gc,store_refs_apparent_bytes,949957
backup,backup/retention,amber-go,0,backup_initial,store_closures_allocated_bytes,4096
backup,backup/retention,amber-go,0,backup_initial,store_closures_apparent_bytes,0
backup,backup/retention,amber-go,0,backup_initial,store_packstore_allocated_bytes,723927040
backup,backup/retention,amber-go,0,backup_initial,store_packstore_apparent_bytes,723848788
backup,backup/retention,amber-go,0,backup_initial,store_refs_allocated_bytes,4628480
backup,backup/retention,amber-go,0,backup_initial,store_refs_apparent_bytes,2919
backup,backup/retention,amber-go,0,backup_unchanged,store_closures_allocated_bytes,4096
backup,backup/retention,amber-go,0,backup_unchanged,store_closures_apparent_bytes,0
backup,backup/retention,amber-go,0,backup_unchanged,store_packstore_allocated_bytes,723927040
backup,backup/retention,amber-go,0,backup_unchanged,store_packstore_apparent_bytes,723848788
backup,backup/retention,amber-go,0,backup_unchanged,store_refs_allocated_bytes,4636672
backup,backup/retention,amber-go,0,backup_unchanged,store_refs_apparent_bytes,3646
backup,backup/retention,amber-go,0,backup_changed,store_closures_allocated_bytes,4096
backup,backup/retention,amber-go,0,backup_changed,store_closures_apparent_bytes,0
backup,backup/retention,amber-go,0,backup_changed,store_packstore_allocated_bytes,729882624
backup,backup/retention,amber-go,0,backup_changed,store_packstore_apparent_bytes,729801545
backup,backup/retention,amber-go,0,backup_changed,store_refs_allocated_bytes,4640768
backup,backup/retention,amber-go,0,backup_changed,store_refs_apparent_bytes,4379
backup,backup/retention,amber-go,0,backup_changed_again,store_closures_allocated_bytes,4096
backup,backup/retention,amber-go,0,backup_changed_again,store_closures_apparent_bytes,0
backup,backup/retention,amber-go,0,backup_changed_again,store_packstore_allocated_bytes,735768576
backup,backup/retention,amber-go,0,backup_changed_again,store_packstore_apparent_bytes,735689096
backup,backup/retention,amber-go,0,backup_changed_again,store_refs_allocated_bytes,4644864
backup,backup/retention,amber-go,0,backup_changed_again,store_refs_apparent_bytes,5099
backup,backup/retention,amber-go,0,list_snapshot,cli_invocations,168
backup,backup/retention,amber-go,0,list_snapshot,entries,5842
backup,backup/retention,amber-go,0,forget_oldest,store_closures_allocated_bytes,4096
backup,backup/retention,amber-go,0,forget_oldest,store_closures_apparent_bytes,0
backup,backup/retention,amber-go,0,forget_oldest,store_packstore_allocated_bytes,735768576
backup,backup/retention,amber-go,0,forget_oldest,store_packstore_apparent_bytes,735689096
backup,backup/retention,amber-go,0,forget_oldest,store_refs_allocated_bytes,4636672
backup,backup/retention,amber-go,0,forget_oldest,store_refs_apparent_bytes,4206
backup,backup/retention,amber-go,0,age_sealed_segments,segments_aged,11
backup,backup/retention,amber-go,0,prune,allocated_after_prune,731062272
backup,backup/retention,amber-go,0,prune,allocated_before_forget,735813632
backup,backup/retention,amber-go,0,prune,reclaimed_packstore_bytes,4743168
backup,backup/retention,amber-go,0,prune,store_closures_allocated_bytes,4096
backup,backup/retention,amber-go,0,prune,store_closures_apparent_bytes,0
backup,backup/retention,amber-go,0,prune,store_packstore_allocated_bytes,731025408
backup,backup/retention,amber-go,0,prune,store_packstore_apparent_bytes,730954235
backup,backup/retention,amber-go,0,prune,store_refs_allocated_bytes,28672
backup,backup/retention,amber-go,0,prune,store_refs_apparent_bytes,4702
blob,blob/source-history,git-bundle-s3,0,push_initial,s3_bytes_down,2685
blob,blob/source-history,git-bundle-s3,0,push_initial,s3_bytes_up,114181574
blob,blob/source-history,git-bundle-s3,0,push_initial,s3_connections,4
blob,blob/source-history,git-bundle-s3,0,push_initial,s3_request_body_bytes,114173694
blob,blob/source-history,git-bundle-s3,0,push_initial,s3_requests_GET,2
blob,blob/source-history,git-bundle-s3,0,push_initial,s3_requests_POST,2
blob,blob/source-history,git-bundle-s3,0,push_initial,s3_requests_PUT,7
blob,blob/source-history,git-bundle-s3,0,push_initial,s3_requests_total,11
blob,blob/source-history,git-bundle-s3,0,push_initial,s3_response_body_bytes,1487
blob,blob/source-history,git-bundle-s3,0,push_initial,s3_responses_2xx,10
blob,blob/source-history,git-bundle-s3,0,push_initial,s3_responses_4xx,1
blob,blob/source-history,git-bundle-s3,0,push_initial,stored_bytes,114015806
blob,blob/source-history,git-bundle-s3,0,push_initial,stored_objects,1
blob,blob/source-history,git-bundle-s3,0,push_noop,s3_bytes_down,1152
blob,blob/source-history,git-bundle-s3,0,push_noop,s3_bytes_up,1202
blob,blob/source-history,git-bundle-s3,0,push_noop,s3_connections,1
blob,blob/source-history,git-bundle-s3,0,push_noop,s3_request_body_bytes,0
blob,blob/source-history,git-bundle-s3,0,push_noop,s3_requests_GET,2
blob,blob/source-history,git-bundle-s3,0,push_noop,s3_requests_total,2
blob,blob/source-history,git-bundle-s3,0,push_noop,s3_response_body_bytes,927
blob,blob/source-history,git-bundle-s3,0,push_noop,s3_responses_2xx,1
blob,blob/source-history,git-bundle-s3,0,push_noop,s3_responses_4xx,1
blob,blob/source-history,git-bundle-s3,0,push_noop,stored_bytes,114015806
blob,blob/source-history,git-bundle-s3,0,push_noop,stored_objects,1
blob,blob/source-history,git-bundle-s3,0,pull_fresh,delivered_logical_bytes,4314044416
blob,blob/source-history,git-bundle-s3,0,pull_fresh,delivered_references,39
blob,blob/source-history,git-bundle-s3,0,pull_fresh,s3_bytes_down,114018108
blob,blob/source-history,git-bundle-s3,0,pull_fresh,s3_bytes_up,3108
blob,blob/source-history,git-bundle-s3,0,pull_fresh,s3_connections,1
blob,blob/source-history,git-bundle-s3,0,pull_fresh,s3_request_body_bytes,0
blob,blob/source-history,git-bundle-s3,0,pull_fresh,s3_requests_GET,4
blob,blob/source-history,git-bundle-s3,0,pull_fresh,s3_requests_HEAD,1
blob,blob/source-history,git-bundle-s3,0,pull_fresh,s3_requests_total,5
blob,blob/source-history,git-bundle-s3,0,pull_fresh,s3_response_body_bytes,114017425
blob,blob/source-history,git-bundle-s3,0,pull_fresh,s3_responses_2xx,3
blob,blob/source-history,git-bundle-s3,0,pull_fresh,s3_responses_4xx,2
blob,blob/source-history,git-bundle-s3,0,pull_fresh,stored_bytes,114015806
blob,blob/source-history,git-bundle-s3,0,pull_fresh,stored_objects,1
blob,blob/source-history,git-bundle-s3,0,push_incremental,s3_bytes_down,1353
blob,blob/source-history,git-bundle-s3,0,push_incremental,s3_bytes_up,246664
blob,blob/source-history,git-bundle-s3,0,push_incremental,s3_connections,1
blob,blob/source-history,git-bundle-s3,0,push_incremental,s3_request_body_bytes,244751
blob,blob/source-history,git-bundle-s3,0,push_incremental,s3_requests_GET,2
blob,blob/source-history,git-bundle-s3,0,push_incremental,s3_requests_PUT,1
blob,blob/source-history,git-bundle-s3,0,push_incremental,s3_requests_total,3
blob,blob/source-history,git-bundle-s3,0,push_incremental,s3_response_body_bytes,927
blob,blob/source-history,git-bundle-s3,0,push_incremental,s3_responses_2xx,2
blob,blob/source-history,git-bundle-s3,0,push_incremental,s3_responses_4xx,1
blob,blob/source-history,git-bundle-s3,0,push_incremental,stored_bytes,114260112
blob,blob/source-history,git-bundle-s3,0,push_incremental,stored_objects,2
blob,blob/source-history,git-bundle-s3,0,pull_incremental,delivered_logical_bytes,1438015488
blob,blob/source-history,git-bundle-s3,0,pull_incremental,delivered_references,13
blob,blob/source-history,git-bundle-s3,0,pull_incremental,s3_bytes_down,248037
blob,blob/source-history,git-bundle-s3,0,pull_incremental,s3_bytes_up,3948
blob,blob/source-history,git-bundle-s3,0,pull_incremental,s3_connections,1
blob,blob/source-history,git-bundle-s3,0,pull_incremental,s3_request_body_bytes,0
blob,blob/source-history,git-bundle-s3,0,pull_incremental,s3_requests_GET,5
blob,blob/source-history,git-bundle-s3,0,pull_incremental,s3_requests_HEAD,1
blob,blob/source-history,git-bundle-s3,0,pull_incremental,s3_requests_total,6
blob,blob/source-history,git-bundle-s3,0,pull_incremental,s3_response_body_bytes,247251
blob,blob/source-history,git-bundle-s3,0,pull_incremental,s3_responses_2xx,4
blob,blob/source-history,git-bundle-s3,0,pull_incremental,s3_responses_4xx,2
blob,blob/source-history,git-bundle-s3,0,pull_incremental,stored_bytes,114260112
blob,blob/source-history,git-bundle-s3,0,pull_incremental,stored_objects,2
blob,blob/source-history,git-bundle-s3,0,retention_cleanup,retained_logical_bytes,5752059904
blob,blob/source-history,git-bundle-s3,0,retention_cleanup,retained_references,52
blob,blob/source-history,git-bundle-s3,0,retention_cleanup,s3_bytes_down,5459
blob,blob/source-history,git-bundle-s3,0,retention_cleanup,s3_bytes_up,114430414
blob,blob/source-history,git-bundle-s3,0,retention_cleanup,s3_connections,6
blob,blob/source-history,git-bundle-s3,0,retention_cleanup,s3_request_body_bytes,114417725
blob,blob/source-history,git-bundle-s3,0,retention_cleanup,s3_requests_GET,4
blob,blob/source-history,git-bundle-s3,0,retention_cleanup,s3_requests_HEAD,4
blob,blob/source-history,git-bundle-s3,0,retention_cleanup,s3_requests_POST,4
blob,blob/source-history,git-bundle-s3,0,retention_cleanup,s3_requests_PUT,7
blob,blob/source-history,git-bundle-s3,0,retention_cleanup,s3_requests_total,19
blob,blob/source-history,git-bundle-s3,0,retention_cleanup,s3_response_body_bytes,2881
blob,blob/source-history,git-bundle-s3,0,retention_cleanup,s3_responses_2xx,16
blob,blob/source-history,git-bundle-s3,0,retention_cleanup,s3_responses_4xx,3
blob,blob/source-history,git-bundle-s3,0,retention_cleanup,stored_bytes,114259164
blob,blob/source-history,git-bundle-s3,0,retention_cleanup,stored_objects,1
nix,nix/closure,amber-go,0,import_initial,store_closures_allocated_bytes,4096
nix,nix/closure,amber-go,0,import_initial,store_closures_apparent_bytes,0
nix,nix/closure,amber-go,0,import_initial,store_packstore_allocated_bytes,109232128
nix,nix/closure,amber-go,0,import_initial,store_packstore_apparent_bytes,109219570
nix,nix/closure,amber-go,0,import_initial,store_refs_allocated_bytes,4661248
nix,nix/closure,amber-go,0,import_initial,store_refs_apparent_bytes,10248
nix,nix/closure,amber-go,0,import_repeat,store_closures_allocated_bytes,4096
nix,nix/closure,amber-go,0,import_repeat,store_closures_apparent_bytes,0
nix,nix/closure,amber-go,0,import_repeat,store_packstore_allocated_bytes,109232128
nix,nix/closure,amber-go,0,import_repeat,store_packstore_apparent_bytes,109219570
nix,nix/closure,amber-go,0,import_repeat,store_refs_allocated_bytes,4661248
nix,nix/closure,amber-go,0,import_repeat,store_refs_apparent_bytes,10931
nix,nix/closure,amber-go,0,import_incremental,store_closures_allocated_bytes,4096
nix,nix/closure,amber-go,0,import_incremental,store_closures_apparent_bytes,0
nix,nix/closure,amber-go,0,import_incremental,store_packstore_allocated_bytes,126033920
nix,nix/closure,amber-go,0,import_incremental,store_packstore_apparent_bytes,126017750
nix,nix/closure,amber-go,0,import_incremental,store_refs_allocated_bytes,4657152
nix,nix/closure,amber-go,0,import_incremental,store_refs_apparent_bytes,10087
nix,nix/closure,amber-go,0,delete_path,store_closures_allocated_bytes,4096
nix,nix/closure,amber-go,0,delete_path,store_closures_apparent_bytes,0
nix,nix/closure,amber-go,0,delete_path,store_packstore_allocated_bytes,126033920
nix,nix/closure,amber-go,0,delete_path,store_packstore_apparent_bytes,126017750
nix,nix/closure,amber-go,0,delete_path,store_refs_allocated_bytes,4661248
nix,nix/closure,amber-go,0,delete_path,store_refs_apparent_bytes,11187
nix,nix/closure,amber-go,0,age_sealed_segments,segments_aged,2
nix,nix/closure,amber-go,0,gc,allocated_before_delete,126091264
nix,nix/closure,amber-go,0,gc,reclaimed_packstore_bytes,-40960
nix,nix/closure,amber-go,0,gc,store_closures_allocated_bytes,4096
nix,nix/closure,amber-go,0,gc,store_closures_apparent_bytes,0
nix,nix/closure,amber-go,0,gc,store_packstore_allocated_bytes,126074880
nix,nix/closure,amber-go,0,gc,store_packstore_apparent_bytes,126058036
nix,nix/closure,amber-go,0,gc,store_refs_allocated_bytes,24576
nix,nix/closure,amber-go,0,gc,store_refs_apparent_bytes,7309
blob,blob/source-history,amber-go-s3,0,push_initial,s3_bytes_down,12971
blob,blob/source-history,amber-go-s3,0,push_initial,s3_bytes_up,116255149
blob,blob/source-history,amber-go-s3,0,push_initial,s3_connections,12
blob,blob/source-history,amber-go-s3,0,push_initial,s3_request_body_bytes,116213406
blob,blob/source-history,amber-go-s3,0,push_initial,s3_requests_GET,2
blob,blob/source-history,amber-go-s3,0,push_initial,s3_requests_POST,4
blob,blob/source-history,amber-go-s3,0,push_initial,s3_requests_PUT,53
blob,blob/source-history,amber-go-s3,0,push_initial,s3_requests_total,59
blob,blob/source-history,amber-go-s3,0,push_initial,s3_response_body_bytes,2457
blob,blob/source-history,amber-go-s3,0,push_initial,s3_responses_2xx,58
blob,blob/source-history,amber-go-s3,0,push_initial,s3_responses_4xx,1
blob,blob/source-history,amber-go-s3,0,push_initial,stored_bytes,116044895
blob,blob/source-history,amber-go-s3,0,push_initial,stored_objects,47
blob,blob/source-history,amber-go-s3,0,push_noop,s3_bytes_down,14913
blob,blob/source-history,amber-go-s3,0,push_noop,s3_bytes_up,1198
blob,blob/source-history,amber-go-s3,0,push_noop,s3_connections,1
blob,blob/source-history,amber-go-s3,0,push_noop,s3_request_body_bytes,0
blob,blob/source-history,amber-go-s3,0,push_noop,s3_requests_GET,2
blob,blob/source-history,amber-go-s3,0,push_noop,s3_requests_total,2
blob,blob/source-history,amber-go-s3,0,push_noop,s3_response_body_bytes,14686
blob,blob/source-history,amber-go-s3,0,push_noop,s3_responses_2xx,1
blob,blob/source-history,amber-go-s3,0,push_noop,s3_responses_4xx,1
blob,blob/source-history,amber-go-s3,0,push_noop,stored_bytes,116044895
blob,blob/source-history,amber-go-s3,0,push_noop,stored_objects,47
blob,blob/source-history,amber-go-s3,0,pull_fresh,delivered_logical_bytes,4314044416
blob,blob/source-history,amber-go-s3,0,pull_fresh,delivered_references,39
blob,blob/source-history,amber-go-s3,0,pull_fresh,s3_bytes_down,116072175
blob,blob/source-history,amber-go-s3,0,pull_fresh,s3_bytes_up,31794
blob,blob/source-history,amber-go-s3,0,pull_fresh,s3_connections,12
blob,blob/source-history,amber-go-s3,0,pull_fresh,s3_request_body_bytes,0
blob,blob/source-history,amber-go-s3,0,pull_fresh,s3_requests_GET,51
blob,blob/source-history,amber-go-s3,0,pull_fresh,s3_requests_HEAD,1
blob,blob/source-history,amber-go-s3,0,pull_fresh,s3_requests_total,52
blob,blob/source-history,amber-go-s3,0,pull_fresh,s3_response_body_bytes,116060951
blob,blob/source-history,amber-go-s3,0,pull_fresh,s3_responses_2xx,50
blob,blob/source-history,amber-go-s3,0,pull_fresh,s3_responses_4xx,2
blob,blob/source-history,amber-go-s3,0,pull_fresh,stored_bytes,116044895
blob,blob/source-history,amber-go-s3,0,pull_fresh,stored_objects,47
blob,blob/source-history,amber-go-s3,0,push_incremental,s3_bytes_down,22903
blob,blob/source-history,amber-go-s3,0,push_incremental,s3_bytes_up,49675097
blob,blob/source-history,amber-go-s3,0,push_incremental,s3_connections,14
blob,blob/source-history,amber-go-s3,0,push_incremental,s3_request_body_bytes,49653623
blob,blob/source-history,amber-go-s3,0,push_incremental,s3_requests_GET,2
blob,blob/source-history,amber-go-s3,0,push_incremental,s3_requests_POST,7
blob,blob/source-history,amber-go-s3,0,push_incremental,s3_requests_PUT,22
blob,blob/source-history,amber-go-s3,0,push_incremental,s3_requests_total,31
blob,blob/source-history,amber-go-s3,0,push_incremental,s3_response_body_bytes,17812
blob,blob/source-history,amber-go-s3,0,push_incremental,s3_responses_2xx,30
blob,blob/source-history,amber-go-s3,0,push_incremental,s3_responses_4xx,1
blob,blob/source-history,amber-go-s3,0,push_incremental,stored_bytes,116877453
blob,blob/source-history,amber-go-s3,0,push_incremental,stored_objects,60
blob,blob/source-history,amber-go-s3,0,pull_incremental,delivered_logical_bytes,1438015488
blob,blob/source-history,amber-go-s3,0,pull_incremental,delivered_references,13
blob,blob/source-history,amber-go-s3,0,pull_incremental,s3_bytes_down,49605956
blob,blob/source-history,amber-go-s3,0,pull_incremental,s3_bytes_up,15449
blob,blob/source-history,amber-go-s3,0,pull_incremental,s3_connections,10
blob,blob/source-history,amber-go-s3,0,pull_incremental,s3_request_body_bytes,0
blob,blob/source-history,amber-go-s3,0,pull_incremental,s3_requests_GET,24
blob,blob/source-history,amber-go-s3,0,pull_incremental,s3_requests_HEAD,1
blob,blob/source-history,amber-go-s3,0,pull_incremental,s3_requests_total,25
blob,blob/source-history,amber-go-s3,0,pull_incremental,s3_response_body_bytes,49600866
blob,blob/source-history,amber-go-s3,0,pull_incremental,s3_responses_2xx,23
blob,blob/source-history,amber-go-s3,0,pull_incremental,s3_responses_4xx,2
blob,blob/source-history,amber-go-s3,0,pull_incremental,stored_bytes,116877453
blob,blob/source-history,amber-go-s3,0,pull_incremental,stored_objects,60
blob,blob/source-history,amber-go-s3,0,age_sealed_segments,segments_aged,2
blob,blob/source-history,amber-go-s3,0,retention_cleanup,retained_logical_bytes,1438015488
blob,blob/source-history,amber-go-s3,0,retention_cleanup,retained_references,13
blob,blob/source-history,amber-go-s3,0,retention_cleanup,s3_bytes_down,62124
blob,blob/source-history,amber-go-s3,0,retention_cleanup,s3_bytes_up,108057733
blob,blob/source-history,amber-go-s3,0,retention_cleanup,s3_connections,37
blob,blob/source-history,amber-go-s3,0,retention_cleanup,s3_request_body_bytes,107981306
blob,blob/source-history,amber-go-s3,0,retention_cleanup,s3_requests_GET,2
blob,blob/source-history,amber-go-s3,0,retention_cleanup,s3_requests_POST,62
blob,blob/source-history,amber-go-s3,0,retention_cleanup,s3_requests_PUT,52
blob,blob/source-history,amber-go-s3,0,retention_cleanup,s3_requests_total,116
blob,blob/source-history,amber-go-s3,0,retention_cleanup,s3_response_body_bytes,45461
blob,blob/source-history,amber-go-s3,0,retention_cleanup,s3_responses_2xx,115
blob,blob/source-history,amber-go-s3,0,retention_cleanup,s3_responses_4xx,1
blob,blob/source-history,amber-go-s3,0,retention_cleanup,stored_bytes,107815176
blob,blob/source-history,amber-go-s3,0,retention_cleanup,stored_objects,48
tree,tree/lifecycle,restic,0,ingest_fresh,store_data_allocated_bytes,738787328
tree,tree/lifecycle,restic,0,ingest_fresh,store_data_apparent_bytes,737654668
tree,tree/lifecycle,restic,0,ingest_fresh,store_index_allocated_bytes,307200
tree,tree/lifecycle,restic,0,ingest_fresh,store_index_apparent_bytes,303018
tree,tree/lifecycle,restic,0,ingest_fresh,store_snapshots_allocated_bytes,8192
tree,tree/lifecycle,restic,0,ingest_fresh,store_snapshots_apparent_bytes,415
tree,tree/lifecycle,restic,0,ingest_repeat,store_data_allocated_bytes,738787328
tree,tree/lifecycle,restic,0,ingest_repeat,store_data_apparent_bytes,737654668
tree,tree/lifecycle,restic,0,ingest_repeat,store_index_allocated_bytes,307200
tree,tree/lifecycle,restic,0,ingest_repeat,store_index_apparent_bytes,303018
tree,tree/lifecycle,restic,0,ingest_repeat,store_snapshots_allocated_bytes,12288
tree,tree/lifecycle,restic,0,ingest_repeat,store_snapshots_apparent_bytes,867
tree,tree/lifecycle,restic,0,ingest_changed,store_data_allocated_bytes,744947712
tree,tree/lifecycle,restic,0,ingest_changed,store_data_apparent_bytes,743808735
tree,tree/lifecycle,restic,0,ingest_changed,store_index_allocated_bytes,360448
tree,tree/lifecycle,restic,0,ingest_changed,store_index_apparent_bytes,352871
tree,tree/lifecycle,restic,0,ingest_changed,store_snapshots_allocated_bytes,16384
tree,tree/lifecycle,restic,0,ingest_changed,store_snapshots_apparent_bytes,1278
tree,tree/lifecycle,restic,0,ref_delete,store_data_allocated_bytes,744947712
tree,tree/lifecycle,restic,0,ref_delete,store_data_apparent_bytes,743808735
tree,tree/lifecycle,restic,0,ref_delete,store_index_allocated_bytes,360448
tree,tree/lifecycle,restic,0,ref_delete,store_index_apparent_bytes,352871
tree,tree/lifecycle,restic,0,ref_delete,store_snapshots_allocated_bytes,8192
tree,tree/lifecycle,restic,0,ref_delete,store_snapshots_apparent_bytes,411
tree,tree/lifecycle,restic,0,gc,allocated_after_gc,739532800
tree,tree/lifecycle,restic,0,gc,allocated_before_delete,745345024
tree,tree/lifecycle,restic,0,gc,allocated_before_gc,745336832
tree,tree/lifecycle,restic,0,gc,store_data_allocated_bytes,739192832
tree,tree/lifecycle,restic,0,gc,store_data_apparent_bytes,738049567
tree,tree/lifecycle,restic,0,gc,store_index_allocated_bytes,311296
tree,tree/lifecycle,restic,0,gc,store_index_apparent_bytes,303770
tree,tree/lifecycle,restic,0,gc,store_snapshots_allocated_bytes,8192
tree,tree/lifecycle,restic,0,gc,store_snapshots_apparent_bytes,411
git,git/history,amber-rust,1,history_store,backend_commands,39
git,git/history,amber-rust,1,history_store,commits,39
git,git/history,amber-rust,1,history_store,store_closures_allocated_bytes,4096
git,git/history,amber-rust,1,history_store,store_closures_apparent_bytes,0
git,git/history,amber-rust,1,history_store,store_packstore_allocated_bytes,116027392
git,git/history,amber-rust,1,history_store,store_packstore_apparent_bytes,116018646
git,git/history,amber-rust,1,history_store,store_refs_allocated_bytes,1634304
git,git/history,amber-rust,1,history_store,store_refs_apparent_bytes,3686400
git,git/history,amber-rust,1,history_store_incremental,backend_commands,13
git,git/history,amber-rust,1,history_store_incremental,commits,13
git,git/history,amber-rust,1,history_store_incremental,store_closures_allocated_bytes,4096
git,git/history,amber-rust,1,history_store_incremental,store_closures_apparent_bytes,0
git,git/history,amber-rust,1,history_store_incremental,store_packstore_allocated_bytes,116850688
git,git/history,amber-rust,1,history_store_incremental,store_packstore_apparent_bytes,116840790
git,git/history,amber-rust,1,history_store_incremental,store_refs_allocated_bytes,1642496
git,git/history,amber-rust,1,history_store_incremental,store_refs_apparent_bytes,3686400
git,git/history,amber-rust,1,list_head,cli_invocations,29
git,git/history,amber-rust,1,list_head,entries,1952
git,git/history,amber-rust,1,retained_version_coverage,versions_retained,52
git,git/history,amber-rust,1,retained_version_coverage,versions_unverified,0
git,git/history,amber-rust,1,retained_version_coverage,versions_verified,52
blob,blob/source-history,amber-go-s3,1,push_initial,s3_bytes_down,12971
blob,blob/source-history,amber-go-s3,1,push_initial,s3_bytes_up,116255061
blob,blob/source-history,amber-go-s3,1,push_initial,s3_connections,13
blob,blob/source-history,amber-go-s3,1,push_initial,s3_request_body_bytes,116213318
blob,blob/source-history,amber-go-s3,1,push_initial,s3_requests_GET,2
blob,blob/source-history,amber-go-s3,1,push_initial,s3_requests_POST,4
blob,blob/source-history,amber-go-s3,1,push_initial,s3_requests_PUT,53
blob,blob/source-history,amber-go-s3,1,push_initial,s3_requests_total,59
blob,blob/source-history,amber-go-s3,1,push_initial,s3_response_body_bytes,2457
blob,blob/source-history,amber-go-s3,1,push_initial,s3_responses_2xx,58
blob,blob/source-history,amber-go-s3,1,push_initial,s3_responses_4xx,1
blob,blob/source-history,amber-go-s3,1,push_initial,stored_bytes,116044807
blob,blob/source-history,amber-go-s3,1,push_initial,stored_objects,47
blob,blob/source-history,amber-go-s3,1,push_noop,s3_bytes_down,14913
blob,blob/source-history,amber-go-s3,1,push_noop,s3_bytes_up,1198
blob,blob/source-history,amber-go-s3,1,push_noop,s3_connections,1
blob,blob/source-history,amber-go-s3,1,push_noop,s3_request_body_bytes,0
blob,blob/source-history,amber-go-s3,1,push_noop,s3_requests_GET,2
blob,blob/source-history,amber-go-s3,1,push_noop,s3_requests_total,2
blob,blob/source-history,amber-go-s3,1,push_noop,s3_response_body_bytes,14686
blob,blob/source-history,amber-go-s3,1,push_noop,s3_responses_2xx,1
blob,blob/source-history,amber-go-s3,1,push_noop,s3_responses_4xx,1
blob,blob/source-history,amber-go-s3,1,push_noop,stored_bytes,116044807
blob,blob/source-history,amber-go-s3,1,push_noop,stored_objects,47
blob,blob/source-history,amber-go-s3,1,pull_fresh,delivered_logical_bytes,4314044416
blob,blob/source-history,amber-go-s3,1,pull_fresh,delivered_references,39
blob,blob/source-history,amber-go-s3,1,pull_fresh,s3_bytes_down,116072087
blob,blob/source-history,amber-go-s3,1,pull_fresh,s3_bytes_up,31794
blob,blob/source-history,amber-go-s3,1,pull_fresh,s3_connections,14
blob,blob/source-history,amber-go-s3,1,pull_fresh,s3_request_body_bytes,0
blob,blob/source-history,amber-go-s3,1,pull_fresh,s3_requests_GET,51
blob,blob/source-history,amber-go-s3,1,pull_fresh,s3_requests_HEAD,1
blob,blob/source-history,amber-go-s3,1,pull_fresh,s3_requests_total,52
blob,blob/source-history,amber-go-s3,1,pull_fresh,s3_response_body_bytes,116060863
blob,blob/source-history,amber-go-s3,1,pull_fresh,s3_responses_2xx,50
blob,blob/source-history,amber-go-s3,1,pull_fresh,s3_responses_4xx,2
blob,blob/source-history,amber-go-s3,1,pull_fresh,stored_bytes,116044807
blob,blob/source-history,amber-go-s3,1,pull_fresh,stored_objects,47
blob,blob/source-history,amber-go-s3,1,push_incremental,s3_bytes_down,22903
blob,blob/source-history,amber-go-s3,1,push_incremental,s3_bytes_up,49649621
blob,blob/source-history,amber-go-s3,1,push_incremental,s3_connections,12
blob,blob/source-history,amber-go-s3,1,push_incremental,s3_request_body_bytes,49628147
blob,blob/source-history,amber-go-s3,1,push_incremental,s3_requests_GET,2
blob,blob/source-history,amber-go-s3,1,push_incremental,s3_requests_POST,7
blob,blob/source-history,amber-go-s3,1,push_incremental,s3_requests_PUT,22
blob,blob/source-history,amber-go-s3,1,push_incremental,s3_requests_total,31
blob,blob/source-history,amber-go-s3,1,push_incremental,s3_response_body_bytes,17812
blob,blob/source-history,amber-go-s3,1,push_incremental,s3_responses_2xx,30
blob,blob/source-history,amber-go-s3,1,push_incremental,s3_responses_4xx,1
blob,blob/source-history,amber-go-s3,1,push_incremental,stored_bytes,116877365
blob,blob/source-history,amber-go-s3,1,push_incremental,stored_objects,60
blob,blob/source-history,amber-go-s3,1,pull_incremental,delivered_logical_bytes,1438015488
blob,blob/source-history,amber-go-s3,1,pull_incremental,delivered_references,13
blob,blob/source-history,amber-go-s3,1,pull_incremental,s3_bytes_down,49580570
blob,blob/source-history,amber-go-s3,1,pull_incremental,s3_bytes_up,15449
blob,blob/source-history,amber-go-s3,1,pull_incremental,s3_connections,11
blob,blob/source-history,amber-go-s3,1,pull_incremental,s3_request_body_bytes,0
blob,blob/source-history,amber-go-s3,1,pull_incremental,s3_requests_GET,24
blob,blob/source-history,amber-go-s3,1,pull_incremental,s3_requests_HEAD,1
blob,blob/source-history,amber-go-s3,1,pull_incremental,s3_requests_total,25
blob,blob/source-history,amber-go-s3,1,pull_incremental,s3_response_body_bytes,49575480
blob,blob/source-history,amber-go-s3,1,pull_incremental,s3_responses_2xx,23
blob,blob/source-history,amber-go-s3,1,pull_incremental,s3_responses_4xx,2
blob,blob/source-history,amber-go-s3,1,pull_incremental,stored_bytes,116877365
blob,blob/source-history,amber-go-s3,1,pull_incremental,stored_objects,60
blob,blob/source-history,amber-go-s3,1,age_sealed_segments,segments_aged,2
blob,blob/source-history,amber-go-s3,1,retention_cleanup,retained_logical_bytes,1438015488
blob,blob/source-history,amber-go-s3,1,retention_cleanup,retained_references,13
blob,blob/source-history,amber-go-s3,1,retention_cleanup,s3_bytes_down,62124
blob,blob/source-history,amber-go-s3,1,retention_cleanup,s3_bytes_up,108057733
blob,blob/source-history,amber-go-s3,1,retention_cleanup,s3_connections,37
blob,blob/source-history,amber-go-s3,1,retention_cleanup,s3_request_body_bytes,107981306
blob,blob/source-history,amber-go-s3,1,retention_cleanup,s3_requests_GET,2
blob,blob/source-history,amber-go-s3,1,retention_cleanup,s3_requests_POST,62
blob,blob/source-history,amber-go-s3,1,retention_cleanup,s3_requests_PUT,52
blob,blob/source-history,amber-go-s3,1,retention_cleanup,s3_requests_total,116
blob,blob/source-history,amber-go-s3,1,retention_cleanup,s3_response_body_bytes,45461
blob,blob/source-history,amber-go-s3,1,retention_cleanup,s3_responses_2xx,115
blob,blob/source-history,amber-go-s3,1,retention_cleanup,s3_responses_4xx,1
blob,blob/source-history,amber-go-s3,1,retention_cleanup,stored_bytes,107815265
blob,blob/source-history,amber-go-s3,1,retention_cleanup,stored_objects,48
nix,nix/closure,nix,1,gc,allocated_before_delete,277172224
tree,tree/lifecycle,amber-go,1,ingest_fresh,store_closures_allocated_bytes,4096
tree,tree/lifecycle,amber-go,1,ingest_fresh,store_closures_apparent_bytes,0
tree,tree/lifecycle,amber-go,1,ingest_fresh,store_packstore_allocated_bytes,723861504
tree,tree/lifecycle,amber-go,1,ingest_fresh,store_packstore_apparent_bytes,723787576
tree,tree/lifecycle,amber-go,1,ingest_fresh,store_refs_allocated_bytes,4628480
tree,tree/lifecycle,amber-go,1,ingest_fresh,store_refs_apparent_bytes,2917
tree,tree/lifecycle,amber-go,1,ingest_repeat,store_closures_allocated_bytes,4096
tree,tree/lifecycle,amber-go,1,ingest_repeat,store_closures_apparent_bytes,0
tree,tree/lifecycle,amber-go,1,ingest_repeat,store_packstore_allocated_bytes,723861504
tree,tree/lifecycle,amber-go,1,ingest_repeat,store_packstore_apparent_bytes,723787576
tree,tree/lifecycle,amber-go,1,ingest_repeat,store_refs_allocated_bytes,4636672
tree,tree/lifecycle,amber-go,1,ingest_repeat,store_refs_apparent_bytes,3640
tree,tree/lifecycle,amber-go,1,ingest_changed,store_closures_allocated_bytes,4096
tree,tree/lifecycle,amber-go,1,ingest_changed,store_closures_apparent_bytes,0
tree,tree/lifecycle,amber-go,1,ingest_changed,store_packstore_allocated_bytes,729812992
tree,tree/lifecycle,amber-go,1,ingest_changed,store_packstore_apparent_bytes,729740333
tree,tree/lifecycle,amber-go,1,ingest_changed,store_refs_allocated_bytes,4640768
tree,tree/lifecycle,amber-go,1,ingest_changed,store_refs_apparent_bytes,4367
tree,tree/lifecycle,amber-go,1,list_recursive,cli_invocations,167
tree,tree/lifecycle,amber-go,1,list_recursive,directories,166
tree,tree/lifecycle,amber-go,1,list_recursive,entries,5842
tree,tree/lifecycle,amber-go,1,ref_delete,store_closures_allocated_bytes,4096
tree,tree/lifecycle,amber-go,1,ref_delete,store_closures_apparent_bytes,0
tree,tree/lifecycle,amber-go,1,ref_delete,store_packstore_allocated_bytes,729812992
tree,tree/lifecycle,amber-go,1,ref_delete,store_packstore_apparent_bytes,729740333
tree,tree/lifecycle,amber-go,1,ref_delete,store_refs_allocated_bytes,4636672
tree,tree/lifecycle,amber-go,1,ref_delete,store_refs_apparent_bytes,4029
tree,tree/lifecycle,amber-go,1,age_sealed_segments,segments_aged,11
tree,tree/lifecycle,amber-go,1,gc,allocated_after_gc,725413888
tree,tree/lifecycle,amber-go,1,gc,allocated_before_delete,729853952
tree,tree/lifecycle,amber-go,1,gc,allocated_before_gc,734457856
tree,tree/lifecycle,amber-go,1,gc,reclaimed_packstore_bytes,4435968
tree,tree/lifecycle,amber-go,1,gc,store_closures_allocated_bytes,4096
tree,tree/lifecycle,amber-go,1,gc,store_closures_apparent_bytes,0
tree,tree/lifecycle,amber-go,1,gc,store_packstore_allocated_bytes,725377024
tree,tree/lifecycle,amber-go,1,gc,store_packstore_apparent_bytes,725318174
tree,tree/lifecycle,amber-go,1,gc,store_refs_allocated_bytes,28672
tree,tree/lifecycle,amber-go,1,gc,store_refs_apparent_bytes,4570
git,git/history,git,1,history_store,backend_commands,85
git,git/history,git,1,history_store,commits,39
git,git/history,git,1,history_store,store_refs_allocated_bytes,36864
git,git/history,git,1,history_store,store_refs_apparent_bytes,205
git,git/history,git,1,history_store_incremental,backend_commands,26
git,git/history,git,1,history_store_incremental,commits,13
git,git/history,git,1,history_store_incremental,store_refs_allocated_bytes,36864
git,git/history,git,1,history_store_incremental,store_refs_apparent_bytes,205
git,git/history,git,1,retained_version_coverage,versions_retained,52
git,git/history,git,1,retained_version_coverage,versions_unverified,0
git,git/history,git,1,retained_version_coverage,versions_verified,52
git,git/history,amber-go,1,history_store,backend_commands,39
git,git/history,amber-go,1,history_store,commits,39
git,git/history,amber-go,1,history_store,store_closures_allocated_bytes,4096
git,git/history,amber-go,1,history_store,store_closures_apparent_bytes,0
git,git/history,amber-go,1,history_store,store_packstore_allocated_bytes,116027392
git,git/history,amber-go,1,history_store,store_packstore_apparent_bytes,116013273
git,git/history,amber-go,1,history_store,store_refs_allocated_bytes,4788224
git,git/history,amber-go,1,history_store,store_refs_apparent_bytes,31402
git,git/history,amber-go,1,history_store_incremental,backend_commands,13
git,git/history,amber-go,1,history_store_incremental,commits,13
git,git/history,amber-go,1,history_store_incremental,store_closures_allocated_bytes,4096
git,git/history,amber-go,1,history_store_incremental,store_closures_apparent_bytes,0
git,git/history,amber-go,1,history_store_incremental,store_packstore_allocated_bytes,116850688
git,git/history,amber-go,1,history_store_incremental,store_packstore_apparent_bytes,116836081
git,git/history,amber-go,1,history_store_incremental,store_refs_allocated_bytes,4841472
git,git/history,amber-go,1,history_store_incremental,store_refs_apparent_bytes,41152
git,git/history,amber-go,1,list_head,cli_invocations,29
git,git/history,amber-go,1,list_head,entries,1952
git,git/history,amber-go,1,retained_version_coverage,versions_retained,52
git,git/history,amber-go,1,retained_version_coverage,versions_unverified,0
git,git/history,amber-go,1,retained_version_coverage,versions_verified,52
blob,blob/backup-corpus,restic-s3,1,push_initial,s3_bytes_down,14163
blob,blob/backup-corpus,restic-s3,1,push_initial,s3_bytes_up,734402380
blob,blob/backup-corpus,restic-s3,1,push_initial,s3_connections,5
blob,blob/backup-corpus,restic-s3,1,push_initial,s3_request_body_bytes,734360748
blob,blob/backup-corpus,restic-s3,1,push_initial,s3_requests_DELETE,1
blob,blob/backup-corpus,restic-s3,1,push_initial,s3_requests_GET,8
blob,blob/backup-corpus,restic-s3,1,push_initial,s3_requests_HEAD,1
blob,blob/backup-corpus,restic-s3,1,push_initial,s3_requests_PUT,46
blob,blob/backup-corpus,restic-s3,1,push_initial,s3_requests_total,56
blob,blob/backup-corpus,restic-s3,1,push_initial,s3_response_body_bytes,3515
blob,blob/backup-corpus,restic-s3,1,push_initial,s3_responses_2xx,55
blob,blob/backup-corpus,restic-s3,1,push_initial,s3_responses_4xx,1
blob,blob/backup-corpus,restic-s3,1,push_initial,stored_bytes,733348013
blob,blob/backup-corpus,restic-s3,1,push_initial,stored_objects,47
blob,blob/backup-corpus,restic-s3,1,push_noop,s3_bytes_down,6022
blob,blob/backup-corpus,restic-s3,1,push_noop,s3_bytes_up,8514
blob,blob/backup-corpus,restic-s3,1,push_noop,s3_connections,1
blob,blob/backup-corpus,restic-s3,1,push_noop,s3_request_body_bytes,970
blob,blob/backup-corpus,restic-s3,1,push_noop,s3_requests_DELETE,1
blob,blob/backup-corpus,restic-s3,1,push_noop,s3_requests_GET,8
blob,blob/backup-corpus,restic-s3,1,push_noop,s3_requests_HEAD,1
blob,blob/backup-corpus,restic-s3,1,push_noop,s3_requests_PUT,2
blob,blob/backup-corpus,restic-s3,1,push_noop,s3_requests_total,12
blob,blob/backup-corpus,restic-s3,1,push_noop,s3_response_body_bytes,4218
blob,blob/backup-corpus,restic-s3,1,push_noop,s3_responses_2xx,11
blob,blob/backup-corpus,restic-s3,1,push_noop,s3_responses_4xx,1
blob,blob/backup-corpus,restic-s3,1,push_noop,stored_bytes,733348465
blob,blob/backup-corpus,restic-s3,1,push_noop,stored_objects,48
blob,blob/backup-corpus,restic-s3,1,pull_fresh,delivered_logical_bytes,2179569013
blob,blob/backup-corpus,restic-s3,1,pull_fresh,delivered_references,1
blob,blob/backup-corpus,restic-s3,1,pull_fresh,s3_bytes_down,733103337
blob,blob/backup-corpus,restic-s3,1,pull_fresh,s3_bytes_up,34760
blob,blob/backup-corpus,restic-s3,1,pull_fresh,s3_connections,5
blob,blob/backup-corpus,restic-s3,1,pull_fresh,s3_request_body_bytes,345
blob,blob/backup-corpus,restic-s3,1,pull_fresh,s3_requests_DELETE,1
blob,blob/backup-corpus,restic-s3,1,pull_fresh,s3_requests_GET,52
blob,blob/backup-corpus,restic-s3,1,pull_fresh,s3_requests_HEAD,1
blob,blob/backup-corpus,restic-s3,1,pull_fresh,s3_requests_PUT,1
blob,blob/backup-corpus,restic-s3,1,pull_fresh,s3_requests_total,55
blob,blob/backup-corpus,restic-s3,1,pull_fresh,s3_response_body_bytes,733089104
blob,blob/backup-corpus,restic-s3,1,pull_fresh,s3_responses_2xx,54
blob,blob/backup-corpus,restic-s3,1,pull_fresh,s3_responses_4xx,1
blob,blob/backup-corpus,restic-s3,1,pull_fresh,stored_bytes,733348465
blob,blob/backup-corpus,restic-s3,1,pull_fresh,stored_objects,48
blob,blob/backup-corpus,restic-s3,1,push_incremental,s3_bytes_down,6978
blob,blob/backup-corpus,restic-s3,1,push_incremental,s3_bytes_up,6222986
blob,blob/backup-corpus,restic-s3,1,push_incremental,s3_connections,1
blob,blob/backup-corpus,restic-s3,1,push_incremental,s3_request_body_bytes,6213131
blob,blob/backup-corpus,restic-s3,1,push_incremental,s3_requests_DELETE,1
blob,blob/backup-corpus,restic-s3,1,push_incremental,s3_requests_GET,8
blob,blob/backup-corpus,restic-s3,1,push_incremental,s3_requests_HEAD,1
blob,blob/backup-corpus,restic-s3,1,push_incremental,s3_requests_PUT,5
blob,blob/backup-corpus,restic-s3,1,push_incremental,s3_requests_total,15
blob,blob/backup-corpus,restic-s3,1,push_incremental,s3_response_body_bytes,4570
blob,blob/backup-corpus,restic-s3,1,push_incremental,s3_responses_2xx,14
blob,blob/backup-corpus,restic-s3,1,push_incremental,s3_responses_4xx,1
blob,blob/backup-corpus,restic-s3,1,push_incremental,stored_bytes,739552182
blob,blob/backup-corpus,restic-s3,1,push_incremental,stored_objects,52
blob,blob/backup-corpus,restic-s3,1,pull_incremental,delivered_logical_bytes,2179966963
blob,blob/backup-corpus,restic-s3,1,pull_incremental,delivered_references,1
blob,blob/backup-corpus,restic-s3,1,pull_incremental,s3_bytes_down,738480580
blob,blob/backup-corpus,restic-s3,1,pull_incremental,s3_bytes_up,35402
blob,blob/backup-corpus,restic-s3,1,pull_incremental,s3_connections,5
blob,blob/backup-corpus,restic-s3,1,pull_incremental,s3_request_body_bytes,345
blob,blob/backup-corpus,restic-s3,1,pull_incremental,s3_requests_DELETE,1
blob,blob/backup-corpus,restic-s3,1,pull_incremental,s3_requests_GET,53
blob,blob/backup-corpus,restic-s3,1,pull_incremental,s3_requests_HEAD,1
blob,blob/backup-corpus,restic-s3,1,pull_incremental,s3_requests_PUT,1
blob,blob/backup-corpus,restic-s3,1,pull_incremental,s3_requests_total,56
blob,blob/backup-corpus,restic-s3,1,pull_incremental,s3_response_body_bytes,738466049
blob,blob/backup-corpus,restic-s3,1,pull_incremental,s3_responses_2xx,55
blob,blob/backup-corpus,restic-s3,1,pull_incremental,s3_responses_4xx,1
blob,blob/backup-corpus,restic-s3,1,pull_incremental,stored_bytes,739552182
blob,blob/backup-corpus,restic-s3,1,pull_incremental,stored_objects,52
blob,blob/backup-corpus,restic-s3,1,retention_cleanup,retained_logical_bytes,2179966963
blob,blob/backup-corpus,restic-s3,1,retention_cleanup,retained_references,1
blob,blob/backup-corpus,restic-s3,1,retention_cleanup,s3_bytes_down,574615738
blob,blob/backup-corpus,restic-s3,1,retention_cleanup,s3_bytes_up,570967530
blob,blob/backup-corpus,restic-s3,1,retention_cleanup,s3_connections,7
blob,blob/backup-corpus,restic-s3,1,retention_cleanup,s3_request_body_bytes,570881000
blob,blob/backup-corpus,restic-s3,1,retention_cleanup,s3_requests_DELETE,41
blob,blob/backup-corpus,restic-s3,1,retention_cleanup,s3_requests_GET,49
blob,blob/backup-corpus,restic-s3,1,retention_cleanup,s3_requests_HEAD,2
blob,blob/backup-corpus,restic-s3,1,retention_cleanup,s3_requests_PUT,38
blob,blob/backup-corpus,restic-s3,1,retention_cleanup,s3_requests_total,130
blob,blob/backup-corpus,restic-s3,1,retention_cleanup,s3_response_body_bytes,574593314
blob,blob/backup-corpus,restic-s3,1,retention_cleanup,s3_responses_2xx,128
blob,blob/backup-corpus,restic-s3,1,retention_cleanup,s3_responses_4xx,2
blob,blob/backup-corpus,restic-s3,1,retention_cleanup,stored_bytes,733743048
blob,blob/backup-corpus,restic-s3,1,retention_cleanup,stored_objects,49
blob,blob/nix-closure,amber-rust-s3,1,push_initial,s3_bytes_down,4120
blob,blob/nix-closure,amber-rust-s3,1,push_initial,s3_bytes_up,113072029
blob,blob/nix-closure,amber-rust-s3,1,push_initial,s3_connections,8
blob,blob/nix-closure,amber-rust-s3,1,push_initial,s3_request_body_bytes,113061107
blob,blob/nix-closure,amber-rust-s3,1,push_initial,s3_requests_GET,2
blob,blob/nix-closure,amber-rust-s3,1,push_initial,s3_requests_POST,4
blob,blob/nix-closure,amber-rust-s3,1,push_initial,s3_requests_PUT,9
blob,blob/nix-closure,amber-rust-s3,1,push_initial,s3_requests_total,15
blob,blob/nix-closure,amber-rust-s3,1,push_initial,s3_response_body_bytes,2450
blob,blob/nix-closure,amber-rust-s3,1,push_initial,s3_responses_2xx,14
blob,blob/nix-closure,amber-rust-s3,1,push_initial,s3_responses_4xx,1
blob,blob/nix-closure,amber-rust-s3,1,push_initial,stored_bytes,112904216
blob,blob/nix-closure,amber-rust-s3,1,push_initial,stored_objects,3
blob,blob/nix-closure,amber-rust-s3,1,push_noop,s3_bytes_down,1787
blob,blob/nix-closure,amber-rust-s3,1,push_noop,s3_bytes_up,1197
blob,blob/nix-closure,amber-rust-s3,1,push_noop,s3_connections,1
blob,blob/nix-closure,amber-rust-s3,1,push_noop,s3_request_body_bytes,0
blob,blob/nix-closure,amber-rust-s3,1,push_noop,s3_requests_GET,2
blob,blob/nix-closure,amber-rust-s3,1,push_noop,s3_requests_total,2
blob,blob/nix-closure,amber-rust-s3,1,push_noop,s3_response_body_bytes,1561
blob,blob/nix-closure,amber-rust-s3,1,push_noop,s3_responses_2xx,1
blob,blob/nix-closure,amber-rust-s3,1,push_noop,s3_responses_4xx,1
blob,blob/nix-closure,amber-rust-s3,1,push_noop,stored_bytes,112904216
blob,blob/nix-closure,amber-rust-s3,1,push_noop,stored_objects,3
blob,blob/nix-closure,amber-rust-s3,1,pull_fresh,delivered_logical_bytes,184550399
blob,blob/nix-closure,amber-rust-s3,1,pull_fresh,delivered_references,8
blob,blob/nix-closure,amber-rust-s3,1,pull_fresh,s3_bytes_down,112908399
blob,blob/nix-closure,amber-rust-s3,1,pull_fresh,s3_bytes_up,5154
blob,blob/nix-closure,amber-rust-s3,1,pull_fresh,s3_connections,3
blob,blob/nix-closure,amber-rust-s3,1,pull_fresh,s3_request_body_bytes,0
blob,blob/nix-closure,amber-rust-s3,1,pull_fresh,s3_requests_GET,7
blob,blob/nix-closure,amber-rust-s3,1,pull_fresh,s3_requests_HEAD,1
blob,blob/nix-closure,amber-rust-s3,1,pull_fresh,s3_requests_total,8
blob,blob/nix-closure,amber-rust-s3,1,pull_fresh,s3_response_body_bytes,112907143
blob,blob/nix-closure,amber-rust-s3,1,pull_fresh,s3_responses_2xx,6
blob,blob/nix-closure,amber-rust-s3,1,pull_fresh,s3_responses_4xx,2
blob,blob/nix-closure,amber-rust-s3,1,pull_fresh,stored_bytes,112904216
blob,blob/nix-closure,amber-rust-s3,1,pull_fresh,stored_objects,3
blob,blob/nix-closure,amber-rust-s3,1,push_incremental,s3_bytes_down,3536
blob,blob/nix-closure,amber-rust-s3,1,push_incremental,s3_bytes_up,62606967
blob,blob/nix-closure,amber-rust-s3,1,push_incremental,s3_connections,5
blob,blob/nix-closure,amber-rust-s3,1,push_incremental,s3_request_body_bytes,62600529
blob,blob/nix-closure,amber-rust-s3,1,push_incremental,s3_requests_GET,2
blob,blob/nix-closure,amber-rust-s3,1,push_incremental,s3_requests_POST,2
blob,blob/nix-closure,amber-rust-s3,1,push_incremental,s3_requests_PUT,5
blob,blob/nix-closure,amber-rust-s3,1,push_incremental,s3_requests_total,9
blob,blob/nix-closure,amber-rust-s3,1,push_incremental,s3_response_body_bytes,2487
blob,blob/nix-closure,amber-rust-s3,1,push_incremental,s3_responses_2xx,8
blob,blob/nix-closure,amber-rust-s3,1,push_incremental,s3_responses_4xx,1
blob,blob/nix-closure,amber-rust-s3,1,push_incremental,stored_bytes,129702154
blob,blob/nix-closure,amber-rust-s3,1,push_incremental,stored_objects,3
blob,blob/nix-closure,amber-rust-s3,1,pull_incremental,delivered_logical_bytes,192939113
blob,blob/nix-closure,amber-rust-s3,1,pull_incremental,delivered_references,9
blob,blob/nix-closure,amber-rust-s3,1,pull_incremental,s3_bytes_down,62517665
blob,blob/nix-closure,amber-rust-s3,1,pull_incremental,s3_bytes_up,4536
blob,blob/nix-closure,amber-rust-s3,1,pull_incremental,s3_connections,2
blob,blob/nix-closure,amber-rust-s3,1,pull_incremental,s3_request_body_bytes,0
blob,blob/nix-closure,amber-rust-s3,1,pull_incremental,s3_requests_GET,6
blob,blob/nix-closure,amber-rust-s3,1,pull_incremental,s3_requests_HEAD,1
blob,blob/nix-closure,amber-rust-s3,1,pull_incremental,s3_requests_total,7
blob,blob/nix-closure,amber-rust-s3,1,pull_incremental,s3_response_body_bytes,62516643
blob,blob/nix-closure,amber-rust-s3,1,pull_incremental,s3_responses_2xx,5
blob,blob/nix-closure,amber-rust-s3,1,pull_incremental,s3_responses_4xx,2
blob,blob/nix-closure,amber-rust-s3,1,pull_incremental,stored_bytes,129702154
blob,blob/nix-closure,amber-rust-s3,1,pull_incremental,stored_objects,3
blob,blob/nix-closure,amber-rust-s3,1,age_sealed_segments,segments_aged,2
blob,blob/nix-closure,amber-rust-s3,1,retention_cleanup,retained_logical_bytes,192939113
blob,blob/nix-closure,amber-rust-s3,1,retention_cleanup,retained_references,9
blob,blob/nix-closure,amber-rust-s3,1,retention_cleanup,s3_bytes_down,6272
blob,blob/nix-closure,amber-rust-s3,1,retention_cleanup,s3_bytes_up,129934251
blob,blob/nix-closure,amber-rust-s3,1,retention_cleanup,s3_connections,9
blob,blob/nix-closure,amber-rust-s3,1,retention_cleanup,s3_request_body_bytes,129921287
blob,blob/nix-closure,amber-rust-s3,1,retention_cleanup,s3_requests_GET,2
blob,blob/nix-closure,amber-rust-s3,1,retention_cleanup,s3_requests_POST,6
blob,blob/nix-closure,amber-rust-s3,1,retention_cleanup,s3_requests_PUT,10
blob,blob/nix-closure,amber-rust-s3,1,retention_cleanup,s3_requests_total,18
blob,blob/nix-closure,amber-rust-s3,1,retention_cleanup,s3_response_body_bytes,4268
blob,blob/nix-closure,amber-rust-s3,1,retention_cleanup,s3_responses_2xx,17
blob,blob/nix-closure,amber-rust-s3,1,retention_cleanup,s3_responses_4xx,1
blob,blob/nix-closure,amber-rust-s3,1,retention_cleanup,stored_bytes,129740755
blob,blob/nix-closure,amber-rust-s3,1,retention_cleanup,stored_objects,3
blob,blob/source-history,amber-rust-s3,1,push_initial,s3_bytes_down,4141
blob,blob/source-history,amber-rust-s3,1,push_initial,s3_bytes_up,119883055
blob,blob/source-history,amber-rust-s3,1,push_initial,s3_connections,8
blob,blob/source-history,amber-rust-s3,1,push_initial,s3_request_body_bytes,119872087
blob,blob/source-history,amber-rust-s3,1,push_initial,s3_requests_GET,2
blob,blob/source-history,amber-rust-s3,1,push_initial,s3_requests_POST,4
blob,blob/source-history,amber-rust-s3,1,push_initial,s3_requests_PUT,9
blob,blob/source-history,amber-rust-s3,1,push_initial,s3_requests_total,15
blob,blob/source-history,amber-rust-s3,1,push_initial,s3_response_body_bytes,2471
blob,blob/source-history,amber-rust-s3,1,push_initial,s3_responses_2xx,14
blob,blob/source-history,amber-rust-s3,1,push_initial,s3_responses_4xx,1
blob,blob/source-history,amber-rust-s3,1,push_initial,stored_bytes,119705926
blob,blob/source-history,amber-rust-s3,1,push_initial,stored_objects,3
blob,blob/source-history,amber-rust-s3,1,push_noop,s3_bytes_down,1799
blob,blob/source-history,amber-rust-s3,1,push_noop,s3_bytes_up,1200
blob,blob/source-history,amber-rust-s3,1,push_noop,s3_connections,1
blob,blob/source-history,amber-rust-s3,1,push_noop,s3_request_body_bytes,0
blob,blob/source-history,amber-rust-s3,1,push_noop,s3_requests_GET,2
blob,blob/source-history,amber-rust-s3,1,push_noop,s3_requests_total,2
blob,blob/source-history,amber-rust-s3,1,push_noop,s3_response_body_bytes,1573
blob,blob/source-history,amber-rust-s3,1,push_noop,s3_responses_2xx,1
blob,blob/source-history,amber-rust-s3,1,push_noop,s3_responses_4xx,1
blob,blob/source-history,amber-rust-s3,1,push_noop,stored_bytes,119705926
blob,blob/source-history,amber-rust-s3,1,push_noop,stored_objects,3
blob,blob/source-history,amber-rust-s3,1,pull_fresh,delivered_logical_bytes,4314044416
blob,blob/source-history,amber-rust-s3,1,pull_fresh,delivered_references,39
blob,blob/source-history,amber-rust-s3,1,pull_fresh,s3_bytes_down,119710141
blob,blob/source-history,amber-rust-s3,1,pull_fresh,s3_bytes_up,5179
blob,blob/source-history,amber-rust-s3,1,pull_fresh,s3_connections,3
blob,blob/source-history,amber-rust-s3,1,pull_fresh,s3_request_body_bytes,0
blob,blob/source-history,amber-rust-s3,1,pull_fresh,s3_requests_GET,7
blob,blob/source-history,amber-rust-s3,1,pull_fresh,s3_requests_HEAD,1
blob,blob/source-history,amber-rust-s3,1,pull_fresh,s3_requests_total,8
blob,blob/source-history,amber-rust-s3,1,pull_fresh,s3_response_body_bytes,119708885
blob,blob/source-history,amber-rust-s3,1,pull_fresh,s3_responses_2xx,6
blob,blob/source-history,amber-rust-s3,1,pull_fresh,s3_responses_4xx,2
blob,blob/source-history,amber-rust-s3,1,pull_fresh,stored_bytes,119705926
blob,blob/source-history,amber-rust-s3,1,pull_fresh,stored_objects,3
blob,blob/source-history,amber-rust-s3,1,push_incremental,s3_bytes_down,3440
blob,blob/source-history,amber-rust-s3,1,push_incremental,s3_bytes_up,53244824
blob,blob/source-history,amber-rust-s3,1,push_incremental,s3_connections,4
blob,blob/source-history,amber-rust-s3,1,push_incremental,s3_request_body_bytes,53239139
blob,blob/source-history,amber-rust-s3,1,push_incremental,s3_requests_GET,2
blob,blob/source-history,amber-rust-s3,1,push_incremental,s3_requests_POST,2
blob,blob/source-history,amber-rust-s3,1,push_incremental,s3_requests_PUT,4
blob,blob/source-history,amber-rust-s3,1,push_incremental,s3_requests_total,8
blob,blob/source-history,amber-rust-s3,1,push_incremental,s3_response_body_bytes,2508
blob,blob/source-history,amber-rust-s3,1,push_incremental,s3_responses_2xx,7
blob,blob/source-history,amber-rust-s3,1,push_incremental,s3_responses_4xx,1
blob,blob/source-history,amber-rust-s3,1,push_incremental,stored_bytes,120528070
blob,blob/source-history,amber-rust-s3,1,push_incremental,stored_objects,3
blob,blob/source-history,amber-rust-s3,1,pull_incremental,delivered_logical_bytes,1438015488
blob,blob/source-history,amber-rust-s3,1,pull_incremental,delivered_references,13
blob,blob/source-history,amber-rust-s3,1,pull_incremental,s3_bytes_down,53169347
blob,blob/source-history,amber-rust-s3,1,pull_incremental,s3_bytes_up,4558
blob,blob/source-history,amber-rust-s3,1,pull_incremental,s3_connections,2
blob,blob/source-history,amber-rust-s3,1,pull_incremental,s3_request_body_bytes,0
blob,blob/source-history,amber-rust-s3,1,pull_incremental,s3_requests_GET,6
blob,blob/source-history,amber-rust-s3,1,pull_incremental,s3_requests_HEAD,1
blob,blob/source-history,amber-rust-s3,1,pull_incremental,s3_requests_total,7
blob,blob/source-history,amber-rust-s3,1,pull_incremental,s3_response_body_bytes,53168325
blob,blob/source-history,amber-rust-s3,1,pull_incremental,s3_responses_2xx,5
blob,blob/source-history,amber-rust-s3,1,pull_incremental,s3_responses_4xx,2
blob,blob/source-history,amber-rust-s3,1,pull_incremental,stored_bytes,120528070
blob,blob/source-history,amber-rust-s3,1,pull_incremental,stored_objects,3
blob,blob/source-history,amber-rust-s3,1,age_sealed_segments,segments_aged,2
blob,blob/source-history,amber-rust-s3,1,retention_cleanup,retained_logical_bytes,1438015488
blob,blob/source-history,amber-rust-s3,1,retention_cleanup,retained_references,13
blob,blob/source-history,amber-rust-s3,1,retention_cleanup,s3_bytes_down,6095
blob,blob/source-history,amber-rust-s3,1,retention_cleanup,s3_bytes_up,111637339
blob,blob/source-history,amber-rust-s3,1,retention_cleanup,s3_connections,8
blob,blob/source-history,amber-rust-s3,1,retention_cleanup,s3_request_body_bytes,111625847
blob,blob/source-history,amber-rust-s3,1,retention_cleanup,s3_requests_GET,2
blob,blob/source-history,amber-rust-s3,1,retention_cleanup,s3_requests_POST,6
blob,blob/source-history,amber-rust-s3,1,retention_cleanup,s3_requests_PUT,8
blob,blob/source-history,amber-rust-s3,1,retention_cleanup,s3_requests_total,16
blob,blob/source-history,amber-rust-s3,1,retention_cleanup,s3_response_body_bytes,4325
blob,blob/source-history,amber-rust-s3,1,retention_cleanup,s3_responses_2xx,15
blob,blob/source-history,amber-rust-s3,1,retention_cleanup,s3_responses_4xx,1
blob,blob/source-history,amber-rust-s3,1,retention_cleanup,stored_bytes,111470849
blob,blob/source-history,amber-rust-s3,1,retention_cleanup,stored_objects,3
backup,backup/retention,restic,1,backup_initial,store_data_allocated_bytes,746651648
backup,backup/retention,restic,1,backup_initial,store_data_apparent_bytes,745491882
backup,backup/retention,restic,1,backup_initial,store_index_allocated_bytes,307200
backup,backup/retention,restic,1,backup_initial,store_index_apparent_bytes,301797
backup,backup/retention,restic,1,backup_initial,store_snapshots_allocated_bytes,8192
backup,backup/retention,restic,1,backup_initial,store_snapshots_apparent_bytes,417
backup,backup/retention,restic,1,backup_unchanged,store_data_allocated_bytes,746651648
backup,backup/retention,restic,1,backup_unchanged,store_data_apparent_bytes,745491882
backup,backup/retention,restic,1,backup_unchanged,store_index_allocated_bytes,307200
backup,backup/retention,restic,1,backup_unchanged,store_index_apparent_bytes,301797
backup,backup/retention,restic,1,backup_unchanged,store_snapshots_allocated_bytes,12288
backup,backup/retention,restic,1,backup_unchanged,store_snapshots_apparent_bytes,870
backup,backup/retention,restic,1,backup_changed,store_data_allocated_bytes,752807936
backup,backup/retention,restic,1,backup_changed,store_data_apparent_bytes,751643230
backup,backup/retention,restic,1,backup_changed,store_index_allocated_bytes,360448
backup,backup/retention,restic,1,backup_changed,store_index_apparent_bytes,351616
backup,backup/retention,restic,1,backup_changed,store_snapshots_allocated_bytes,16384
backup,backup/retention,restic,1,backup_changed,store_snapshots_apparent_bytes,1283
backup,backup/retention,restic,1,backup_changed_again,store_data_allocated_bytes,758898688
backup,backup/retention,restic,1,backup_changed_again,store_data_apparent_bytes,757727072
backup,backup/retention,restic,1,backup_changed_again,store_index_allocated_bytes,409600
backup,backup/retention,restic,1,backup_changed_again,store_index_apparent_bytes,400109
backup,backup/retention,restic,1,backup_changed_again,store_snapshots_allocated_bytes,20480
backup,backup/retention,restic,1,backup_changed_again,store_snapshots_apparent_bytes,1697
backup,backup/retention,restic,1,forget_oldest,store_data_allocated_bytes,758898688
backup,backup/retention,restic,1,forget_oldest,store_data_apparent_bytes,757727072
backup,backup/retention,restic,1,forget_oldest,store_index_allocated_bytes,409600
backup,backup/retention,restic,1,forget_oldest,store_index_apparent_bytes,400109
backup,backup/retention,restic,1,forget_oldest,store_snapshots_allocated_bytes,12288
backup,backup/retention,restic,1,forget_oldest,store_snapshots_apparent_bytes,827
backup,backup/retention,restic,1,prune,allocated_after_prune,753524736
backup,backup/retention,restic,1,prune,allocated_before_forget,759349248
backup,backup/retention,restic,1,prune,store_data_allocated_bytes,753135616
backup,backup/retention,restic,1,prune,store_data_apparent_bytes,751970633
backup,backup/retention,restic,1,prune,store_index_allocated_bytes,356352
backup,backup/retention,restic,1,prune,store_index_apparent_bytes,349165
backup,backup/retention,restic,1,prune,store_snapshots_allocated_bytes,12288
backup,backup/retention,restic,1,prune,store_snapshots_apparent_bytes,827
backup,backup/retention,amber-rust,1,backup_initial,store_closures_allocated_bytes,4096
backup,backup/retention,amber-rust,1,backup_initial,store_closures_apparent_bytes,0
backup,backup/retention,amber-rust,1,backup_initial,store_packstore_allocated_bytes,723001344
backup,backup/retention,amber-rust,1,backup_initial,store_packstore_apparent_bytes,722942518
backup,backup/retention,amber-rust,1,backup_initial,store_refs_allocated_bytes,1626112
backup,backup/retention,amber-rust,1,backup_initial,store_refs_apparent_bytes,3686400
backup,backup/retention,amber-rust,1,backup_unchanged,store_closures_allocated_bytes,4096
backup,backup/retention,amber-rust,1,backup_unchanged,store_closures_apparent_bytes,0
backup,backup/retention,amber-rust,1,backup_unchanged,store_packstore_allocated_bytes,723001344
backup,backup/retention,amber-rust,1,backup_unchanged,store_packstore_apparent_bytes,722942518
backup,backup/retention,amber-rust,1,backup_unchanged,store_refs_allocated_bytes,1634304
backup,backup/retention,amber-rust,1,backup_unchanged,store_refs_apparent_bytes,3686400
backup,backup/retention,amber-rust,1,backup_changed,store_closures_allocated_bytes,4096
backup,backup/retention,amber-rust,1,backup_changed,store_closures_apparent_bytes,0
backup,backup/retention,amber-rust,1,backup_changed,store_packstore_allocated_bytes,728952832
backup,backup/retention,amber-rust,1,backup_changed,store_packstore_apparent_bytes,728894646
backup,backup/retention,amber-rust,1,backup_changed,store_refs_allocated_bytes,1634304
backup,backup/retention,amber-rust,1,backup_changed,store_refs_apparent_bytes,3686400
backup,backup/retention,amber-rust,1,backup_changed_again,store_closures_allocated_bytes,4096
backup,backup/retention,amber-rust,1,backup_changed_again,store_closures_apparent_bytes,0
backup,backup/retention,amber-rust,1,backup_changed_again,store_packstore_allocated_bytes,734842880
backup,backup/retention,amber-rust,1,backup_changed_again,store_packstore_apparent_bytes,734781571
backup,backup/retention,amber-rust,1,backup_changed_again,store_refs_allocated_bytes,1634304
backup,backup/retention,amber-rust,1,backup_changed_again,store_refs_apparent_bytes,3686400
backup,backup/retention,amber-rust,1,list_snapshot,cli_invocations,168
backup,backup/retention,amber-rust,1,list_snapshot,entries,5842
backup,backup/retention,amber-rust,1,forget_oldest,store_closures_allocated_bytes,4096
backup,backup/retention,amber-rust,1,forget_oldest,store_closures_apparent_bytes,0
backup,backup/retention,amber-rust,1,forget_oldest,store_packstore_allocated_bytes,734842880
backup,backup/retention,amber-rust,1,forget_oldest,store_packstore_apparent_bytes,734781571
backup,backup/retention,amber-rust,1,forget_oldest,store_refs_allocated_bytes,1634304
backup,backup/retention,amber-rust,1,forget_oldest,store_refs_apparent_bytes,3686400
backup,backup/retention,amber-rust,1,age_sealed_segments,segments_aged,11
backup,backup/retention,amber-rust,1,prune,allocated_after_prune,730959872
backup,backup/retention,amber-rust,1,prune,allocated_before_forget,736485376
backup,backup/retention,amber-rust,1,prune,reclaimed_packstore_bytes,5525504
backup,backup/retention,amber-rust,1,prune,store_closures_allocated_bytes,4096
backup,backup/retention,amber-rust,1,prune,store_closures_apparent_bytes,0
backup,backup/retention,amber-rust,1,prune,store_packstore_allocated_bytes,729317376
backup,backup/retention,amber-rust,1,prune,store_packstore_apparent_bytes,729256656
backup,backup/retention,amber-rust,1,prune,store_refs_allocated_bytes,1634304
backup,backup/retention,amber-rust,1,prune,store_refs_apparent_bytes,3686400
blob,blob/source-history,git-bundle-s3,1,push_initial,s3_bytes_down,2685
blob,blob/source-history,git-bundle-s3,1,push_initial,s3_bytes_up,114183744
blob,blob/source-history,git-bundle-s3,1,push_initial,s3_connections,4
blob,blob/source-history,git-bundle-s3,1,push_initial,s3_request_body_bytes,114175864
blob,blob/source-history,git-bundle-s3,1,push_initial,s3_requests_GET,2
blob,blob/source-history,git-bundle-s3,1,push_initial,s3_requests_POST,2
blob,blob/source-history,git-bundle-s3,1,push_initial,s3_requests_PUT,7
blob,blob/source-history,git-bundle-s3,1,push_initial,s3_requests_total,11
blob,blob/source-history,git-bundle-s3,1,push_initial,s3_response_body_bytes,1487
blob,blob/source-history,git-bundle-s3,1,push_initial,s3_responses_2xx,10
blob,blob/source-history,git-bundle-s3,1,push_initial,s3_responses_4xx,1
blob,blob/source-history,git-bundle-s3,1,push_initial,stored_bytes,114017976
blob,blob/source-history,git-bundle-s3,1,push_initial,stored_objects,1
blob,blob/source-history,git-bundle-s3,1,push_noop,s3_bytes_down,1152
blob,blob/source-history,git-bundle-s3,1,push_noop,s3_bytes_up,1202
blob,blob/source-history,git-bundle-s3,1,push_noop,s3_connections,1
blob,blob/source-history,git-bundle-s3,1,push_noop,s3_request_body_bytes,0
blob,blob/source-history,git-bundle-s3,1,push_noop,s3_requests_GET,2
blob,blob/source-history,git-bundle-s3,1,push_noop,s3_requests_total,2
blob,blob/source-history,git-bundle-s3,1,push_noop,s3_response_body_bytes,927
blob,blob/source-history,git-bundle-s3,1,push_noop,s3_responses_2xx,1
blob,blob/source-history,git-bundle-s3,1,push_noop,s3_responses_4xx,1
blob,blob/source-history,git-bundle-s3,1,push_noop,stored_bytes,114017976
blob,blob/source-history,git-bundle-s3,1,push_noop,stored_objects,1
blob,blob/source-history,git-bundle-s3,1,pull_fresh,delivered_logical_bytes,4314044416
blob,blob/source-history,git-bundle-s3,1,pull_fresh,delivered_references,39
blob,blob/source-history,git-bundle-s3,1,pull_fresh,s3_bytes_down,114020278
blob,blob/source-history,git-bundle-s3,1,pull_fresh,s3_bytes_up,3108
blob,blob/source-history,git-bundle-s3,1,pull_fresh,s3_connections,1
blob,blob/source-history,git-bundle-s3,1,pull_fresh,s3_request_body_bytes,0
blob,blob/source-history,git-bundle-s3,1,pull_fresh,s3_requests_GET,4
blob,blob/source-history,git-bundle-s3,1,pull_fresh,s3_requests_HEAD,1
blob,blob/source-history,git-bundle-s3,1,pull_fresh,s3_requests_total,5
blob,blob/source-history,git-bundle-s3,1,pull_fresh,s3_response_body_bytes,114019595
blob,blob/source-history,git-bundle-s3,1,pull_fresh,s3_responses_2xx,3
blob,blob/source-history,git-bundle-s3,1,pull_fresh,s3_responses_4xx,2
blob,blob/source-history,git-bundle-s3,1,pull_fresh,stored_bytes,114017976
blob,blob/source-history,git-bundle-s3,1,pull_fresh,stored_objects,1
blob,blob/source-history,git-bundle-s3,1,push_incremental,s3_bytes_down,1353
blob,blob/source-history,git-bundle-s3,1,push_incremental,s3_bytes_up,246664
blob,blob/source-history,git-bundle-s3,1,push_incremental,s3_connections,1
blob,blob/source-history,git-bundle-s3,1,push_incremental,s3_request_body_bytes,244751
blob,blob/source-history,git-bundle-s3,1,push_incremental,s3_requests_GET,2
blob,blob/source-history,git-bundle-s3,1,push_incremental,s3_requests_PUT,1
blob,blob/source-history,git-bundle-s3,1,push_incremental,s3_requests_total,3
blob,blob/source-history,git-bundle-s3,1,push_incremental,s3_response_body_bytes,927
blob,blob/source-history,git-bundle-s3,1,push_incremental,s3_responses_2xx,2
blob,blob/source-history,git-bundle-s3,1,push_incremental,s3_responses_4xx,1
blob,blob/source-history,git-bundle-s3,1,push_incremental,stored_bytes,114262282
blob,blob/source-history,git-bundle-s3,1,push_incremental,stored_objects,2
blob,blob/source-history,git-bundle-s3,1,pull_incremental,delivered_logical_bytes,1438015488
blob,blob/source-history,git-bundle-s3,1,pull_incremental,delivered_references,13
blob,blob/source-history,git-bundle-s3,1,pull_incremental,s3_bytes_down,248037
blob,blob/source-history,git-bundle-s3,1,pull_incremental,s3_bytes_up,3948
blob,blob/source-history,git-bundle-s3,1,pull_incremental,s3_connections,1
blob,blob/source-history,git-bundle-s3,1,pull_incremental,s3_request_body_bytes,0
blob,blob/source-history,git-bundle-s3,1,pull_incremental,s3_requests_GET,5
blob,blob/source-history,git-bundle-s3,1,pull_incremental,s3_requests_HEAD,1
blob,blob/source-history,git-bundle-s3,1,pull_incremental,s3_requests_total,6
blob,blob/source-history,git-bundle-s3,1,pull_incremental,s3_response_body_bytes,247251
blob,blob/source-history,git-bundle-s3,1,pull_incremental,s3_responses_2xx,4
blob,blob/source-history,git-bundle-s3,1,pull_incremental,s3_responses_4xx,2
blob,blob/source-history,git-bundle-s3,1,pull_incremental,stored_bytes,114262282
blob,blob/source-history,git-bundle-s3,1,pull_incremental,stored_objects,2
blob,blob/source-history,git-bundle-s3,1,retention_cleanup,retained_logical_bytes,5752059904
blob,blob/source-history,git-bundle-s3,1,retention_cleanup,retained_references,52
blob,blob/source-history,git-bundle-s3,1,retention_cleanup,s3_bytes_down,5459
blob,blob/source-history,git-bundle-s3,1,retention_cleanup,s3_bytes_up,114428128
blob,blob/source-history,git-bundle-s3,1,retention_cleanup,s3_connections,6
blob,blob/source-history,git-bundle-s3,1,retention_cleanup,s3_request_body_bytes,114415439
blob,blob/source-history,git-bundle-s3,1,retention_cleanup,s3_requests_GET,4
blob,blob/source-history,git-bundle-s3,1,retention_cleanup,s3_requests_HEAD,4
blob,blob/source-history,git-bundle-s3,1,retention_cleanup,s3_requests_POST,4
blob,blob/source-history,git-bundle-s3,1,retention_cleanup,s3_requests_PUT,7
blob,blob/source-history,git-bundle-s3,1,retention_cleanup,s3_requests_total,19
blob,blob/source-history,git-bundle-s3,1,retention_cleanup,s3_response_body_bytes,2881
blob,blob/source-history,git-bundle-s3,1,retention_cleanup,s3_responses_2xx,16
blob,blob/source-history,git-bundle-s3,1,retention_cleanup,s3_responses_4xx,3
blob,blob/source-history,git-bundle-s3,1,retention_cleanup,stored_bytes,114256878
blob,blob/source-history,git-bundle-s3,1,retention_cleanup,stored_objects,1
blob,blob/backup-corpus,amber-go-s3,1,push_initial,s3_bytes_down,20038
blob,blob/backup-corpus,amber-go-s3,1,push_initial,s3_bytes_up,724974464
blob,blob/backup-corpus,amber-go-s3,1,push_initial,s3_connections,48
blob,blob/backup-corpus,amber-go-s3,1,push_initial,s3_request_body_bytes,724911847
blob,blob/backup-corpus,amber-go-s3,1,push_initial,s3_requests_GET,2
blob,blob/backup-corpus,amber-go-s3,1,push_initial,s3_requests_POST,22
blob,blob/backup-corpus,amber-go-s3,1,push_initial,s3_requests_PUT,60
blob,blob/backup-corpus,amber-go-s3,1,push_initial,s3_requests_total,84
blob,blob/backup-corpus,amber-go-s3,1,push_initial,s3_response_body_bytes,10595
blob,blob/backup-corpus,amber-go-s3,1,push_initial,s3_responses_2xx,83
blob,blob/backup-corpus,amber-go-s3,1,push_initial,s3_responses_4xx,1
blob,blob/backup-corpus,amber-go-s3,1,push_initial,stored_bytes,723906221
blob,blob/backup-corpus,amber-go-s3,1,push_initial,stored_objects,17
blob,blob/backup-corpus,amber-go-s3,1,push_noop,s3_bytes_down,6173
blob,blob/backup-corpus,amber-go-s3,1,push_noop,s3_bytes_up,1197
blob,blob/backup-corpus,amber-go-s3,1,push_noop,s3_connections,1
blob,blob/backup-corpus,amber-go-s3,1,push_noop,s3_request_body_bytes,0
blob,blob/backup-corpus,amber-go-s3,1,push_noop,s3_requests_GET,2
blob,blob/backup-corpus,amber-go-s3,1,push_noop,s3_requests_total,2
blob,blob/backup-corpus,amber-go-s3,1,push_noop,s3_response_body_bytes,5947
blob,blob/backup-corpus,amber-go-s3,1,push_noop,s3_responses_2xx,1
blob,blob/backup-corpus,amber-go-s3,1,push_noop,s3_responses_4xx,1
blob,blob/backup-corpus,amber-go-s3,1,push_noop,stored_bytes,723906221
blob,blob/backup-corpus,amber-go-s3,1,push_noop,stored_objects,17
blob,blob/backup-corpus,amber-go-s3,1,pull_fresh,delivered_logical_bytes,2179569013
blob,blob/backup-corpus,amber-go-s3,1,pull_fresh,delivered_references,1
blob,blob/backup-corpus,amber-go-s3,1,pull_fresh,s3_bytes_down,723918006
blob,blob/backup-corpus,amber-go-s3,1,pull_fresh,s3_bytes_up,13785
blob,blob/backup-corpus,amber-go-s3,1,pull_fresh,s3_connections,17
blob,blob/backup-corpus,amber-go-s3,1,pull_fresh,s3_request_body_bytes,0
blob,blob/backup-corpus,amber-go-s3,1,pull_fresh,s3_requests_GET,21
blob,blob/backup-corpus,amber-go-s3,1,pull_fresh,s3_requests_HEAD,1
blob,blob/backup-corpus,amber-go-s3,1,pull_fresh,s3_requests_total,22
blob,blob/backup-corpus,amber-go-s3,1,pull_fresh,s3_response_body_bytes,723913534
blob,blob/backup-corpus,amber-go-s3,1,pull_fresh,s3_responses_2xx,20
blob,blob/backup-corpus,amber-go-s3,1,pull_fresh,s3_responses_4xx,2
blob,blob/backup-corpus,amber-go-s3,1,pull_fresh,stored_bytes,723906221
blob,blob/backup-corpus,amber-go-s3,1,pull_fresh,stored_objects,17
blob,blob/backup-corpus,amber-go-s3,1,push_incremental,s3_bytes_down,10592
blob,blob/backup-corpus,amber-go-s3,1,push_incremental,s3_bytes_up,57664151
blob,blob/backup-corpus,amber-go-s3,1,push_incremental,s3_connections,9
blob,blob/backup-corpus,amber-go-s3,1,push_incremental,s3_request_body_bytes,57652287
blob,blob/backup-corpus,amber-go-s3,1,push_incremental,s3_requests_GET,2
blob,blob/backup-corpus,amber-go-s3,1,push_incremental,s3_requests_POST,5
blob,blob/backup-corpus,amber-go-s3,1,push_incremental,s3_requests_PUT,10
blob,blob/backup-corpus,amber-go-s3,1,push_incremental,s3_requests_total,17
blob,blob/backup-corpus,amber-go-s3,1,push_incremental,s3_response_body_bytes,8195
blob,blob/backup-corpus,amber-go-s3,1,push_incremental,s3_responses_2xx,16
blob,blob/backup-corpus,amber-go-s3,1,push_incremental,s3_responses_4xx,1
blob,blob/backup-corpus,amber-go-s3,1,push_incremental,stored_bytes,729859689
blob,blob/backup-corpus,amber-go-s3,1,push_incremental,stored_objects,19
blob,blob/backup-corpus,amber-go-s3,1,pull_incremental,delivered_logical_bytes,2179966963
blob,blob/backup-corpus,amber-go-s3,1,pull_incremental,delivered_references,1
blob,blob/backup-corpus,amber-go-s3,1,pull_incremental,s3_bytes_down,57581088
blob,blob/backup-corpus,amber-go-s3,1,pull_incremental,s3_bytes_up,7583
blob,blob/backup-corpus,amber-go-s3,1,pull_incremental,s3_connections,7
blob,blob/backup-corpus,amber-go-s3,1,pull_incremental,s3_request_body_bytes,0
blob,blob/backup-corpus,amber-go-s3,1,pull_incremental,s3_requests_GET,11
blob,blob/backup-corpus,amber-go-s3,1,pull_incremental,s3_requests_HEAD,1
blob,blob/backup-corpus,amber-go-s3,1,pull_incremental,s3_requests_total,12
blob,blob/backup-corpus,amber-go-s3,1,pull_incremental,s3_response_body_bytes,57578954
blob,blob/backup-corpus,amber-go-s3,1,pull_incremental,s3_responses_2xx,10
blob,blob/backup-corpus,amber-go-s3,1,pull_incremental,s3_responses_4xx,2
blob,blob/backup-corpus,amber-go-s3,1,pull_incremental,stored_bytes,729859689
blob,blob/backup-corpus,amber-go-s3,1,pull_incremental,stored_objects,19
blob,blob/backup-corpus,amber-go-s3,1,age_sealed_segments,segments_aged,11
blob,blob/backup-corpus,amber-go-s3,1,retention_cleanup,retained_logical_bytes,2179966963
blob,blob/backup-corpus,amber-go-s3,1,retention_cleanup,retained_references,1
blob,blob/backup-corpus,amber-go-s3,1,retention_cleanup,s3_bytes_down,35407
blob,blob/backup-corpus,amber-go-s3,1,retention_cleanup,s3_bytes_up,725602444
blob,blob/backup-corpus,amber-go-s3,1,retention_cleanup,s3_connections,50
blob,blob/backup-corpus,amber-go-s3,1,retention_cleanup,s3_request_body_bytes,725529070
blob,blob/backup-corpus,amber-go-s3,1,retention_cleanup,s3_requests_GET,2
blob,blob/backup-corpus,amber-go-s3,1,retention_cleanup,s3_requests_POST,39
blob,blob/backup-corpus,amber-go-s3,1,retention_cleanup,s3_requests_PUT,60
blob,blob/backup-corpus,amber-go-s3,1,retention_cleanup,s3_requests_total,101
blob,blob/backup-corpus,amber-go-s3,1,retention_cleanup,s3_response_body_bytes,24043
blob,blob/backup-corpus,amber-go-s3,1,retention_cleanup,s3_responses_2xx,100
blob,blob/backup-corpus,amber-go-s3,1,retention_cleanup,s3_responses_4xx,1
blob,blob/backup-corpus,amber-go-s3,1,retention_cleanup,stored_bytes,724519567
blob,blob/backup-corpus,amber-go-s3,1,retention_cleanup,stored_objects,19
nix,nix/closure,amber-rust,1,import_initial,store_closures_allocated_bytes,4096
nix,nix/closure,amber-rust,1,import_initial,store_closures_apparent_bytes,0
nix,nix/closure,amber-rust,1,import_initial,store_packstore_allocated_bytes,109228032
nix,nix/closure,amber-rust,1,import_initial,store_packstore_apparent_bytes,109217992
nix,nix/closure,amber-rust,1,import_initial,store_refs_allocated_bytes,1634304
nix,nix/closure,amber-rust,1,import_initial,store_refs_apparent_bytes,3686400
nix,nix/closure,amber-rust,1,import_repeat,store_closures_allocated_bytes,4096
nix,nix/closure,amber-rust,1,import_repeat,store_closures_apparent_bytes,0
nix,nix/closure,amber-rust,1,import_repeat,store_packstore_allocated_bytes,109228032
nix,nix/closure,amber-rust,1,import_repeat,store_packstore_apparent_bytes,109217992
nix,nix/closure,amber-rust,1,import_repeat,store_refs_allocated_bytes,1634304
nix,nix/closure,amber-rust,1,import_repeat,store_refs_apparent_bytes,3686400
nix,nix/closure,amber-rust,1,import_incremental,store_closures_allocated_bytes,4096
nix,nix/closure,amber-rust,1,import_incremental,store_closures_apparent_bytes,0
nix,nix/closure,amber-rust,1,import_incremental,store_packstore_allocated_bytes,126029824
nix,nix/closure,amber-rust,1,import_incremental,store_packstore_apparent_bytes,126015930
nix,nix/closure,amber-rust,1,import_incremental,store_refs_allocated_bytes,1634304
nix,nix/closure,amber-rust,1,import_incremental,store_refs_apparent_bytes,3686400
nix,nix/closure,amber-rust,1,delete_path,store_closures_allocated_bytes,4096
nix,nix/closure,amber-rust,1,delete_path,store_closures_apparent_bytes,0
nix,nix/closure,amber-rust,1,delete_path,store_packstore_allocated_bytes,126029824
nix,nix/closure,amber-rust,1,delete_path,store_packstore_apparent_bytes,126015930
nix,nix/closure,amber-rust,1,delete_path,store_refs_allocated_bytes,1634304
nix,nix/closure,amber-rust,1,delete_path,store_refs_apparent_bytes,3686400
nix,nix/closure,amber-rust,1,age_sealed_segments,segments_aged,2
nix,nix/closure,amber-rust,1,gc,allocated_before_delete,127672320
nix,nix/closure,amber-rust,1,gc,reclaimed_packstore_bytes,-40960
nix,nix/closure,amber-rust,1,gc,store_closures_allocated_bytes,4096
nix,nix/closure,amber-rust,1,gc,store_closures_apparent_bytes,0
nix,nix/closure,amber-rust,1,gc,store_packstore_allocated_bytes,126070784
nix,nix/closure,amber-rust,1,gc,store_packstore_apparent_bytes,126056392
nix,nix/closure,amber-rust,1,gc,store_refs_allocated_bytes,1634304
nix,nix/closure,amber-rust,1,gc,store_refs_apparent_bytes,3686400
blob,blob/nix-closure,nix-binary-cache,1,push_initial,s3_bytes_down,8068
blob,blob/nix-closure,nix-binary-cache,1,push_initial,s3_bytes_up,109104661
blob,blob/nix-closure,nix-binary-cache,1,push_initial,s3_connections,8
blob,blob/nix-closure,nix-binary-cache,1,push_initial,s3_request_body_bytes,109082825
blob,blob/nix-closure,nix-binary-cache,1,push_initial,s3_requests_GET,9
blob,blob/nix-closure,nix-binary-cache,1,push_initial,s3_requests_HEAD,8
blob,blob/nix-closure,nix-binary-cache,1,push_initial,s3_requests_PUT,17
blob,blob/nix-closure,nix-binary-cache,1,push_initial,s3_requests_total,34
blob,blob/nix-closure,nix-binary-cache,1,push_initial,s3_response_body_bytes,2521
blob,blob/nix-closure,nix-binary-cache,1,push_initial,s3_responses_1xx,7
blob,blob/nix-closure,nix-binary-cache,1,push_initial,s3_responses_2xx,17
blob,blob/nix-closure,nix-binary-cache,1,push_initial,s3_responses_4xx,17
blob,blob/nix-closure,nix-binary-cache,1,push_initial,stored_bytes,109082825
blob,blob/nix-closure,nix-binary-cache,1,push_initial,stored_objects,17
blob,blob/nix-closure,nix-binary-cache,1,push_noop,s3_bytes_down,0
blob,blob/nix-closure,nix-binary-cache,1,push_noop,s3_bytes_up,0
blob,blob/nix-closure,nix-binary-cache,1,push_noop,s3_connections,0
blob,blob/nix-closure,nix-binary-cache,1,push_noop,s3_request_body_bytes,0
blob,blob/nix-closure,nix-binary-cache,1,push_noop,s3_requests_total,0
blob,blob/nix-closure,nix-binary-cache,1,push_noop,s3_response_body_bytes,0
blob,blob/nix-closure,nix-binary-cache,1,push_noop,stored_bytes,109082825
blob,blob/nix-closure,nix-binary-cache,1,push_noop,stored_objects,17
blob,blob/nix-closure,nix-binary-cache,1,pull_fresh,delivered_logical_bytes,184550399
blob,blob/nix-closure,nix-binary-cache,1,pull_fresh,delivered_references,8
blob,blob/nix-closure,nix-binary-cache,1,pull_fresh,s3_bytes_down,109087302
blob,blob/nix-closure,nix-binary-cache,1,pull_fresh,s3_bytes_up,12401
blob,blob/nix-closure,nix-binary-cache,1,pull_fresh,s3_connections,5
blob,blob/nix-closure,nix-binary-cache,1,pull_fresh,s3_request_body_bytes,0
blob,blob/nix-closure,nix-binary-cache,1,pull_fresh,s3_requests_GET,17
blob,blob/nix-closure,nix-binary-cache,1,pull_fresh,s3_requests_HEAD,3
blob,blob/nix-closure,nix-binary-cache,1,pull_fresh,s3_requests_total,20
blob,blob/nix-closure,nix-binary-cache,1,pull_fresh,s3_response_body_bytes,109082825
blob,blob/nix-closure,nix-binary-cache,1,pull_fresh,s3_responses_2xx,20
blob,blob/nix-closure,nix-binary-cache,1,pull_fresh,stored_bytes,109082825
blob,blob/nix-closure,nix-binary-cache,1,pull_fresh,stored_objects,17
blob,blob/nix-closure,nix-binary-cache,1,push_incremental,s3_bytes_down,2795
blob,blob/nix-closure,nix-binary-cache,1,push_incremental,s3_bytes_up,16800512
blob,blob/nix-closure,nix-binary-cache,1,push_incremental,s3_connections,2
blob,blob/nix-closure,nix-binary-cache,1,push_incremental,s3_request_body_bytes,16792790
blob,blob/nix-closure,nix-binary-cache,1,push_incremental,s3_requests_GET,3
blob,blob/nix-closure,nix-binary-cache,1,push_incremental,s3_requests_HEAD,3
blob,blob/nix-closure,nix-binary-cache,1,push_incremental,s3_requests_PUT,6
blob,blob/nix-closure,nix-binary-cache,1,push_incremental,s3_requests_total,12
blob,blob/nix-closure,nix-binary-cache,1,push_incremental,s3_response_body_bytes,849
blob,blob/nix-closure,nix-binary-cache,1,push_incremental,s3_responses_1xx,2
blob,blob/nix-closure,nix-binary-cache,1,push_incremental,s3_responses_2xx,6
blob,blob/nix-closure,nix-binary-cache,1,push_incremental,s3_responses_4xx,6
blob,blob/nix-closure,nix-binary-cache,1,push_incremental,stored_bytes,125875615
blob,blob/nix-closure,nix-binary-cache,1,push_incremental,stored_objects,23
blob,blob/nix-closure,nix-binary-cache,1,pull_incremental,delivered_logical_bytes,192939113
blob,blob/nix-closure,nix-binary-cache,1,pull_incremental,delivered_references,9
blob,blob/nix-closure,nix-binary-cache,1,pull_incremental,s3_bytes_down,16791850
blob,blob/nix-closure,nix-binary-cache,1,pull_incremental,s3_bytes_up,1905
blob,blob/nix-closure,nix-binary-cache,1,pull_incremental,s3_connections,2
blob,blob/nix-closure,nix-binary-cache,1,pull_incremental,s3_request_body_bytes,0
blob,blob/nix-closure,nix-binary-cache,1,pull_incremental,s3_requests_GET,3
blob,blob/nix-closure,nix-binary-cache,1,pull_incremental,s3_requests_total,3
blob,blob/nix-closure,nix-binary-cache,1,pull_incremental,s3_response_body_bytes,16791168
blob,blob/nix-closure,nix-binary-cache,1,pull_incremental,s3_responses_2xx,3
blob,blob/nix-closure,nix-binary-cache,1,pull_incremental,stored_bytes,125875615
blob,blob/nix-closure,nix-binary-cache,1,pull_incremental,stored_objects,23
blob,blob/nix-closure,nix-binary-cache,1,retention_cleanup,retained_logical_bytes,192939113
blob,blob/nix-closure,nix-binary-cache,1,retention_cleanup,retained_references,9
blob,blob/nix-closure,nix-binary-cache,1,retention_cleanup,s3_bytes_down,2766
blob,blob/nix-closure,nix-binary-cache,1,retention_cleanup,s3_bytes_up,5236
blob,blob/nix-closure,nix-binary-cache,1,retention_cleanup,s3_connections,2
blob,blob/nix-closure,nix-binary-cache,1,retention_cleanup,s3_request_body_bytes,360
blob,blob/nix-closure,nix-binary-cache,1,retention_cleanup,s3_requests_GET,2
blob,blob/nix-closure,nix-binary-cache,1,retention_cleanup,s3_requests_HEAD,4
blob,blob/nix-closure,nix-binary-cache,1,retention_cleanup,s3_requests_POST,2
blob,blob/nix-closure,nix-binary-cache,1,retention_cleanup,s3_requests_total,8
blob,blob/nix-closure,nix-binary-cache,1,retention_cleanup,s3_response_body_bytes,1432
blob,blob/nix-closure,nix-binary-cache,1,retention_cleanup,s3_responses_2xx,6
blob,blob/nix-closure,nix-binary-cache,1,retention_cleanup,s3_responses_4xx,2
blob,blob/nix-closure,nix-binary-cache,1,retention_cleanup,stored_bytes,125874489
blob,blob/nix-closure,nix-binary-cache,1,retention_cleanup,stored_objects,21
backup,backup/retention,amber-go,1,backup_initial,store_closures_allocated_bytes,4096
backup,backup/retention,amber-go,1,backup_initial,store_closures_apparent_bytes,0
backup,backup/retention,amber-go,1,backup_initial,store_packstore_allocated_bytes,723873792
backup,backup/retention,amber-go,1,backup_initial,store_packstore_apparent_bytes,723801692
backup,backup/retention,amber-go,1,backup_initial,store_refs_allocated_bytes,4628480
backup,backup/retention,amber-go,1,backup_initial,store_refs_apparent_bytes,2919
backup,backup/retention,amber-go,1,backup_unchanged,store_closures_allocated_bytes,4096
backup,backup/retention,amber-go,1,backup_unchanged,store_closures_apparent_bytes,0
backup,backup/retention,amber-go,1,backup_unchanged,store_packstore_allocated_bytes,723873792
backup,backup/retention,amber-go,1,backup_unchanged,store_packstore_apparent_bytes,723801692
backup,backup/retention,amber-go,1,backup_unchanged,store_refs_allocated_bytes,4636672
backup,backup/retention,amber-go,1,backup_unchanged,store_refs_apparent_bytes,3646
backup,backup/retention,amber-go,1,backup_changed,store_closures_allocated_bytes,4096
backup,backup/retention,amber-go,1,backup_changed,store_closures_apparent_bytes,0
backup,backup/retention,amber-go,1,backup_changed,store_packstore_allocated_bytes,729829376
backup,backup/retention,amber-go,1,backup_changed,store_packstore_apparent_bytes,729754449
backup,backup/retention,amber-go,1,backup_changed,store_refs_allocated_bytes,4640768
backup,backup/retention,amber-go,1,backup_changed,store_refs_apparent_bytes,4379
backup,backup/retention,amber-go,1,backup_changed_again,store_closures_allocated_bytes,4096
backup,backup/retention,amber-go,1,backup_changed_again,store_closures_apparent_bytes,0
backup,backup/retention,amber-go,1,backup_changed_again,store_packstore_allocated_bytes,735715328
backup,backup/retention,amber-go,1,backup_changed_again,store_packstore_apparent_bytes,735642000
backup,backup/retention,amber-go,1,backup_changed_again,store_refs_allocated_bytes,4644864
backup,backup/retention,amber-go,1,backup_changed_again,store_refs_apparent_bytes,5099
backup,backup/retention,amber-go,1,list_snapshot,cli_invocations,168
backup,backup/retention,amber-go,1,list_snapshot,entries,5842
backup,backup/retention,amber-go,1,forget_oldest,store_closures_allocated_bytes,4096
backup,backup/retention,amber-go,1,forget_oldest,store_closures_apparent_bytes,0
backup,backup/retention,amber-go,1,forget_oldest,store_packstore_allocated_bytes,735715328
backup,backup/retention,amber-go,1,forget_oldest,store_packstore_apparent_bytes,735642000
backup,backup/retention,amber-go,1,forget_oldest,store_refs_allocated_bytes,4636672
backup,backup/retention,amber-go,1,forget_oldest,store_refs_apparent_bytes,4206
backup,backup/retention,amber-go,1,age_sealed_segments,segments_aged,11
backup,backup/retention,amber-go,1,prune,allocated_after_prune,731267072
backup,backup/retention,amber-go,1,prune,allocated_before_forget,735760384
backup,backup/retention,amber-go,1,prune,reclaimed_packstore_bytes,4485120
backup,backup/retention,amber-go,1,prune,store_closures_allocated_bytes,4096
backup,backup/retention,amber-go,1,prune,store_closures_apparent_bytes,0
backup,backup/retention,amber-go,1,prune,store_packstore_allocated_bytes,731230208
backup,backup/retention,amber-go,1,prune,store_packstore_apparent_bytes,731163340
backup,backup/retention,amber-go,1,prune,store_refs_allocated_bytes,28672
backup,backup/retention,amber-go,1,prune,store_refs_apparent_bytes,4702
nix,nix/closure,amber-go,1,import_initial,store_closures_allocated_bytes,4096
nix,nix/closure,amber-go,1,import_initial,store_closures_apparent_bytes,0
nix,nix/closure,amber-go,1,import_initial,store_packstore_allocated_bytes,109232128
nix,nix/closure,amber-go,1,import_initial,store_packstore_apparent_bytes,109219658
nix,nix/closure,amber-go,1,import_initial,store_refs_allocated_bytes,4661248
nix,nix/closure,amber-go,1,import_initial,store_refs_apparent_bytes,10248
nix,nix/closure,amber-go,1,import_repeat,store_closures_allocated_bytes,4096
nix,nix/closure,amber-go,1,import_repeat,store_closures_apparent_bytes,0
nix,nix/closure,amber-go,1,import_repeat,store_packstore_allocated_bytes,109232128
nix,nix/closure,amber-go,1,import_repeat,store_packstore_apparent_bytes,109219658
nix,nix/closure,amber-go,1,import_repeat,store_refs_allocated_bytes,4661248
nix,nix/closure,amber-go,1,import_repeat,store_refs_apparent_bytes,10932
nix,nix/closure,amber-go,1,import_incremental,store_closures_allocated_bytes,4096
nix,nix/closure,amber-go,1,import_incremental,store_closures_apparent_bytes,0
nix,nix/closure,amber-go,1,import_incremental,store_packstore_allocated_bytes,126033920
nix,nix/closure,amber-go,1,import_incremental,store_packstore_apparent_bytes,126017838
nix,nix/closure,amber-go,1,import_incremental,store_refs_allocated_bytes,4657152
nix,nix/closure,amber-go,1,import_incremental,store_refs_apparent_bytes,10087
nix,nix/closure,amber-go,1,delete_path,store_closures_allocated_bytes,4096
nix,nix/closure,amber-go,1,delete_path,store_closures_apparent_bytes,0
nix,nix/closure,amber-go,1,delete_path,store_packstore_allocated_bytes,126033920
nix,nix/closure,amber-go,1,delete_path,store_packstore_apparent_bytes,126017838
nix,nix/closure,amber-go,1,delete_path,store_refs_allocated_bytes,4661248
nix,nix/closure,amber-go,1,delete_path,store_refs_apparent_bytes,11187
nix,nix/closure,amber-go,1,age_sealed_segments,segments_aged,2
nix,nix/closure,amber-go,1,gc,allocated_before_delete,126091264
nix,nix/closure,amber-go,1,gc,reclaimed_packstore_bytes,-40960
nix,nix/closure,amber-go,1,gc,store_closures_allocated_bytes,4096
nix,nix/closure,amber-go,1,gc,store_closures_apparent_bytes,0
nix,nix/closure,amber-go,1,gc,store_packstore_allocated_bytes,126074880
nix,nix/closure,amber-go,1,gc,store_packstore_apparent_bytes,126058036
nix,nix/closure,amber-go,1,gc,store_refs_allocated_bytes,24576
nix,nix/closure,amber-go,1,gc,store_refs_apparent_bytes,7309
tree,tree/lifecycle,fs-sha256,1,ingest_fresh,store_refs_allocated_bytes,954368
tree,tree/lifecycle,fs-sha256,1,ingest_fresh,store_refs_apparent_bytes,949642
tree,tree/lifecycle,fs-sha256,1,ingest_repeat,store_refs_allocated_bytes,1904640
tree,tree/lifecycle,fs-sha256,1,ingest_repeat,store_refs_apparent_bytes,1899284
tree,tree/lifecycle,fs-sha256,1,ingest_changed,store_refs_allocated_bytes,2854912
tree,tree/lifecycle,fs-sha256,1,ingest_changed,store_refs_apparent_bytes,2849241
tree,tree/lifecycle,fs-sha256,1,ref_delete,store_refs_allocated_bytes,954368
tree,tree/lifecycle,fs-sha256,1,ref_delete,store_refs_apparent_bytes,949957
tree,tree/lifecycle,fs-sha256,1,gc,allocated_after_gc,1654947840
tree,tree/lifecycle,fs-sha256,1,gc,allocated_before_delete,1663840256
tree,tree/lifecycle,fs-sha256,1,gc,allocated_before_gc,1661939712
tree,tree/lifecycle,fs-sha256,1,gc,store_refs_allocated_bytes,954368
tree,tree/lifecycle,fs-sha256,1,gc,store_refs_apparent_bytes,949957
blob,blob/nix-closure,amber-go-s3,1,push_initial,s3_bytes_down,6719
blob,blob/nix-closure,amber-go-s3,1,push_initial,s3_bytes_up,109403419
blob,blob/nix-closure,amber-go-s3,1,push_initial,s3_connections,14
blob,blob/nix-closure,amber-go-s3,1,push_initial,s3_request_body_bytes,109383399
blob,blob/nix-closure,amber-go-s3,1,push_initial,s3_requests_GET,2
blob,blob/nix-closure,amber-go-s3,1,push_initial,s3_requests_POST,4
blob,blob/nix-closure,amber-go-s3,1,push_initial,s3_requests_PUT,22
blob,blob/nix-closure,amber-go-s3,1,push_initial,s3_requests_total,28
blob,blob/nix-closure,amber-go-s3,1,push_initial,s3_response_body_bytes,2436
blob,blob/nix-closure,amber-go-s3,1,push_initial,s3_responses_2xx,27
blob,blob/nix-closure,amber-go-s3,1,push_initial,s3_responses_4xx,1
blob,blob/nix-closure,amber-go-s3,1,push_initial,stored_bytes,109229642
blob,blob/nix-closure,amber-go-s3,1,push_initial,stored_objects,16
blob,blob/nix-closure,amber-go-s3,1,push_noop,s3_bytes_down,5654
blob,blob/nix-closure,amber-go-s3,1,push_noop,s3_bytes_up,1195
blob,blob/nix-closure,amber-go-s3,1,push_noop,s3_connections,1
blob,blob/nix-closure,amber-go-s3,1,push_noop,s3_request_body_bytes,0
blob,blob/nix-closure,amber-go-s3,1,push_noop,s3_requests_GET,2
blob,blob/nix-closure,amber-go-s3,1,push_noop,s3_requests_total,2
blob,blob/nix-closure,amber-go-s3,1,push_noop,s3_response_body_bytes,5428
blob,blob/nix-closure,amber-go-s3,1,push_noop,s3_responses_2xx,1
blob,blob/nix-closure,amber-go-s3,1,push_noop,s3_responses_4xx,1
blob,blob/nix-closure,amber-go-s3,1,push_noop,stored_bytes,109229642
blob,blob/nix-closure,amber-go-s3,1,push_noop,stored_objects,16
blob,blob/nix-closure,amber-go-s3,1,pull_fresh,delivered_logical_bytes,184550399
blob,blob/nix-closure,amber-go-s3,1,pull_fresh,delivered_references,8
blob,blob/nix-closure,amber-go-s3,1,pull_fresh,s3_bytes_down,109240606
blob,blob/nix-closure,amber-go-s3,1,pull_fresh,s3_bytes_up,13006
blob,blob/nix-closure,amber-go-s3,1,pull_fresh,s3_connections,13
blob,blob/nix-closure,amber-go-s3,1,pull_fresh,s3_request_body_bytes,0
blob,blob/nix-closure,amber-go-s3,1,pull_fresh,s3_requests_GET,20
blob,blob/nix-closure,amber-go-s3,1,pull_fresh,s3_requests_HEAD,1
blob,blob/nix-closure,amber-go-s3,1,pull_fresh,s3_requests_total,21
blob,blob/nix-closure,amber-go-s3,1,pull_fresh,s3_response_body_bytes,109236420
blob,blob/nix-closure,amber-go-s3,1,pull_fresh,s3_responses_2xx,19
blob,blob/nix-closure,amber-go-s3,1,pull_fresh,s3_responses_4xx,2
blob,blob/nix-closure,amber-go-s3,1,pull_fresh,stored_bytes,109229642
blob,blob/nix-closure,amber-go-s3,1,pull_fresh,stored_objects,16
blob,blob/nix-closure,amber-go-s3,1,push_incremental,s3_bytes_down,16101
blob,blob/nix-closure,amber-go-s3,1,push_incremental,s3_bytes_up,58980501
blob,blob/nix-closure,amber-go-s3,1,push_incremental,s3_connections,14
blob,blob/nix-closure,amber-go-s3,1,push_incremental,s3_request_body_bytes,58958994
blob,blob/nix-closure,amber-go-s3,1,push_incremental,s3_requests_GET,2
blob,blob/nix-closure,amber-go-s3,1,push_incremental,s3_requests_POST,14
blob,blob/nix-closure,amber-go-s3,1,push_incremental,s3_requests_PUT,16
blob,blob/nix-closure,amber-go-s3,1,push_incremental,s3_requests_total,32
blob,blob/nix-closure,amber-go-s3,1,push_incremental,s3_response_body_bytes,11526
blob,blob/nix-closure,amber-go-s3,1,push_incremental,s3_responses_2xx,31
blob,blob/nix-closure,amber-go-s3,1,push_incremental,s3_responses_4xx,1
blob,blob/nix-closure,amber-go-s3,1,push_incremental,stored_bytes,126027661
blob,blob/nix-closure,amber-go-s3,1,push_incremental,stored_objects,15
blob,blob/nix-closure,amber-go-s3,1,pull_incremental,delivered_logical_bytes,192939113
blob,blob/nix-closure,amber-go-s3,1,pull_incremental,delivered_references,9
blob,blob/nix-closure,amber-go-s3,1,pull_incremental,s3_bytes_down,58883537
blob,blob/nix-closure,amber-go-s3,1,pull_incremental,s3_bytes_up,11166
blob,blob/nix-closure,amber-go-s3,1,pull_incremental,s3_connections,7
blob,blob/nix-closure,amber-go-s3,1,pull_incremental,s3_request_body_bytes,0
blob,blob/nix-closure,amber-go-s3,1,pull_incremental,s3_requests_GET,17
blob,blob/nix-closure,amber-go-s3,1,pull_incremental,s3_requests_HEAD,1
blob,blob/nix-closure,amber-go-s3,1,pull_incremental,s3_requests_total,18
blob,blob/nix-closure,amber-go-s3,1,pull_incremental,s3_response_body_bytes,58880037
blob,blob/nix-closure,amber-go-s3,1,pull_incremental,s3_responses_2xx,16
blob,blob/nix-closure,amber-go-s3,1,pull_incremental,s3_responses_4xx,2
blob,blob/nix-closure,amber-go-s3,1,pull_incremental,stored_bytes,126027661
blob,blob/nix-closure,amber-go-s3,1,pull_incremental,stored_objects,15
blob,blob/nix-closure,amber-go-s3,1,age_sealed_segments,segments_aged,2
blob,blob/nix-closure,amber-go-s3,1,retention_cleanup,retained_logical_bytes,192939113
blob,blob/nix-closure,amber-go-s3,1,retention_cleanup,retained_references,9
blob,blob/nix-closure,amber-go-s3,1,retention_cleanup,s3_bytes_down,16973
blob,blob/nix-closure,amber-go-s3,1,retention_cleanup,s3_bytes_up,126264237
blob,blob/nix-closure,amber-go-s3,1,retention_cleanup,s3_connections,19
blob,blob/nix-closure,amber-go-s3,1,retention_cleanup,s3_request_body_bytes,126240384
blob,blob/nix-closure,amber-go-s3,1,retention_cleanup,s3_requests_GET,2
blob,blob/nix-closure,amber-go-s3,1,retention_cleanup,s3_requests_POST,17
blob,blob/nix-closure,amber-go-s3,1,retention_cleanup,s3_requests_PUT,16
blob,blob/nix-closure,amber-go-s3,1,retention_cleanup,s3_requests_total,35
blob,blob/nix-closure,amber-go-s3,1,retention_cleanup,s3_response_body_bytes,12575
blob,blob/nix-closure,amber-go-s3,1,retention_cleanup,s3_responses_2xx,34
blob,blob/nix-closure,amber-go-s3,1,retention_cleanup,s3_responses_4xx,1
blob,blob/nix-closure,amber-go-s3,1,retention_cleanup,stored_bytes,126062429
blob,blob/nix-closure,amber-go-s3,1,retention_cleanup,stored_objects,10
tree,tree/lifecycle,restic,1,ingest_fresh,store_data_allocated_bytes,742666240
tree,tree/lifecycle,restic,1,ingest_fresh,store_data_apparent_bytes,741524150
tree,tree/lifecycle,restic,1,ingest_fresh,store_index_allocated_bytes,307200
tree,tree/lifecycle,restic,1,ingest_fresh,store_index_apparent_bytes,301712
tree,tree/lifecycle,restic,1,ingest_fresh,store_snapshots_allocated_bytes,8192
tree,tree/lifecycle,restic,1,ingest_fresh,store_snapshots_apparent_bytes,416
tree,tree/lifecycle,restic,1,ingest_repeat,store_data_allocated_bytes,742666240
tree,tree/lifecycle,restic,1,ingest_repeat,store_data_apparent_bytes,741524150
tree,tree/lifecycle,restic,1,ingest_repeat,store_index_allocated_bytes,307200
tree,tree/lifecycle,restic,1,ingest_repeat,store_index_apparent_bytes,301712
tree,tree/lifecycle,restic,1,ingest_repeat,store_snapshots_allocated_bytes,12288
tree,tree/lifecycle,restic,1,ingest_repeat,store_snapshots_apparent_bytes,869
tree,tree/lifecycle,restic,1,ingest_changed,store_data_allocated_bytes,748822528
tree,tree/lifecycle,restic,1,ingest_changed,store_data_apparent_bytes,747675543
tree,tree/lifecycle,restic,1,ingest_changed,store_index_allocated_bytes,360448
tree,tree/lifecycle,restic,1,ingest_changed,store_index_apparent_bytes,351628
tree,tree/lifecycle,restic,1,ingest_changed,store_snapshots_allocated_bytes,16384
tree,tree/lifecycle,restic,1,ingest_changed,store_snapshots_apparent_bytes,1280
tree,tree/lifecycle,restic,1,ref_delete,store_data_allocated_bytes,748822528
tree,tree/lifecycle,restic,1,ref_delete,store_data_apparent_bytes,747675543
tree,tree/lifecycle,restic,1,ref_delete,store_index_allocated_bytes,360448
tree,tree/lifecycle,restic,1,ref_delete,store_index_apparent_bytes,351628
tree,tree/lifecycle,restic,1,ref_delete,store_snapshots_allocated_bytes,8192
tree,tree/lifecycle,restic,1,ref_delete,store_snapshots_apparent_bytes,411
tree,tree/lifecycle,restic,1,gc,allocated_after_gc,743407616
tree,tree/lifecycle,restic,1,gc,allocated_before_delete,749219840
tree,tree/lifecycle,restic,1,gc,allocated_before_gc,749211648
tree,tree/lifecycle,restic,1,gc,store_data_allocated_bytes,743071744
tree,tree/lifecycle,restic,1,gc,store_data_apparent_bytes,741919048
tree,tree/lifecycle,restic,1,gc,store_index_allocated_bytes,307200
tree,tree/lifecycle,restic,1,gc,store_index_apparent_bytes,302040
tree,tree/lifecycle,restic,1,gc,store_snapshots_allocated_bytes,8192
tree,tree/lifecycle,restic,1,gc,store_snapshots_apparent_bytes,411
tree,tree/lifecycle,amber-rust,1,ingest_fresh,store_closures_allocated_bytes,4096
tree,tree/lifecycle,amber-rust,1,ingest_fresh,store_closures_apparent_bytes,0
tree,tree/lifecycle,amber-rust,1,ingest_fresh,store_packstore_allocated_bytes,723013632
tree,tree/lifecycle,amber-rust,1,ingest_fresh,store_packstore_apparent_bytes,722941514
tree,tree/lifecycle,amber-rust,1,ingest_fresh,store_refs_allocated_bytes,1626112
tree,tree/lifecycle,amber-rust,1,ingest_fresh,store_refs_apparent_bytes,3686400
tree,tree/lifecycle,amber-rust,1,ingest_repeat,store_closures_allocated_bytes,4096
tree,tree/lifecycle,amber-rust,1,ingest_repeat,store_closures_apparent_bytes,0
tree,tree/lifecycle,amber-rust,1,ingest_repeat,store_packstore_allocated_bytes,723013632
tree,tree/lifecycle,amber-rust,1,ingest_repeat,store_packstore_apparent_bytes,722941514
tree,tree/lifecycle,amber-rust,1,ingest_repeat,store_refs_allocated_bytes,1634304
tree,tree/lifecycle,amber-rust,1,ingest_repeat,store_refs_apparent_bytes,3686400
tree,tree/lifecycle,amber-rust,1,ingest_changed,store_closures_allocated_bytes,4096
tree,tree/lifecycle,amber-rust,1,ingest_changed,store_closures_apparent_bytes,0
tree,tree/lifecycle,amber-rust,1,ingest_changed,store_packstore_allocated_bytes,728965120
tree,tree/lifecycle,amber-rust,1,ingest_changed,store_packstore_apparent_bytes,728893642
tree,tree/lifecycle,amber-rust,1,ingest_changed,store_refs_allocated_bytes,1634304
tree,tree/lifecycle,amber-rust,1,ingest_changed,store_refs_apparent_bytes,3686400
tree,tree/lifecycle,amber-rust,1,list_recursive,cli_invocations,167
tree,tree/lifecycle,amber-rust,1,list_recursive,directories,166
tree,tree/lifecycle,amber-rust,1,list_recursive,entries,5842
tree,tree/lifecycle,amber-rust,1,ref_delete,store_closures_allocated_bytes,4096
tree,tree/lifecycle,amber-rust,1,ref_delete,store_closures_apparent_bytes,0
tree,tree/lifecycle,amber-rust,1,ref_delete,store_packstore_allocated_bytes,728965120
tree,tree/lifecycle,amber-rust,1,ref_delete,store_packstore_apparent_bytes,728893642
tree,tree/lifecycle,amber-rust,1,ref_delete,store_refs_allocated_bytes,1634304
tree,tree/lifecycle,amber-rust,1,ref_delete,store_refs_apparent_bytes,3686400
tree,tree/lifecycle,amber-rust,1,age_sealed_segments,segments_aged,11
tree,tree/lifecycle,amber-rust,1,gc,allocated_after_gc,725032960
tree,tree/lifecycle,amber-rust,1,gc,allocated_before_delete,730607616
tree,tree/lifecycle,amber-rust,1,gc,allocated_before_gc,730607616
tree,tree/lifecycle,amber-rust,1,gc,reclaimed_packstore_bytes,5574656
tree,tree/lifecycle,amber-rust,1,gc,store_closures_allocated_bytes,4096
tree,tree/lifecycle,amber-rust,1,gc,store_closures_apparent_bytes,0
tree,tree/lifecycle,amber-rust,1,gc,store_packstore_allocated_bytes,723390464
tree,tree/lifecycle,amber-rust,1,gc,store_packstore_apparent_bytes,723328551
tree,tree/lifecycle,amber-rust,1,gc,store_refs_allocated_bytes,1634304
tree,tree/lifecycle,amber-rust,1,gc,store_refs_apparent_bytes,3686400
blob,blob/backup-corpus,amber-rust-s3,1,push_initial,s3_bytes_down,19101
blob,blob/backup-corpus,amber-rust-s3,1,push_initial,s3_bytes_up,727697078
blob,blob/backup-corpus,amber-rust-s3,1,push_initial,s3_connections,45
blob,blob/backup-corpus,amber-rust-s3,1,push_initial,s3_request_body_bytes,727637874
blob,blob/backup-corpus,amber-rust-s3,1,push_initial,s3_requests_GET,2
blob,blob/backup-corpus,amber-rust-s3,1,push_initial,s3_requests_POST,22
blob,blob/backup-corpus,amber-rust-s3,1,push_initial,s3_requests_PUT,55
blob,blob/backup-corpus,amber-rust-s3,1,push_initial,s3_requests_total,79
blob,blob/backup-corpus,amber-rust-s3,1,push_initial,s3_response_body_bytes,10663
blob,blob/backup-corpus,amber-rust-s3,1,push_initial,s3_responses_2xx,78
blob,blob/backup-corpus,amber-rust-s3,1,push_initial,s3_responses_4xx,1
blob,blob/backup-corpus,amber-rust-s3,1,push_initial,stored_bytes,726629162
blob,blob/backup-corpus,amber-rust-s3,1,push_initial,stored_objects,12
blob,blob/backup-corpus,amber-rust-s3,1,push_noop,s3_bytes_down,4676
blob,blob/backup-corpus,amber-rust-s3,1,push_noop,s3_bytes_up,1199
blob,blob/backup-corpus,amber-rust-s3,1,push_noop,s3_connections,1
blob,blob/backup-corpus,amber-rust-s3,1,push_noop,s3_request_body_bytes,0
blob,blob/backup-corpus,amber-rust-s3,1,push_noop,s3_requests_GET,2
blob,blob/backup-corpus,amber-rust-s3,1,push_noop,s3_requests_total,2
blob,blob/backup-corpus,amber-rust-s3,1,push_noop,s3_response_body_bytes,4450
blob,blob/backup-corpus,amber-rust-s3,1,push_noop,s3_responses_2xx,1
blob,blob/backup-corpus,amber-rust-s3,1,push_noop,s3_responses_4xx,1
blob,blob/backup-corpus,amber-rust-s3,1,push_noop,stored_bytes,726629162
blob,blob/backup-corpus,amber-rust-s3,1,push_noop,stored_objects,12
blob,blob/backup-corpus,amber-rust-s3,1,pull_fresh,delivered_logical_bytes,2179569013
blob,blob/backup-corpus,amber-rust-s3,1,pull_fresh,delivered_references,1
blob,blob/backup-corpus,amber-rust-s3,1,pull_fresh,s3_bytes_down,726638348
blob,blob/backup-corpus,amber-rust-s3,1,pull_fresh,s3_bytes_up,10744
blob,blob/backup-corpus,amber-rust-s3,1,pull_fresh,s3_connections,12
blob,blob/backup-corpus,amber-rust-s3,1,pull_fresh,s3_request_body_bytes,0
blob,blob/backup-corpus,amber-rust-s3,1,pull_fresh,s3_requests_GET,16
blob,blob/backup-corpus,amber-rust-s3,1,pull_fresh,s3_requests_HEAD,1
blob,blob/backup-corpus,amber-rust-s3,1,pull_fresh,s3_requests_total,17
blob,blob/backup-corpus,amber-rust-s3,1,pull_fresh,s3_response_body_bytes,726634986
blob,blob/backup-corpus,amber-rust-s3,1,pull_fresh,s3_responses_2xx,15
blob,blob/backup-corpus,amber-rust-s3,1,pull_fresh,s3_responses_4xx,2
blob,blob/backup-corpus,amber-rust-s3,1,pull_fresh,stored_bytes,726629162
blob,blob/backup-corpus,amber-rust-s3,1,pull_fresh,stored_objects,12
blob,blob/backup-corpus,amber-rust-s3,1,push_incremental,s3_bytes_down,6431
blob,blob/backup-corpus,amber-rust-s3,1,push_incremental,s3_bytes_up,60281093
blob,blob/backup-corpus,amber-rust-s3,1,push_incremental,s3_connections,5
blob,blob/backup-corpus,amber-rust-s3,1,push_incremental,s3_request_body_bytes,60274639
blob,blob/backup-corpus,amber-rust-s3,1,push_incremental,s3_requests_GET,2
blob,blob/backup-corpus,amber-rust-s3,1,push_incremental,s3_requests_POST,2
blob,blob/backup-corpus,amber-rust-s3,1,push_incremental,s3_requests_PUT,5
blob,blob/backup-corpus,amber-rust-s3,1,push_incremental,s3_requests_total,9
blob,blob/backup-corpus,amber-rust-s3,1,push_incremental,s3_response_body_bytes,5382
blob,blob/backup-corpus,amber-rust-s3,1,push_incremental,s3_responses_2xx,8
blob,blob/backup-corpus,amber-rust-s3,1,push_incremental,s3_responses_4xx,1
blob,blob/backup-corpus,amber-rust-s3,1,push_incremental,stored_bytes,732581290
blob,blob/backup-corpus,amber-rust-s3,1,push_incremental,stored_objects,12
blob,blob/backup-corpus,amber-rust-s3,1,pull_incremental,delivered_logical_bytes,2179966963
blob,blob/backup-corpus,amber-rust-s3,1,pull_incremental,delivered_references,1
blob,blob/backup-corpus,amber-rust-s3,1,pull_incremental,s3_bytes_down,60197822
blob,blob/backup-corpus,amber-rust-s3,1,pull_incremental,s3_bytes_up,4544
blob,blob/backup-corpus,amber-rust-s3,1,pull_incremental,s3_connections,2
blob,blob/backup-corpus,amber-rust-s3,1,pull_incremental,s3_request_body_bytes,0
blob,blob/backup-corpus,amber-rust-s3,1,pull_incremental,s3_requests_GET,6
blob,blob/backup-corpus,amber-rust-s3,1,pull_incremental,s3_requests_HEAD,1
blob,blob/backup-corpus,amber-rust-s3,1,pull_incremental,s3_requests_total,7
blob,blob/backup-corpus,amber-rust-s3,1,pull_incremental,s3_response_body_bytes,60196800
blob,blob/backup-corpus,amber-rust-s3,1,pull_incremental,s3_responses_2xx,5
blob,blob/backup-corpus,amber-rust-s3,1,pull_incremental,s3_responses_4xx,2
blob,blob/backup-corpus,amber-rust-s3,1,pull_incremental,stored_bytes,732581290
blob,blob/backup-corpus,amber-rust-s3,1,pull_incremental,stored_objects,12
blob,blob/backup-corpus,amber-rust-s3,1,age_sealed_segments,segments_aged,11
blob,blob/backup-corpus,amber-rust-s3,1,retention_cleanup,retained_logical_bytes,2179966963
blob,blob/backup-corpus,amber-rust-s3,1,retention_cleanup,retained_references,1
blob,blob/backup-corpus,amber-rust-s3,1,retention_cleanup,s3_bytes_down,26721
blob,blob/backup-corpus,amber-rust-s3,1,retention_cleanup,s3_bytes_up,660808235
blob,blob/backup-corpus,amber-rust-s3,1,retention_cleanup,s3_connections,41
blob,blob/backup-corpus,amber-rust-s3,1,retention_cleanup,s3_request_body_bytes,660748535
blob,blob/backup-corpus,amber-rust-s3,1,retention_cleanup,s3_requests_GET,2
blob,blob/backup-corpus,amber-rust-s3,1,retention_cleanup,s3_requests_POST,30
blob,blob/backup-corpus,amber-rust-s3,1,retention_cleanup,s3_requests_PUT,49
blob,blob/backup-corpus,amber-rust-s3,1,retention_cleanup,s3_requests_total,81
blob,blob/backup-corpus,amber-rust-s3,1,retention_cleanup,s3_response_body_bytes,18058
blob,blob/backup-corpus,amber-rust-s3,1,retention_cleanup,s3_responses_2xx,80
blob,blob/backup-corpus,amber-rust-s3,1,retention_cleanup,s3_responses_4xx,1
blob,blob/backup-corpus,amber-rust-s3,1,retention_cleanup,stored_bytes,727008455
blob,blob/backup-corpus,amber-rust-s3,1,retention_cleanup,stored_objects,12
tree,tree/lifecycle,git,1,ingest_fresh,store_refs_allocated_bytes,16384
tree,tree/lifecycle,git,1,ingest_fresh,store_refs_apparent_bytes,41
tree,tree/lifecycle,git,1,ingest_repeat,store_refs_allocated_bytes,20480
tree,tree/lifecycle,git,1,ingest_repeat,store_refs_apparent_bytes,82
tree,tree/lifecycle,git,1,ingest_changed,store_refs_allocated_bytes,24576
tree,tree/lifecycle,git,1,ingest_changed,store_refs_apparent_bytes,123
tree,tree/lifecycle,git,1,ref_delete,store_refs_allocated_bytes,16384
tree,tree/lifecycle,git,1,ref_delete,store_refs_apparent_bytes,41
tree,tree/lifecycle,git,1,gc,allocated_after_gc,722554880
tree,tree/lifecycle,git,1,gc,allocated_before_delete,1383505920
tree,tree/lifecycle,git,1,gc,allocated_before_gc,1383489536
tree,tree/lifecycle,git,1,gc,store_refs_allocated_bytes,12288
tree,tree/lifecycle,git,1,gc,store_refs_apparent_bytes,0
backup,backup/retention,restic,2,backup_initial,store_data_allocated_bytes,738828288
backup,backup/retention,restic,2,backup_initial,store_data_apparent_bytes,737668170
backup,backup/retention,restic,2,backup_initial,store_index_allocated_bytes,311296
backup,backup/retention,restic,2,backup_initial,store_index_apparent_bytes,304079
backup,backup/retention,restic,2,backup_initial,store_snapshots_allocated_bytes,8192
backup,backup/retention,restic,2,backup_initial,store_snapshots_apparent_bytes,419
backup,backup/retention,restic,2,backup_unchanged,store_data_allocated_bytes,738828288
backup,backup/retention,restic,2,backup_unchanged,store_data_apparent_bytes,737668170
backup,backup/retention,restic,2,backup_unchanged,store_index_allocated_bytes,311296
backup,backup/retention,restic,2,backup_unchanged,store_index_apparent_bytes,304079
backup,backup/retention,restic,2,backup_unchanged,store_snapshots_allocated_bytes,12288
backup,backup/retention,restic,2,backup_unchanged,store_snapshots_apparent_bytes,871
backup,backup/retention,restic,2,backup_changed,store_data_allocated_bytes,744988672
backup,backup/retention,restic,2,backup_changed,store_data_apparent_bytes,743823039
backup,backup/retention,restic,2,backup_changed,store_index_allocated_bytes,364544
backup,backup/retention,restic,2,backup_changed,store_index_apparent_bytes,353988
backup,backup/retention,restic,2,backup_changed,store_snapshots_allocated_bytes,16384
backup,backup/retention,restic,2,backup_changed,store_snapshots_apparent_bytes,1287
backup,backup/retention,restic,2,backup_changed_again,store_data_allocated_bytes,751083520
backup,backup/retention,restic,2,backup_changed_again,store_data_apparent_bytes,749910409
backup,backup/retention,restic,2,backup_changed_again,store_index_allocated_bytes,413696
backup,backup/retention,restic,2,backup_changed_again,store_index_apparent_bytes,402392
backup,backup/retention,restic,2,backup_changed_again,store_snapshots_allocated_bytes,20480
backup,backup/retention,restic,2,backup_changed_again,store_snapshots_apparent_bytes,1701
backup,backup/retention,restic,2,forget_oldest,store_data_allocated_bytes,751083520
backup,backup/retention,restic,2,forget_oldest,store_data_apparent_bytes,749910409
backup,backup/retention,restic,2,forget_oldest,store_index_allocated_bytes,413696
backup,backup/retention,restic,2,forget_oldest,store_index_apparent_bytes,402392
backup,backup/retention,restic,2,forget_oldest,store_snapshots_allocated_bytes,12288
backup,backup/retention,restic,2,forget_oldest,store_snapshots_apparent_bytes,830
backup,backup/retention,restic,2,prune,allocated_after_prune,745689088
backup,backup/retention,restic,2,prune,allocated_before_forget,751538176
backup,backup/retention,restic,2,prune,store_data_allocated_bytes,745295872
backup,backup/retention,restic,2,prune,store_data_apparent_bytes,744150395
backup,backup/retention,restic,2,prune,store_index_allocated_bytes,360448
backup,backup/retention,restic,2,prune,store_index_apparent_bytes,354108
backup,backup/retention,restic,2,prune,store_snapshots_allocated_bytes,12288
backup,backup/retention,restic,2,prune,store_snapshots_apparent_bytes,830
blob,blob/nix-closure,nix-binary-cache,2,push_initial,s3_bytes_down,8068
blob,blob/nix-closure,nix-binary-cache,2,push_initial,s3_bytes_up,109104661
blob,blob/nix-closure,nix-binary-cache,2,push_initial,s3_connections,8
blob,blob/nix-closure,nix-binary-cache,2,push_initial,s3_request_body_bytes,109082825
blob,blob/nix-closure,nix-binary-cache,2,push_initial,s3_requests_GET,9
blob,blob/nix-closure,nix-binary-cache,2,push_initial,s3_requests_HEAD,8
blob,blob/nix-closure,nix-binary-cache,2,push_initial,s3_requests_PUT,17
blob,blob/nix-closure,nix-binary-cache,2,push_initial,s3_requests_total,34
blob,blob/nix-closure,nix-binary-cache,2,push_initial,s3_response_body_bytes,2521
blob,blob/nix-closure,nix-binary-cache,2,push_initial,s3_responses_1xx,7
blob,blob/nix-closure,nix-binary-cache,2,push_initial,s3_responses_2xx,17
blob,blob/nix-closure,nix-binary-cache,2,push_initial,s3_responses_4xx,17
blob,blob/nix-closure,nix-binary-cache,2,push_initial,stored_bytes,109082825
blob,blob/nix-closure,nix-binary-cache,2,push_initial,stored_objects,17
blob,blob/nix-closure,nix-binary-cache,2,push_noop,s3_bytes_down,0
blob,blob/nix-closure,nix-binary-cache,2,push_noop,s3_bytes_up,0
blob,blob/nix-closure,nix-binary-cache,2,push_noop,s3_connections,0
blob,blob/nix-closure,nix-binary-cache,2,push_noop,s3_request_body_bytes,0
blob,blob/nix-closure,nix-binary-cache,2,push_noop,s3_requests_total,0
blob,blob/nix-closure,nix-binary-cache,2,push_noop,s3_response_body_bytes,0
blob,blob/nix-closure,nix-binary-cache,2,push_noop,stored_bytes,109082825
blob,blob/nix-closure,nix-binary-cache,2,push_noop,stored_objects,17
blob,blob/nix-closure,nix-binary-cache,2,pull_fresh,delivered_logical_bytes,184550399
blob,blob/nix-closure,nix-binary-cache,2,pull_fresh,delivered_references,8
blob,blob/nix-closure,nix-binary-cache,2,pull_fresh,s3_bytes_down,109087302
blob,blob/nix-closure,nix-binary-cache,2,pull_fresh,s3_bytes_up,12401
blob,blob/nix-closure,nix-binary-cache,2,pull_fresh,s3_connections,5
blob,blob/nix-closure,nix-binary-cache,2,pull_fresh,s3_request_body_bytes,0
blob,blob/nix-closure,nix-binary-cache,2,pull_fresh,s3_requests_GET,17
blob,blob/nix-closure,nix-binary-cache,2,pull_fresh,s3_requests_HEAD,3
blob,blob/nix-closure,nix-binary-cache,2,pull_fresh,s3_requests_total,20
blob,blob/nix-closure,nix-binary-cache,2,pull_fresh,s3_response_body_bytes,109082825
blob,blob/nix-closure,nix-binary-cache,2,pull_fresh,s3_responses_2xx,20
blob,blob/nix-closure,nix-binary-cache,2,pull_fresh,stored_bytes,109082825
blob,blob/nix-closure,nix-binary-cache,2,pull_fresh,stored_objects,17
blob,blob/nix-closure,nix-binary-cache,2,push_incremental,s3_bytes_down,2795
blob,blob/nix-closure,nix-binary-cache,2,push_incremental,s3_bytes_up,16800512
blob,blob/nix-closure,nix-binary-cache,2,push_incremental,s3_connections,3
blob,blob/nix-closure,nix-binary-cache,2,push_incremental,s3_request_body_bytes,16792790
blob,blob/nix-closure,nix-binary-cache,2,push_incremental,s3_requests_GET,3
blob,blob/nix-closure,nix-binary-cache,2,push_incremental,s3_requests_HEAD,3
blob,blob/nix-closure,nix-binary-cache,2,push_incremental,s3_requests_PUT,6
blob,blob/nix-closure,nix-binary-cache,2,push_incremental,s3_requests_total,12
blob,blob/nix-closure,nix-binary-cache,2,push_incremental,s3_response_body_bytes,849
blob,blob/nix-closure,nix-binary-cache,2,push_incremental,s3_responses_1xx,2
blob,blob/nix-closure,nix-binary-cache,2,push_incremental,s3_responses_2xx,6
blob,blob/nix-closure,nix-binary-cache,2,push_incremental,s3_responses_4xx,6
blob,blob/nix-closure,nix-binary-cache,2,push_incremental,stored_bytes,125875615
blob,blob/nix-closure,nix-binary-cache,2,push_incremental,stored_objects,23
blob,blob/nix-closure,nix-binary-cache,2,pull_incremental,delivered_logical_bytes,192939113
blob,blob/nix-closure,nix-binary-cache,2,pull_incremental,delivered_references,9
blob,blob/nix-closure,nix-binary-cache,2,pull_incremental,s3_bytes_down,16791850
blob,blob/nix-closure,nix-binary-cache,2,pull_incremental,s3_bytes_up,1905
blob,blob/nix-closure,nix-binary-cache,2,pull_incremental,s3_connections,2
blob,blob/nix-closure,nix-binary-cache,2,pull_incremental,s3_request_body_bytes,0
blob,blob/nix-closure,nix-binary-cache,2,pull_incremental,s3_requests_GET,3
blob,blob/nix-closure,nix-binary-cache,2,pull_incremental,s3_requests_total,3
blob,blob/nix-closure,nix-binary-cache,2,pull_incremental,s3_response_body_bytes,16791168
blob,blob/nix-closure,nix-binary-cache,2,pull_incremental,s3_responses_2xx,3
blob,blob/nix-closure,nix-binary-cache,2,pull_incremental,stored_bytes,125875615
blob,blob/nix-closure,nix-binary-cache,2,pull_incremental,stored_objects,23
blob,blob/nix-closure,nix-binary-cache,2,retention_cleanup,retained_logical_bytes,192939113
blob,blob/nix-closure,nix-binary-cache,2,retention_cleanup,retained_references,9
blob,blob/nix-closure,nix-binary-cache,2,retention_cleanup,s3_bytes_down,2766
blob,blob/nix-closure,nix-binary-cache,2,retention_cleanup,s3_bytes_up,5236
blob,blob/nix-closure,nix-binary-cache,2,retention_cleanup,s3_connections,2
blob,blob/nix-closure,nix-binary-cache,2,retention_cleanup,s3_request_body_bytes,360
blob,blob/nix-closure,nix-binary-cache,2,retention_cleanup,s3_requests_GET,2
blob,blob/nix-closure,nix-binary-cache,2,retention_cleanup,s3_requests_HEAD,4
blob,blob/nix-closure,nix-binary-cache,2,retention_cleanup,s3_requests_POST,2
blob,blob/nix-closure,nix-binary-cache,2,retention_cleanup,s3_requests_total,8
blob,blob/nix-closure,nix-binary-cache,2,retention_cleanup,s3_response_body_bytes,1432
blob,blob/nix-closure,nix-binary-cache,2,retention_cleanup,s3_responses_2xx,6
blob,blob/nix-closure,nix-binary-cache,2,retention_cleanup,s3_responses_4xx,2
blob,blob/nix-closure,nix-binary-cache,2,retention_cleanup,stored_bytes,125874489
blob,blob/nix-closure,nix-binary-cache,2,retention_cleanup,stored_objects,21
blob,blob/backup-corpus,amber-rust-s3,2,push_initial,s3_bytes_down,19101
blob,blob/backup-corpus,amber-rust-s3,2,push_initial,s3_bytes_up,727696981
blob,blob/backup-corpus,amber-rust-s3,2,push_initial,s3_connections,45
blob,blob/backup-corpus,amber-rust-s3,2,push_initial,s3_request_body_bytes,727637779
blob,blob/backup-corpus,amber-rust-s3,2,push_initial,s3_requests_GET,2
blob,blob/backup-corpus,amber-rust-s3,2,push_initial,s3_requests_POST,22
blob,blob/backup-corpus,amber-rust-s3,2,push_initial,s3_requests_PUT,55
blob,blob/backup-corpus,amber-rust-s3,2,push_initial,s3_requests_total,79
blob,blob/backup-corpus,amber-rust-s3,2,push_initial,s3_response_body_bytes,10663
blob,blob/backup-corpus,amber-rust-s3,2,push_initial,s3_responses_2xx,78
blob,blob/backup-corpus,amber-rust-s3,2,push_initial,s3_responses_4xx,1
blob,blob/backup-corpus,amber-rust-s3,2,push_initial,stored_bytes,726629066
blob,blob/backup-corpus,amber-rust-s3,2,push_initial,stored_objects,12
blob,blob/backup-corpus,amber-rust-s3,2,push_noop,s3_bytes_down,4676
blob,blob/backup-corpus,amber-rust-s3,2,push_noop,s3_bytes_up,1199
blob,blob/backup-corpus,amber-rust-s3,2,push_noop,s3_connections,1
blob,blob/backup-corpus,amber-rust-s3,2,push_noop,s3_request_body_bytes,0
blob,blob/backup-corpus,amber-rust-s3,2,push_noop,s3_requests_GET,2
blob,blob/backup-corpus,amber-rust-s3,2,push_noop,s3_requests_total,2
blob,blob/backup-corpus,amber-rust-s3,2,push_noop,s3_response_body_bytes,4450
blob,blob/backup-corpus,amber-rust-s3,2,push_noop,s3_responses_2xx,1
blob,blob/backup-corpus,amber-rust-s3,2,push_noop,s3_responses_4xx,1
blob,blob/backup-corpus,amber-rust-s3,2,push_noop,stored_bytes,726629066
blob,blob/backup-corpus,amber-rust-s3,2,push_noop,stored_objects,12
blob,blob/backup-corpus,amber-rust-s3,2,pull_fresh,delivered_logical_bytes,2179569013
blob,blob/backup-corpus,amber-rust-s3,2,pull_fresh,delivered_references,1
blob,blob/backup-corpus,amber-rust-s3,2,pull_fresh,s3_bytes_down,726638252
blob,blob/backup-corpus,amber-rust-s3,2,pull_fresh,s3_bytes_up,10744
blob,blob/backup-corpus,amber-rust-s3,2,pull_fresh,s3_connections,12
blob,blob/backup-corpus,amber-rust-s3,2,pull_fresh,s3_request_body_bytes,0
blob,blob/backup-corpus,amber-rust-s3,2,pull_fresh,s3_requests_GET,16
blob,blob/backup-corpus,amber-rust-s3,2,pull_fresh,s3_requests_HEAD,1
blob,blob/backup-corpus,amber-rust-s3,2,pull_fresh,s3_requests_total,17
blob,blob/backup-corpus,amber-rust-s3,2,pull_fresh,s3_response_body_bytes,726634890
blob,blob/backup-corpus,amber-rust-s3,2,pull_fresh,s3_responses_2xx,15
blob,blob/backup-corpus,amber-rust-s3,2,pull_fresh,s3_responses_4xx,2
blob,blob/backup-corpus,amber-rust-s3,2,pull_fresh,stored_bytes,726629066
blob,blob/backup-corpus,amber-rust-s3,2,pull_fresh,stored_objects,12
blob,blob/backup-corpus,amber-rust-s3,2,push_incremental,s3_bytes_down,6431
blob,blob/backup-corpus,amber-rust-s3,2,push_incremental,s3_bytes_up,60536593
blob,blob/backup-corpus,amber-rust-s3,2,push_incremental,s3_connections,5
blob,blob/backup-corpus,amber-rust-s3,2,push_incremental,s3_request_body_bytes,60530139
blob,blob/backup-corpus,amber-rust-s3,2,push_incremental,s3_requests_GET,2
blob,blob/backup-corpus,amber-rust-s3,2,push_incremental,s3_requests_POST,2
blob,blob/backup-corpus,amber-rust-s3,2,push_incremental,s3_requests_PUT,5
blob,blob/backup-corpus,amber-rust-s3,2,push_incremental,s3_requests_total,9
blob,blob/backup-corpus,amber-rust-s3,2,push_incremental,s3_response_body_bytes,5382
blob,blob/backup-corpus,amber-rust-s3,2,push_incremental,s3_responses_2xx,8
blob,blob/backup-corpus,amber-rust-s3,2,push_incremental,s3_responses_4xx,1
blob,blob/backup-corpus,amber-rust-s3,2,push_incremental,stored_bytes,732581194
blob,blob/backup-corpus,amber-rust-s3,2,push_incremental,stored_objects,12
blob,blob/backup-corpus,amber-rust-s3,2,pull_incremental,delivered_logical_bytes,2179966963
blob,blob/backup-corpus,amber-rust-s3,2,pull_incremental,delivered_references,1
blob,blob/backup-corpus,amber-rust-s3,2,pull_incremental,s3_bytes_down,60452962
blob,blob/backup-corpus,amber-rust-s3,2,pull_incremental,s3_bytes_up,4544
blob,blob/backup-corpus,amber-rust-s3,2,pull_incremental,s3_connections,2
blob,blob/backup-corpus,amber-rust-s3,2,pull_incremental,s3_request_body_bytes,0
blob,blob/backup-corpus,amber-rust-s3,2,pull_incremental,s3_requests_GET,6
blob,blob/backup-corpus,amber-rust-s3,2,pull_incremental,s3_requests_HEAD,1
blob,blob/backup-corpus,amber-rust-s3,2,pull_incremental,s3_requests_total,7
blob,blob/backup-corpus,amber-rust-s3,2,pull_incremental,s3_response_body_bytes,60451940
blob,blob/backup-corpus,amber-rust-s3,2,pull_incremental,s3_responses_2xx,5
blob,blob/backup-corpus,amber-rust-s3,2,pull_incremental,s3_responses_4xx,2
blob,blob/backup-corpus,amber-rust-s3,2,pull_incremental,stored_bytes,732581194
blob,blob/backup-corpus,amber-rust-s3,2,pull_incremental,stored_objects,12
blob,blob/backup-corpus,amber-rust-s3,2,age_sealed_segments,segments_aged,11
blob,blob/backup-corpus,amber-rust-s3,2,retention_cleanup,retained_logical_bytes,2179966963
blob,blob/backup-corpus,amber-rust-s3,2,retention_cleanup,retained_references,1
blob,blob/backup-corpus,amber-rust-s3,2,retention_cleanup,s3_bytes_down,24516
blob,blob/backup-corpus,amber-rust-s3,2,retention_cleanup,s3_bytes_up,593544980
blob,blob/backup-corpus,amber-rust-s3,2,retention_cleanup,s3_connections,37
blob,blob/backup-corpus,amber-rust-s3,2,retention_cleanup,s3_request_body_bytes,593491210
blob,blob/backup-corpus,amber-rust-s3,2,retention_cleanup,s3_requests_GET,2
blob,blob/backup-corpus,amber-rust-s3,2,retention_cleanup,s3_requests_POST,27
blob,blob/backup-corpus,amber-rust-s3,2,retention_cleanup,s3_requests_PUT,44
blob,blob/backup-corpus,amber-rust-s3,2,retention_cleanup,s3_requests_total,73
blob,blob/backup-corpus,amber-rust-s3,2,retention_cleanup,s3_response_body_bytes,16700
blob,blob/backup-corpus,amber-rust-s3,2,retention_cleanup,s3_responses_2xx,72
blob,blob/backup-corpus,amber-rust-s3,2,retention_cleanup,s3_responses_4xx,1
blob,blob/backup-corpus,amber-rust-s3,2,retention_cleanup,stored_bytes,726994627
blob,blob/backup-corpus,amber-rust-s3,2,retention_cleanup,stored_objects,12
nix,nix/closure,nix,2,gc,allocated_before_delete,277172224
tree,tree/lifecycle,restic,2,ingest_fresh,store_data_allocated_bytes,735797248
tree,tree/lifecycle,restic,2,ingest_fresh,store_data_apparent_bytes,734677266
tree,tree/lifecycle,restic,2,ingest_fresh,store_index_allocated_bytes,307200
tree,tree/lifecycle,restic,2,ingest_fresh,store_index_apparent_bytes,302685
tree,tree/lifecycle,restic,2,ingest_fresh,store_snapshots_allocated_bytes,8192
tree,tree/lifecycle,restic,2,ingest_fresh,store_snapshots_apparent_bytes,415
tree,tree/lifecycle,restic,2,ingest_repeat,store_data_allocated_bytes,735797248
tree,tree/lifecycle,restic,2,ingest_repeat,store_data_apparent_bytes,734677266
tree,tree/lifecycle,restic,2,ingest_repeat,store_index_allocated_bytes,307200
tree,tree/lifecycle,restic,2,ingest_repeat,store_index_apparent_bytes,302685
tree,tree/lifecycle,restic,2,ingest_repeat,store_snapshots_allocated_bytes,12288
tree,tree/lifecycle,restic,2,ingest_repeat,store_snapshots_apparent_bytes,867
tree,tree/lifecycle,restic,2,ingest_changed,store_data_allocated_bytes,741953536
tree,tree/lifecycle,restic,2,ingest_changed,store_data_apparent_bytes,740829925
tree,tree/lifecycle,restic,2,ingest_changed,store_index_allocated_bytes,360448
tree,tree/lifecycle,restic,2,ingest_changed,store_index_apparent_bytes,352561
tree,tree/lifecycle,restic,2,ingest_changed,store_snapshots_allocated_bytes,16384
tree,tree/lifecycle,restic,2,ingest_changed,store_snapshots_apparent_bytes,1278
tree,tree/lifecycle,restic,2,ref_delete,store_data_allocated_bytes,741953536
tree,tree/lifecycle,restic,2,ref_delete,store_data_apparent_bytes,740829925
tree,tree/lifecycle,restic,2,ref_delete,store_index_allocated_bytes,360448
tree,tree/lifecycle,restic,2,ref_delete,store_index_apparent_bytes,352561
tree,tree/lifecycle,restic,2,ref_delete,store_snapshots_allocated_bytes,8192
tree,tree/lifecycle,restic,2,ref_delete,store_snapshots_apparent_bytes,411
tree,tree/lifecycle,restic,2,gc,allocated_after_gc,736550912
tree,tree/lifecycle,restic,2,gc,allocated_before_delete,742350848
tree,tree/lifecycle,restic,2,gc,allocated_before_gc,742342656
tree,tree/lifecycle,restic,2,gc,store_data_allocated_bytes,736215040
tree,tree/lifecycle,restic,2,gc,store_data_apparent_bytes,735072161
tree,tree/lifecycle,restic,2,gc,store_index_allocated_bytes,307200
tree,tree/lifecycle,restic,2,gc,store_index_apparent_bytes,302842
tree,tree/lifecycle,restic,2,gc,store_snapshots_allocated_bytes,8192
tree,tree/lifecycle,restic,2,gc,store_snapshots_apparent_bytes,411
tree,tree/lifecycle,fs-sha256,2,ingest_fresh,store_refs_allocated_bytes,954368
tree,tree/lifecycle,fs-sha256,2,ingest_fresh,store_refs_apparent_bytes,949642
tree,tree/lifecycle,fs-sha256,2,ingest_repeat,store_refs_allocated_bytes,1904640
tree,tree/lifecycle,fs-sha256,2,ingest_repeat,store_refs_apparent_bytes,1899284
tree,tree/lifecycle,fs-sha256,2,ingest_changed,store_refs_allocated_bytes,2854912
tree,tree/lifecycle,fs-sha256,2,ingest_changed,store_refs_apparent_bytes,2849241
tree,tree/lifecycle,fs-sha256,2,ref_delete,store_refs_allocated_bytes,954368
tree,tree/lifecycle,fs-sha256,2,ref_delete,store_refs_apparent_bytes,949957
tree,tree/lifecycle,fs-sha256,2,gc,allocated_after_gc,1654947840
tree,tree/lifecycle,fs-sha256,2,gc,allocated_before_delete,1663840256
tree,tree/lifecycle,fs-sha256,2,gc,allocated_before_gc,1661939712
tree,tree/lifecycle,fs-sha256,2,gc,store_refs_allocated_bytes,954368
tree,tree/lifecycle,fs-sha256,2,gc,store_refs_apparent_bytes,949957
backup,backup/retention,amber-go,2,backup_initial,store_closures_allocated_bytes,4096
backup,backup/retention,amber-go,2,backup_initial,store_closures_apparent_bytes,0
backup,backup/retention,amber-go,2,backup_initial,store_packstore_allocated_bytes,723881984
backup,backup/retention,amber-go,2,backup_initial,store_packstore_apparent_bytes,723811648
backup,backup/retention,amber-go,2,backup_initial,store_refs_allocated_bytes,4628480
backup,backup/retention,amber-go,2,backup_initial,store_refs_apparent_bytes,2919
backup,backup/retention,amber-go,2,backup_unchanged,store_closures_allocated_bytes,4096
backup,backup/retention,amber-go,2,backup_unchanged,store_closures_apparent_bytes,0
backup,backup/retention,amber-go,2,backup_unchanged,store_packstore_allocated_bytes,723881984
backup,backup/retention,amber-go,2,backup_unchanged,store_packstore_apparent_bytes,723811648
backup,backup/retention,amber-go,2,backup_unchanged,store_refs_allocated_bytes,4636672
backup,backup/retention,amber-go,2,backup_unchanged,store_refs_apparent_bytes,3646
backup,backup/retention,amber-go,2,backup_changed,store_closures_allocated_bytes,4096
backup,backup/retention,amber-go,2,backup_changed,store_closures_apparent_bytes,0
backup,backup/retention,amber-go,2,backup_changed,store_packstore_allocated_bytes,729833472
backup,backup/retention,amber-go,2,backup_changed,store_packstore_apparent_bytes,729764405
backup,backup/retention,amber-go,2,backup_changed,store_refs_allocated_bytes,4640768
backup,backup/retention,amber-go,2,backup_changed,store_refs_apparent_bytes,4379
backup,backup/retention,amber-go,2,backup_changed_again,store_closures_allocated_bytes,4096
backup,backup/retention,amber-go,2,backup_changed_again,store_closures_apparent_bytes,0
backup,backup/retention,amber-go,2,backup_changed_again,store_packstore_allocated_bytes,735719424
backup,backup/retention,amber-go,2,backup_changed_again,store_packstore_apparent_bytes,735651956
backup,backup/retention,amber-go,2,backup_changed_again,store_refs_allocated_bytes,4644864
backup,backup/retention,amber-go,2,backup_changed_again,store_refs_apparent_bytes,5099
backup,backup/retention,amber-go,2,list_snapshot,cli_invocations,168
backup,backup/retention,amber-go,2,list_snapshot,entries,5842
backup,backup/retention,amber-go,2,forget_oldest,store_closures_allocated_bytes,4096
backup,backup/retention,amber-go,2,forget_oldest,store_closures_apparent_bytes,0
backup,backup/retention,amber-go,2,forget_oldest,store_packstore_allocated_bytes,735719424
backup,backup/retention,amber-go,2,forget_oldest,store_packstore_apparent_bytes,735651956
backup,backup/retention,amber-go,2,forget_oldest,store_refs_allocated_bytes,4636672
backup,backup/retention,amber-go,2,forget_oldest,store_refs_apparent_bytes,4206
backup,backup/retention,amber-go,2,age_sealed_segments,segments_aged,11
backup,backup/retention,amber-go,2,prune,allocated_after_prune,731197440
backup,backup/retention,amber-go,2,prune,allocated_before_forget,735764480
backup,backup/retention,amber-go,2,prune,reclaimed_packstore_bytes,4558848
backup,backup/retention,amber-go,2,prune,store_closures_allocated_bytes,4096
backup,backup/retention,amber-go,2,prune,store_closures_apparent_bytes,0
backup,backup/retention,amber-go,2,prune,store_packstore_allocated_bytes,731160576
backup,backup/retention,amber-go,2,prune,store_packstore_apparent_bytes,731085890
backup,backup/retention,amber-go,2,prune,store_refs_allocated_bytes,28672
backup,backup/retention,amber-go,2,prune,store_refs_apparent_bytes,4702
tree,tree/lifecycle,amber-rust,2,ingest_fresh,store_closures_allocated_bytes,4096
tree,tree/lifecycle,amber-rust,2,ingest_fresh,store_closures_apparent_bytes,0
tree,tree/lifecycle,amber-rust,2,ingest_fresh,store_packstore_allocated_bytes,723009536
tree,tree/lifecycle,amber-rust,2,ingest_fresh,store_packstore_apparent_bytes,722941550
tree,tree/lifecycle,amber-rust,2,ingest_fresh,store_refs_allocated_bytes,1626112
tree,tree/lifecycle,amber-rust,2,ingest_fresh,store_refs_apparent_bytes,3686400
tree,tree/lifecycle,amber-rust,2,ingest_repeat,store_closures_allocated_bytes,4096
tree,tree/lifecycle,amber-rust,2,ingest_repeat,store_closures_apparent_bytes,0
tree,tree/lifecycle,amber-rust,2,ingest_repeat,store_packstore_allocated_bytes,723009536
tree,tree/lifecycle,amber-rust,2,ingest_repeat,store_packstore_apparent_bytes,722941550
tree,tree/lifecycle,amber-rust,2,ingest_repeat,store_refs_allocated_bytes,1634304
tree,tree/lifecycle,amber-rust,2,ingest_repeat,store_refs_apparent_bytes,3686400
tree,tree/lifecycle,amber-rust,2,ingest_changed,store_closures_allocated_bytes,4096
tree,tree/lifecycle,amber-rust,2,ingest_changed,store_closures_apparent_bytes,0
tree,tree/lifecycle,amber-rust,2,ingest_changed,store_packstore_allocated_bytes,728961024
tree,tree/lifecycle,amber-rust,2,ingest_changed,store_packstore_apparent_bytes,728893678
tree,tree/lifecycle,amber-rust,2,ingest_changed,store_refs_allocated_bytes,1634304
tree,tree/lifecycle,amber-rust,2,ingest_changed,store_refs_apparent_bytes,3686400
tree,tree/lifecycle,amber-rust,2,list_recursive,cli_invocations,167
tree,tree/lifecycle,amber-rust,2,list_recursive,directories,166
tree,tree/lifecycle,amber-rust,2,list_recursive,entries,5842
tree,tree/lifecycle,amber-rust,2,ref_delete,store_closures_allocated_bytes,4096
tree,tree/lifecycle,amber-rust,2,ref_delete,store_closures_apparent_bytes,0
tree,tree/lifecycle,amber-rust,2,ref_delete,store_packstore_allocated_bytes,728961024
tree,tree/lifecycle,amber-rust,2,ref_delete,store_packstore_apparent_bytes,728893678
tree,tree/lifecycle,amber-rust,2,ref_delete,store_refs_allocated_bytes,1634304
tree,tree/lifecycle,amber-rust,2,ref_delete,store_refs_apparent_bytes,3686400
tree,tree/lifecycle,amber-rust,2,age_sealed_segments,segments_aged,11
tree,tree/lifecycle,amber-rust,2,gc,allocated_after_gc,725024768
tree,tree/lifecycle,amber-rust,2,gc,allocated_before_delete,730603520
tree,tree/lifecycle,amber-rust,2,gc,allocated_before_gc,730603520
tree,tree/lifecycle,amber-rust,2,gc,reclaimed_packstore_bytes,5578752
tree,tree/lifecycle,amber-rust,2,gc,store_closures_allocated_bytes,4096
tree,tree/lifecycle,amber-rust,2,gc,store_closures_apparent_bytes,0
tree,tree/lifecycle,amber-rust,2,gc,store_packstore_allocated_bytes,723382272
tree,tree/lifecycle,amber-rust,2,gc,store_packstore_apparent_bytes,723316915
tree,tree/lifecycle,amber-rust,2,gc,store_refs_allocated_bytes,1634304
tree,tree/lifecycle,amber-rust,2,gc,store_refs_apparent_bytes,3686400
blob,blob/source-history,amber-rust-s3,2,push_initial,s3_bytes_down,4141
blob,blob/source-history,amber-rust-s3,2,push_initial,s3_bytes_up,119882967
blob,blob/source-history,amber-rust-s3,2,push_initial,s3_connections,8
blob,blob/source-history,amber-rust-s3,2,push_initial,s3_request_body_bytes,119871999
blob,blob/source-history,amber-rust-s3,2,push_initial,s3_requests_GET,2
blob,blob/source-history,amber-rust-s3,2,push_initial,s3_requests_POST,4
blob,blob/source-history,amber-rust-s3,2,push_initial,s3_requests_PUT,9
blob,blob/source-history,amber-rust-s3,2,push_initial,s3_requests_total,15
blob,blob/source-history,amber-rust-s3,2,push_initial,s3_response_body_bytes,2471
blob,blob/source-history,amber-rust-s3,2,push_initial,s3_responses_2xx,14
blob,blob/source-history,amber-rust-s3,2,push_initial,s3_responses_4xx,1
blob,blob/source-history,amber-rust-s3,2,push_initial,stored_bytes,119705838
blob,blob/source-history,amber-rust-s3,2,push_initial,stored_objects,3
blob,blob/source-history,amber-rust-s3,2,push_noop,s3_bytes_down,1799
blob,blob/source-history,amber-rust-s3,2,push_noop,s3_bytes_up,1200
blob,blob/source-history,amber-rust-s3,2,push_noop,s3_connections,1
blob,blob/source-history,amber-rust-s3,2,push_noop,s3_request_body_bytes,0
blob,blob/source-history,amber-rust-s3,2,push_noop,s3_requests_GET,2
blob,blob/source-history,amber-rust-s3,2,push_noop,s3_requests_total,2
blob,blob/source-history,amber-rust-s3,2,push_noop,s3_response_body_bytes,1573
blob,blob/source-history,amber-rust-s3,2,push_noop,s3_responses_2xx,1
blob,blob/source-history,amber-rust-s3,2,push_noop,s3_responses_4xx,1
blob,blob/source-history,amber-rust-s3,2,push_noop,stored_bytes,119705838
blob,blob/source-history,amber-rust-s3,2,push_noop,stored_objects,3
blob,blob/source-history,amber-rust-s3,2,pull_fresh,delivered_logical_bytes,4314044416
blob,blob/source-history,amber-rust-s3,2,pull_fresh,delivered_references,39
blob,blob/source-history,amber-rust-s3,2,pull_fresh,s3_bytes_down,119710053
blob,blob/source-history,amber-rust-s3,2,pull_fresh,s3_bytes_up,5179
blob,blob/source-history,amber-rust-s3,2,pull_fresh,s3_connections,3
blob,blob/source-history,amber-rust-s3,2,pull_fresh,s3_request_body_bytes,0
blob,blob/source-history,amber-rust-s3,2,pull_fresh,s3_requests_GET,7
blob,blob/source-history,amber-rust-s3,2,pull_fresh,s3_requests_HEAD,1
blob,blob/source-history,amber-rust-s3,2,pull_fresh,s3_requests_total,8
blob,blob/source-history,amber-rust-s3,2,pull_fresh,s3_response_body_bytes,119708797
blob,blob/source-history,amber-rust-s3,2,pull_fresh,s3_responses_2xx,6
blob,blob/source-history,amber-rust-s3,2,pull_fresh,s3_responses_4xx,2
blob,blob/source-history,amber-rust-s3,2,pull_fresh,stored_bytes,119705838
blob,blob/source-history,amber-rust-s3,2,pull_fresh,stored_objects,3
blob,blob/source-history,amber-rust-s3,2,push_incremental,s3_bytes_down,3440
blob,blob/source-history,amber-rust-s3,2,push_incremental,s3_bytes_up,53318913
blob,blob/source-history,amber-rust-s3,2,push_incremental,s3_connections,4
blob,blob/source-history,amber-rust-s3,2,push_incremental,s3_request_body_bytes,53313228
blob,blob/source-history,amber-rust-s3,2,push_incremental,s3_requests_GET,2
blob,blob/source-history,amber-rust-s3,2,push_incremental,s3_requests_POST,2
blob,blob/source-history,amber-rust-s3,2,push_incremental,s3_requests_PUT,4
blob,blob/source-history,amber-rust-s3,2,push_incremental,s3_requests_total,8
blob,blob/source-history,amber-rust-s3,2,push_incremental,s3_response_body_bytes,2508
blob,blob/source-history,amber-rust-s3,2,push_incremental,s3_responses_2xx,7
blob,blob/source-history,amber-rust-s3,2,push_incremental,s3_responses_4xx,1
blob,blob/source-history,amber-rust-s3,2,push_incremental,stored_bytes,120527982
blob,blob/source-history,amber-rust-s3,2,push_incremental,stored_objects,3
blob,blob/source-history,amber-rust-s3,2,pull_incremental,delivered_logical_bytes,1438015488
blob,blob/source-history,amber-rust-s3,2,pull_incremental,delivered_references,13
blob,blob/source-history,amber-rust-s3,2,pull_incremental,s3_bytes_down,53243256
blob,blob/source-history,amber-rust-s3,2,pull_incremental,s3_bytes_up,4558
blob,blob/source-history,amber-rust-s3,2,pull_incremental,s3_connections,2
blob,blob/source-history,amber-rust-s3,2,pull_incremental,s3_request_body_bytes,0
blob,blob/source-history,amber-rust-s3,2,pull_incremental,s3_requests_GET,6
blob,blob/source-history,amber-rust-s3,2,pull_incremental,s3_requests_HEAD,1
blob,blob/source-history,amber-rust-s3,2,pull_incremental,s3_requests_total,7
blob,blob/source-history,amber-rust-s3,2,pull_incremental,s3_response_body_bytes,53242234
blob,blob/source-history,amber-rust-s3,2,pull_incremental,s3_responses_2xx,5
blob,blob/source-history,amber-rust-s3,2,pull_incremental,s3_responses_4xx,2
blob,blob/source-history,amber-rust-s3,2,pull_incremental,stored_bytes,120527982
blob,blob/source-history,amber-rust-s3,2,pull_incremental,stored_objects,3
blob,blob/source-history,amber-rust-s3,2,age_sealed_segments,segments_aged,2
blob,blob/source-history,amber-rust-s3,2,retention_cleanup,retained_logical_bytes,1438015488
blob,blob/source-history,amber-rust-s3,2,retention_cleanup,retained_references,13
blob,blob/source-history,amber-rust-s3,2,retention_cleanup,s3_bytes_down,6095
blob,blob/source-history,amber-rust-s3,2,retention_cleanup,s3_bytes_up,111637434
blob,blob/source-history,amber-rust-s3,2,retention_cleanup,s3_connections,8
blob,blob/source-history,amber-rust-s3,2,retention_cleanup,s3_request_body_bytes,111625935
blob,blob/source-history,amber-rust-s3,2,retention_cleanup,s3_requests_GET,2
blob,blob/source-history,amber-rust-s3,2,retention_cleanup,s3_requests_POST,6
blob,blob/source-history,amber-rust-s3,2,retention_cleanup,s3_requests_PUT,8
blob,blob/source-history,amber-rust-s3,2,retention_cleanup,s3_requests_total,16
blob,blob/source-history,amber-rust-s3,2,retention_cleanup,s3_response_body_bytes,4325
blob,blob/source-history,amber-rust-s3,2,retention_cleanup,s3_responses_2xx,15
blob,blob/source-history,amber-rust-s3,2,retention_cleanup,s3_responses_4xx,1
blob,blob/source-history,amber-rust-s3,2,retention_cleanup,stored_bytes,111470937
blob,blob/source-history,amber-rust-s3,2,retention_cleanup,stored_objects,3
blob,blob/nix-closure,amber-rust-s3,2,push_initial,s3_bytes_down,4120
blob,blob/nix-closure,amber-rust-s3,2,push_initial,s3_bytes_up,113072071
blob,blob/nix-closure,amber-rust-s3,2,push_initial,s3_connections,8
blob,blob/nix-closure,amber-rust-s3,2,push_initial,s3_request_body_bytes,113061149
blob,blob/nix-closure,amber-rust-s3,2,push_initial,s3_requests_GET,2
blob,blob/nix-closure,amber-rust-s3,2,push_initial,s3_requests_POST,4
blob,blob/nix-closure,amber-rust-s3,2,push_initial,s3_requests_PUT,9
blob,blob/nix-closure,amber-rust-s3,2,push_initial,s3_requests_total,15
blob,blob/nix-closure,amber-rust-s3,2,push_initial,s3_response_body_bytes,2450
blob,blob/nix-closure,amber-rust-s3,2,push_initial,s3_responses_2xx,14
blob,blob/nix-closure,amber-rust-s3,2,push_initial,s3_responses_4xx,1
blob,blob/nix-closure,amber-rust-s3,2,push_initial,stored_bytes,112904348
blob,blob/nix-closure,amber-rust-s3,2,push_initial,stored_objects,3
blob,blob/nix-closure,amber-rust-s3,2,push_noop,s3_bytes_down,1787
blob,blob/nix-closure,amber-rust-s3,2,push_noop,s3_bytes_up,1197
blob,blob/nix-closure,amber-rust-s3,2,push_noop,s3_connections,1
blob,blob/nix-closure,amber-rust-s3,2,push_noop,s3_request_body_bytes,0
blob,blob/nix-closure,amber-rust-s3,2,push_noop,s3_requests_GET,2
blob,blob/nix-closure,amber-rust-s3,2,push_noop,s3_requests_total,2
blob,blob/nix-closure,amber-rust-s3,2,push_noop,s3_response_body_bytes,1561
blob,blob/nix-closure,amber-rust-s3,2,push_noop,s3_responses_2xx,1
blob,blob/nix-closure,amber-rust-s3,2,push_noop,s3_responses_4xx,1
blob,blob/nix-closure,amber-rust-s3,2,push_noop,stored_bytes,112904348
blob,blob/nix-closure,amber-rust-s3,2,push_noop,stored_objects,3
blob,blob/nix-closure,amber-rust-s3,2,pull_fresh,delivered_logical_bytes,184550399
blob,blob/nix-closure,amber-rust-s3,2,pull_fresh,delivered_references,8
blob,blob/nix-closure,amber-rust-s3,2,pull_fresh,s3_bytes_down,112908531
blob,blob/nix-closure,amber-rust-s3,2,pull_fresh,s3_bytes_up,5154
blob,blob/nix-closure,amber-rust-s3,2,pull_fresh,s3_connections,3
blob,blob/nix-closure,amber-rust-s3,2,pull_fresh,s3_request_body_bytes,0
blob,blob/nix-closure,amber-rust-s3,2,pull_fresh,s3_requests_GET,7
blob,blob/nix-closure,amber-rust-s3,2,pull_fresh,s3_requests_HEAD,1
blob,blob/nix-closure,amber-rust-s3,2,pull_fresh,s3_requests_total,8
blob,blob/nix-closure,amber-rust-s3,2,pull_fresh,s3_response_body_bytes,112907275
blob,blob/nix-closure,amber-rust-s3,2,pull_fresh,s3_responses_2xx,6
blob,blob/nix-closure,amber-rust-s3,2,pull_fresh,s3_responses_4xx,2
blob,blob/nix-closure,amber-rust-s3,2,pull_fresh,stored_bytes,112904348
blob,blob/nix-closure,amber-rust-s3,2,pull_fresh,stored_objects,3
blob,blob/nix-closure,amber-rust-s3,2,push_incremental,s3_bytes_down,3536
blob,blob/nix-closure,amber-rust-s3,2,push_incremental,s3_bytes_up,62632701
blob,blob/nix-closure,amber-rust-s3,2,push_incremental,s3_connections,5
blob,blob/nix-closure,amber-rust-s3,2,push_incremental,s3_request_body_bytes,62626263
blob,blob/nix-closure,amber-rust-s3,2,push_incremental,s3_requests_GET,2
blob,blob/nix-closure,amber-rust-s3,2,push_incremental,s3_requests_POST,2
blob,blob/nix-closure,amber-rust-s3,2,push_incremental,s3_requests_PUT,5
blob,blob/nix-closure,amber-rust-s3,2,push_incremental,s3_requests_total,9
blob,blob/nix-closure,amber-rust-s3,2,push_incremental,s3_response_body_bytes,2487
blob,blob/nix-closure,amber-rust-s3,2,push_incremental,s3_responses_2xx,8
blob,blob/nix-closure,amber-rust-s3,2,push_incremental,s3_responses_4xx,1
blob,blob/nix-closure,amber-rust-s3,2,push_incremental,stored_bytes,129702286
blob,blob/nix-closure,amber-rust-s3,2,push_incremental,stored_objects,3
blob,blob/nix-closure,amber-rust-s3,2,pull_incremental,delivered_logical_bytes,192939113
blob,blob/nix-closure,amber-rust-s3,2,pull_incremental,delivered_references,9
blob,blob/nix-closure,amber-rust-s3,2,pull_incremental,s3_bytes_down,62543310
blob,blob/nix-closure,amber-rust-s3,2,pull_incremental,s3_bytes_up,4536
blob,blob/nix-closure,amber-rust-s3,2,pull_incremental,s3_connections,2
blob,blob/nix-closure,amber-rust-s3,2,pull_incremental,s3_request_body_bytes,0
blob,blob/nix-closure,amber-rust-s3,2,pull_incremental,s3_requests_GET,6
blob,blob/nix-closure,amber-rust-s3,2,pull_incremental,s3_requests_HEAD,1
blob,blob/nix-closure,amber-rust-s3,2,pull_incremental,s3_requests_total,7
blob,blob/nix-closure,amber-rust-s3,2,pull_incremental,s3_response_body_bytes,62542288
blob,blob/nix-closure,amber-rust-s3,2,pull_incremental,s3_responses_2xx,5
blob,blob/nix-closure,amber-rust-s3,2,pull_incremental,s3_responses_4xx,2
blob,blob/nix-closure,amber-rust-s3,2,pull_incremental,stored_bytes,129702286
blob,blob/nix-closure,amber-rust-s3,2,pull_incremental,stored_objects,3
blob,blob/nix-closure,amber-rust-s3,2,age_sealed_segments,segments_aged,2
blob,blob/nix-closure,amber-rust-s3,2,retention_cleanup,retained_logical_bytes,192939113
blob,blob/nix-closure,amber-rust-s3,2,retention_cleanup,retained_references,9
blob,blob/nix-closure,amber-rust-s3,2,retention_cleanup,s3_bytes_down,6272
blob,blob/nix-closure,amber-rust-s3,2,retention_cleanup,s3_bytes_up,129934161
blob,blob/nix-closure,amber-rust-s3,2,retention_cleanup,s3_connections,9
blob,blob/nix-closure,amber-rust-s3,2,retention_cleanup,s3_request_body_bytes,129921197
blob,blob/nix-closure,amber-rust-s3,2,retention_cleanup,s3_requests_GET,2
blob,blob/nix-closure,amber-rust-s3,2,retention_cleanup,s3_requests_POST,6
blob,blob/nix-closure,amber-rust-s3,2,retention_cleanup,s3_requests_PUT,10
blob,blob/nix-closure,amber-rust-s3,2,retention_cleanup,s3_requests_total,18
blob,blob/nix-closure,amber-rust-s3,2,retention_cleanup,s3_response_body_bytes,4268
blob,blob/nix-closure,amber-rust-s3,2,retention_cleanup,s3_responses_2xx,17
blob,blob/nix-closure,amber-rust-s3,2,retention_cleanup,s3_responses_4xx,1
blob,blob/nix-closure,amber-rust-s3,2,retention_cleanup,stored_bytes,129740755
blob,blob/nix-closure,amber-rust-s3,2,retention_cleanup,stored_objects,3
git,git/history,amber-go,2,history_store,backend_commands,39
git,git/history,amber-go,2,history_store,commits,39
git,git/history,amber-go,2,history_store,store_closures_allocated_bytes,4096
git,git/history,amber-go,2,history_store,store_closures_apparent_bytes,0
git,git/history,amber-go,2,history_store,store_packstore_allocated_bytes,115970048
git,git/history,amber-go,2,history_store,store_packstore_apparent_bytes,115958985
git,git/history,amber-go,2,history_store,store_refs_allocated_bytes,4788224
git,git/history,amber-go,2,history_store,store_refs_apparent_bytes,31402
git,git/history,amber-go,2,history_store_incremental,backend_commands,13
git,git/history,amber-go,2,history_store_incremental,commits,13
git,git/history,amber-go,2,history_store_incremental,store_closures_allocated_bytes,4096
git,git/history,amber-go,2,history_store_incremental,store_closures_apparent_bytes,0
git,git/history,amber-go,2,history_store_incremental,store_packstore_allocated_bytes,116793344
git,git/history,amber-go,2,history_store_incremental,store_packstore_apparent_bytes,116781793
git,git/history,amber-go,2,history_store_incremental,store_refs_allocated_bytes,4841472
git,git/history,amber-go,2,history_store_incremental,store_refs_apparent_bytes,41152
git,git/history,amber-go,2,list_head,cli_invocations,29
git,git/history,amber-go,2,list_head,entries,1952
git,git/history,amber-go,2,retained_version_coverage,versions_retained,52
git,git/history,amber-go,2,retained_version_coverage,versions_unverified,0
git,git/history,amber-go,2,retained_version_coverage,versions_verified,52
blob,blob/backup-corpus,restic-s3,2,push_initial,s3_bytes_down,14364
blob,blob/backup-corpus,restic-s3,2,push_initial,s3_bytes_up,754335615
blob,blob/backup-corpus,restic-s3,2,push_initial,s3_connections,5
blob,blob/backup-corpus,restic-s3,2,push_initial,s3_request_body_bytes,754293208
blob,blob/backup-corpus,restic-s3,2,push_initial,s3_requests_DELETE,1
blob,blob/backup-corpus,restic-s3,2,push_initial,s3_requests_GET,8
blob,blob/backup-corpus,restic-s3,2,push_initial,s3_requests_HEAD,1
blob,blob/backup-corpus,restic-s3,2,push_initial,s3_requests_PUT,47
blob,blob/backup-corpus,restic-s3,2,push_initial,s3_requests_total,57
blob,blob/backup-corpus,restic-s3,2,push_initial,s3_response_body_bytes,3515
blob,blob/backup-corpus,restic-s3,2,push_initial,s3_responses_2xx,56
blob,blob/backup-corpus,restic-s3,2,push_initial,s3_responses_4xx,1
blob,blob/backup-corpus,restic-s3,2,push_initial,stored_bytes,753253026
blob,blob/backup-corpus,restic-s3,2,push_initial,stored_objects,48
blob,blob/backup-corpus,restic-s3,2,push_noop,s3_bytes_down,6022
blob,blob/backup-corpus,restic-s3,2,push_noop,s3_bytes_up,8513
blob,blob/backup-corpus,restic-s3,2,push_noop,s3_connections,1
blob,blob/backup-corpus,restic-s3,2,push_noop,s3_request_body_bytes,969
blob,blob/backup-corpus,restic-s3,2,push_noop,s3_requests_DELETE,1
blob,blob/backup-corpus,restic-s3,2,push_noop,s3_requests_GET,8
blob,blob/backup-corpus,restic-s3,2,push_noop,s3_requests_HEAD,1
blob,blob/backup-corpus,restic-s3,2,push_noop,s3_requests_PUT,2
blob,blob/backup-corpus,restic-s3,2,push_noop,s3_requests_total,12
blob,blob/backup-corpus,restic-s3,2,push_noop,s3_response_body_bytes,4218
blob,blob/backup-corpus,restic-s3,2,push_noop,s3_responses_2xx,11
blob,blob/backup-corpus,restic-s3,2,push_noop,s3_responses_4xx,1
blob,blob/backup-corpus,restic-s3,2,push_noop,stored_bytes,753253476
blob,blob/backup-corpus,restic-s3,2,push_noop,stored_objects,49
blob,blob/backup-corpus,restic-s3,2,pull_fresh,delivered_logical_bytes,2179569013
blob,blob/backup-corpus,restic-s3,2,pull_fresh,delivered_references,1
blob,blob/backup-corpus,restic-s3,2,pull_fresh,s3_bytes_down,753009462
blob,blob/backup-corpus,restic-s3,2,pull_fresh,s3_bytes_up,35389
blob,blob/backup-corpus,restic-s3,2,pull_fresh,s3_connections,5
blob,blob/backup-corpus,restic-s3,2,pull_fresh,s3_request_body_bytes,345
blob,blob/backup-corpus,restic-s3,2,pull_fresh,s3_requests_DELETE,1
blob,blob/backup-corpus,restic-s3,2,pull_fresh,s3_requests_GET,53
blob,blob/backup-corpus,restic-s3,2,pull_fresh,s3_requests_HEAD,1
blob,blob/backup-corpus,restic-s3,2,pull_fresh,s3_requests_PUT,1
blob,blob/backup-corpus,restic-s3,2,pull_fresh,s3_requests_total,56
blob,blob/backup-corpus,restic-s3,2,pull_fresh,s3_response_body_bytes,752994942
blob,blob/backup-corpus,restic-s3,2,pull_fresh,s3_responses_2xx,55
blob,blob/backup-corpus,restic-s3,2,pull_fresh,s3_responses_4xx,1
blob,blob/backup-corpus,restic-s3,2,pull_fresh,stored_bytes,753253476
blob,blob/backup-corpus,restic-s3,2,pull_fresh,stored_objects,49
blob,blob/backup-corpus,restic-s3,2,push_incremental,s3_bytes_down,6978
blob,blob/backup-corpus,restic-s3,2,push_incremental,s3_bytes_up,6221509
blob,blob/backup-corpus,restic-s3,2,push_incremental,s3_connections,1
blob,blob/backup-corpus,restic-s3,2,push_incremental,s3_request_body_bytes,6211654
blob,blob/backup-corpus,restic-s3,2,push_incremental,s3_requests_DELETE,1
blob,blob/backup-corpus,restic-s3,2,push_incremental,s3_requests_GET,8
blob,blob/backup-corpus,restic-s3,2,push_incremental,s3_requests_HEAD,1
blob,blob/backup-corpus,restic-s3,2,push_incremental,s3_requests_PUT,5
blob,blob/backup-corpus,restic-s3,2,push_incremental,s3_requests_total,15
blob,blob/backup-corpus,restic-s3,2,push_incremental,s3_response_body_bytes,4570
blob,blob/backup-corpus,restic-s3,2,push_incremental,s3_responses_2xx,14
blob,blob/backup-corpus,restic-s3,2,push_incremental,s3_responses_4xx,1
blob,blob/backup-corpus,restic-s3,2,push_incremental,stored_bytes,759455716
blob,blob/backup-corpus,restic-s3,2,push_incremental,stored_objects,53
blob,blob/backup-corpus,restic-s3,2,pull_incremental,delivered_logical_bytes,2179966963
blob,blob/backup-corpus,restic-s3,2,pull_incremental,delivered_references,1
blob,blob/backup-corpus,restic-s3,2,pull_incremental,s3_bytes_down,758374404
blob,blob/backup-corpus,restic-s3,2,pull_incremental,s3_bytes_up,36037
blob,blob/backup-corpus,restic-s3,2,pull_incremental,s3_connections,5
blob,blob/backup-corpus,restic-s3,2,pull_incremental,s3_request_body_bytes,345
blob,blob/backup-corpus,restic-s3,2,pull_incremental,s3_requests_DELETE,1
blob,blob/backup-corpus,restic-s3,2,pull_incremental,s3_requests_GET,54
blob,blob/backup-corpus,restic-s3,2,pull_incremental,s3_requests_HEAD,1
blob,blob/backup-corpus,restic-s3,2,pull_incremental,s3_requests_PUT,1
blob,blob/backup-corpus,restic-s3,2,pull_incremental,s3_requests_total,57
blob,blob/backup-corpus,restic-s3,2,pull_incremental,s3_response_body_bytes,758359580
blob,blob/backup-corpus,restic-s3,2,pull_incremental,s3_responses_2xx,56
blob,blob/backup-corpus,restic-s3,2,pull_incremental,s3_responses_4xx,1
blob,blob/backup-corpus,restic-s3,2,pull_incremental,stored_bytes,759455716
blob,blob/backup-corpus,restic-s3,2,pull_incremental,stored_objects,53
blob,blob/backup-corpus,restic-s3,2,retention_cleanup,retained_logical_bytes,2179966963
blob,blob/backup-corpus,restic-s3,2,retention_cleanup,retained_references,1
blob,blob/backup-corpus,restic-s3,2,retention_cleanup,s3_bytes_down,630300042
blob,blob/backup-corpus,restic-s3,2,retention_cleanup,s3_bytes_up,626755668
blob,blob/backup-corpus,restic-s3,2,retention_cleanup,s3_connections,7
blob,blob/backup-corpus,restic-s3,2,retention_cleanup,s3_request_body_bytes,626663046
blob,blob/backup-corpus,restic-s3,2,retention_cleanup,s3_requests_DELETE,44
blob,blob/backup-corpus,restic-s3,2,retention_cleanup,s3_requests_GET,52
blob,blob/backup-corpus,restic-s3,2,retention_cleanup,s3_requests_HEAD,2
blob,blob/backup-corpus,restic-s3,2,retention_cleanup,s3_requests_PUT,41
blob,blob/backup-corpus,restic-s3,2,retention_cleanup,s3_requests_total,139
blob,blob/backup-corpus,restic-s3,2,retention_cleanup,s3_response_body_bytes,630275956
blob,blob/backup-corpus,restic-s3,2,retention_cleanup,s3_responses_2xx,137
blob,blob/backup-corpus,restic-s3,2,retention_cleanup,s3_responses_4xx,2
blob,blob/backup-corpus,restic-s3,2,retention_cleanup,stored_bytes,753650072
blob,blob/backup-corpus,restic-s3,2,retention_cleanup,stored_objects,50
blob,blob/nix-closure,amber-go-s3,2,push_initial,s3_bytes_down,6719
blob,blob/nix-closure,amber-go-s3,2,push_initial,s3_bytes_up,109403464
blob,blob/nix-closure,amber-go-s3,2,push_initial,s3_connections,13
blob,blob/nix-closure,amber-go-s3,2,push_initial,s3_request_body_bytes,109383444
blob,blob/nix-closure,amber-go-s3,2,push_initial,s3_requests_GET,2
blob,blob/nix-closure,amber-go-s3,2,push_initial,s3_requests_POST,4
blob,blob/nix-closure,amber-go-s3,2,push_initial,s3_requests_PUT,22
blob,blob/nix-closure,amber-go-s3,2,push_initial,s3_requests_total,28
blob,blob/nix-closure,amber-go-s3,2,push_initial,s3_response_body_bytes,2436
blob,blob/nix-closure,amber-go-s3,2,push_initial,s3_responses_2xx,27
blob,blob/nix-closure,amber-go-s3,2,push_initial,s3_responses_4xx,1
blob,blob/nix-closure,amber-go-s3,2,push_initial,stored_bytes,109229598
blob,blob/nix-closure,amber-go-s3,2,push_initial,stored_objects,16
blob,blob/nix-closure,amber-go-s3,2,push_noop,s3_bytes_down,5654
blob,blob/nix-closure,amber-go-s3,2,push_noop,s3_bytes_up,1195
blob,blob/nix-closure,amber-go-s3,2,push_noop,s3_connections,1
blob,blob/nix-closure,amber-go-s3,2,push_noop,s3_request_body_bytes,0
blob,blob/nix-closure,amber-go-s3,2,push_noop,s3_requests_GET,2
blob,blob/nix-closure,amber-go-s3,2,push_noop,s3_requests_total,2
blob,blob/nix-closure,amber-go-s3,2,push_noop,s3_response_body_bytes,5428
blob,blob/nix-closure,amber-go-s3,2,push_noop,s3_responses_2xx,1
blob,blob/nix-closure,amber-go-s3,2,push_noop,s3_responses_4xx,1
blob,blob/nix-closure,amber-go-s3,2,push_noop,stored_bytes,109229598
blob,blob/nix-closure,amber-go-s3,2,push_noop,stored_objects,16
blob,blob/nix-closure,amber-go-s3,2,pull_fresh,delivered_logical_bytes,184550399
blob,blob/nix-closure,amber-go-s3,2,pull_fresh,delivered_references,8
blob,blob/nix-closure,amber-go-s3,2,pull_fresh,s3_bytes_down,109240562
blob,blob/nix-closure,amber-go-s3,2,pull_fresh,s3_bytes_up,13006
blob,blob/nix-closure,amber-go-s3,2,pull_fresh,s3_connections,16
blob,blob/nix-closure,amber-go-s3,2,pull_fresh,s3_request_body_bytes,0
blob,blob/nix-closure,amber-go-s3,2,pull_fresh,s3_requests_GET,20
blob,blob/nix-closure,amber-go-s3,2,pull_fresh,s3_requests_HEAD,1
blob,blob/nix-closure,amber-go-s3,2,pull_fresh,s3_requests_total,21
blob,blob/nix-closure,amber-go-s3,2,pull_fresh,s3_response_body_bytes,109236376
blob,blob/nix-closure,amber-go-s3,2,pull_fresh,s3_responses_2xx,19
blob,blob/nix-closure,amber-go-s3,2,pull_fresh,s3_responses_4xx,2
blob,blob/nix-closure,amber-go-s3,2,pull_fresh,stored_bytes,109229598
blob,blob/nix-closure,amber-go-s3,2,pull_fresh,stored_objects,16
blob,blob/nix-closure,amber-go-s3,2,push_incremental,s3_bytes_down,16082
blob,blob/nix-closure,amber-go-s3,2,push_incremental,s3_bytes_up,58927408
blob,blob/nix-closure,amber-go-s3,2,push_incremental,s3_connections,17
blob,blob/nix-closure,amber-go-s3,2,push_incremental,s3_request_body_bytes,58905901
blob,blob/nix-closure,amber-go-s3,2,push_incremental,s3_requests_GET,2
blob,blob/nix-closure,amber-go-s3,2,push_incremental,s3_requests_POST,14
blob,blob/nix-closure,amber-go-s3,2,push_incremental,s3_requests_PUT,16
blob,blob/nix-closure,amber-go-s3,2,push_incremental,s3_requests_total,32
blob,blob/nix-closure,amber-go-s3,2,push_incremental,s3_response_body_bytes,11526
blob,blob/nix-closure,amber-go-s3,2,push_incremental,s3_responses_2xx,31
blob,blob/nix-closure,amber-go-s3,2,push_incremental,s3_responses_4xx,1
blob,blob/nix-closure,amber-go-s3,2,push_incremental,stored_bytes,126027620
blob,blob/nix-closure,amber-go-s3,2,push_incremental,stored_objects,15
blob,blob/nix-closure,amber-go-s3,2,pull_incremental,delivered_logical_bytes,192939113
blob,blob/nix-closure,amber-go-s3,2,pull_incremental,delivered_references,9
blob,blob/nix-closure,amber-go-s3,2,pull_incremental,s3_bytes_down,58830534
blob,blob/nix-closure,amber-go-s3,2,pull_incremental,s3_bytes_up,11166
blob,blob/nix-closure,amber-go-s3,2,pull_incremental,s3_connections,7
blob,blob/nix-closure,amber-go-s3,2,pull_incremental,s3_request_body_bytes,0
blob,blob/nix-closure,amber-go-s3,2,pull_incremental,s3_requests_GET,17
blob,blob/nix-closure,amber-go-s3,2,pull_incremental,s3_requests_HEAD,1
blob,blob/nix-closure,amber-go-s3,2,pull_incremental,s3_requests_total,18
blob,blob/nix-closure,amber-go-s3,2,pull_incremental,s3_response_body_bytes,58827034
blob,blob/nix-closure,amber-go-s3,2,pull_incremental,s3_responses_2xx,16
blob,blob/nix-closure,amber-go-s3,2,pull_incremental,s3_responses_4xx,2
blob,blob/nix-closure,amber-go-s3,2,pull_incremental,stored_bytes,126027620
blob,blob/nix-closure,amber-go-s3,2,pull_incremental,stored_objects,15
blob,blob/nix-closure,amber-go-s3,2,age_sealed_segments,segments_aged,2
blob,blob/nix-closure,amber-go-s3,2,retention_cleanup,retained_logical_bytes,192939113
blob,blob/nix-closure,amber-go-s3,2,retention_cleanup,retained_references,9
blob,blob/nix-closure,amber-go-s3,2,retention_cleanup,s3_bytes_down,16973
blob,blob/nix-closure,amber-go-s3,2,retention_cleanup,s3_bytes_up,126264237
blob,blob/nix-closure,amber-go-s3,2,retention_cleanup,s3_connections,17
blob,blob/nix-closure,amber-go-s3,2,retention_cleanup,s3_request_body_bytes,126240384
blob,blob/nix-closure,amber-go-s3,2,retention_cleanup,s3_requests_GET,2
blob,blob/nix-closure,amber-go-s3,2,retention_cleanup,s3_requests_POST,17
blob,blob/nix-closure,amber-go-s3,2,retention_cleanup,s3_requests_PUT,16
blob,blob/nix-closure,amber-go-s3,2,retention_cleanup,s3_requests_total,35
blob,blob/nix-closure,amber-go-s3,2,retention_cleanup,s3_response_body_bytes,12575
blob,blob/nix-closure,amber-go-s3,2,retention_cleanup,s3_responses_2xx,34
blob,blob/nix-closure,amber-go-s3,2,retention_cleanup,s3_responses_4xx,1
blob,blob/nix-closure,amber-go-s3,2,retention_cleanup,stored_bytes,126062429
blob,blob/nix-closure,amber-go-s3,2,retention_cleanup,stored_objects,10
git,git/history,git,2,history_store,backend_commands,85
git,git/history,git,2,history_store,commits,39
git,git/history,git,2,history_store,store_refs_allocated_bytes,36864
git,git/history,git,2,history_store,store_refs_apparent_bytes,205
git,git/history,git,2,history_store_incremental,backend_commands,26
git,git/history,git,2,history_store_incremental,commits,13
git,git/history,git,2,history_store_incremental,store_refs_allocated_bytes,36864
git,git/history,git,2,history_store_incremental,store_refs_apparent_bytes,205
git,git/history,git,2,retained_version_coverage,versions_retained,52
git,git/history,git,2,retained_version_coverage,versions_unverified,0
git,git/history,git,2,retained_version_coverage,versions_verified,52
tree,tree/lifecycle,git,2,ingest_fresh,store_refs_allocated_bytes,16384
tree,tree/lifecycle,git,2,ingest_fresh,store_refs_apparent_bytes,41
tree,tree/lifecycle,git,2,ingest_repeat,store_refs_allocated_bytes,20480
tree,tree/lifecycle,git,2,ingest_repeat,store_refs_apparent_bytes,82
tree,tree/lifecycle,git,2,ingest_changed,store_refs_allocated_bytes,24576
tree,tree/lifecycle,git,2,ingest_changed,store_refs_apparent_bytes,123
tree,tree/lifecycle,git,2,ref_delete,store_refs_allocated_bytes,16384
tree,tree/lifecycle,git,2,ref_delete,store_refs_apparent_bytes,41
tree,tree/lifecycle,git,2,gc,allocated_after_gc,722554880
tree,tree/lifecycle,git,2,gc,allocated_before_delete,1383505920
tree,tree/lifecycle,git,2,gc,allocated_before_gc,1383489536
tree,tree/lifecycle,git,2,gc,store_refs_allocated_bytes,12288
tree,tree/lifecycle,git,2,gc,store_refs_apparent_bytes,0
blob,blob/backup-corpus,amber-go-s3,2,push_initial,s3_bytes_down,20038
blob,blob/backup-corpus,amber-go-s3,2,push_initial,s3_bytes_up,724893879
blob,blob/backup-corpus,amber-go-s3,2,push_initial,s3_connections,50
blob,blob/backup-corpus,amber-go-s3,2,push_initial,s3_request_body_bytes,724831264
blob,blob/backup-corpus,amber-go-s3,2,push_initial,s3_requests_GET,2
blob,blob/backup-corpus,amber-go-s3,2,push_initial,s3_requests_POST,22
blob,blob/backup-corpus,amber-go-s3,2,push_initial,s3_requests_PUT,60
blob,blob/backup-corpus,amber-go-s3,2,push_initial,s3_requests_total,84
blob,blob/backup-corpus,amber-go-s3,2,push_initial,s3_response_body_bytes,10595
blob,blob/backup-corpus,amber-go-s3,2,push_initial,s3_responses_2xx,83
blob,blob/backup-corpus,amber-go-s3,2,push_initial,s3_responses_4xx,1
blob,blob/backup-corpus,amber-go-s3,2,push_initial,stored_bytes,723825549
blob,blob/backup-corpus,amber-go-s3,2,push_initial,stored_objects,17
blob,blob/backup-corpus,amber-go-s3,2,push_noop,s3_bytes_down,6173
blob,blob/backup-corpus,amber-go-s3,2,push_noop,s3_bytes_up,1197
blob,blob/backup-corpus,amber-go-s3,2,push_noop,s3_connections,1
blob,blob/backup-corpus,amber-go-s3,2,push_noop,s3_request_body_bytes,0
blob,blob/backup-corpus,amber-go-s3,2,push_noop,s3_requests_GET,2
blob,blob/backup-corpus,amber-go-s3,2,push_noop,s3_requests_total,2
blob,blob/backup-corpus,amber-go-s3,2,push_noop,s3_response_body_bytes,5947
blob,blob/backup-corpus,amber-go-s3,2,push_noop,s3_responses_2xx,1
blob,blob/backup-corpus,amber-go-s3,2,push_noop,s3_responses_4xx,1
blob,blob/backup-corpus,amber-go-s3,2,push_noop,stored_bytes,723825549
blob,blob/backup-corpus,amber-go-s3,2,push_noop,stored_objects,17
blob,blob/backup-corpus,amber-go-s3,2,pull_fresh,delivered_logical_bytes,2179569013
blob,blob/backup-corpus,amber-go-s3,2,pull_fresh,delivered_references,1
blob,blob/backup-corpus,amber-go-s3,2,pull_fresh,s3_bytes_down,723837334
blob,blob/backup-corpus,amber-go-s3,2,pull_fresh,s3_bytes_up,13785
blob,blob/backup-corpus,amber-go-s3,2,pull_fresh,s3_connections,17
blob,blob/backup-corpus,amber-go-s3,2,pull_fresh,s3_request_body_bytes,0
blob,blob/backup-corpus,amber-go-s3,2,pull_fresh,s3_requests_GET,21
blob,blob/backup-corpus,amber-go-s3,2,pull_fresh,s3_requests_HEAD,1
blob,blob/backup-corpus,amber-go-s3,2,pull_fresh,s3_requests_total,22
blob,blob/backup-corpus,amber-go-s3,2,pull_fresh,s3_response_body_bytes,723832862
blob,blob/backup-corpus,amber-go-s3,2,pull_fresh,s3_responses_2xx,20
blob,blob/backup-corpus,amber-go-s3,2,pull_fresh,s3_responses_4xx,2
blob,blob/backup-corpus,amber-go-s3,2,pull_fresh,stored_bytes,723825549
blob,blob/backup-corpus,amber-go-s3,2,pull_fresh,stored_objects,17
blob,blob/backup-corpus,amber-go-s3,2,push_incremental,s3_bytes_down,10573
blob,blob/backup-corpus,amber-go-s3,2,push_incremental,s3_bytes_up,57486293
blob,blob/backup-corpus,amber-go-s3,2,push_incremental,s3_connections,10
blob,blob/backup-corpus,amber-go-s3,2,push_incremental,s3_request_body_bytes,57474429
blob,blob/backup-corpus,amber-go-s3,2,push_incremental,s3_requests_GET,2
blob,blob/backup-corpus,amber-go-s3,2,push_incremental,s3_requests_POST,5
blob,blob/backup-corpus,amber-go-s3,2,push_incremental,s3_requests_PUT,10
blob,blob/backup-corpus,amber-go-s3,2,push_incremental,s3_requests_total,17
blob,blob/backup-corpus,amber-go-s3,2,push_incremental,s3_response_body_bytes,8195
blob,blob/backup-corpus,amber-go-s3,2,push_incremental,s3_responses_2xx,16
blob,blob/backup-corpus,amber-go-s3,2,push_incremental,s3_responses_4xx,1
blob,blob/backup-corpus,amber-go-s3,2,push_incremental,stored_bytes,729779017
blob,blob/backup-corpus,amber-go-s3,2,push_incremental,stored_objects,19
blob,blob/backup-corpus,amber-go-s3,2,pull_incremental,delivered_logical_bytes,2179966963
blob,blob/backup-corpus,amber-go-s3,2,pull_incremental,delivered_references,1
blob,blob/backup-corpus,amber-go-s3,2,pull_incremental,s3_bytes_down,57403500
blob,blob/backup-corpus,amber-go-s3,2,pull_incremental,s3_bytes_up,7583
blob,blob/backup-corpus,amber-go-s3,2,pull_incremental,s3_connections,7
blob,blob/backup-corpus,amber-go-s3,2,pull_incremental,s3_request_body_bytes,0
blob,blob/backup-corpus,amber-go-s3,2,pull_incremental,s3_requests_GET,11
blob,blob/backup-corpus,amber-go-s3,2,pull_incremental,s3_requests_HEAD,1
blob,blob/backup-corpus,amber-go-s3,2,pull_incremental,s3_requests_total,12
blob,blob/backup-corpus,amber-go-s3,2,pull_incremental,s3_response_body_bytes,57401366
blob,blob/backup-corpus,amber-go-s3,2,pull_incremental,s3_responses_2xx,10
blob,blob/backup-corpus,amber-go-s3,2,pull_incremental,s3_responses_4xx,2
blob,blob/backup-corpus,amber-go-s3,2,pull_incremental,stored_bytes,729779017
blob,blob/backup-corpus,amber-go-s3,2,pull_incremental,stored_objects,19
blob,blob/backup-corpus,amber-go-s3,2,age_sealed_segments,segments_aged,11
blob,blob/backup-corpus,amber-go-s3,2,retention_cleanup,retained_logical_bytes,2179966963
blob,blob/backup-corpus,amber-go-s3,2,retention_cleanup,retained_references,1
blob,blob/backup-corpus,amber-go-s3,2,retention_cleanup,s3_bytes_down,35407
blob,blob/backup-corpus,amber-go-s3,2,retention_cleanup,s3_bytes_up,726153463
blob,blob/backup-corpus,amber-go-s3,2,retention_cleanup,s3_connections,50
blob,blob/backup-corpus,amber-go-s3,2,retention_cleanup,s3_request_body_bytes,726080093
blob,blob/backup-corpus,amber-go-s3,2,retention_cleanup,s3_requests_GET,2
blob,blob/backup-corpus,amber-go-s3,2,retention_cleanup,s3_requests_POST,39
blob,blob/backup-corpus,amber-go-s3,2,retention_cleanup,s3_requests_PUT,60
blob,blob/backup-corpus,amber-go-s3,2,retention_cleanup,s3_requests_total,101
blob,blob/backup-corpus,amber-go-s3,2,retention_cleanup,s3_response_body_bytes,24043
blob,blob/backup-corpus,amber-go-s3,2,retention_cleanup,s3_responses_2xx,100
blob,blob/backup-corpus,amber-go-s3,2,retention_cleanup,s3_responses_4xx,1
blob,blob/backup-corpus,amber-go-s3,2,retention_cleanup,stored_bytes,725069871
blob,blob/backup-corpus,amber-go-s3,2,retention_cleanup,stored_objects,19
nix,nix/closure,amber-rust,2,import_initial,store_closures_allocated_bytes,4096
nix,nix/closure,amber-rust,2,import_initial,store_closures_apparent_bytes,0
nix,nix/closure,amber-rust,2,import_initial,store_packstore_allocated_bytes,109232128
nix,nix/closure,amber-rust,2,import_initial,store_packstore_apparent_bytes,109218036
nix,nix/closure,amber-rust,2,import_initial,store_refs_allocated_bytes,1634304
nix,nix/closure,amber-rust,2,import_initial,store_refs_apparent_bytes,3686400
nix,nix/closure,amber-rust,2,import_repeat,store_closures_allocated_bytes,4096
nix,nix/closure,amber-rust,2,import_repeat,store_closures_apparent_bytes,0
nix,nix/closure,amber-rust,2,import_repeat,store_packstore_allocated_bytes,109232128
nix,nix/closure,amber-rust,2,import_repeat,store_packstore_apparent_bytes,109218036
nix,nix/closure,amber-rust,2,import_repeat,store_refs_allocated_bytes,1634304
nix,nix/closure,amber-rust,2,import_repeat,store_refs_apparent_bytes,3686400
nix,nix/closure,amber-rust,2,import_incremental,store_closures_allocated_bytes,4096
nix,nix/closure,amber-rust,2,import_incremental,store_closures_apparent_bytes,0
nix,nix/closure,amber-rust,2,import_incremental,store_packstore_allocated_bytes,126033920
nix,nix/closure,amber-rust,2,import_incremental,store_packstore_apparent_bytes,126015974
nix,nix/closure,amber-rust,2,import_incremental,store_refs_allocated_bytes,1634304
nix,nix/closure,amber-rust,2,import_incremental,store_refs_apparent_bytes,3686400
nix,nix/closure,amber-rust,2,delete_path,store_closures_allocated_bytes,4096
nix,nix/closure,amber-rust,2,delete_path,store_closures_apparent_bytes,0
nix,nix/closure,amber-rust,2,delete_path,store_packstore_allocated_bytes,126033920
nix,nix/closure,amber-rust,2,delete_path,store_packstore_apparent_bytes,126015974
nix,nix/closure,amber-rust,2,delete_path,store_refs_allocated_bytes,1634304
nix,nix/closure,amber-rust,2,delete_path,store_refs_apparent_bytes,3686400
nix,nix/closure,amber-rust,2,age_sealed_segments,segments_aged,2
nix,nix/closure,amber-rust,2,gc,allocated_before_delete,127676416
nix,nix/closure,amber-rust,2,gc,reclaimed_packstore_bytes,-40960
nix,nix/closure,amber-rust,2,gc,store_closures_allocated_bytes,4096
nix,nix/closure,amber-rust,2,gc,store_closures_apparent_bytes,0
nix,nix/closure,amber-rust,2,gc,store_packstore_allocated_bytes,126074880
nix,nix/closure,amber-rust,2,gc,store_packstore_apparent_bytes,126056392
nix,nix/closure,amber-rust,2,gc,store_refs_allocated_bytes,1634304
nix,nix/closure,amber-rust,2,gc,store_refs_apparent_bytes,3686400
blob,blob/source-history,git-bundle-s3,2,push_initial,s3_bytes_down,2685
blob,blob/source-history,git-bundle-s3,2,push_initial,s3_bytes_up,114183899
blob,blob/source-history,git-bundle-s3,2,push_initial,s3_connections,4
blob,blob/source-history,git-bundle-s3,2,push_initial,s3_request_body_bytes,114176019
blob,blob/source-history,git-bundle-s3,2,push_initial,s3_requests_GET,2
blob,blob/source-history,git-bundle-s3,2,push_initial,s3_requests_POST,2
blob,blob/source-history,git-bundle-s3,2,push_initial,s3_requests_PUT,7
blob,blob/source-history,git-bundle-s3,2,push_initial,s3_requests_total,11
blob,blob/source-history,git-bundle-s3,2,push_initial,s3_response_body_bytes,1487
blob,blob/source-history,git-bundle-s3,2,push_initial,s3_responses_2xx,10
blob,blob/source-history,git-bundle-s3,2,push_initial,s3_responses_4xx,1
blob,blob/source-history,git-bundle-s3,2,push_initial,stored_bytes,114018131
blob,blob/source-history,git-bundle-s3,2,push_initial,stored_objects,1
blob,blob/source-history,git-bundle-s3,2,push_noop,s3_bytes_down,1152
blob,blob/source-history,git-bundle-s3,2,push_noop,s3_bytes_up,1202
blob,blob/source-history,git-bundle-s3,2,push_noop,s3_connections,1
blob,blob/source-history,git-bundle-s3,2,push_noop,s3_request_body_bytes,0
blob,blob/source-history,git-bundle-s3,2,push_noop,s3_requests_GET,2
blob,blob/source-history,git-bundle-s3,2,push_noop,s3_requests_total,2
blob,blob/source-history,git-bundle-s3,2,push_noop,s3_response_body_bytes,927
blob,blob/source-history,git-bundle-s3,2,push_noop,s3_responses_2xx,1
blob,blob/source-history,git-bundle-s3,2,push_noop,s3_responses_4xx,1
blob,blob/source-history,git-bundle-s3,2,push_noop,stored_bytes,114018131
blob,blob/source-history,git-bundle-s3,2,push_noop,stored_objects,1
blob,blob/source-history,git-bundle-s3,2,pull_fresh,delivered_logical_bytes,4314044416
blob,blob/source-history,git-bundle-s3,2,pull_fresh,delivered_references,39
blob,blob/source-history,git-bundle-s3,2,pull_fresh,s3_bytes_down,114020433
blob,blob/source-history,git-bundle-s3,2,pull_fresh,s3_bytes_up,3108
blob,blob/source-history,git-bundle-s3,2,pull_fresh,s3_connections,1
blob,blob/source-history,git-bundle-s3,2,pull_fresh,s3_request_body_bytes,0
blob,blob/source-history,git-bundle-s3,2,pull_fresh,s3_requests_GET,4
blob,blob/source-history,git-bundle-s3,2,pull_fresh,s3_requests_HEAD,1
blob,blob/source-history,git-bundle-s3,2,pull_fresh,s3_requests_total,5
blob,blob/source-history,git-bundle-s3,2,pull_fresh,s3_response_body_bytes,114019750
blob,blob/source-history,git-bundle-s3,2,pull_fresh,s3_responses_2xx,3
blob,blob/source-history,git-bundle-s3,2,pull_fresh,s3_responses_4xx,2
blob,blob/source-history,git-bundle-s3,2,pull_fresh,stored_bytes,114018131
blob,blob/source-history,git-bundle-s3,2,pull_fresh,stored_objects,1
blob,blob/source-history,git-bundle-s3,2,push_incremental,s3_bytes_down,1353
blob,blob/source-history,git-bundle-s3,2,push_incremental,s3_bytes_up,246664
blob,blob/source-history,git-bundle-s3,2,push_incremental,s3_connections,1
blob,blob/source-history,git-bundle-s3,2,push_incremental,s3_request_body_bytes,244751
blob,blob/source-history,git-bundle-s3,2,push_incremental,s3_requests_GET,2
blob,blob/source-history,git-bundle-s3,2,push_incremental,s3_requests_PUT,1
blob,blob/source-history,git-bundle-s3,2,push_incremental,s3_requests_total,3
blob,blob/source-history,git-bundle-s3,2,push_incremental,s3_response_body_bytes,927
blob,blob/source-history,git-bundle-s3,2,push_incremental,s3_responses_2xx,2
blob,blob/source-history,git-bundle-s3,2,push_incremental,s3_responses_4xx,1
blob,blob/source-history,git-bundle-s3,2,push_incremental,stored_bytes,114262437
blob,blob/source-history,git-bundle-s3,2,push_incremental,stored_objects,2
blob,blob/source-history,git-bundle-s3,2,pull_incremental,delivered_logical_bytes,1438015488
blob,blob/source-history,git-bundle-s3,2,pull_incremental,delivered_references,13
blob,blob/source-history,git-bundle-s3,2,pull_incremental,s3_bytes_down,248037
blob,blob/source-history,git-bundle-s3,2,pull_incremental,s3_bytes_up,3948
blob,blob/source-history,git-bundle-s3,2,pull_incremental,s3_connections,1
blob,blob/source-history,git-bundle-s3,2,pull_incremental,s3_request_body_bytes,0
blob,blob/source-history,git-bundle-s3,2,pull_incremental,s3_requests_GET,5
blob,blob/source-history,git-bundle-s3,2,pull_incremental,s3_requests_HEAD,1
blob,blob/source-history,git-bundle-s3,2,pull_incremental,s3_requests_total,6
blob,blob/source-history,git-bundle-s3,2,pull_incremental,s3_response_body_bytes,247251
blob,blob/source-history,git-bundle-s3,2,pull_incremental,s3_responses_2xx,4
blob,blob/source-history,git-bundle-s3,2,pull_incremental,s3_responses_4xx,2
blob,blob/source-history,git-bundle-s3,2,pull_incremental,stored_bytes,114262437
blob,blob/source-history,git-bundle-s3,2,pull_incremental,stored_objects,2
blob,blob/source-history,git-bundle-s3,2,retention_cleanup,retained_logical_bytes,5752059904
blob,blob/source-history,git-bundle-s3,2,retention_cleanup,retained_references,52
blob,blob/source-history,git-bundle-s3,2,retention_cleanup,s3_bytes_down,5459
blob,blob/source-history,git-bundle-s3,2,retention_cleanup,s3_bytes_up,114432730
blob,blob/source-history,git-bundle-s3,2,retention_cleanup,s3_connections,6
blob,blob/source-history,git-bundle-s3,2,retention_cleanup,s3_request_body_bytes,114420041
blob,blob/source-history,git-bundle-s3,2,retention_cleanup,s3_requests_GET,4
blob,blob/source-history,git-bundle-s3,2,retention_cleanup,s3_requests_HEAD,4
blob,blob/source-history,git-bundle-s3,2,retention_cleanup,s3_requests_POST,4
blob,blob/source-history,git-bundle-s3,2,retention_cleanup,s3_requests_PUT,7
blob,blob/source-history,git-bundle-s3,2,retention_cleanup,s3_requests_total,19
blob,blob/source-history,git-bundle-s3,2,retention_cleanup,s3_response_body_bytes,2881
blob,blob/source-history,git-bundle-s3,2,retention_cleanup,s3_responses_2xx,16
blob,blob/source-history,git-bundle-s3,2,retention_cleanup,s3_responses_4xx,3
blob,blob/source-history,git-bundle-s3,2,retention_cleanup,stored_bytes,114261480
blob,blob/source-history,git-bundle-s3,2,retention_cleanup,stored_objects,1
blob,blob/source-history,amber-go-s3,2,push_initial,s3_bytes_down,12971
blob,blob/source-history,amber-go-s3,2,push_initial,s3_bytes_up,116220627
blob,blob/source-history,amber-go-s3,2,push_initial,s3_connections,14
blob,blob/source-history,amber-go-s3,2,push_initial,s3_request_body_bytes,116178884
blob,blob/source-history,amber-go-s3,2,push_initial,s3_requests_GET,2
blob,blob/source-history,amber-go-s3,2,push_initial,s3_requests_POST,4
blob,blob/source-history,amber-go-s3,2,push_initial,s3_requests_PUT,53
blob,blob/source-history,amber-go-s3,2,push_initial,s3_requests_total,59
blob,blob/source-history,amber-go-s3,2,push_initial,s3_response_body_bytes,2457
blob,blob/source-history,amber-go-s3,2,push_initial,s3_responses_2xx,58
blob,blob/source-history,amber-go-s3,2,push_initial,s3_responses_4xx,1
blob,blob/source-history,amber-go-s3,2,push_initial,stored_bytes,116010463
blob,blob/source-history,amber-go-s3,2,push_initial,stored_objects,47
blob,blob/source-history,amber-go-s3,2,push_noop,s3_bytes_down,14913
blob,blob/source-history,amber-go-s3,2,push_noop,s3_bytes_up,1198
blob,blob/source-history,amber-go-s3,2,push_noop,s3_connections,1
blob,blob/source-history,amber-go-s3,2,push_noop,s3_request_body_bytes,0
blob,blob/source-history,amber-go-s3,2,push_noop,s3_requests_GET,2
blob,blob/source-history,amber-go-s3,2,push_noop,s3_requests_total,2
blob,blob/source-history,amber-go-s3,2,push_noop,s3_response_body_bytes,14686
blob,blob/source-history,amber-go-s3,2,push_noop,s3_responses_2xx,1
blob,blob/source-history,amber-go-s3,2,push_noop,s3_responses_4xx,1
blob,blob/source-history,amber-go-s3,2,push_noop,stored_bytes,116010463
blob,blob/source-history,amber-go-s3,2,push_noop,stored_objects,47
blob,blob/source-history,amber-go-s3,2,pull_fresh,delivered_logical_bytes,4314044416
blob,blob/source-history,amber-go-s3,2,pull_fresh,delivered_references,39
blob,blob/source-history,amber-go-s3,2,pull_fresh,s3_bytes_down,116037743
blob,blob/source-history,amber-go-s3,2,pull_fresh,s3_bytes_up,31794
blob,blob/source-history,amber-go-s3,2,pull_fresh,s3_connections,14
blob,blob/source-history,amber-go-s3,2,pull_fresh,s3_request_body_bytes,0
blob,blob/source-history,amber-go-s3,2,pull_fresh,s3_requests_GET,51
blob,blob/source-history,amber-go-s3,2,pull_fresh,s3_requests_HEAD,1
blob,blob/source-history,amber-go-s3,2,pull_fresh,s3_requests_total,52
blob,blob/source-history,amber-go-s3,2,pull_fresh,s3_response_body_bytes,116026519
blob,blob/source-history,amber-go-s3,2,pull_fresh,s3_responses_2xx,50
blob,blob/source-history,amber-go-s3,2,pull_fresh,s3_responses_4xx,2
blob,blob/source-history,amber-go-s3,2,pull_fresh,stored_bytes,116010463
blob,blob/source-history,amber-go-s3,2,pull_fresh,stored_objects,47
blob,blob/source-history,amber-go-s3,2,push_incremental,s3_bytes_down,22903
blob,blob/source-history,amber-go-s3,2,push_incremental,s3_bytes_up,49673643
blob,blob/source-history,amber-go-s3,2,push_incremental,s3_connections,12
blob,blob/source-history,amber-go-s3,2,push_incremental,s3_request_body_bytes,49652169
blob,blob/source-history,amber-go-s3,2,push_incremental,s3_requests_GET,2
blob,blob/source-history,amber-go-s3,2,push_incremental,s3_requests_POST,7
blob,blob/source-history,amber-go-s3,2,push_incremental,s3_requests_PUT,22
blob,blob/source-history,amber-go-s3,2,push_incremental,s3_requests_total,31
blob,blob/source-history,amber-go-s3,2,push_incremental,s3_response_body_bytes,17812
blob,blob/source-history,amber-go-s3,2,push_incremental,s3_responses_2xx,30
blob,blob/source-history,amber-go-s3,2,push_incremental,s3_responses_4xx,1
blob,blob/source-history,amber-go-s3,2,push_incremental,stored_bytes,116843021
blob,blob/source-history,amber-go-s3,2,push_incremental,stored_objects,60
blob,blob/source-history,amber-go-s3,2,pull_incremental,delivered_logical_bytes,1438015488
blob,blob/source-history,amber-go-s3,2,pull_incremental,delivered_references,13
blob,blob/source-history,amber-go-s3,2,pull_incremental,s3_bytes_down,49604502
blob,blob/source-history,amber-go-s3,2,pull_incremental,s3_bytes_up,15449
blob,blob/source-history,amber-go-s3,2,pull_incremental,s3_connections,9
blob,blob/source-history,amber-go-s3,2,pull_incremental,s3_request_body_bytes,0
blob,blob/source-history,amber-go-s3,2,pull_incremental,s3_requests_GET,24
blob,blob/source-history,amber-go-s3,2,pull_incremental,s3_requests_HEAD,1
blob,blob/source-history,amber-go-s3,2,pull_incremental,s3_requests_total,25
blob,blob/source-history,amber-go-s3,2,pull_incremental,s3_response_body_bytes,49599412
blob,blob/source-history,amber-go-s3,2,pull_incremental,s3_responses_2xx,23
blob,blob/source-history,amber-go-s3,2,pull_incremental,s3_responses_4xx,2
blob,blob/source-history,amber-go-s3,2,pull_incremental,stored_bytes,116843021
blob,blob/source-history,amber-go-s3,2,pull_incremental,stored_objects,60
blob,blob/source-history,amber-go-s3,2,age_sealed_segments,segments_aged,2
blob,blob/source-history,amber-go-s3,2,retention_cleanup,retained_logical_bytes,1438015488
blob,blob/source-history,amber-go-s3,2,retention_cleanup,retained_references,13
blob,blob/source-history,amber-go-s3,2,retention_cleanup,s3_bytes_down,62124
blob,blob/source-history,amber-go-s3,2,retention_cleanup,s3_bytes_up,108135839
blob,blob/source-history,amber-go-s3,2,retention_cleanup,s3_connections,37
blob,blob/source-history,amber-go-s3,2,retention_cleanup,s3_request_body_bytes,108059412
blob,blob/source-history,amber-go-s3,2,retention_cleanup,s3_requests_GET,2
blob,blob/source-history,amber-go-s3,2,retention_cleanup,s3_requests_POST,62
blob,blob/source-history,amber-go-s3,2,retention_cleanup,s3_requests_PUT,52
blob,blob/source-history,amber-go-s3,2,retention_cleanup,s3_requests_total,116
blob,blob/source-history,amber-go-s3,2,retention_cleanup,s3_response_body_bytes,45461
blob,blob/source-history,amber-go-s3,2,retention_cleanup,s3_responses_2xx,115
blob,blob/source-history,amber-go-s3,2,retention_cleanup,s3_responses_4xx,1
blob,blob/source-history,amber-go-s3,2,retention_cleanup,stored_bytes,107893191
blob,blob/source-history,amber-go-s3,2,retention_cleanup,stored_objects,48
nix,nix/closure,amber-go,2,import_initial,store_closures_allocated_bytes,4096
nix,nix/closure,amber-go,2,import_initial,store_closures_apparent_bytes,0
nix,nix/closure,amber-go,2,import_initial,store_packstore_allocated_bytes,109228032
nix,nix/closure,amber-go,2,import_initial,store_packstore_apparent_bytes,109219350
nix,nix/closure,amber-go,2,import_initial,store_refs_allocated_bytes,4661248
nix,nix/closure,amber-go,2,import_initial,store_refs_apparent_bytes,10248
nix,nix/closure,amber-go,2,import_repeat,store_closures_allocated_bytes,4096
nix,nix/closure,amber-go,2,import_repeat,store_closures_apparent_bytes,0
nix,nix/closure,amber-go,2,import_repeat,store_packstore_allocated_bytes,109228032
nix,nix/closure,amber-go,2,import_repeat,store_packstore_apparent_bytes,109219350
nix,nix/closure,amber-go,2,import_repeat,store_refs_allocated_bytes,4661248
nix,nix/closure,amber-go,2,import_repeat,store_refs_apparent_bytes,10931
nix,nix/closure,amber-go,2,import_incremental,store_closures_allocated_bytes,4096
nix,nix/closure,amber-go,2,import_incremental,store_closures_apparent_bytes,0
nix,nix/closure,amber-go,2,import_incremental,store_packstore_allocated_bytes,126033920
nix,nix/closure,amber-go,2,import_incremental,store_packstore_apparent_bytes,126017530
nix,nix/closure,amber-go,2,import_incremental,store_refs_allocated_bytes,4657152
nix,nix/closure,amber-go,2,import_incremental,store_refs_apparent_bytes,10087
nix,nix/closure,amber-go,2,delete_path,store_closures_allocated_bytes,4096
nix,nix/closure,amber-go,2,delete_path,store_closures_apparent_bytes,0
nix,nix/closure,amber-go,2,delete_path,store_packstore_allocated_bytes,126033920
nix,nix/closure,amber-go,2,delete_path,store_packstore_apparent_bytes,126017530
nix,nix/closure,amber-go,2,delete_path,store_refs_allocated_bytes,4661248
nix,nix/closure,amber-go,2,delete_path,store_refs_apparent_bytes,11187
nix,nix/closure,amber-go,2,age_sealed_segments,segments_aged,2
nix,nix/closure,amber-go,2,gc,allocated_before_delete,126091264
nix,nix/closure,amber-go,2,gc,reclaimed_packstore_bytes,-36864
nix,nix/closure,amber-go,2,gc,store_closures_allocated_bytes,4096
nix,nix/closure,amber-go,2,gc,store_closures_apparent_bytes,0
nix,nix/closure,amber-go,2,gc,store_packstore_allocated_bytes,126070784
nix,nix/closure,amber-go,2,gc,store_packstore_apparent_bytes,126058036
nix,nix/closure,amber-go,2,gc,store_refs_allocated_bytes,24576
nix,nix/closure,amber-go,2,gc,store_refs_apparent_bytes,7313
tree,tree/lifecycle,amber-go,2,ingest_fresh,store_closures_allocated_bytes,4096
tree,tree/lifecycle,amber-go,2,ingest_fresh,store_closures_apparent_bytes,0
tree,tree/lifecycle,amber-go,2,ingest_fresh,store_packstore_allocated_bytes,723873792
tree,tree/lifecycle,amber-go,2,ingest_fresh,store_packstore_apparent_bytes,723798532
tree,tree/lifecycle,amber-go,2,ingest_fresh,store_refs_allocated_bytes,4628480
tree,tree/lifecycle,amber-go,2,ingest_fresh,store_refs_apparent_bytes,2917
tree,tree/lifecycle,amber-go,2,ingest_repeat,store_closures_allocated_bytes,4096
tree,tree/lifecycle,amber-go,2,ingest_repeat,store_closures_apparent_bytes,0
tree,tree/lifecycle,amber-go,2,ingest_repeat,store_packstore_allocated_bytes,723873792
tree,tree/lifecycle,amber-go,2,ingest_repeat,store_packstore_apparent_bytes,723798532
tree,tree/lifecycle,amber-go,2,ingest_repeat,store_refs_allocated_bytes,4636672
tree,tree/lifecycle,amber-go,2,ingest_repeat,store_refs_apparent_bytes,3640
tree,tree/lifecycle,amber-go,2,ingest_changed,store_closures_allocated_bytes,4096
tree,tree/lifecycle,amber-go,2,ingest_changed,store_closures_apparent_bytes,0
tree,tree/lifecycle,amber-go,2,ingest_changed,store_packstore_allocated_bytes,729825280
tree,tree/lifecycle,amber-go,2,ingest_changed,store_packstore_apparent_bytes,729751289
tree,tree/lifecycle,amber-go,2,ingest_changed,store_refs_allocated_bytes,4640768
tree,tree/lifecycle,amber-go,2,ingest_changed,store_refs_apparent_bytes,4367
tree,tree/lifecycle,amber-go,2,list_recursive,cli_invocations,167
tree,tree/lifecycle,amber-go,2,list_recursive,directories,166
tree,tree/lifecycle,amber-go,2,list_recursive,entries,5842
tree,tree/lifecycle,amber-go,2,ref_delete,store_closures_allocated_bytes,4096
tree,tree/lifecycle,amber-go,2,ref_delete,store_closures_apparent_bytes,0
tree,tree/lifecycle,amber-go,2,ref_delete,store_packstore_allocated_bytes,729825280
tree,tree/lifecycle,amber-go,2,ref_delete,store_packstore_apparent_bytes,729751289
tree,tree/lifecycle,amber-go,2,ref_delete,store_refs_allocated_bytes,4636672
tree,tree/lifecycle,amber-go,2,ref_delete,store_refs_apparent_bytes,4029
tree,tree/lifecycle,amber-go,2,age_sealed_segments,segments_aged,11
tree,tree/lifecycle,amber-go,2,gc,allocated_after_gc,725348352
tree,tree/lifecycle,amber-go,2,gc,allocated_before_delete,729866240
tree,tree/lifecycle,amber-go,2,gc,allocated_before_gc,734470144
tree,tree/lifecycle,amber-go,2,gc,reclaimed_packstore_bytes,4513792
tree,tree/lifecycle,amber-go,2,gc,store_closures_allocated_bytes,4096
tree,tree/lifecycle,amber-go,2,gc,store_closures_apparent_bytes,0
tree,tree/lifecycle,amber-go,2,gc,store_packstore_allocated_bytes,725311488
tree,tree/lifecycle,amber-go,2,gc,store_packstore_apparent_bytes,725242211
tree,tree/lifecycle,amber-go,2,gc,store_refs_allocated_bytes,28672
tree,tree/lifecycle,amber-go,2,gc,store_refs_apparent_bytes,4570
backup,backup/retention,amber-rust,2,backup_initial,store_closures_allocated_bytes,4096
backup,backup/retention,amber-rust,2,backup_initial,store_closures_apparent_bytes,0
backup,backup/retention,amber-rust,2,backup_initial,store_packstore_allocated_bytes,723009536
backup,backup/retention,amber-rust,2,backup_initial,store_packstore_apparent_bytes,722942958
backup,backup/retention,amber-rust,2,backup_initial,store_refs_allocated_bytes,1626112
backup,backup/retention,amber-rust,2,backup_initial,store_refs_apparent_bytes,3686400
backup,backup/retention,amber-rust,2,backup_unchanged,store_closures_allocated_bytes,4096
backup,backup/retention,amber-rust,2,backup_unchanged,store_closures_apparent_bytes,0
backup,backup/retention,amber-rust,2,backup_unchanged,store_packstore_allocated_bytes,723009536
backup,backup/retention,amber-rust,2,backup_unchanged,store_packstore_apparent_bytes,722942958
backup,backup/retention,amber-rust,2,backup_unchanged,store_refs_allocated_bytes,1634304
backup,backup/retention,amber-rust,2,backup_unchanged,store_refs_apparent_bytes,3686400
backup,backup/retention,amber-rust,2,backup_changed,store_closures_allocated_bytes,4096
backup,backup/retention,amber-rust,2,backup_changed,store_closures_apparent_bytes,0
backup,backup/retention,amber-rust,2,backup_changed,store_packstore_allocated_bytes,728965120
backup,backup/retention,amber-rust,2,backup_changed,store_packstore_apparent_bytes,728895086
backup,backup/retention,amber-rust,2,backup_changed,store_refs_allocated_bytes,1634304
backup,backup/retention,amber-rust,2,backup_changed,store_refs_apparent_bytes,3686400
backup,backup/retention,amber-rust,2,backup_changed_again,store_closures_allocated_bytes,4096
backup,backup/retention,amber-rust,2,backup_changed_again,store_closures_apparent_bytes,0
backup,backup/retention,amber-rust,2,backup_changed_again,store_packstore_allocated_bytes,734851072
backup,backup/retention,amber-rust,2,backup_changed_again,store_packstore_apparent_bytes,734782011
backup,backup/retention,amber-rust,2,backup_changed_again,store_refs_allocated_bytes,1634304
backup,backup/retention,amber-rust,2,backup_changed_again,store_refs_apparent_bytes,3686400
backup,backup/retention,amber-rust,2,list_snapshot,cli_invocations,168
backup,backup/retention,amber-rust,2,list_snapshot,entries,5842
backup,backup/retention,amber-rust,2,forget_oldest,store_closures_allocated_bytes,4096
backup,backup/retention,amber-rust,2,forget_oldest,store_closures_apparent_bytes,0
backup,backup/retention,amber-rust,2,forget_oldest,store_packstore_allocated_bytes,734851072
backup,backup/retention,amber-rust,2,forget_oldest,store_packstore_apparent_bytes,734782011
backup,backup/retention,amber-rust,2,forget_oldest,store_refs_allocated_bytes,1634304
backup,backup/retention,amber-rust,2,forget_oldest,store_refs_apparent_bytes,3686400
backup,backup/retention,amber-rust,2,age_sealed_segments,segments_aged,11
backup,backup/retention,amber-rust,2,prune,allocated_after_prune,730984448
backup,backup/retention,amber-rust,2,prune,allocated_before_forget,736493568
backup,backup/retention,amber-rust,2,prune,reclaimed_packstore_bytes,5509120
backup,backup/retention,amber-rust,2,prune,store_closures_allocated_bytes,4096
backup,backup/retention,amber-rust,2,prune,store_closures_apparent_bytes,0
backup,backup/retention,amber-rust,2,prune,store_packstore_allocated_bytes,729341952
backup,backup/retention,amber-rust,2,prune,store_packstore_apparent_bytes,729272112
backup,backup/retention,amber-rust,2,prune,store_refs_allocated_bytes,1634304
backup,backup/retention,amber-rust,2,prune,store_refs_apparent_bytes,3686400
git,git/history,amber-rust,2,history_store,backend_commands,39
git,git/history,amber-rust,2,history_store,commits,39
git,git/history,amber-rust,2,history_store,store_closures_allocated_bytes,4096
git,git/history,amber-rust,2,history_store,store_closures_apparent_bytes,0
git,git/history,amber-rust,2,history_store,store_packstore_allocated_bytes,116031488
git,git/history,amber-rust,2,history_store,store_packstore_apparent_bytes,116019350
git,git/history,amber-rust,2,history_store,store_refs_allocated_bytes,1634304
git,git/history,amber-rust,2,history_store,store_refs_apparent_bytes,3686400
git,git/history,amber-rust,2,history_store_incremental,backend_commands,13
git,git/history,amber-rust,2,history_store_incremental,commits,13
git,git/history,amber-rust,2,history_store_incremental,store_closures_allocated_bytes,4096
git,git/history,amber-rust,2,history_store_incremental,store_closures_apparent_bytes,0
git,git/history,amber-rust,2,history_store_incremental,store_packstore_allocated_bytes,116854784
git,git/history,amber-rust,2,history_store_incremental,store_packstore_apparent_bytes,116841494
git,git/history,amber-rust,2,history_store_incremental,store_refs_allocated_bytes,1642496
git,git/history,amber-rust,2,history_store_incremental,store_refs_apparent_bytes,3686400
git,git/history,amber-rust,2,list_head,cli_invocations,29
git,git/history,amber-rust,2,list_head,entries,1952
git,git/history,amber-rust,2,retained_version_coverage,versions_retained,52
git,git/history,amber-rust,2,retained_version_coverage,versions_unverified,0
git,git/history,amber-rust,2,retained_version_coverage,versions_verified,52
