run_id,group,scenario,backend,rep,rep_valid,order_index,op,phase,status,reason,wall_ns,cpu_user_ns,cpu_sys_ns,max_rss_bytes,logical_bytes,throughput_bytes_per_s,store_apparent_bytes,store_allocated_bytes,reclaimed_bytes
standard-1789242092913944754,blob,blob/nix-closure,amber-rust-s3,0,true,0,ingest_payload,setup,ok,,24876355,57813000,16197000,66560000,,,,,
standard-1789242092913944754,blob,blob/nix-closure,amber-rust-s3,0,true,0,ingest_payload,setup,ok,,16288637,13251000,23285000,66560000,,,,,
standard-1789242092913944754,blob,blob/nix-closure,amber-rust-s3,0,true,0,ingest_payload,setup,ok,,19145178,15023000,23530000,66560000,,,,,
standard-1789242092913944754,blob,blob/nix-closure,amber-rust-s3,0,true,0,ingest_payload,setup,ok,,50258416,107556000,67388000,66560000,,,,,
standard-1789242092913944754,blob,blob/nix-closure,amber-rust-s3,0,true,0,ingest_payload,setup,ok,,18829605,10567000,24310000,66560000,,,,,
standard-1789242092913944754,blob,blob/nix-closure,amber-rust-s3,0,true,0,ingest_payload,setup,ok,,27107784,15936000,27399000,66560000,,,,,
standard-1789242092913944754,blob,blob/nix-closure,amber-rust-s3,0,true,0,ingest_payload,setup,ok,,25522689,14246000,27676000,66560000,,,,,
standard-1789242092913944754,blob,blob/nix-closure,amber-rust-s3,0,true,0,ingest_payload,setup,ok,,36803298,28880000,38790000,66560000,,,,,
standard-1789242092913944754,blob,blob/nix-closure,amber-rust-s3,0,true,0,push_initial,measured,ok,,189706940,85641000,61293000,66560000,113076235,596057450.5076092,,,
standard-1789242092913944754,blob,blob/nix-closure,amber-rust-s3,0,true,0,push_noop,measured,ok,,19238667,18337000,7322000,66822144,2984,155104.30114518848,,,
standard-1789242092913944754,blob,blob/nix-closure,amber-rust-s3,0,true,0,pull_fresh,measured,ok,,65891411,25746000,45581000,66822144,112913729,1713633496.1775215,,,
standard-1789242092913944754,blob,blob/nix-closure,amber-rust-s3,0,true,0,ingest_payload,setup,ok,,37814417,17292000,42185000,67084288,,,,,
standard-1789242092913944754,blob,blob/nix-closure,amber-rust-s3,0,true,0,ingest_payload,setup,ok,,41397455,19777000,41470000,67084288,,,,,
standard-1789242092913944754,blob,blob/nix-closure,amber-rust-s3,0,true,0,ingest_payload,setup,ok,,46517397,15404000,36885000,67084288,,,,,
standard-1789242092913944754,blob,blob/nix-closure,amber-rust-s3,0,true,0,ingest_payload,setup,ok,,43651888,14161000,35973000,67084288,,,,,
standard-1789242092913944754,blob,blob/nix-closure,amber-rust-s3,0,true,0,ingest_payload,setup,ok,,48495683,57763000,41474000,67084288,,,,,
standard-1789242092913944754,blob,blob/nix-closure,amber-rust-s3,0,true,0,ingest_payload,setup,ok,,53832398,69399000,45428000,67084288,,,,,
standard-1789242092913944754,blob,blob/nix-closure,amber-rust-s3,0,true,0,ingest_payload,setup,ok,,45840906,9074000,41194000,67084288,,,,,
standard-1789242092913944754,blob,blob/nix-closure,amber-rust-s3,0,true,0,ingest_payload,setup,ok,,38457726,10447000,33329000,67084288,,,,,
standard-1789242092913944754,blob,blob/nix-closure,amber-rust-s3,0,true,0,ingest_payload,setup,ok,,42272255,25835000,31895000,67084288,,,,,
standard-1789242092913944754,blob,blob/nix-closure,amber-rust-s3,0,true,0,push_incremental,measured,ok,,176562413,53800000,33154000,67084288,62640151,354776251.2738201,,,
standard-1789242092913944754,blob,blob/nix-closure,amber-rust-s3,0,true,0,pull_incremental,measured,ok,,65514332,26148000,32925000,67084288,62551759,954779772.4626117,,,
standard-1789242092913944754,blob,blob/nix-closure,amber-rust-s3,0,true,0,retention_local,setup,ok,,34394892,8159000,25563000,67084288,,,,,
standard-1789242092913944754,blob,blob/nix-closure,amber-rust-s3,0,true,0,retention_local,setup,ok,,34218405,6913000,26677000,67084288,,,,,
standard-1789242092913944754,blob,blob/nix-closure,amber-rust-s3,0,true,0,age_sealed_segments,setup,ok,,0,0,0,0,,,,,
standard-1789242092913944754,blob,blob/nix-closure,amber-rust-s3,0,true,0,retention_local,setup,ok,,75737172,36347000,64621000,76992512,,,,,
standard-1789242092913944754,blob,blob/nix-closure,amber-rust-s3,0,true,0,retention_cleanup,measured,ok,,195643069,81160000,81794000,67084288,129940433,664170898.8934333,,,
standard-1789242092913944754,blob,blob/nix-closure,amber-rust-s3,0,true,0,inject_missing_object,verify,ok,,0,0,0,0,,,,,
standard-1789242092913944754,blob,blob/nix-closure,nix-binary-cache,0,true,1,push_initial,measured,ok,,19516224116,27629709000,500779000,413118464,109112729,5590872.924570795,,,
standard-1789242092913944754,blob,blob/nix-closure,nix-binary-cache,0,true,1,push_noop,measured,ok,,21271496,12959000,5986000,67084288,0,0,,,
standard-1789242092913944754,blob,blob/nix-closure,nix-binary-cache,0,true,1,pull_fresh,measured,ok,,163418191,185635000,103244000,86147072,109099703,667610517.1180117,,,
standard-1789242092913944754,blob,blob/nix-closure,nix-binary-cache,0,true,1,push_incremental,measured,ok,,3034159953,3608532000,136688000,186990592,16803307,5538042.575305192,,,
standard-1789242092913944754,blob,blob/nix-closure,nix-binary-cache,0,true,1,pull_incremental,measured,ok,,130253547,102106000,45364000,67084288,16793755,128931268.18266223,,,
standard-1789242092913944754,blob,blob/nix-closure,nix-binary-cache,0,true,1,retention_cleanup,measured,ok,,37214262,25518000,22147000,67346432,8002,215025.08903710087,,,
standard-1789242092913944754,blob,blob/nix-closure,nix-binary-cache,0,true,1,retention_cleanup_note,verify,ok,,0,0,0,0,,,,,
standard-1789242092913944754,blob,blob/nix-closure,nix-binary-cache,0,true,1,inject_missing_object,verify,ok,,0,0,0,0,,,,,
standard-1789242092913944754,git,git/history,amber-rust,0,true,2,materialise_states,setup,ok,,1056110784,0,0,0,,,,,
standard-1789242092913944754,git,git/history,amber-rust,0,true,2,history_store,measured,ok,,2602339305,5071372000,4932219000,74383360,4314044416,1657756314.7554274,119704870,117678080,
standard-1789242092913944754,git,git/history,amber-rust,0,true,2,clone_full,measured,unsupported,these cores ship no repository-to-repository transfer command; what they can do to publish a store is measured in the blob scenario group as a file-level object-storage transport,,,,,,,,,
standard-1789242092913944754,git,git/history,amber-rust,0,true,2,materialise_states,setup,ok,,173750583,0,0,0,,,,,
standard-1789242092913944754,git,git/history,amber-rust,0,true,2,history_store_incremental,measured,ok,,782700220,1604643000,1734138000,67346432,1438015488,1837249372.4353368,120527014,118509568,
standard-1789242092913944754,git,git/history,amber-rust,0,true,2,fetch_incremental,measured,unsupported,these cores ship no incremental fetch command; see the blob scenario group for incremental object-storage publication,,,,,,,,,
standard-1789242092913944754,git,git/history,amber-rust,0,true,2,gc,measured,ok,,48081753,22183000,25147000,67346432,,,120641576,118620160,-110592
standard-1789242092913944754,git,git/history,amber-rust,0,true,2,list_head,measured,ok,,131776284,31136000,90903000,67346432,,,,,
standard-1789242092913944754,git,git/history,amber-rust,0,true,2,read_all_versions,measured,ok,,1323827344,949176000,351407000,122503168,5752059904,4345022732.813412,,,
standard-1789242092913944754,git,git/history,amber-rust,0,true,2,checkout_version,measured,ok,,160451891,45107000,114168000,122195968,,,,,
standard-1789242092913944754,git,git/history,amber-rust,0,true,2,retained_version_restore,verify,ok,,162587537,39905000,121506000,113070080,,,,,
standard-1789242092913944754,git,git/history,amber-rust,0,true,2,retained_version_restore,verify,ok,,163699859,39938000,122573000,113405952,,,,,
standard-1789242092913944754,git,git/history,amber-rust,0,true,2,retained_version_restore,verify,ok,,163509767,35868000,126370000,113389568,,,,,
standard-1789242092913944754,git,git/history,amber-rust,0,true,2,retained_version_restore,verify,ok,,161099507,34737000,125166000,113897472,,,,,
standard-1789242092913944754,git,git/history,amber-rust,0,true,2,retained_version_restore,verify,ok,,162072053,40727000,120151000,114110464,,,,,
standard-1789242092913944754,git,git/history,amber-rust,0,true,2,retained_version_restore,verify,ok,,162008722,30958000,129903000,113541120,,,,,
standard-1789242092913944754,git,git/history,amber-rust,0,true,2,retained_version_restore,verify,ok,,166057559,30608000,133436000,113750016,,,,,
standard-1789242092913944754,git,git/history,amber-rust,0,true,2,retained_version_restore,verify,ok,,161464633,36039000,124207000,113528832,,,,,
standard-1789242092913944754,git,git/history,amber-rust,0,true,2,retained_version_restore,verify,ok,,163484909,46494000,115701000,114159616,,,,,
standard-1789242092913944754,git,git/history,amber-rust,0,true,2,retained_version_restore,verify,ok,,164434512,24885000,138324000,113926144,,,,,
standard-1789242092913944754,git,git/history,amber-rust,0,true,2,retained_version_restore,verify,ok,,164924817,26818000,136821000,113770496,,,,,
standard-1789242092913944754,git,git/history,amber-rust,0,true,2,retained_version_restore,verify,ok,,162667960,42386000,119077000,114122752,,,,,
standard-1789242092913944754,git,git/history,amber-rust,0,true,2,retained_version_restore,verify,ok,,162922315,33935000,127732000,114307072,,,,,
standard-1789242092913944754,git,git/history,amber-rust,0,true,2,retained_version_restore,verify,ok,,166153282,34801000,130146000,114520064,,,,,
standard-1789242092913944754,git,git/history,amber-rust,0,true,2,retained_version_restore,verify,ok,,163820049,39912000,122693000,114257920,,,,,
standard-1789242092913944754,git,git/history,amber-rust,0,true,2,retained_version_restore,verify,ok,,165258886,32988000,131009000,114544640,,,,,
standard-1789242092913944754,git,git/history,amber-rust,0,true,2,retained_version_restore,verify,ok,,163393755,32922000,128718000,114221056,,,,,
standard-1789242092913944754,git,git/history,amber-rust,0,true,2,retained_version_restore,verify,ok,,163068945,34753000,127055000,114626560,,,,,
standard-1789242092913944754,git,git/history,amber-rust,0,true,2,retained_version_restore,verify,ok,,164968481,24864000,138262000,115048448,,,,,
standard-1789242092913944754,git,git/history,amber-rust,0,true,2,retained_version_restore,verify,ok,,162163949,34635000,125799000,115052544,,,,,
standard-1789242092913944754,git,git/history,amber-rust,0,true,2,retained_version_restore,verify,ok,,166331432,34249000,130901000,114495488,,,,,
standard-1789242092913944754,git,git/history,amber-rust,0,true,2,retained_version_restore,verify,ok,,166627006,33526000,131216000,114962432,,,,,
standard-1789242092913944754,git,git/history,amber-rust,0,true,2,retained_version_restore,verify,ok,,163044930,35986000,125839000,114991104,,,,,
standard-1789242092913944754,git,git/history,amber-rust,0,true,2,retained_version_restore,verify,ok,,166797752,42657000,123003000,115011584,,,,,
standard-1789242092913944754,git,git/history,amber-rust,0,true,2,retained_version_restore,verify,ok,,167789124,32698000,133863000,115343360,,,,,
standard-1789242092913944754,git,git/history,amber-rust,0,true,2,retained_version_restore,verify,ok,,162945109,29741000,131986000,114933760,,,,,
standard-1789242092913944754,git,git/history,amber-rust,0,true,2,retained_version_restore,verify,ok,,165338858,28866000,135254000,120926208,,,,,
standard-1789242092913944754,git,git/history,amber-rust,0,true,2,retained_version_restore,verify,ok,,163192402,28852000,133147000,120922112,,,,,
standard-1789242092913944754,git,git/history,amber-rust,0,true,2,retained_version_restore,verify,ok,,163509917,36870000,125388000,121012224,,,,,
standard-1789242092913944754,git,git/history,amber-rust,0,true,2,retained_version_restore,verify,ok,,163445705,39793000,122379000,121098240,,,,,
standard-1789242092913944754,git,git/history,amber-rust,0,true,2,retained_version_restore,verify,ok,,168530419,48804000,118602000,121114624,,,,,
standard-1789242092913944754,git,git/history,amber-rust,0,true,2,retained_version_restore,verify,ok,,168251136,38720000,127934000,121270272,,,,,
standard-1789242092913944754,git,git/history,amber-rust,0,true,2,retained_version_restore,verify,ok,,164725397,33637000,129518000,121221120,,,,,
standard-1789242092913944754,git,git/history,amber-rust,0,true,2,retained_version_restore,verify,ok,,163946340,27750000,134927000,121245696,,,,,
standard-1789242092913944754,git,git/history,amber-rust,0,true,2,retained_version_restore,verify,ok,,164720307,31111000,132394000,121524224,,,,,
standard-1789242092913944754,git,git/history,amber-rust,0,true,2,retained_version_restore,verify,ok,,162974977,29772000,131906000,121446400,,,,,
standard-1789242092913944754,git,git/history,amber-rust,0,true,2,retained_version_restore,verify,ok,,163955077,32761000,129976000,121847808,,,,,
standard-1789242092913944754,git,git/history,amber-rust,0,true,2,retained_version_restore,verify,ok,,163393035,32050000,130081000,121462784,,,,,
standard-1789242092913944754,git,git/history,amber-rust,0,true,2,retained_version_restore,verify,ok,,163564101,42642000,119064000,121524224,,,,,
standard-1789242092913944754,git,git/history,amber-rust,0,true,2,retained_version_restore,verify,ok,,163515538,32019000,130168000,122068992,,,,,
standard-1789242092913944754,git,git/history,amber-rust,0,true,2,retained_version_restore,verify,ok,,167230879,26856000,139167000,121483264,,,,,
standard-1789242092913944754,git,git/history,amber-rust,0,true,2,retained_version_restore,verify,ok,,165221775,29810000,134251000,121696256,,,,,
standard-1789242092913944754,git,git/history,amber-rust,0,true,2,retained_version_restore,verify,ok,,162703228,37066000,124070000,121581568,,,,,
standard-1789242092913944754,git,git/history,amber-rust,0,true,2,retained_version_restore,verify,ok,,162456827,46737000,114447000,121925632,,,,,
standard-1789242092913944754,git,git/history,amber-rust,0,true,2,retained_version_restore,verify,ok,,163472436,34083000,128092000,121454592,,,,,
standard-1789242092913944754,git,git/history,amber-rust,0,true,2,retained_version_restore,verify,ok,,165233367,31859000,132209000,121696256,,,,,
standard-1789242092913944754,git,git/history,amber-rust,0,true,2,retained_version_restore,verify,ok,,165609615,29603000,133835000,122236928,,,,,
standard-1789242092913944754,git,git/history,amber-rust,0,true,2,retained_version_restore,verify,ok,,162243211,35757000,125312000,121946112,,,,,
standard-1789242092913944754,git,git/history,amber-rust,0,true,2,retained_version_restore,verify,ok,,165010161,33877000,129397000,122621952,,,,,
standard-1789242092913944754,git,git/history,amber-rust,0,true,2,retained_version_restore,verify,ok,,164412781,41837000,121393000,122310656,,,,,
standard-1789242092913944754,git,git/history,amber-rust,0,true,2,retained_version_restore,verify,ok,,163209354,35015000,126936000,121942016,,,,,
standard-1789242092913944754,git,git/history,amber-rust,0,true,2,retained_version_restore,verify,ok,,162872672,42969000,118640000,122118144,,,,,
standard-1789242092913944754,git,git/history,amber-rust,0,true,2,retained_version_coverage,verify,ok,,0,0,0,0,,,,,
standard-1789242092913944754,git,git/history,amber-rust,0,true,2,ref_delete,measured,ok,,4601802,1692000,2485000,67346432,,,,,
standard-1789242092913944754,git,git/history,amber-rust,0,true,2,integrity_check,verify,ok,,28602417,19900000,8299000,122343424,,,,,
standard-1789242092913944754,tree,tree/lifecycle,git,0,true,3,git_init,setup,ok,,2295160,2139000,0,67346432,,,,,
standard-1789242092913944754,tree,tree/lifecycle,git,0,true,3,git_init,setup,ok,,1270144,0,1156000,67346432,,,,,
standard-1789242092913944754,tree,tree/lifecycle,git,0,true,3,git_init,setup,ok,,946527,0,854000,67346432,,,,,
standard-1789242092913944754,tree,tree/lifecycle,git,0,true,3,git_init,setup,ok,,884358,808000,0,67346432,,,,,
standard-1789242092913944754,tree,tree/lifecycle,git,0,true,3,git_init,setup,ok,,887504,0,813000,67346432,,,,,
standard-1789242092913944754,tree,tree/lifecycle,git,0,true,3,git_init,setup,ok,,893585,0,793000,67346432,,,,,
standard-1789242092913944754,tree,tree/lifecycle,git,0,true,3,git_init,setup,ok,,874499,0,792000,67346432,,,,,
standard-1789242092913944754,tree,tree/lifecycle,git,0,true,3,git_init,setup,ok,,863407,788000,0,67346432,,,,,
standard-1789242092913944754,tree,tree/lifecycle,git,0,true,3,git_init,setup,ok,,1194099,0,1094000,67346432,,,,,
standard-1789242092913944754,tree,tree/lifecycle,git,0,true,3,git_init,setup,ok,,1095180,0,975000,67346432,,,,,
standard-1789242092913944754,tree,tree/lifecycle,git,0,true,3,git_init,setup,ok,,1078779,0,1002000,67346432,,,,,
standard-1789242092913944754,tree,tree/lifecycle,git,0,true,3,git_init,setup,ok,,1005970,0,937000,67346432,,,,,
standard-1789242092913944754,tree,tree/lifecycle,git,0,true,3,ingest_fresh,measured,ok,,13828262854,12896840000,864087000,72441856,2179569013,157616978.79278684,1360451243,1374408704,
standard-1789242092913944754,tree,tree/lifecycle,git,0,true,3,ingest_repeat,measured,ok,,3148124246,3050741000,82167000,72392704,2179569013,692338943.0291246,1360451552,1374420992,
standard-1789242092913944754,tree,tree/lifecycle,git,0,true,3,ingest_changed,measured,ok,,3192318566,3068190000,108640000,72527872,2179966963,682878891.2917032,1366605120,1383510016,
standard-1789242092913944754,tree,tree/lifecycle,git,0,true,3,list_recursive,measured,ok,,56373148,12230000,43833000,67346432,,,,,
standard-1789242092913944754,tree,tree/lifecycle,git,0,true,3,read_full,measured,ok,,3950709114,3166202000,763574000,143822848,2179569013,551690582.6542207,,,
standard-1789242092913944754,tree,tree/lifecycle,git,0,true,3,restore_prepare,setup,ok,,1232272,1087000,0,67346432,,,,,
standard-1789242092913944754,tree,tree/lifecycle,git,0,true,3,restore_full,measured,ok,,3937155354,3234050000,683500000,77250560,2179569013,553589791.874898,,,
standard-1789242092913944754,tree,tree/lifecycle,git,0,true,3,integrity_check,verify,ok,,5123920921,4516514000,581271000,143372288,,,,,
standard-1789242092913944754,tree,tree/lifecycle,git,0,true,3,ref_delete,measured,ok,,2115348,0,1905000,69181440,,,1366600912,1383489536,
standard-1789242092913944754,tree,tree/lifecycle,git,0,true,3,gc,measured,ok,,101030111812,172882521000,3348491000,2822598656,,,722425242,722554880,660934656
standard-1789242092913944754,tree,tree/lifecycle,git,0,true,3,post_gc_restore_prepare,setup,ok,,1189410,0,1096000,69181440,,,,,
standard-1789242092913944754,tree,tree/lifecycle,git,0,true,3,restore_full,verify,ok,,2225545559,837176000,1376329000,918085632,,,,,
standard-1789242092913944754,tree,tree/lifecycle,git,0,true,3,post_gc_integrity_check,verify,ok,,4567514788,3859206000,686687000,929128448,,,,,
standard-1789242092913944754,nix,nix/closure,nix,0,true,4,import_initial,measured,ok,,82286599,89267000,64224000,69443584,184550399,2242775874.1128674,193049601,193241088,
standard-1789242092913944754,nix,nix/closure,nix,0,true,4,import_repeat,measured,ok,,20378043,9645000,7485000,69443584,184550399,9056335733.514744,193049601,193241088,
standard-1789242092913944754,nix,nix/closure,nix,0,true,4,import_incremental,measured,ok,,73839948,47386000,29880000,69443584,192939113,2612936739.879611,276936186,277172224,
standard-1789242092913944754,nix,nix/closure,nix,0,true,4,catalog_list,measured,ok,,14510504,6504000,8674000,69443584,,,,,
standard-1789242092913944754,nix,nix/closure,nix,0,true,4,closure_query,measured,ok,,14672794,9213000,6140000,69443584,,,,,
standard-1789242092913944754,nix,nix/closure,nix,0,true,4,nar_and_reference_registration,setup,ok,,0,0,0,0,,,,,
standard-1789242092913944754,nix,nix/closure,nix,0,true,4,read_closure,measured,ok,,149075938,72235000,82665000,69443584,192939113,1294233768.2959943,,,
standard-1789242092913944754,nix,nix/closure,nix,0,true,4,cache_export,measured,ok,,19387889189,29947913000,485448000,500879360,,,,,
standard-1789242092913944754,nix,nix/closure,nix,0,true,4,materialize_closure,measured,ok,,73991778,88593000,68195000,69443584,192939113,2607575033.5395374,,,
standard-1789242092913944754,nix,nix/closure,nix,0,true,4,cache_substitute,measured,ok,,107579132,161886000,78890000,132136960,,,,,
standard-1789242092913944754,nix,nix/closure,nix,0,true,4,delete_path,measured,ok,,21680829,17126000,5030000,69443584,,,260158571,260378624,
standard-1789242092913944754,nix,nix/closure,nix,0,true,4,register_gc_root,setup,ok,,0,0,0,0,,,,,
standard-1789242092913944754,nix,nix/closure,nix,0,true,4,gc,measured,ok,,21855283,10608000,11669000,69443584,,,193049707,193265664,67117056
standard-1789242092913944754,nix,nix/closure,nix,0,true,4,post_gc_materialize,verify,ok,,71607017,95484000,59377000,69443584,,,,,
standard-1789242092913944754,nix,nix/closure,nix,0,true,4,integrity_check,verify,ok,,47385919,86478000,20113000,69443584,,,,,
standard-1789242092913944754,nix,nix/closure,amber-rust,0,true,5,import_initial,measured,ok,,218015307,265434000,246208000,69443584,184550399,846502025.6582259,112904304,110874624,
standard-1789242092913944754,nix,nix/closure,amber-rust,0,true,5,import_repeat,measured,ok,,292990642,194343000,252125000,69443584,184550399,629884960.6261486,112904304,110874624,
standard-1789242092913944754,nix,nix/closure,amber-rust,0,true,5,import_incremental,measured,ok,,406364564,245638000,357320000,69443584,192939113,474793153.96211565,129702242,127676416,
standard-1789242092913944754,nix,nix/closure,amber-rust,0,true,5,catalog_list,measured,ok,,34152783,8912000,24701000,69443584,,,,,
standard-1789242092913944754,nix,nix/closure,amber-rust,0,true,5,closure_query,measured,unsupported,"these cores store trees keyed by content and record no references between roots, so there is no closure to query. The harness keeps the reference graph itself and verifies completeness separately; see the closure_is_complete check.",,,,,,,,,
standard-1789242092913944754,nix,nix/closure,amber-rust,0,true,5,nar_and_reference_registration,measured,unsupported,these cores record no NAR hash and no reference list for a stored tree: they address content by their own key and model no edges between roots. The harness therefore recomputes the NAR hash of every restored path with `nix hash path` and compares it with the source store's — see the nar_hashes_match_recomputed check — but nothing in the store under test would have noticed a mismatch.,,,,,,,,,
standard-1789242092913944754,nix,nix/closure,amber-rust,0,true,5,read_closure,measured,ok,,317473070,88755000,223100000,69443584,192939113,607733792.9796691,,,
standard-1789242092913944754,nix,nix/closure,amber-rust,0,true,5,cache_export,measured,unsupported,"these cores have no binary-cache publication format; the blob scenario group measures what they can do, which is to publish their on-disk pack segments to object storage",,,,,,,,,
standard-1789242092913944754,nix,nix/closure,amber-rust,0,true,5,materialize_closure,measured,ok,,478540698,89278000,382462000,69443584,192939113,403182245.11805266,,,
standard-1789242092913944754,nix,nix/closure,amber-rust,0,true,5,cache_substitute,measured,unsupported,these cores have no binary-cache client; see the blob scenario group,,,,,,,,,
standard-1789242092913944754,nix,nix/closure,amber-rust,0,true,5,delete_path,measured,ok,,33987277,9093000,24301000,69443584,,,129702242,127676416,
standard-1789242092913944754,nix,nix/closure,amber-rust,0,true,5,register_gc_root,setup,ok,,0,0,0,0,,,,,
standard-1789242092913944754,nix,nix/closure,amber-rust,0,true,5,age_sealed_segments,setup,ok,,0,0,0,0,,,,,
standard-1789242092913944754,nix,nix/closure,amber-rust,0,true,5,gc,measured,ok,,33956768,8358000,25025000,69443584,,,129742792,127717376,-40960
standard-1789242092913944754,nix,nix/closure,amber-rust,0,true,5,post_gc_materialize,verify,ok,,193837551,27127000,162834000,75894784,,,,,
standard-1789242092913944754,nix,nix/closure,amber-rust,0,true,5,integrity_check,verify,ok,,5142625,4825000,0,69443584,,,,,
standard-1789242092913944754,nix,nix/closure,amber-rust,0,true,5,integrity_check,verify,ok,,4763902,1816000,2644000,69443584,,,,,
standard-1789242092913944754,nix,nix/closure,amber-rust,0,true,5,integrity_check,verify,ok,,4583017,1051000,3227000,69443584,,,,,
standard-1789242092913944754,nix,nix/closure,amber-rust,0,true,5,integrity_check,verify,ok,,4539113,833000,3404000,69443584,,,,,
standard-1789242092913944754,nix,nix/closure,amber-rust,0,true,5,integrity_check,verify,ok,,6150759,2924000,2904000,69443584,,,,,
standard-1789242092913944754,nix,nix/closure,amber-rust,0,true,5,integrity_check,verify,ok,,11209955,4964000,5909000,75911168,,,,,
standard-1789242092913944754,nix,nix/closure,amber-rust,0,true,5,integrity_check,verify,ok,,4885204,1849000,2699000,69443584,,,,,
standard-1789242092913944754,nix,nix/closure,amber-rust,0,true,5,integrity_check,verify,ok,,4617964,1731000,2549000,69443584,,,,,
standard-1789242092913944754,nix,nix/closure,amber-rust,0,true,5,integrity_check,verify,ok,,5181078,2444000,2434000,69443584,,,,,
standard-1789242092913944754,blob,blob/source-history,amber-rust-s3,0,true,6,ingest_payload,setup,ok,,83649962,247787000,194685000,75358208,,,,,
standard-1789242092913944754,blob,blob/source-history,amber-rust-s3,0,true,6,ingest_payload,setup,ok,,52408696,126867000,128355000,69443584,,,,,
standard-1789242092913944754,blob,blob/source-history,amber-rust-s3,0,true,6,ingest_payload,setup,ok,,53245913,154849000,85549000,69443584,,,,,
standard-1789242092913944754,blob,blob/source-history,amber-rust-s3,0,true,6,ingest_payload,setup,ok,,51487858,130868000,95712000,69443584,,,,,
standard-1789242092913944754,blob,blob/source-history,amber-rust-s3,0,true,6,ingest_payload,setup,ok,,54178634,117121000,132508000,69443584,,,,,
standard-1789242092913944754,blob,blob/source-history,amber-rust-s3,0,true,6,ingest_payload,setup,ok,,55226433,118665000,132070000,69443584,,,,,
standard-1789242092913944754,blob,blob/source-history,amber-rust-s3,0,true,6,ingest_payload,setup,ok,,52853274,139653000,98536000,69443584,,,,,
standard-1789242092913944754,blob,blob/source-history,amber-rust-s3,0,true,6,ingest_payload,setup,ok,,55265558,121195000,140777000,69443584,,,,,
standard-1789242092913944754,blob,blob/source-history,amber-rust-s3,0,true,6,ingest_payload,setup,ok,,51397847,112498000,125194000,69443584,,,,,
standard-1789242092913944754,blob,blob/source-history,amber-rust-s3,0,true,6,ingest_payload,setup,ok,,57549848,143029000,117857000,69443584,,,,,
standard-1789242092913944754,blob,blob/source-history,amber-rust-s3,0,true,6,ingest_payload,setup,ok,,52652301,121221000,118416000,69443584,,,,,
standard-1789242092913944754,blob,blob/source-history,amber-rust-s3,0,true,6,ingest_payload,setup,ok,,55960955,129563000,142002000,69443584,,,,,
standard-1789242092913944754,blob,blob/source-history,amber-rust-s3,0,true,6,ingest_payload,setup,ok,,52945951,127543000,116014000,69443584,,,,,
standard-1789242092913944754,blob,blob/source-history,amber-rust-s3,0,true,6,ingest_payload,setup,ok,,59865478,141955000,134055000,69443584,,,,,
standard-1789242092913944754,blob,blob/source-history,amber-rust-s3,0,true,6,ingest_payload,setup,ok,,49692601,139507000,111705000,69443584,,,,,
standard-1789242092913944754,blob,blob/source-history,amber-rust-s3,0,true,6,ingest_payload,setup,ok,,55989890,136572000,111809000,69443584,,,,,
standard-1789242092913944754,blob,blob/source-history,amber-rust-s3,0,true,6,ingest_payload,setup,ok,,44794533,122165000,111612000,69443584,,,,,
standard-1789242092913944754,blob,blob/source-history,amber-rust-s3,0,true,6,ingest_payload,setup,ok,,52008392,106389000,136642000,69443584,,,,,
standard-1789242092913944754,blob,blob/source-history,amber-rust-s3,0,true,6,ingest_payload,setup,ok,,53174978,124743000,116774000,69443584,,,,,
standard-1789242092913944754,blob,blob/source-history,amber-rust-s3,0,true,6,ingest_payload,setup,ok,,53436007,126010000,119591000,69443584,,,,,
standard-1789242092913944754,blob,blob/source-history,amber-rust-s3,0,true,6,ingest_payload,setup,ok,,55828292,138376000,118962000,69443584,,,,,
standard-1789242092913944754,blob,blob/source-history,amber-rust-s3,0,true,6,ingest_payload,setup,ok,,55960414,131919000,109879000,69443584,,,,,
standard-1789242092913944754,blob,blob/source-history,amber-rust-s3,0,true,6,ingest_payload,setup,ok,,59997309,114648000,152429000,69443584,,,,,
standard-1789242092913944754,blob,blob/source-history,amber-rust-s3,0,true,6,ingest_payload,setup,ok,,55964221,128722000,116244000,69443584,,,,,
standard-1789242092913944754,blob,blob/source-history,amber-rust-s3,0,true,6,ingest_payload,setup,ok,,56493272,128870000,117714000,69443584,,,,,
standard-1789242092913944754,blob,blob/source-history,amber-rust-s3,0,true,6,ingest_payload,setup,ok,,52565575,123410000,109998000,69443584,,,,,
standard-1789242092913944754,blob,blob/source-history,amber-rust-s3,0,true,6,ingest_payload,setup,ok,,53565884,151929000,139139000,69705728,,,,,
standard-1789242092913944754,blob,blob/source-history,amber-rust-s3,0,true,6,ingest_payload,setup,ok,,58714851,138942000,113190000,69705728,,,,,
standard-1789242092913944754,blob,blob/source-history,amber-rust-s3,0,true,6,ingest_payload,setup,ok,,57259413,123066000,119238000,69705728,,,,,
standard-1789242092913944754,blob,blob/source-history,amber-rust-s3,0,true,6,ingest_payload,setup,ok,,61641086,115059000,139568000,69705728,,,,,
standard-1789242092913944754,blob,blob/source-history,amber-rust-s3,0,true,6,ingest_payload,setup,ok,,53973021,139970000,121820000,69705728,,,,,
standard-1789242092913944754,blob,blob/source-history,amber-rust-s3,0,true,6,ingest_payload,setup,ok,,60645135,136674000,122938000,69705728,,,,,
standard-1789242092913944754,blob,blob/source-history,amber-rust-s3,0,true,6,ingest_payload,setup,ok,,58650338,135309000,99283000,69705728,,,,,
standard-1789242092913944754,blob,blob/source-history,amber-rust-s3,0,true,6,ingest_payload,setup,ok,,59201079,121769000,122167000,69705728,,,,,
standard-1789242092913944754,blob,blob/source-history,amber-rust-s3,0,true,6,ingest_payload,setup,ok,,57964209,118013000,136861000,69705728,,,,,
standard-1789242092913944754,blob,blob/source-history,amber-rust-s3,0,true,6,ingest_payload,setup,ok,,60137537,126454000,129585000,69705728,,,,,
standard-1789242092913944754,blob,blob/source-history,amber-rust-s3,0,true,6,ingest_payload,setup,ok,,63252602,124751000,154287000,69705728,,,,,
standard-1789242092913944754,blob,blob/source-history,amber-rust-s3,0,true,6,ingest_payload,setup,ok,,61899730,137963000,119022000,69705728,,,,,
standard-1789242092913944754,blob,blob/source-history,amber-rust-s3,0,true,6,ingest_payload,setup,ok,,62399634,113733000,144064000,69705728,,,,,
standard-1789242092913944754,blob,blob/source-history,amber-rust-s3,0,true,6,push_initial,measured,ok,,189629621,93572000,56818000,69705728,119886272,632212791.2706212,,,
standard-1789242092913944754,blob,blob/source-history,amber-rust-s3,0,true,6,push_noop,measured,ok,,18701573,15636000,10104000,69967872,2999,160360.84237406126,,,
standard-1789242092913944754,blob,blob/source-history,amber-rust-s3,0,true,6,pull_fresh,measured,ok,,75786073,18036000,57674000,69967872,119714396,1579635825.7011154,,,
standard-1789242092913944754,blob,blob/source-history,amber-rust-s3,0,true,6,ingest_payload,setup,ok,,61129880,128548000,123415000,70230016,,,,,
standard-1789242092913944754,blob,blob/source-history,amber-rust-s3,0,true,6,ingest_payload,setup,ok,,57747425,117328000,130383000,70230016,,,,,
standard-1789242092913944754,blob,blob/source-history,amber-rust-s3,0,true,6,ingest_payload,setup,ok,,58000388,100189000,156236000,70230016,,,,,
standard-1789242092913944754,blob,blob/source-history,amber-rust-s3,0,true,6,ingest_payload,setup,ok,,52565926,147846000,115537000,70230016,,,,,
standard-1789242092913944754,blob,blob/source-history,amber-rust-s3,0,true,6,ingest_payload,setup,ok,,58407916,105242000,137380000,70230016,,,,,
standard-1789242092913944754,blob,blob/source-history,amber-rust-s3,0,true,6,ingest_payload,setup,ok,,63278652,131748000,147711000,70230016,,,,,
standard-1789242092913944754,blob,blob/source-history,amber-rust-s3,0,true,6,ingest_payload,setup,ok,,61539732,109603000,146196000,70230016,,,,,
standard-1789242092913944754,blob,blob/source-history,amber-rust-s3,0,true,6,ingest_payload,setup,ok,,58230157,138614000,114353000,70230016,,,,,
standard-1789242092913944754,blob,blob/source-history,amber-rust-s3,0,true,6,ingest_payload,setup,ok,,61524984,131993000,129351000,70230016,,,,,
standard-1789242092913944754,blob,blob/source-history,amber-rust-s3,0,true,6,ingest_payload,setup,ok,,59840140,119942000,135405000,70230016,,,,,
standard-1789242092913944754,blob,blob/source-history,amber-rust-s3,0,true,6,ingest_payload,setup,ok,,60847461,130101000,121889000,70230016,,,,,
standard-1789242092913944754,blob,blob/source-history,amber-rust-s3,0,true,6,ingest_payload,setup,ok,,61528723,133004000,128763000,70230016,,,,,
standard-1789242092913944754,blob,blob/source-history,amber-rust-s3,0,true,6,ingest_payload,setup,ok,,60773100,131594000,123678000,70230016,,,,,
standard-1789242092913944754,blob,blob/source-history,amber-rust-s3,0,true,6,push_incremental,measured,ok,,173380490,49441000,26533000,70230016,53334503,307615366.6424636,,,
standard-1789242092913944754,blob,blob/source-history,amber-rust-s3,0,true,6,pull_incremental,measured,ok,,53580603,21990000,32517000,70230016,53259964,994015763.5030721,,,
standard-1789242092913944754,blob,blob/source-history,amber-rust-s3,0,true,6,retention_local,setup,ok,,30233263,5853000,23415000,70742016,,,,,
standard-1789242092913944754,blob,blob/source-history,amber-rust-s3,0,true,6,retention_local,setup,ok,,29240067,7906000,20752000,70742016,,,,,
standard-1789242092913944754,blob,blob/source-history,amber-rust-s3,0,true,6,retention_local,setup,ok,,28171287,8893000,18711000,70742016,,,,,
standard-1789242092913944754,blob,blob/source-history,amber-rust-s3,0,true,6,retention_local,setup,ok,,29024145,7374000,21045000,70742016,,,,,
standard-1789242092913944754,blob,blob/source-history,amber-rust-s3,0,true,6,retention_local,setup,ok,,27778488,8380000,18832000,70742016,,,,,
standard-1789242092913944754,blob,blob/source-history,amber-rust-s3,0,true,6,retention_local,setup,ok,,29298137,8219000,20475000,70742016,,,,,
standard-1789242092913944754,blob,blob/source-history,amber-rust-s3,0,true,6,retention_local,setup,ok,,29445109,6952000,21928000,70742016,,,,,
standard-1789242092913944754,blob,blob/source-history,amber-rust-s3,0,true,6,retention_local,setup,ok,,31638695,5998000,25040000,70742016,,,,,
standard-1789242092913944754,blob,blob/source-history,amber-rust-s3,0,true,6,retention_local,setup,ok,,31687839,8719000,22399000,70742016,,,,,
standard-1789242092913944754,blob,blob/source-history,amber-rust-s3,0,true,6,retention_local,setup,ok,,28737939,7031000,21123000,70742016,,,,,
standard-1789242092913944754,blob,blob/source-history,amber-rust-s3,0,true,6,retention_local,setup,ok,,29848338,7058000,22242000,70742016,,,,,
standard-1789242092913944754,blob,blob/source-history,amber-rust-s3,0,true,6,retention_local,setup,ok,,29128374,7133000,21398000,70742016,,,,,
standard-1789242092913944754,blob,blob/source-history,amber-rust-s3,0,true,6,retention_local,setup,ok,,28213568,7178000,20441000,70742016,,,,,
standard-1789242092913944754,blob,blob/source-history,amber-rust-s3,0,true,6,retention_local,setup,ok,,29291014,6372000,22356000,70742016,,,,,
standard-1789242092913944754,blob,blob/source-history,amber-rust-s3,0,true,6,retention_local,setup,ok,,28359116,7195000,20576000,70742016,,,,,
standard-1789242092913944754,blob,blob/source-history,amber-rust-s3,0,true,6,retention_local,setup,ok,,30938809,5886000,24487000,70742016,,,,,
standard-1789242092913944754,blob,blob/source-history,amber-rust-s3,0,true,6,retention_local,setup,ok,,30337612,7945000,21838000,70742016,,,,,
standard-1789242092913944754,blob,blob/source-history,amber-rust-s3,0,true,6,retention_local,setup,ok,,31246336,8913000,21768000,70742016,,,,,
standard-1789242092913944754,blob,blob/source-history,amber-rust-s3,0,true,6,retention_local,setup,ok,,30519840,7979000,21978000,70742016,,,,,
standard-1789242092913944754,blob,blob/source-history,amber-rust-s3,0,true,6,retention_local,setup,ok,,28073931,6887000,20662000,70742016,,,,,
standard-1789242092913944754,blob,blob/source-history,amber-rust-s3,0,true,6,retention_local,setup,ok,,27710708,7040000,20130000,70742016,,,,,
standard-1789242092913944754,blob,blob/source-history,amber-rust-s3,0,true,6,retention_local,setup,ok,,30941624,6866000,23473000,70742016,,,,,
standard-1789242092913944754,blob,blob/source-history,amber-rust-s3,0,true,6,retention_local,setup,ok,,28042060,6850000,20549000,70742016,,,,,
standard-1789242092913944754,blob,blob/source-history,amber-rust-s3,0,true,6,retention_local,setup,ok,,29973146,6070000,23251000,70742016,,,,,
standard-1789242092913944754,blob,blob/source-history,amber-rust-s3,0,true,6,retention_local,setup,ok,,31132098,7103000,23403000,70742016,,,,,
standard-1789242092913944754,blob,blob/source-history,amber-rust-s3,0,true,6,retention_local,setup,ok,,27572444,7008000,20039000,70742016,,,,,
standard-1789242092913944754,blob,blob/source-history,amber-rust-s3,0,true,6,retention_local,setup,ok,,27935908,6854000,20524000,70742016,,,,,
standard-1789242092913944754,blob,blob/source-history,amber-rust-s3,0,true,6,retention_local,setup,ok,,31795034,7046000,24169000,70742016,,,,,
standard-1789242092913944754,blob,blob/source-history,amber-rust-s3,0,true,6,retention_local,setup,ok,,31586956,6985000,24002000,70742016,,,,,
standard-1789242092913944754,blob,blob/source-history,amber-rust-s3,0,true,6,retention_local,setup,ok,,31637573,7766000,23285000,70742016,,,,,
standard-1789242092913944754,blob,blob/source-history,amber-rust-s3,0,true,6,retention_local,setup,ok,,30184559,7157000,22482000,70742016,,,,,
standard-1789242092913944754,blob,blob/source-history,amber-rust-s3,0,true,6,retention_local,setup,ok,,31232821,7890000,22797000,70742016,,,,,
standard-1789242092913944754,blob,blob/source-history,amber-rust-s3,0,true,6,retention_local,setup,ok,,29505433,6762000,22191000,70742016,,,,,
standard-1789242092913944754,blob,blob/source-history,amber-rust-s3,0,true,6,retention_local,setup,ok,,32333030,7928000,23769000,70742016,,,,,
standard-1789242092913944754,blob,blob/source-history,amber-rust-s3,0,true,6,retention_local,setup,ok,,29538026,6009000,22978000,70742016,,,,,
standard-1789242092913944754,blob,blob/source-history,amber-rust-s3,0,true,6,retention_local,setup,ok,,29530241,7996000,20969000,70742016,,,,,
standard-1789242092913944754,blob,blob/source-history,amber-rust-s3,0,true,6,retention_local,setup,ok,,29439578,6432000,22404000,70742016,,,,,
standard-1789242092913944754,blob,blob/source-history,amber-rust-s3,0,true,6,retention_local,setup,ok,,30902630,8778000,21537000,70742016,,,,,
standard-1789242092913944754,blob,blob/source-history,amber-rust-s3,0,true,6,retention_local,setup,ok,,31145654,7140000,23424000,70742016,,,,,
standard-1789242092913944754,blob,blob/source-history,amber-rust-s3,0,true,6,age_sealed_segments,setup,ok,,0,0,0,0,,,,,
standard-1789242092913944754,blob,blob/source-history,amber-rust-s3,0,true,6,retention_local,setup,ok,,70685649,44482000,65827000,75042816,,,,,
standard-1789242092913944754,blob,blob/source-history,amber-rust-s3,0,true,6,retention_cleanup,measured,ok,,184146238,81202000,59988000,70742016,113925483,618668533.4293932,,,
standard-1789242092913944754,blob,blob/source-history,amber-rust-s3,0,true,6,inject_missing_object,verify,ok,,0,0,0,0,,,,,
standard-1789242092913944754,blob,blob/backup-corpus,restic-s3,0,true,7,repo_init,setup,ok,,3301579415,3272715000,43768000,103673856,,,,,
standard-1789242092913944754,blob,blob/backup-corpus,restic-s3,0,true,7,push_initial,measured,ok,,3015063018,21517799000,3014151000,1114570752,743564828,246616678.84249842,,,
standard-1789242092913944754,blob,blob/backup-corpus,restic-s3,0,true,7,push_noop,measured,ok,,828310961,584775000,66485000,100036608,14535,17547.757647022132,,,
standard-1789242092913944754,blob,blob/backup-corpus,restic-s3,0,true,7,pull_fresh,measured,ok,,1584143452,2057363000,904097000,387592192,742273860,468564800.1529599,,,
standard-1789242092913944754,blob,blob/backup-corpus,restic-s3,0,true,7,push_incremental,measured,ok,,1069313586,5044164000,871100000,453111808,6229302,5825514.686764673,,,
standard-1789242092913944754,blob,blob/backup-corpus,restic-s3,0,true,7,pull_incremental,measured,ok,,1555384124,2060007000,912238000,404733952,747630882,480672825.74371964,,,
standard-1789242092913944754,blob,blob/backup-corpus,restic-s3,0,true,7,retention_cleanup,measured,ok,,3399505785,7286098000,1069960000,561147904,1056854731,310884816.1586523,,,
standard-1789242092913944754,blob,blob/backup-corpus,restic-s3,0,true,7,inject_missing_object,verify,ok,,0,0,0,0,,,,,
standard-1789242092913944754,backup,backup/retention,restic,0,true,8,restic_init,setup,ok,,2955883460,2916782000,47035000,102682624,,,,,
standard-1789242092913944754,backup,backup/retention,restic,0,true,8,backup_initial,measured,ok,,1734180341,20297911000,3170520000,1033793536,2179569013,1256829501.2173707,741204083,742379520,
standard-1789242092913944754,backup,backup/retention,restic,0,true,8,backup_unchanged,measured,ok,,822032013,582449000,68504000,99921920,2179569013,2651440550.4059124,741204535,742383616,
standard-1789242092913944754,backup,backup/retention,restic,0,true,8,backup_changed,measured,ok,,1012439745,5044153000,925387000,462245888,2179966963,2153181928.8662953,747406749,748597248,
standard-1789242092913944754,backup,backup/retention,restic,0,true,8,backup_changed_again,measured,ok,,1011012361,5031501000,963147000,460488704,2180393091,2156643355.8174863,753540043,754741248,
standard-1789242092913944754,backup,backup/retention,restic,0,true,8,list_snapshot,measured,ok,,762900998,548719000,27057000,71991296,,,,,
standard-1789242092913944754,backup,backup/retention,restic,0,true,8,restore_latest,measured,ok,,1779698411,1818594000,704964000,306163712,2180393091,1225147517.9858437,,,
standard-1789242092913944754,backup,backup/retention,restic,0,true,8,forget_oldest,measured,ok,,716150178,508204000,19963000,70742016,,,753539172,754733056,
standard-1789242092913944754,backup,backup/retention,restic,0,true,8,prune,measured,ok,,4784310053,4597431000,705227000,349196288,,,747732115,748924928,5808128
standard-1789242092913944754,backup,backup/retention,restic,0,true,8,integrity_check,verify,ok,,1541004566,2079117000,168355000,163213312,,,,,
standard-1789242092913944754,backup,backup/retention,restic,0,true,8,post_retention_restore,verify,ok,,1775403559,1829654000,685805000,291692544,,,,,
standard-1789242092913944754,backup,backup/retention,restic,0,true,8,post_retention_restore,verify,ok,,1789258866,1821327000,711350000,281878528,,,,,
standard-1789242092913944754,backup,backup/retention,restic,0,true,8,forgotten_snapshot_probe,verify,ok,,0,0,0,0,,,,,
standard-1789242092913944754,backup,backup/retention,restic,0,true,8,forgotten_snapshot_probe,verify,ok,,0,0,0,0,,,,,
standard-1789242092913944754,tree,tree/lifecycle,amber-rust,0,true,9,ingest_fresh,measured,ok,,581818959,5806112000,1312107000,188989440,2179569013,3746129237.084555,726628774,724647936,
standard-1789242092913944754,tree,tree/lifecycle,amber-rust,0,true,9,ingest_repeat,measured,ok,,202118454,2453648000,685820000,70742016,2179569013,10783622028.892027,726628774,724656128,
standard-1789242092913944754,tree,tree/lifecycle,amber-rust,0,true,9,ingest_changed,measured,ok,,202383780,2471999000,692745000,88350720,2179966963,10771450968.056828,732580902,730607616,
standard-1789242092913944754,tree,tree/lifecycle,amber-rust,0,true,9,list_recursive,measured,ok,,5572743348,1346486000,4126714000,71266304,,,,,
standard-1789242092913944754,tree,tree/lifecycle,amber-rust,0,true,9,read_full,measured,ok,,448861698,379252000,66851000,680579072,2179569013,4855769656.247212,,,
standard-1789242092913944754,tree,tree/lifecycle,amber-rust,0,true,9,restore_full,measured,ok,,2141658464,561401000,1567260000,681123840,2179569013,1017701491.4549886,,,
standard-1789242092913944754,tree,tree/lifecycle,amber-rust,0,true,9,integrity_check,verify,ok,,450991554,379624000,68694000,681017344,,,,,
standard-1789242092913944754,tree,tree/lifecycle,amber-rust,0,true,9,ref_delete,measured,ok,,70233588,15776000,53085000,71266304,,,732580902,730607616,
standard-1789242092913944754,tree,tree/lifecycle,amber-rust,0,true,9,age_sealed_segments,setup,ok,,0,0,0,0,,,,,
standard-1789242092913944754,tree,tree/lifecycle,amber-rust,0,true,9,gc,measured,ok,,356667066,676998000,330070000,647053312,,,727021463,725041152,5566464
standard-1789242092913944754,tree,tree/lifecycle,amber-rust,0,true,9,restore_full,verify,ok,,2155846845,570261000,1572231000,670748672,,,,,
standard-1789242092913944754,tree,tree/lifecycle,amber-rust,0,true,9,post_gc_integrity_check,verify,ok,,453777572,374374000,75674000,670679040,,,,,
standard-1789242092913944754,backup,backup/retention,amber-rust,0,true,10,backup_initial,measured,ok,,595831216,5658855000,1286836000,185581568,2179569013,3658030922.971985,726628426,724643840,
standard-1789242092913944754,backup,backup/retention,amber-rust,0,true,10,backup_unchanged,measured,ok,,201538818,2503255000,661683000,71266304,2179569013,10814636280.143312,726628426,724652032,
standard-1789242092913944754,backup,backup/retention,amber-rust,0,true,10,backup_changed,measured,ok,,251190403,2378163000,706747000,84873216,2179966963,8678543992.781445,732580554,730607616,
standard-1789242092913944754,backup,backup/retention,amber-rust,0,true,10,backup_changed_again,measured,ok,,212446737,2441760000,714096000,76955648,2180393091,10263245845.945848,738467479,736493568,
standard-1789242092913944754,backup,backup/retention,amber-rust,0,true,10,list_snapshot,measured,ok,,6267870276,1484078000,4677265000,72052736,,,,,
standard-1789242092913944754,backup,backup/retention,amber-rust,0,true,10,restore_latest,measured,ok,,2139027752,544861000,1580895000,680841216,2180393091,1019338383.5068635,,,
standard-1789242092913944754,backup,backup/retention,amber-rust,0,true,10,forget_oldest,measured,ok,,79428358,16799000,61180000,72052736,,,738467479,736493568,
standard-1789242092913944754,backup,backup/retention,amber-rust,0,true,10,age_sealed_segments,setup,ok,,0,0,0,0,,,,,
standard-1789242092913944754,backup,backup/retention,amber-rust,0,true,10,prune,measured,ok,,359589876,708571000,291664000,647155712,,,732949780,730968064,5525504
standard-1789242092913944754,backup,backup/retention,amber-rust,0,true,10,integrity_check,verify,ok,,457835658,387474000,67507000,671887360,,,,,
standard-1789242092913944754,backup,backup/retention,amber-rust,0,true,10,post_retention_restore,verify,ok,,2132838082,558278000,1562676000,670744576,,,,,
standard-1789242092913944754,backup,backup/retention,amber-rust,0,true,10,post_retention_restore,verify,ok,,2142539079,585576000,1543443000,672133120,,,,,
standard-1789242092913944754,backup,backup/retention,amber-rust,0,true,10,forgotten_snapshot_probe,verify,ok,,0,0,0,0,,,,,
standard-1789242092913944754,backup,backup/retention,amber-rust,0,true,10,forgotten_snapshot_probe,verify,ok,,0,0,0,0,,,,,
standard-1789242092913944754,tree,tree/lifecycle,amber-go,0,true,11,ingest_fresh,measured,ok,,1405202553,24801886000,2896527000,1062494208,2179569013,1551071059.7178938,723805285,728506368,
standard-1789242092913944754,tree,tree/lifecycle,amber-go,0,true,11,ingest_repeat,measured,ok,,756054603,9322828000,2190823000,295567360,2179569013,2882819579.897459,723806008,728514560,
standard-1789242092913944754,tree,tree/lifecycle,amber-go,0,true,11,ingest_changed,measured,ok,,761561284,12852770000,2821873000,460922880,2179966963,2862497094.8496904,729759492,734474240,
standard-1789242092913944754,tree,tree/lifecycle,amber-go,0,true,11,list_recursive,measured,ok,,4958838707,1483690000,3771162000,89649152,,,,,
standard-1789242092913944754,tree,tree/lifecycle,amber-go,0,true,11,read_full,measured,ok,,780024474,998173000,185529000,705589248,2179569013,2794231573.046771,,,
standard-1789242092913944754,tree,tree/lifecycle,amber-go,0,true,11,restore_full,measured,ok,,1721858130,1292492000,1004395000,704385024,2179569013,1265823806.8661325,,,
standard-1789242092913944754,tree,tree/lifecycle,amber-go,0,true,11,integrity_check,verify,ok,,766700675,963369000,185955000,706752512,,,,,
standard-1789242092913944754,tree,tree/lifecycle,amber-go,0,true,11,ref_delete,measured,ok,,66504170,14872000,55245000,81514496,,,729759154,734470144,
standard-1789242092913944754,tree,tree/lifecycle,amber-go,0,true,11,age_sealed_segments,setup,ok,,0,0,0,0,,,,,
standard-1789242092913944754,tree,tree/lifecycle,amber-go,0,true,11,gc,measured,ok,,431653419,1239685000,448285000,710758400,,,725220504,725323776,9146368
standard-1789242092913944754,tree,tree/lifecycle,amber-go,0,true,11,restore_full,verify,ok,,1717312446,1295381000,1000760000,690208768,,,,,
standard-1789242092913944754,tree,tree/lifecycle,amber-go,0,true,11,post_gc_integrity_check,verify,ok,,828747870,1107535000,204379000,690937856,,,,,
standard-1789242092913944754,git,git/history,git,0,true,12,git_init,setup,ok,,2285192,0,2126000,72577024,,,,,
standard-1789242092913944754,git,git/history,git,0,true,12,git_init,setup,ok,,1182266,1071000,0,72577024,,,,,
standard-1789242092913944754,git,git/history,git,0,true,12,git_init,setup,ok,,920587,0,842000,72577024,,,,,
standard-1789242092913944754,git,git/history,git,0,true,12,git_init,setup,ok,,892073,800000,0,72577024,,,,,
standard-1789242092913944754,git,git/history,git,0,true,12,git_init,setup,ok,,903705,794000,0,72577024,,,,,
standard-1789242092913944754,git,git/history,git,0,true,12,git_init,setup,ok,,863088,0,787000,72577024,,,,,
standard-1789242092913944754,git,git/history,git,0,true,12,git_init,setup,ok,,1063861,0,952000,72577024,,,,,
standard-1789242092913944754,git,git/history,git,0,true,12,git_init,setup,ok,,891020,806000,0,72577024,,,,,
standard-1789242092913944754,git,git/history,git,0,true,12,git_init,setup,ok,,896501,0,829000,72577024,,,,,
standard-1789242092913944754,git,git/history,git,0,true,12,git_init,setup,ok,,871002,0,808000,72577024,,,,,
standard-1789242092913944754,git,git/history,git,0,true,12,git_init,setup,ok,,865542,0,790000,72577024,,,,,
standard-1789242092913944754,git,git/history,git,0,true,12,git_init,setup,ok,,871624,0,795000,72577024,,,,,
standard-1789242092913944754,git,git/history,git,0,true,12,materialise_states,setup,ok,,635986202,0,0,0,,,,,
standard-1789242092913944754,git,git/history,git,0,true,12,history_store,measured,ok,,1841770714,1392480000,544941000,72577024,4314044416,2342335222.950016,123551065,131485696,
standard-1789242092913944754,git,git/history,git,0,true,12,clone_full,measured,ok,,6608638113,6773663000,434595000,260222976,,,,,
standard-1789242092913944754,git,git/history,git,0,true,12,materialise_states,setup,ok,,49673057,0,0,0,,,,,
standard-1789242092913944754,git,git/history,git,0,true,12,history_store_incremental,measured,ok,,161651064,66079000,128010000,72577024,1438015488,8895799708.438665,124385521,133283840,
standard-1789242092913944754,git,git/history,git,0,true,12,fetch_incremental,measured,ok,,48556837,51500000,22630000,72577024,,,,,
standard-1789242092913944754,git,git/history,git,0,true,12,gc,measured,ok,,6304096815,6339227000,285793000,262729728,,,114581266,114728960,18554880
standard-1789242092913944754,git,git/history,git,0,true,12,list_head,measured,ok,,2235547,0,2122000,72577024,,,,,
standard-1789242092913944754,git,git/history,git,0,true,12,read_all_versions,measured,ok,,1801872728,1336230000,451702000,122867712,5752059904,3192267586.171047,,,
standard-1789242092913944754,git,git/history,git,0,true,12,checkout_version,measured,ok,,93324962,39922000,52815000,119848960,,,,,
standard-1789242092913944754,git,git/history,git,0,true,12,retained_version_restore,verify,ok,,91868091,30749000,60485000,122650624,,,,,
standard-1789242092913944754,git,git/history,git,0,true,12,retained_version_restore,verify,ok,,92092470,25874000,65639000,122691584,,,,,
standard-1789242092913944754,git,git/history,git,0,true,12,retained_version_restore,verify,ok,,97745319,42059000,55100000,122429440,,,,,
standard-1789242092913944754,git,git/history,git,0,true,12,retained_version_restore,verify,ok,,96369703,29910000,65817000,122232832,,,,,
standard-1789242092913944754,git,git/history,git,0,true,12,retained_version_restore,verify,ok,,97488569,33608000,62295000,122556416,,,,,
standard-1789242092913944754,git,git/history,git,0,true,12,retained_version_restore,verify,ok,,92542188,38955000,53008000,122253312,,,,,
standard-1789242092913944754,git,git/history,git,0,true,12,retained_version_restore,verify,ok,,95734662,30728000,64451000,122273792,,,,,
standard-1789242092913944754,git,git/history,git,0,true,12,retained_version_restore,verify,ok,,97516302,29665000,66080000,122286080,,,,,
standard-1789242092913944754,git,git/history,git,0,true,12,retained_version_restore,verify,ok,,95748247,35071000,60110000,122351616,,,,,
standard-1789242092913944754,git,git/history,git,0,true,12,retained_version_restore,verify,ok,,97031426,37526000,58281000,122478592,,,,,
standard-1789242092913944754,git,git/history,git,0,true,12,retained_version_restore,verify,ok,,94753579,34704000,59489000,121839616,,,,,
standard-1789242092913944754,git,git/history,git,0,true,12,retained_version_restore,verify,ok,,96373329,35419000,59068000,121978880,,,,,
standard-1789242092913944754,git,git/history,git,0,true,12,retained_version_restore,verify,ok,,92806693,31718000,60463000,121786368,,,,,
standard-1789242092913944754,git,git/history,git,0,true,12,retained_version_restore,verify,ok,,94169744,41810000,51703000,121896960,,,,,
standard-1789242092913944754,git,git/history,git,0,true,12,retained_version_restore,verify,ok,,94778546,37686000,56491000,121839616,,,,,
standard-1789242092913944754,git,git/history,git,0,true,12,retained_version_restore,verify,ok,,96507607,38922000,56911000,121458688,,,,,
standard-1789242092913944754,git,git/history,git,0,true,12,retained_version_restore,verify,ok,,92198642,31841000,59747000,121794560,,,,,
standard-1789242092913944754,git,git/history,git,0,true,12,retained_version_restore,verify,ok,,93142594,33849000,58691000,121626624,,,,,
standard-1789242092913944754,git,git/history,git,0,true,12,retained_version_restore,verify,ok,,96528746,25730000,70214000,121614336,,,,,
standard-1789242092913944754,git,git/history,git,0,true,12,retained_version_restore,verify,ok,,94670781,43039000,51009000,121208832,,,,,
standard-1789242092913944754,git,git/history,git,0,true,12,retained_version_restore,verify,ok,,95716567,33029000,62050000,121384960,,,,,
standard-1789242092913944754,git,git/history,git,0,true,12,retained_version_restore,verify,ok,,94639952,33032000,61064000,121311232,,,,,
standard-1789242092913944754,git,git/history,git,0,true,12,retained_version_restore,verify,ok,,93519624,38663000,53611000,121405440,,,,,
standard-1789242092913944754,git,git/history,git,0,true,12,retained_version_restore,verify,ok,,93014460,36439000,55164000,121118720,,,,,
standard-1789242092913944754,git,git/history,git,0,true,12,retained_version_restore,verify,ok,,93117686,28517000,63007000,121233408,,,,,
standard-1789242092913944754,git,git/history,git,0,true,12,retained_version_restore,verify,ok,,93080395,34791000,57678000,121405440,,,,,
standard-1789242092913944754,git,git/history,git,0,true,12,retained_version_restore,verify,ok,,96179731,26599000,67928000,121110528,,,,,
standard-1789242092913944754,git,git/history,git,0,true,12,retained_version_restore,verify,ok,,93399114,30657000,61161000,120893440,,,,,
standard-1789242092913944754,git,git/history,git,0,true,12,retained_version_restore,verify,ok,,93307840,23670000,67981000,121167872,,,,,
standard-1789242092913944754,git,git/history,git,0,true,12,retained_version_restore,verify,ok,,94003146,32115000,61234000,120934400,,,,,
standard-1789242092913944754,git,git/history,git,0,true,12,retained_version_restore,verify,ok,,94760011,22796000,71328000,120836096,,,,,
standard-1789242092913944754,git,git/history,git,0,true,12,retained_version_restore,verify,ok,,92281079,37433000,53121000,120647680,,,,,
standard-1789242092913944754,git,git/history,git,0,true,12,retained_version_restore,verify,ok,,93388473,34537000,57194000,120647680,,,,,
standard-1789242092913944754,git,git/history,git,0,true,12,retained_version_restore,verify,ok,,93489125,36516000,55347000,120487936,,,,,
standard-1789242092913944754,git,git/history,git,0,true,12,retained_version_restore,verify,ok,,93494576,32583000,59278000,120442880,,,,,
standard-1789242092913944754,git,git/history,git,0,true,12,retained_version_restore,verify,ok,,93111324,37360000,54160000,120651776,,,,,
standard-1789242092913944754,git,git/history,git,0,true,12,retained_version_restore,verify,ok,,93348777,29594000,62161000,120872960,,,,,
standard-1789242092913944754,git,git/history,git,0,true,12,retained_version_restore,verify,ok,,92961088,30475000,60934000,120856576,,,,,
standard-1789242092913944754,git,git/history,git,0,true,12,retained_version_restore,verify,ok,,92951830,37750000,53706000,120266752,,,,,
standard-1789242092913944754,git,git/history,git,0,true,12,retained_version_restore,verify,ok,,93521286,31313000,60560000,120254464,,,,,
standard-1789242092913944754,git,git/history,git,0,true,12,retained_version_restore,verify,ok,,92756638,36289000,54858000,120188928,,,,,
standard-1789242092913944754,git,git/history,git,0,true,12,retained_version_restore,verify,ok,,92668129,34751000,56560000,120406016,,,,,
standard-1789242092913944754,git,git/history,git,0,true,12,retained_version_restore,verify,ok,,93055458,30572000,61059000,120004608,,,,,
standard-1789242092913944754,git,git/history,git,0,true,12,retained_version_restore,verify,ok,,95055555,39728000,54723000,119820288,,,,,
standard-1789242092913944754,git,git/history,git,0,true,12,retained_version_restore,verify,ok,,97152677,33392000,61952000,119848960,,,,,
standard-1789242092913944754,git,git/history,git,0,true,12,retained_version_restore,verify,ok,,92923846,36250000,55016000,119836672,,,,,
standard-1789242092913944754,git,git/history,git,0,true,12,retained_version_restore,verify,ok,,94216164,38412000,54140000,119980032,,,,,
standard-1789242092913944754,git,git/history,git,0,true,12,retained_version_restore,verify,ok,,92784681,30740000,61469000,119812096,,,,,
standard-1789242092913944754,git,git/history,git,0,true,12,retained_version_restore,verify,ok,,93598965,39580000,52388000,119922688,,,,,
standard-1789242092913944754,git,git/history,git,0,true,12,retained_version_restore,verify,ok,,93599226,44971000,47954000,119271424,,,,,
standard-1789242092913944754,git,git/history,git,0,true,12,retained_version_restore,verify,ok,,95541142,37558000,56230000,119468032,,,,,
standard-1789242092913944754,git,git/history,git,0,true,12,retained_version_restore,verify,ok,,91847271,33405000,56936000,119246848,,,,,
standard-1789242092913944754,git,git/history,git,0,true,12,retained_version_coverage,verify,ok,,0,0,0,0,,,,,
standard-1789242092913944754,git,git/history,git,0,true,12,ref_delete,measured,ok,,1493230,0,1340000,72577024,,,,,
standard-1789242092913944754,git,git/history,git,0,true,12,integrity_check,verify,ok,,386079029,371405000,12336000,131579904,,,,,
standard-1789242092913944754,blob,blob/nix-closure,amber-go-s3,0,true,13,ingest_payload,setup,ok,,35936450,85223000,40259000,89739264,,,,,
standard-1789242092913944754,blob,blob/nix-closure,amber-go-s3,0,true,13,ingest_payload,setup,ok,,26239842,42118000,176187000,97136640,,,,,
standard-1789242092913944754,blob,blob/nix-closure,amber-go-s3,0,true,13,ingest_payload,setup,ok,,29972056,37921000,129747000,103583744,,,,,
standard-1789242092913944754,blob,blob/nix-closure,amber-go-s3,0,true,13,ingest_payload,setup,ok,,91455314,216125000,291172000,260988928,,,,,
standard-1789242092913944754,blob,blob/nix-closure,amber-go-s3,0,true,13,ingest_payload,setup,ok,,24722195,31434000,82451000,84258816,,,,,
standard-1789242092913944754,blob,blob/nix-closure,amber-go-s3,0,true,13,ingest_payload,setup,ok,,30953989,33978000,87512000,96301056,,,,,
standard-1789242092913944754,blob,blob/nix-closure,amber-go-s3,0,true,13,ingest_payload,setup,ok,,30051888,36112000,110519000,93216768,,,,,
standard-1789242092913944754,blob,blob/nix-closure,amber-go-s3,0,true,13,ingest_payload,setup,ok,,41226826,39347000,138117000,121192448,,,,,
standard-1789242092913944754,blob,blob/nix-closure,amber-go-s3,0,true,13,push_initial,measured,ok,,187503103,98698000,52247000,72577024,109410247,583511660.6043581,,,
standard-1789242092913944754,blob,blob/nix-closure,amber-go-s3,0,true,13,push_noop,measured,ok,,19935630,21837000,6085000,72577024,6849,343555.73413029837,,,
standard-1789242092913944754,blob,blob/nix-closure,amber-go-s3,0,true,13,pull_fresh,measured,ok,,71885172,31633000,48577000,72577024,109253612,1519835161.5545971,,,
standard-1789242092913944754,blob,blob/nix-closure,amber-go-s3,0,true,13,ingest_payload,setup,ok,,57395056,41476000,156029000,153964544,,,,,
standard-1789242092913944754,blob,blob/nix-closure,amber-go-s3,0,true,13,ingest_payload,setup,ok,,57192639,49714000,177132000,136130560,,,,,
standard-1789242092913944754,blob,blob/nix-closure,amber-go-s3,0,true,13,ingest_payload,setup,ok,,48471484,14337000,37841000,92028928,,,,,
standard-1789242092913944754,blob,blob/nix-closure,amber-go-s3,0,true,13,ingest_payload,setup,ok,,47690964,12235000,38745000,92905472,,,,,
standard-1789242092913944754,blob,blob/nix-closure,amber-go-s3,0,true,13,ingest_payload,setup,ok,,69870086,94178000,75058000,156913664,,,,,
standard-1789242092913944754,blob,blob/nix-closure,amber-go-s3,0,true,13,ingest_payload,setup,ok,,53658154,73726000,52423000,135876608,,,,,
standard-1789242092913944754,blob,blob/nix-closure,amber-go-s3,0,true,13,ingest_payload,setup,ok,,35822632,15103000,23577000,87261184,,,,,
standard-1789242092913944754,blob,blob/nix-closure,amber-go-s3,0,true,13,ingest_payload,setup,ok,,36135168,12036000,27340000,87117824,,,,,
standard-1789242092913944754,blob,blob/nix-closure,amber-go-s3,0,true,13,ingest_payload,setup,ok,,49025210,24947000,38976000,103632896,,,,,
standard-1789242092913944754,blob,blob/nix-closure,amber-go-s3,0,true,13,push_incremental,measured,ok,,176057036,74673000,22682000,72577024,58954189,334858465.9803088,,,
standard-1789242092913944754,blob,blob/nix-closure,amber-go-s3,0,true,13,pull_incremental,measured,ok,,109853589,42250000,29486000,72577024,58852399,535734877.0826231,,,
standard-1789242092913944754,blob,blob/nix-closure,amber-go-s3,0,true,13,retention_local,setup,ok,,32209186,8607000,23876000,81158144,,,,,
standard-1789242092913944754,blob,blob/nix-closure,amber-go-s3,0,true,13,retention_local,setup,ok,,29696830,8741000,22956000,81346560,,,,,
standard-1789242092913944754,blob,blob/nix-closure,amber-go-s3,0,true,13,age_sealed_segments,setup,ok,,0,0,0,0,,,,,
standard-1789242092913944754,blob,blob/nix-closure,amber-go-s3,0,true,13,retention_local,setup,ok,,76165411,52889000,94221000,200278016,,,,,
standard-1789242092913944754,blob,blob/nix-closure,amber-go-s3,0,true,13,retention_cleanup,measured,ok,,204066747,112134000,61960000,72577024,126281300,618823506.800939,,,
standard-1789242092913944754,blob,blob/nix-closure,amber-go-s3,0,true,13,inject_missing_object,verify,ok,,0,0,0,0,,,,,
standard-1789242092913944754,git,git/history,amber-go,0,true,14,materialise_states,setup,ok,,1038534911,0,0,0,,,,,
standard-1789242092913944754,git,git/history,amber-go,0,true,14,history_store,measured,ok,,8133858835,90102162000,30713470000,989929472,4314044416,530381028.6744422,115988407,120766464,
standard-1789242092913944754,git,git/history,amber-go,0,true,14,clone_full,measured,unsupported,these cores ship no repository-to-repository transfer command; what they can do to publish a store is measured in the blob scenario group as a file-level object-storage transport,,,,,,,,,
standard-1789242092913944754,git,git/history,amber-go,0,true,14,materialise_states,setup,ok,,174350059,0,0,0,,,,,
standard-1789242092913944754,git,git/history,amber-go,0,true,14,history_store_incremental,measured,ok,,2722279295,28729668000,9977039000,403472384,1438015488,528239512.6176794,116820965,121643008,
standard-1789242092913944754,git,git/history,amber-go,0,true,14,fetch_incremental,measured,unsupported,these cores ship no incremental fetch command; see the blob scenario group for incremental object-storage publication,,,,,,,,,
standard-1789242092913944754,git,git/history,amber-go,0,true,14,gc,measured,ok,,100325444,46533000,34107000,105467904,,,116992165,117207040,4435968
standard-1789242092913944754,git,git/history,amber-go,0,true,14,list_head,measured,ok,,769549343,117430000,146600000,73887744,,,,,
standard-1789242092913944754,git,git/history,amber-go,0,true,14,read_all_versions,measured,ok,,3690302953,4714781000,1456947000,180183040,5752059904,1558695851.6031623,,,
standard-1789242092913944754,git,git/history,amber-go,0,true,14,checkout_version,measured,ok,,184222031,183225000,110699000,138629120,,,,,
standard-1789242092913944754,git,git/history,amber-go,0,true,14,retained_version_restore,verify,ok,,195119341,182139000,113334000,129761280,,,,,
standard-1789242092913944754,git,git/history,amber-go,0,true,14,retained_version_restore,verify,ok,,174320213,135929000,124710000,130465792,,,,,
standard-1789242092913944754,git,git/history,amber-go,0,true,14,retained_version_restore,verify,ok,,186450214,193281000,108437000,130797568,,,,,
standard-1789242092913944754,git,git/history,amber-go,0,true,14,retained_version_restore,verify,ok,,186972221,192721000,100794000,131227648,,,,,
standard-1789242092913944754,git,git/history,amber-go,0,true,14,retained_version_restore,verify,ok,,187604256,201675000,98003000,130912256,,,,,
standard-1789242092913944754,git,git/history,amber-go,0,true,14,retained_version_restore,verify,ok,,200867702,173088000,128757000,130367488,,,,,
standard-1789242092913944754,git,git/history,amber-go,0,true,14,retained_version_restore,verify,ok,,190761032,193310000,115853000,131203072,,,,,
standard-1789242092913944754,git,git/history,amber-go,0,true,14,retained_version_restore,verify,ok,,188554501,170649000,131634000,129953792,,,,,
standard-1789242092913944754,git,git/history,amber-go,0,true,14,retained_version_restore,verify,ok,,190867004,186238000,121638000,130473984,,,,,
standard-1789242092913944754,git,git/history,amber-go,0,true,14,retained_version_restore,verify,ok,,192833136,197471000,106474000,130514944,,,,,
standard-1789242092913944754,git,git/history,amber-go,0,true,14,retained_version_restore,verify,ok,,190686951,155271000,149697000,130555904,,,,,
standard-1789242092913944754,git,git/history,amber-go,0,true,14,retained_version_restore,verify,ok,,197972506,146868000,153045000,132321280,,,,,
standard-1789242092913944754,git,git/history,amber-go,0,true,14,retained_version_restore,verify,ok,,189777475,187030000,108908000,131706880,,,,,
standard-1789242092913944754,git,git/history,amber-go,0,true,14,retained_version_restore,verify,ok,,183612148,171168000,113973000,131436544,,,,,
standard-1789242092913944754,git,git/history,amber-go,0,true,14,retained_version_restore,verify,ok,,186758062,181989000,114479000,130646016,,,,,
standard-1789242092913944754,git,git/history,amber-go,0,true,14,retained_version_restore,verify,ok,,191787721,177846000,129817000,131338240,,,,,
standard-1789242092913944754,git,git/history,amber-go,0,true,14,retained_version_restore,verify,ok,,188905290,181911000,119315000,131985408,,,,,
standard-1789242092913944754,git,git/history,amber-go,0,true,14,retained_version_restore,verify,ok,,195639163,189450000,130052000,131362816,,,,,
standard-1789242092913944754,git,git/history,amber-go,0,true,14,retained_version_restore,verify,ok,,187228320,157183000,139204000,131162112,,,,,
standard-1789242092913944754,git,git/history,amber-go,0,true,14,retained_version_restore,verify,ok,,188713635,185355000,119631000,131452928,,,,,
standard-1789242092913944754,git,git/history,amber-go,0,true,14,retained_version_restore,verify,ok,,189840716,204627000,101182000,130658304,,,,,
standard-1789242092913944754,git,git/history,amber-go,0,true,14,retained_version_restore,verify,ok,,197170886,185655000,128488000,130961408,,,,,
standard-1789242092913944754,git,git/history,amber-go,0,true,14,retained_version_restore,verify,ok,,185985628,187951000,106128000,131346432,,,,,
standard-1789242092913944754,git,git/history,amber-go,0,true,14,retained_version_restore,verify,ok,,197125821,188383000,114499000,130437120,,,,,
standard-1789242092913944754,git,git/history,amber-go,0,true,14,retained_version_restore,verify,ok,,192007180,204842000,100280000,131575808,,,,,
standard-1789242092913944754,git,git/history,amber-go,0,true,14,retained_version_restore,verify,ok,,201883381,189860000,122777000,133177344,,,,,
standard-1789242092913944754,git,git/history,amber-go,0,true,14,retained_version_restore,verify,ok,,192482839,177468000,135066000,138076160,,,,,
standard-1789242092913944754,git,git/history,amber-go,0,true,14,retained_version_restore,verify,ok,,182364456,173923000,114488000,136630272,,,,,
standard-1789242092913944754,git,git/history,amber-go,0,true,14,retained_version_restore,verify,ok,,202474178,188540000,121742000,138276864,,,,,
standard-1789242092913944754,git,git/history,amber-go,0,true,14,retained_version_restore,verify,ok,,191014927,180648000,126949000,137048064,,,,,
standard-1789242092913944754,git,git/history,amber-go,0,true,14,retained_version_restore,verify,ok,,175235170,157115000,112051000,137883648,,,,,
standard-1789242092913944754,git,git/history,amber-go,0,true,14,retained_version_restore,verify,ok,,190923763,179212000,124640000,137445376,,,,,
standard-1789242092913944754,git,git/history,amber-go,0,true,14,retained_version_restore,verify,ok,,205431843,181518000,125752000,138268672,,,,,
standard-1789242092913944754,git,git/history,amber-go,0,true,14,retained_version_restore,verify,ok,,190700436,184698000,122096000,136712192,,,,,
standard-1789242092913944754,git,git/history,amber-go,0,true,14,retained_version_restore,verify,ok,,196375188,206012000,102363000,137912320,,,,,
standard-1789242092913944754,git,git/history,amber-go,0,true,14,retained_version_restore,verify,ok,,191915686,191562000,120725000,138285056,,,,,
standard-1789242092913944754,git,git/history,amber-go,0,true,14,retained_version_restore,verify,ok,,192541431,192119000,117921000,138768384,,,,,
standard-1789242092913944754,git,git/history,amber-go,0,true,14,retained_version_restore,verify,ok,,203802984,174292000,123356000,139059200,,,,,
standard-1789242092913944754,git,git/history,amber-go,0,true,14,retained_version_restore,verify,ok,,204870983,176784000,141810000,138010624,,,,,
standard-1789242092913944754,git,git/history,amber-go,0,true,14,retained_version_restore,verify,ok,,191640471,189795000,115425000,138199040,,,,,
standard-1789242092913944754,git,git/history,amber-go,0,true,14,retained_version_restore,verify,ok,,191768295,183684000,124437000,138424320,,,,,
standard-1789242092913944754,git,git/history,amber-go,0,true,14,retained_version_restore,verify,ok,,208871549,211223000,100062000,137912320,,,,,
standard-1789242092913944754,git,git/history,amber-go,0,true,14,retained_version_restore,verify,ok,,206652574,185621000,119135000,138145792,,,,,
standard-1789242092913944754,git,git/history,amber-go,0,true,14,retained_version_restore,verify,ok,,205202897,187642000,116940000,138883072,,,,,
standard-1789242092913944754,git,git/history,amber-go,0,true,14,retained_version_restore,verify,ok,,196540604,186331000,123913000,138051584,,,,,
standard-1789242092913944754,git,git/history,amber-go,0,true,14,retained_version_restore,verify,ok,,196420254,195572000,109750000,138309632,,,,,
standard-1789242092913944754,git,git/history,amber-go,0,true,14,retained_version_restore,verify,ok,,194717584,211813000,107676000,140181504,,,,,
standard-1789242092913944754,git,git/history,amber-go,0,true,14,retained_version_restore,verify,ok,,190370137,174397000,136227000,139104256,,,,,
standard-1789242092913944754,git,git/history,amber-go,0,true,14,retained_version_restore,verify,ok,,199904323,172934000,120331000,139071488,,,,,
standard-1789242092913944754,git,git/history,amber-go,0,true,14,retained_version_restore,verify,ok,,194747190,164897000,118725000,138584064,,,,,
standard-1789242092913944754,git,git/history,amber-go,0,true,14,retained_version_restore,verify,ok,,192121038,196369000,113864000,138870784,,,,,
standard-1789242092913944754,git,git/history,amber-go,0,true,14,retained_version_restore,verify,ok,,187976048,158754000,137617000,138944512,,,,,
standard-1789242092913944754,git,git/history,amber-go,0,true,14,retained_version_coverage,verify,ok,,0,0,0,0,,,,,
standard-1789242092913944754,git,git/history,amber-go,0,true,14,ref_delete,measured,ok,,30040316,2909000,7848000,73887744,,,,,
standard-1789242092913944754,git,git/history,amber-go,0,true,14,integrity_check,verify,ok,,80680579,90776000,34555000,139415552,,,,,
standard-1789242092913944754,blob,blob/backup-corpus,amber-go-s3,0,true,15,ingest_payload,setup,ok,,1466075148,23733758000,3121497000,1072263168,,,,,
standard-1789242092913944754,blob,blob/backup-corpus,amber-go-s3,0,true,15,push_initial,measured,ok,,685854544,634291000,509856000,73887744,724901738,1056932179.4855675,,,
standard-1789242092913944754,blob,blob/backup-corpus,amber-go-s3,0,true,15,push_noop,measured,ok,,19952232,19820000,5814000,79130624,7370,369382.2325241607,,,
standard-1789242092913944754,blob,blob/backup-corpus,amber-go-s3,0,true,15,pull_fresh,measured,ok,,256913524,148331000,692547000,79130624,723839035,2817442319.618799,,,
standard-1789242092913944754,blob,blob/backup-corpus,amber-go-s3,0,true,15,ingest_payload,setup,ok,,759794369,12524055000,2900932000,472670208,,,,,
standard-1789242092913944754,blob,blob/backup-corpus,amber-go-s3,0,true,15,push_incremental,measured,ok,,175162160,57905000,27229000,80441344,57848226,330255267.46187645,,,
standard-1789242092913944754,blob,blob/backup-corpus,amber-go-s3,0,true,15,pull_incremental,measured,ok,,72327246,29162000,32055000,80441344,57761904,798618877.3176847,,,
standard-1789242092913944754,blob,blob/backup-corpus,amber-go-s3,0,true,15,retention_local,setup,ok,,33600321,9143000,25308000,81420288,,,,,
standard-1789242092913944754,blob,blob/backup-corpus,amber-go-s3,0,true,15,age_sealed_segments,setup,ok,,0,0,0,0,,,,,
standard-1789242092913944754,blob,blob/backup-corpus,amber-go-s3,0,true,15,retention_local,setup,ok,,450682799,1143109000,429479000,706928640,,,,,
standard-1789242092913944754,blob,blob/backup-corpus,amber-go-s3,0,true,15,retention_cleanup,measured,ok,,688460861,631149000,614750000,80441344,726275398,1054926197.1770971,,,
standard-1789242092913944754,blob,blob/backup-corpus,amber-go-s3,0,true,15,inject_missing_object,verify,ok,,0,0,0,0,,,,,
standard-1789242092913944754,blob,blob/backup-corpus,amber-rust-s3,0,true,16,ingest_payload,setup,ok,,563346524,5848268000,1264856000,178335744,,,,,
standard-1789242092913944754,blob,blob/backup-corpus,amber-rust-s3,0,true,16,push_initial,measured,ok,,673083252,625482000,627799000,82276352,727715909,1081167755.7533402,,,
standard-1789242092913944754,blob,blob/backup-corpus,amber-rust-s3,0,true,16,push_noop,measured,ok,,20017777,20044000,7032000,82796544,5875,293489.1321848575,,,
standard-1789242092913944754,blob,blob/backup-corpus,amber-rust-s3,0,true,16,pull_fresh,measured,ok,,254194565,161600000,672740000,82796544,726648820,2858632402.3096247,,,
standard-1789242092913944754,blob,blob/backup-corpus,amber-rust-s3,0,true,16,ingest_payload,setup,ok,,206733099,2377381000,708455000,86642688,,,,,
standard-1789242092913944754,blob,blob/backup-corpus,amber-rust-s3,0,true,16,push_incremental,measured,ok,,172978603,47960000,35680000,82796544,60346519,348866957.83986646,,,
standard-1789242092913944754,blob,blob/backup-corpus,amber-rust-s3,0,true,16,pull_incremental,measured,ok,,70630138,28516000,30636000,82796544,60261271,853194864.2093832,,,
standard-1789242092913944754,blob,blob/backup-corpus,amber-rust-s3,0,true,16,retention_local,setup,ok,,35816671,7874000,25763000,82796544,,,,,
standard-1789242092913944754,blob,blob/backup-corpus,amber-rust-s3,0,true,16,age_sealed_segments,setup,ok,,0,0,0,0,,,,,
standard-1789242092913944754,blob,blob/backup-corpus,amber-rust-s3,0,true,16,retention_local,setup,ok,,317772032,647576000,295136000,580911104,,,,,
standard-1789242092913944754,blob,blob/backup-corpus,amber-rust-s3,0,true,16,retention_cleanup,measured,ok,,576967794,517495000,471909000,82796544,593462621,1028588817.5588531,,,
standard-1789242092913944754,blob,blob/backup-corpus,amber-rust-s3,0,true,16,inject_missing_object,verify,ok,,0,0,0,0,,,,,
standard-1789242092913944754,tree,tree/lifecycle,fs-sha256,0,true,17,ingest_fresh,measured,ok,,2725218549,962136000,1175904000,82796544,2179569013,799777696.2877996,1643647743,1654943744,
standard-1789242092913944754,tree,tree/lifecycle,fs-sha256,0,true,17,ingest_repeat,measured,ok,,1031622219,879869000,146137000,82796544,2179569013,2112758888.726494,1644597385,1655894016,
standard-1789242092913944754,tree,tree/lifecycle,fs-sha256,0,true,17,ingest_changed,measured,ok,,1140332920,910927000,159948000,82796544,2179966963,1911693440.3682742,1651210741,1663836160,
standard-1789242092913944754,tree,tree/lifecycle,fs-sha256,0,true,17,list_recursive,measured,ok,,3651119,1191000,2379000,82796544,,,,,
standard-1789242092913944754,tree,tree/lifecycle,fs-sha256,0,true,17,read_full,measured,ok,,146623302,10054000,135806000,82796544,2179569013,14865092950.914446,,,
standard-1789242092913944754,tree,tree/lifecycle,fs-sha256,0,true,17,restore_full,measured,ok,,606623919,25872000,577625000,82796544,2179569013,3592949345.935698,,,
standard-1789242092913944754,tree,tree/lifecycle,fs-sha256,0,true,17,integrity_check,verify,ok,,816737241,710183000,102451000,82796544,,,,,
standard-1789242092913944754,tree,tree/lifecycle,fs-sha256,0,true,17,ref_delete,measured,ok,,1426012,1266000,0,82796544,,,1649311457,1661935616,
standard-1789242092913944754,tree,tree/lifecycle,fs-sha256,0,true,17,gc,measured,ok,,21926570,5185000,16589000,82796544,,,1644046008,1654943744,6991872
standard-1789242092913944754,tree,tree/lifecycle,fs-sha256,0,true,17,restore_full,verify,ok,,608752943,25843000,579835000,82796544,,,,,
standard-1789242092913944754,tree,tree/lifecycle,fs-sha256,0,true,17,post_gc_integrity_check,verify,ok,,782981032,692587000,86561000,82796544,,,,,
standard-1789242092913944754,backup,backup/retention,amber-go,0,true,18,backup_initial,measured,ok,,1406624978,26329806000,3465371000,1316593664,2179569013,1549502566.134582,723851707,728563712,
standard-1789242092913944754,backup,backup/retention,amber-go,0,true,18,backup_unchanged,measured,ok,,751218750,8851787000,2119149000,305352704,2179569013,2901377279.2545447,723852434,728571904,
standard-1789242092913944754,backup,backup/retention,amber-go,0,true,18,backup_changed,measured,ok,,797696991,13344112000,2992632000,478691328,2179966963,2732825856.929928,729805924,734531584,
standard-1789242092913944754,backup,backup/retention,amber-go,0,true,18,backup_changed_again,measured,ok,,773814718,12830947000,2867365000,437899264,2180393091,2817719849.831029,735694195,740421632,
standard-1789242092913944754,backup,backup/retention,amber-go,0,true,18,list_snapshot,measured,ok,,5358939016,1623056000,4030609000,95461376,,,,,
standard-1789242092913944754,backup,backup/retention,amber-go,0,true,18,restore_latest,measured,ok,,1718689702,1267890000,979977000,707231744,2180393091,1268636850.7722635,,,
standard-1789242092913944754,backup,backup/retention,amber-go,0,true,18,forget_oldest,measured,ok,,65226463,19468000,49638000,87736320,,,735693302,740413440,
standard-1789242092913944754,backup,backup/retention,amber-go,0,true,18,age_sealed_segments,setup,ok,,0,0,0,0,,,,,
standard-1789242092913944754,backup,backup/retention,amber-go,0,true,18,prune,measured,ok,,444714804,972813000,462285000,768147456,,,730958937,731062272,9351168
standard-1789242092913944754,backup,backup/retention,amber-go,0,true,18,integrity_check,verify,ok,,764100669,939539000,174291000,694157312,,,,,
standard-1789242092913944754,backup,backup/retention,amber-go,0,true,18,post_retention_restore,verify,ok,,1784134215,1383462000,1028948000,692531200,,,,,
standard-1789242092913944754,backup,backup/retention,amber-go,0,true,18,post_retention_restore,verify,ok,,1727332662,1343309000,967186000,695656448,,,,,
standard-1789242092913944754,backup,backup/retention,amber-go,0,true,18,forgotten_snapshot_probe,verify,ok,,0,0,0,0,,,,,
standard-1789242092913944754,backup,backup/retention,amber-go,0,true,18,forgotten_snapshot_probe,verify,ok,,0,0,0,0,,,,,
standard-1789242092913944754,blob,blob/source-history,git-bundle-s3,0,true,19,git_init,setup,ok,,2115508,0,2005000,83845120,,,,,
standard-1789242092913944754,blob,blob/source-history,git-bundle-s3,0,true,19,git_init,setup,ok,,943991,0,842000,83845120,,,,,
standard-1789242092913944754,blob,blob/source-history,git-bundle-s3,0,true,19,git_init,setup,ok,,878036,0,799000,83845120,,,,,
standard-1789242092913944754,blob,blob/source-history,git-bundle-s3,0,true,19,git_init,setup,ok,,865382,0,793000,83845120,,,,,
standard-1789242092913944754,blob,blob/source-history,git-bundle-s3,0,true,19,git_init,setup,ok,,881652,0,799000,84107264,,,,,
standard-1789242092913944754,blob,blob/source-history,git-bundle-s3,0,true,19,git_init,setup,ok,,860302,0,792000,84107264,,,,,
standard-1789242092913944754,blob,blob/source-history,git-bundle-s3,0,true,19,git_init,setup,ok,,857246,793000,0,84107264,,,,,
standard-1789242092913944754,blob,blob/source-history,git-bundle-s3,0,true,19,git_init,setup,ok,,1230799,0,1144000,84107264,,,,,
standard-1789242092913944754,blob,blob/source-history,git-bundle-s3,0,true,19,git_init,setup,ok,,975181,0,899000,84107264,,,,,
standard-1789242092913944754,blob,blob/source-history,git-bundle-s3,0,true,19,git_init,setup,ok,,875040,0,797000,84107264,,,,,
standard-1789242092913944754,blob,blob/source-history,git-bundle-s3,0,true,19,git_init,setup,ok,,909176,846000,0,84107264,,,,,
standard-1789242092913944754,blob,blob/source-history,git-bundle-s3,0,true,19,git_init,setup,ok,,876243,801000,0,84107264,,,,,
standard-1789242092913944754,blob,blob/source-history,git-bundle-s3,0,true,19,replay_history,setup,ok,,1067593351,986698000,75591000,84107264,,,,,
standard-1789242092913944754,blob,blob/source-history,git-bundle-s3,0,true,19,replay_history,setup,ok,,8064993,5891000,3548000,84107264,,,,,
standard-1789242092913944754,blob,blob/source-history,git-bundle-s3,0,true,19,replay_history,setup,ok,,4251014,1101000,4427000,84107264,,,,,
standard-1789242092913944754,blob,blob/source-history,git-bundle-s3,0,true,19,replay_history,setup,ok,,6582093,2291000,5721000,84107264,,,,,
standard-1789242092913944754,blob,blob/source-history,git-bundle-s3,0,true,19,replay_history,setup,ok,,4317310,2815000,2813000,84107264,,,,,
standard-1789242092913944754,blob,blob/source-history,git-bundle-s3,0,true,19,replay_history,setup,ok,,6013638,1817000,5447000,84107264,,,,,
standard-1789242092913944754,blob,blob/source-history,git-bundle-s3,0,true,19,replay_history,setup,ok,,4465984,1870000,3735000,84107264,,,,,
standard-1789242092913944754,blob,blob/source-history,git-bundle-s3,0,true,19,replay_history,setup,ok,,6502712,869000,6929000,84107264,,,,,
standard-1789242092913944754,blob,blob/source-history,git-bundle-s3,0,true,19,replay_history,setup,ok,,4643343,1465000,4388000,84107264,,,,,
standard-1789242092913944754,blob,blob/source-history,git-bundle-s3,0,true,19,replay_history,setup,ok,,6072370,2735000,4558000,84107264,,,,,
standard-1789242092913944754,blob,blob/source-history,git-bundle-s3,0,true,19,replay_history,setup,ok,,5337367,1085000,5422000,84107264,,,,,
standard-1789242092913944754,blob,blob/source-history,git-bundle-s3,0,true,19,replay_history,setup,ok,,6315474,4519000,3025000,84107264,,,,,
standard-1789242092913944754,blob,blob/source-history,git-bundle-s3,0,true,19,replay_history,setup,ok,,5182652,5106000,1280000,84107264,,,,,
standard-1789242092913944754,blob,blob/source-history,git-bundle-s3,0,true,19,replay_history,setup,ok,,6542367,2597000,5190000,84107264,,,,,
standard-1789242092913944754,blob,blob/source-history,git-bundle-s3,0,true,19,replay_history,setup,ok,,5070027,2671000,3553000,84107264,,,,,
standard-1789242092913944754,blob,blob/source-history,git-bundle-s3,0,true,19,replay_history,setup,ok,,6463406,0,7681000,84107264,,,,,
standard-1789242092913944754,blob,blob/source-history,git-bundle-s3,0,true,19,replay_history,setup,ok,,5595670,1356000,5413000,84107264,,,,,
standard-1789242092913944754,blob,blob/source-history,git-bundle-s3,0,true,19,replay_history,setup,ok,,6773298,3018000,5032000,84107264,,,,,
standard-1789242092913944754,blob,blob/source-history,git-bundle-s3,0,true,19,replay_history,setup,ok,,5859944,3520000,3524000,84107264,,,,,
standard-1789242092913944754,blob,blob/source-history,git-bundle-s3,0,true,19,replay_history,setup,ok,,6972959,1191000,7134000,84107264,,,,,
standard-1789242092913944754,blob,blob/source-history,git-bundle-s3,0,true,19,replay_history,setup,ok,,5911193,2035000,5110000,84107264,,,,,
standard-1789242092913944754,blob,blob/source-history,git-bundle-s3,0,true,19,replay_history,setup,ok,,6900660,5148000,3089000,84107264,,,,,
standard-1789242092913944754,blob,blob/source-history,git-bundle-s3,0,true,19,replay_history,setup,ok,,5923967,4439000,2671000,84107264,,,,,
standard-1789242092913944754,blob,blob/source-history,git-bundle-s3,0,true,19,replay_history,setup,ok,,6954493,6378000,1825000,84107264,,,,,
standard-1789242092913944754,blob,blob/source-history,git-bundle-s3,0,true,19,replay_history,setup,ok,,6473055,951000,6650000,84107264,,,,,
standard-1789242092913944754,blob,blob/source-history,git-bundle-s3,0,true,19,replay_history,setup,ok,,7572183,3551000,5331000,84107264,,,,,
standard-1789242092913944754,blob,blob/source-history,git-bundle-s3,0,true,19,replay_history,setup,ok,,4141164,1059000,4227000,84107264,,,,,
standard-1789242092913944754,blob,blob/source-history,git-bundle-s3,0,true,19,replay_history,setup,ok,,5806572,1397000,5619000,84107264,,,,,
standard-1789242092913944754,blob,blob/source-history,git-bundle-s3,0,true,19,replay_history,setup,ok,,4416249,1605000,4014000,84107264,,,,,
standard-1789242092913944754,blob,blob/source-history,git-bundle-s3,0,true,19,replay_history,setup,ok,,5957190,3611000,3590000,84107264,,,,,
standard-1789242092913944754,blob,blob/source-history,git-bundle-s3,0,true,19,replay_history,setup,ok,,4624656,2003000,4008000,84107264,,,,,
standard-1789242092913944754,blob,blob/source-history,git-bundle-s3,0,true,19,replay_history,setup,ok,,6269005,2796000,4674000,84107264,,,,,
standard-1789242092913944754,blob,blob/source-history,git-bundle-s3,0,true,19,replay_history,setup,ok,,5229632,3733000,2792000,84107264,,,,,
standard-1789242092913944754,blob,blob/source-history,git-bundle-s3,0,true,19,replay_history,setup,ok,,6394265,2561000,5113000,84107264,,,,,
standard-1789242092913944754,blob,blob/source-history,git-bundle-s3,0,true,19,replay_history,setup,ok,,4978052,0,6148000,84107264,,,,,
standard-1789242092913944754,blob,blob/source-history,git-bundle-s3,0,true,19,replay_history,setup,ok,,6128598,928000,6481000,84107264,,,,,
standard-1789242092913944754,blob,blob/source-history,git-bundle-s3,0,true,19,replay_history,setup,ok,,5441385,2212000,4421000,84107264,,,,,
standard-1789242092913944754,blob,blob/source-history,git-bundle-s3,0,true,19,replay_history,setup,ok,,6330122,1682000,5883000,84107264,,,,,
standard-1789242092913944754,blob,blob/source-history,git-bundle-s3,0,true,19,replay_history,setup,ok,,5730508,2766000,4163000,84107264,,,,,
standard-1789242092913944754,blob,blob/source-history,git-bundle-s3,0,true,19,replay_history,setup,ok,,6968701,1035000,7227000,84107264,,,,,
standard-1789242092913944754,blob,blob/source-history,git-bundle-s3,0,true,19,replay_history,setup,ok,,5810350,4663000,2320000,84107264,,,,,
standard-1789242092913944754,blob,blob/source-history,git-bundle-s3,0,true,19,replay_history,setup,ok,,6915920,6802000,1360000,84107264,,,,,
standard-1789242092913944754,blob,blob/source-history,git-bundle-s3,0,true,19,replay_history,setup,ok,,5775313,1976000,4938000,84107264,,,,,
standard-1789242092913944754,blob,blob/source-history,git-bundle-s3,0,true,19,replay_history,setup,ok,,6757026,2679000,5378000,84107264,,,,,
standard-1789242092913944754,blob,blob/source-history,git-bundle-s3,0,true,19,replay_history,setup,ok,,5934056,1766000,5288000,84107264,,,,,
standard-1789242092913944754,blob,blob/source-history,git-bundle-s3,0,true,19,replay_history,setup,ok,,6949975,4137000,4159000,84107264,,,,,
standard-1789242092913944754,blob,blob/source-history,git-bundle-s3,0,true,19,replay_history,setup,ok,,6173864,4618000,2776000,84107264,,,,,
standard-1789242092913944754,blob,blob/source-history,git-bundle-s3,0,true,19,replay_history,setup,ok,,7558667,2948000,5908000,84369408,,,,,
standard-1789242092913944754,blob,blob/source-history,git-bundle-s3,0,true,19,replay_history,setup,ok,,6137805,3667000,3671000,84369408,,,,,
standard-1789242092913944754,blob,blob/source-history,git-bundle-s3,0,true,19,replay_history,setup,ok,,7176086,4707000,3770000,84369408,,,,,
standard-1789242092913944754,blob,blob/source-history,git-bundle-s3,0,true,19,replay_history,setup,ok,,6350271,3740000,3733000,84369408,,,,,
standard-1789242092913944754,blob,blob/source-history,git-bundle-s3,0,true,19,replay_history,setup,ok,,7719564,4941000,3948000,84369408,,,,,
standard-1789242092913944754,blob,blob/source-history,git-bundle-s3,0,true,19,replay_history,setup,ok,,87925740,73343000,15294000,84369408,,,,,
standard-1789242092913944754,blob,blob/source-history,git-bundle-s3,0,true,19,replay_history,setup,ok,,20092259,14499000,6752000,84369408,,,,,
standard-1789242092913944754,blob,blob/source-history,git-bundle-s3,0,true,19,replay_history,setup,ok,,20723484,15573000,6236000,84369408,,,,,
standard-1789242092913944754,blob,blob/source-history,git-bundle-s3,0,true,19,replay_history,setup,ok,,22016733,15787000,6906000,84369408,,,,,
standard-1789242092913944754,blob,blob/source-history,git-bundle-s3,0,true,19,replay_history,setup,ok,,19826742,14724000,6290000,84369408,,,,,
standard-1789242092913944754,blob,blob/source-history,git-bundle-s3,0,true,19,replay_history,setup,ok,,21315885,19446000,3246000,84369408,,,,,
standard-1789242092913944754,blob,blob/source-history,git-bundle-s3,0,true,19,replay_history,setup,ok,,20835388,11949000,9954000,84369408,,,,,
standard-1789242092913944754,blob,blob/source-history,git-bundle-s3,0,true,19,replay_history,setup,ok,,20936791,14461000,7777000,84369408,,,,,
standard-1789242092913944754,blob,blob/source-history,git-bundle-s3,0,true,19,replay_history,setup,ok,,20292531,14628000,6813000,84369408,,,,,
standard-1789242092913944754,blob,blob/source-history,git-bundle-s3,0,true,19,replay_history,setup,ok,,21503362,14895000,7944000,84369408,,,,,
standard-1789242092913944754,blob,blob/source-history,git-bundle-s3,0,true,19,replay_history,setup,ok,,21215693,16573000,5842000,84369408,,,,,
standard-1789242092913944754,blob,blob/source-history,git-bundle-s3,0,true,19,replay_history,setup,ok,,21147102,14694000,7838000,84369408,,,,,
standard-1789242092913944754,blob,blob/source-history,git-bundle-s3,0,true,19,replay_history,setup,ok,,21044477,16389000,5786000,84369408,,,,,
standard-1789242092913944754,blob,blob/source-history,git-bundle-s3,0,true,19,replay_history,setup,ok,,22274083,17716000,5889000,84369408,,,,,
standard-1789242092913944754,blob,blob/source-history,git-bundle-s3,0,true,19,replay_history,setup,ok,,21041711,15157000,7054000,84369408,,,,,
standard-1789242092913944754,blob,blob/source-history,git-bundle-s3,0,true,19,replay_history,setup,ok,,21054926,17328000,5081000,84369408,,,,,
standard-1789242092913944754,blob,blob/source-history,git-bundle-s3,0,true,19,replay_history,setup,ok,,21449971,15007000,7496000,84369408,,,,,
standard-1789242092913944754,blob,blob/source-history,git-bundle-s3,0,true,19,replay_history,setup,ok,,22477110,18854000,4957000,84369408,,,,,
standard-1789242092913944754,blob,blob/source-history,git-bundle-s3,0,true,19,replay_history,setup,ok,,21771495,17950000,4986000,84369408,,,,,
standard-1789242092913944754,blob,blob/source-history,git-bundle-s3,0,true,19,replay_history,setup,ok,,21199703,15649000,6864000,84369408,,,,,
standard-1789242092913944754,blob,blob/source-history,git-bundle-s3,0,true,19,replay_history,setup,ok,,21859472,17713000,5212000,84369408,,,,,
standard-1789242092913944754,blob,blob/source-history,git-bundle-s3,0,true,19,replay_history,setup,ok,,22446913,19655000,4132000,84369408,,,,,
standard-1789242092913944754,blob,blob/source-history,git-bundle-s3,0,true,19,replay_history,setup,ok,,21891383,14637000,8355000,84369408,,,,,
standard-1789242092913944754,blob,blob/source-history,git-bundle-s3,0,true,19,replay_history,setup,ok,,22328397,13813000,9864000,84369408,,,,,
standard-1789242092913944754,blob,blob/source-history,git-bundle-s3,0,true,19,replay_history,setup,ok,,21386499,15611000,6829000,84369408,,,,,
standard-1789242092913944754,blob,blob/source-history,git-bundle-s3,0,true,19,replay_history,setup,ok,,21645183,17275000,5750000,84369408,,,,,
standard-1789242092913944754,blob,blob/source-history,git-bundle-s3,0,true,19,mark_basis,setup,ok,,1074912,985000,0,84369408,,,,,
standard-1789242092913944754,blob,blob/source-history,git-bundle-s3,0,true,19,push_initial,measured,ok,,6586971717,6430793000,257112000,258650112,114184259,17334864.01730059,,,
standard-1789242092913944754,blob,blob/source-history,git-bundle-s3,0,true,19,push_noop,measured,ok,,18325527,16158000,8069000,84369408,2354,128454.69600956087,,,
standard-1789242092913944754,blob,blob/source-history,git-bundle-s3,0,true,19,pull_fresh,measured,ok,,680900352,438410000,244996000,119496704,114021216,167456538.4862659,,,
standard-1789242092913944754,blob,blob/source-history,git-bundle-s3,0,true,19,replay_history,setup,ok,,22279604,15477000,7773000,84369408,,,,,
standard-1789242092913944754,blob,blob/source-history,git-bundle-s3,0,true,19,replay_history,setup,ok,,6604355,3927000,3929000,84369408,,,,,
standard-1789242092913944754,blob,blob/source-history,git-bundle-s3,0,true,19,replay_history,setup,ok,,4430387,804000,4807000,84369408,,,,,
standard-1789242092913944754,blob,blob/source-history,git-bundle-s3,0,true,19,replay_history,setup,ok,,6780140,2374000,5918000,84369408,,,,,
standard-1789242092913944754,blob,blob/source-history,git-bundle-s3,0,true,19,replay_history,setup,ok,,4469991,1875000,3747000,84369408,,,,,
standard-1789242092913944754,blob,blob/source-history,git-bundle-s3,0,true,19,replay_history,setup,ok,,6045889,1047000,6264000,84369408,,,,,
standard-1789242092913944754,blob,blob/source-history,git-bundle-s3,0,true,19,replay_history,setup,ok,,4899662,2413000,3594000,84369408,,,,,
standard-1789242092913944754,blob,blob/source-history,git-bundle-s3,0,true,19,replay_history,setup,ok,,6697873,2971000,4949000,84369408,,,,,
standard-1789242092913944754,blob,blob/source-history,git-bundle-s3,0,true,19,replay_history,setup,ok,,4757180,1690000,4220000,84369408,,,,,
standard-1789242092913944754,blob,blob/source-history,git-bundle-s3,0,true,19,replay_history,setup,ok,,6354659,2551000,5092000,84369408,,,,,
standard-1789242092913944754,blob,blob/source-history,git-bundle-s3,0,true,19,replay_history,setup,ok,,5403553,1871000,4687000,84369408,,,,,
standard-1789242092913944754,blob,blob/source-history,git-bundle-s3,0,true,19,replay_history,setup,ok,,6955906,2063000,6207000,84369408,,,,,
standard-1789242092913944754,blob,blob/source-history,git-bundle-s3,0,true,19,replay_history,setup,ok,,5407972,959000,5774000,84369408,,,,,
standard-1789242092913944754,blob,blob/source-history,git-bundle-s3,0,true,19,replay_history,setup,ok,,7066467,4783000,3557000,84369408,,,,,
standard-1789242092913944754,blob,blob/source-history,git-bundle-s3,0,true,19,replay_history,setup,ok,,3978403,1027000,4101000,84369408,,,,,
standard-1789242092913944754,blob,blob/source-history,git-bundle-s3,0,true,19,replay_history,setup,ok,,5909540,4278000,2850000,84369408,,,,,
standard-1789242092913944754,blob,blob/source-history,git-bundle-s3,0,true,19,replay_history,setup,ok,,4412271,0,5643000,84369408,,,,,
standard-1789242092913944754,blob,blob/source-history,git-bundle-s3,0,true,19,replay_history,setup,ok,,6106014,1824000,5460000,84369408,,,,,
standard-1789242092913944754,blob,blob/source-history,git-bundle-s3,0,true,19,replay_history,setup,ok,,4546908,1918000,3843000,84369408,,,,,
standard-1789242092913944754,blob,blob/source-history,git-bundle-s3,0,true,19,replay_history,setup,ok,,6554360,1982000,5948000,84369408,,,,,
standard-1789242092913944754,blob,blob/source-history,git-bundle-s3,0,true,19,replay_history,setup,ok,,4686194,4419000,1474000,84369408,,,,,
standard-1789242092913944754,blob,blob/source-history,git-bundle-s3,0,true,19,replay_history,setup,ok,,6195325,1847000,5555000,84369408,,,,,
standard-1789242092913944754,blob,blob/source-history,git-bundle-s3,0,true,19,replay_history,setup,ok,,4898549,883000,5302000,84369408,,,,,
standard-1789242092913944754,blob,blob/source-history,git-bundle-s3,0,true,19,replay_history,setup,ok,,6794809,6256000,1795000,84369408,,,,,
standard-1789242092913944754,blob,blob/source-history,git-bundle-s3,0,true,19,replay_history,setup,ok,,5278394,2799000,3723000,84369408,,,,,
standard-1789242092913944754,blob,blob/source-history,git-bundle-s3,0,true,19,replay_history,setup,ok,,6359819,1894000,5701000,84369408,,,,,
standard-1789242092913944754,blob,blob/source-history,git-bundle-s3,0,true,19,push_incremental,measured,ok,,59228357,47230000,36795000,84369408,248017,4187470.5388163985,,,
standard-1789242092913944754,blob,blob/source-history,git-bundle-s3,0,true,19,pull_incremental,measured,ok,,79134640,28631000,13569000,84369408,251985,3184256.6036820286,,,
standard-1789242092913944754,blob,blob/source-history,git-bundle-s3,0,true,19,retention_cleanup,measured,ok,,6648581402,6472446000,327613000,259723264,114435873,17212073.686211597,,,
standard-1789242092913944754,blob,blob/source-history,git-bundle-s3,0,true,19,inject_missing_object,verify,ok,,0,0,0,0,,,,,
standard-1789242092913944754,nix,nix/closure,amber-go,0,true,20,import_initial,measured,ok,,331416990,603589000,1088491000,261181440,184550399,556852559.0676568,109229818,113901568,
standard-1789242092913944754,nix,nix/closure,amber-go,0,true,20,import_repeat,measured,ok,,299345298,242558000,244189000,104882176,184550399,616513438.6042703,109230501,113901568,
standard-1789242092913944754,nix,nix/closure,amber-go,0,true,20,import_incremental,measured,ok,,436959035,365879000,584934000,158633984,192939113,441549659.2260645,126027837,130699264,
standard-1789242092913944754,nix,nix/closure,amber-go,0,true,20,catalog_list,measured,ok,,30078229,8313000,23825000,84369408,,,,,
standard-1789242092913944754,nix,nix/closure,amber-go,0,true,20,closure_query,measured,unsupported,"these cores store trees keyed by content and record no references between roots, so there is no closure to query. The harness keeps the reference graph itself and verifies completeness separately; see the closure_is_complete check.",,,,,,,,,
standard-1789242092913944754,nix,nix/closure,amber-go,0,true,20,nar_and_reference_registration,measured,unsupported,these cores record no NAR hash and no reference list for a stored tree: they address content by their own key and model no edges between roots. The harness therefore recomputes the NAR hash of every restored path with `nix hash path` and compares it with the source store's — see the nar_hashes_match_recomputed check — but nothing in the store under test would have noticed a mismatch.,,,,,,,,,
standard-1789242092913944754,nix,nix/closure,amber-go,0,true,20,read_closure,measured,ok,,364913293,120166000,281949000,182677504,192939113,528725910.23972374,,,
standard-1789242092913944754,nix,nix/closure,amber-go,0,true,20,cache_export,measured,unsupported,"these cores have no binary-cache publication format; the blob scenario group measures what they can do, which is to publish their on-disk pack segments to object storage",,,,,,,,,
standard-1789242092913944754,nix,nix/closure,amber-go,0,true,20,materialize_closure,measured,ok,,425499230,154024000,345127000,181821440,192939113,453441744.1836499,,,
standard-1789242092913944754,nix,nix/closure,amber-go,0,true,20,cache_substitute,measured,unsupported,these cores have no binary-cache client; see the blob scenario group,,,,,,,,,
standard-1789242092913944754,nix,nix/closure,amber-go,0,true,20,delete_path,measured,ok,,28341724,10805000,19462000,84631552,,,126028937,130703360,
standard-1789242092913944754,nix,nix/closure,amber-go,0,true,20,register_gc_root,setup,ok,,0,0,0,0,,,,,
standard-1789242092913944754,nix,nix/closure,amber-go,0,true,20,age_sealed_segments,setup,ok,,0,0,0,0,,,,,
standard-1789242092913944754,nix,nix/closure,amber-go,0,true,20,gc,measured,ok,,29701099,11076000,21245000,84893696,,,126065345,126107648,4595712
standard-1789242092913944754,nix,nix/closure,amber-go,0,true,20,post_gc_materialize,verify,ok,,179794464,112862000,175076000,91766784,,,,,
standard-1789242092913944754,nix,nix/closure,amber-go,0,true,20,integrity_check,verify,ok,,8907771,7374000,7376000,84893696,,,,,
standard-1789242092913944754,nix,nix/closure,amber-go,0,true,20,integrity_check,verify,ok,,9088396,8013000,6867000,84893696,,,,,
standard-1789242092913944754,nix,nix/closure,amber-go,0,true,20,integrity_check,verify,ok,,8281166,8918000,4468000,84893696,,,,,
standard-1789242092913944754,nix,nix/closure,amber-go,0,true,20,integrity_check,verify,ok,,8649569,7918000,6319000,84893696,,,,,
standard-1789242092913944754,nix,nix/closure,amber-go,0,true,20,integrity_check,verify,ok,,25076312,23350000,15551000,84893696,,,,,
standard-1789242092913944754,nix,nix/closure,amber-go,0,true,20,integrity_check,verify,ok,,23951175,40286000,14147000,92811264,,,,,
standard-1789242092913944754,nix,nix/closure,amber-go,0,true,20,integrity_check,verify,ok,,7149446,3478000,6952000,84893696,,,,,
standard-1789242092913944754,nix,nix/closure,amber-go,0,true,20,integrity_check,verify,ok,,6825156,4150000,6238000,84893696,,,,,
standard-1789242092913944754,nix,nix/closure,amber-go,0,true,20,integrity_check,verify,ok,,12847812,14200000,5666000,84893696,,,,,
standard-1789242092913944754,blob,blob/source-history,amber-go-s3,0,true,21,ingest_payload,setup,ok,,322711535,3934127000,1463275000,1017688064,,,,,
standard-1789242092913944754,blob,blob/source-history,amber-go-s3,0,true,21,ingest_payload,setup,ok,,225518658,2499818000,1016799000,563793920,,,,,
standard-1789242092913944754,blob,blob/source-history,amber-go-s3,0,true,21,ingest_payload,setup,ok,,216640913,2464833000,824914000,530919424,,,,,
standard-1789242092913944754,blob,blob/source-history,amber-go-s3,0,true,21,ingest_payload,setup,ok,,200468735,2265672000,735725000,324734976,,,,,
standard-1789242092913944754,blob,blob/source-history,amber-go-s3,0,true,21,ingest_payload,setup,ok,,213561705,2611366000,818811000,371965952,,,,,
standard-1789242092913944754,blob,blob/source-history,amber-go-s3,0,true,21,ingest_payload,setup,ok,,206763209,2398174000,860700000,460931072,,,,,
standard-1789242092913944754,blob,blob/source-history,amber-go-s3,0,true,21,ingest_payload,setup,ok,,199983249,2426178000,769560000,397234176,,,,,
standard-1789242092913944754,blob,blob/source-history,amber-go-s3,0,true,21,ingest_payload,setup,ok,,193362672,2100831000,695040000,366190592,,,,,
standard-1789242092913944754,blob,blob/source-history,amber-go-s3,0,true,21,ingest_payload,setup,ok,,178462573,1970694000,581673000,328564736,,,,,
standard-1789242092913944754,blob,blob/source-history,amber-go-s3,0,true,21,ingest_payload,setup,ok,,205272405,2429901000,716770000,371998720,,,,,
standard-1789242092913944754,blob,blob/source-history,amber-go-s3,0,true,21,ingest_payload,setup,ok,,216332253,2427186000,863808000,486166528,,,,,
standard-1789242092913944754,blob,blob/source-history,amber-go-s3,0,true,21,ingest_payload,setup,ok,,205094835,2628253000,806656000,370921472,,,,,
standard-1789242092913944754,blob,blob/source-history,amber-go-s3,0,true,21,ingest_payload,setup,ok,,196766078,2353142000,800868000,367837184,,,,,
standard-1789242092913944754,blob,blob/source-history,amber-go-s3,0,true,21,ingest_payload,setup,ok,,207248626,2558998000,779543000,395534336,,,,,
standard-1789242092913944754,blob,blob/source-history,amber-go-s3,0,true,21,ingest_payload,setup,ok,,202590706,2355829000,774325000,345309184,,,,,
standard-1789242092913944754,blob,blob/source-history,amber-go-s3,0,true,21,ingest_payload,setup,ok,,197305187,2138833000,822149000,357400576,,,,,
standard-1789242092913944754,blob,blob/source-history,amber-go-s3,0,true,21,ingest_payload,setup,ok,,192519393,1811192000,669361000,349704192,,,,,
standard-1789242092913944754,blob,blob/source-history,amber-go-s3,0,true,21,ingest_payload,setup,ok,,190722253,2006965000,634993000,374452224,,,,,
standard-1789242092913944754,blob,blob/source-history,amber-go-s3,0,true,21,ingest_payload,setup,ok,,194003265,2058421000,745124000,365137920,,,,,
standard-1789242092913944754,blob,blob/source-history,amber-go-s3,0,true,21,ingest_payload,setup,ok,,190583097,2010722000,735346000,353792000,,,,,
standard-1789242092913944754,blob,blob/source-history,amber-go-s3,0,true,21,ingest_payload,setup,ok,,204256706,2277490000,661576000,380174336,,,,,
standard-1789242092913944754,blob,blob/source-history,amber-go-s3,0,true,21,ingest_payload,setup,ok,,196032829,1991968000,682507000,357842944,,,,,
standard-1789242092913944754,blob,blob/source-history,amber-go-s3,0,true,21,ingest_payload,setup,ok,,196718779,2111551000,617513000,345333760,,,,,
standard-1789242092913944754,blob,blob/source-history,amber-go-s3,0,true,21,ingest_payload,setup,ok,,203495192,2482715000,705506000,379305984,,,,,
standard-1789242092913944754,blob,blob/source-history,amber-go-s3,0,true,21,ingest_payload,setup,ok,,213583157,2150464000,724512000,352399360,,,,,
standard-1789242092913944754,blob,blob/source-history,amber-go-s3,0,true,21,ingest_payload,setup,ok,,210760959,2285516000,782281000,380067840,,,,,
standard-1789242092913944754,blob,blob/source-history,amber-go-s3,0,true,21,ingest_payload,setup,ok,,229822301,2510128000,1185858000,825098240,,,,,
standard-1789242092913944754,blob,blob/source-history,amber-go-s3,0,true,21,ingest_payload,setup,ok,,214570381,2202704000,727013000,346402816,,,,,
standard-1789242092913944754,blob,blob/source-history,amber-go-s3,0,true,21,ingest_payload,setup,ok,,229684568,2408876000,761372000,354672640,,,,,
standard-1789242092913944754,blob,blob/source-history,amber-go-s3,0,true,21,ingest_payload,setup,ok,,210835502,2559780000,851586000,364462080,,,,,
standard-1789242092913944754,blob,blob/source-history,amber-go-s3,0,true,21,ingest_payload,setup,ok,,207490067,2437423000,830334000,384557056,,,,,
standard-1789242092913944754,blob,blob/source-history,amber-go-s3,0,true,21,ingest_payload,setup,ok,,198163095,2033409000,702069000,351170560,,,,,
standard-1789242092913944754,blob,blob/source-history,amber-go-s3,0,true,21,ingest_payload,setup,ok,,208203358,2509775000,874073000,360390656,,,,,
standard-1789242092913944754,blob,blob/source-history,amber-go-s3,0,true,21,ingest_payload,setup,ok,,206182401,2169700000,690412000,346894336,,,,,
standard-1789242092913944754,blob,blob/source-history,amber-go-s3,0,true,21,ingest_payload,setup,ok,,205536579,2136217000,748567000,350199808,,,,,
standard-1789242092913944754,blob,blob/source-history,amber-go-s3,0,true,21,ingest_payload,setup,ok,,220926192,1957344000,749633000,388644864,,,,,
standard-1789242092913944754,blob,blob/source-history,amber-go-s3,0,true,21,ingest_payload,setup,ok,,198871296,2082921000,673898000,356499456,,,,,
standard-1789242092913944754,blob,blob/source-history,amber-go-s3,0,true,21,ingest_payload,setup,ok,,207676543,2011203000,750075000,371638272,,,,,
standard-1789242092913944754,blob,blob/source-history,amber-go-s3,0,true,21,ingest_payload,setup,ok,,174937626,1379970000,584600000,232005632,,,,,
standard-1789242092913944754,blob,blob/source-history,amber-go-s3,0,true,21,push_initial,measured,ok,,198453519,112335000,85881000,84893696,116268120,585870790.2277107,,,
standard-1789242092913944754,blob,blob/source-history,amber-go-s3,0,true,21,push_noop,measured,ok,,19123340,21959000,5887000,84893696,16111,842478.3536767113,,,
standard-1789242092913944754,blob,blob/source-history,amber-go-s3,0,true,21,pull_fresh,measured,ok,,79022978,51964000,65736000,84893696,116103969,1469243148.4928346,,,
standard-1789242092913944754,blob,blob/source-history,amber-go-s3,0,true,21,ingest_payload,setup,ok,,204689673,2401802000,782157000,361480192,,,,,
standard-1789242092913944754,blob,blob/source-history,amber-go-s3,0,true,21,ingest_payload,setup,ok,,211721755,2095583000,875097000,424960000,,,,,
standard-1789242092913944754,blob,blob/source-history,amber-go-s3,0,true,21,ingest_payload,setup,ok,,209674036,2179816000,769287000,359931904,,,,,
standard-1789242092913944754,blob,blob/source-history,amber-go-s3,0,true,21,ingest_payload,setup,ok,,205362347,2357303000,805726000,353136640,,,,,
standard-1789242092913944754,blob,blob/source-history,amber-go-s3,0,true,21,ingest_payload,setup,ok,,207332918,2378733000,743911000,364236800,,,,,
standard-1789242092913944754,blob,blob/source-history,amber-go-s3,0,true,21,ingest_payload,setup,ok,,209010941,2375676000,823260000,363122688,,,,,
standard-1789242092913944754,blob,blob/source-history,amber-go-s3,0,true,21,ingest_payload,setup,ok,,208365299,2454045000,770022000,374763520,,,,,
standard-1789242092913944754,blob,blob/source-history,amber-go-s3,0,true,21,ingest_payload,setup,ok,,203409409,2063518000,757842000,339464192,,,,,
standard-1789242092913944754,blob,blob/source-history,amber-go-s3,0,true,21,ingest_payload,setup,ok,,220777178,2474005000,814064000,367321088,,,,,
standard-1789242092913944754,blob,blob/source-history,amber-go-s3,0,true,21,ingest_payload,setup,ok,,199379888,1877408000,706085000,345464832,,,,,
standard-1789242092913944754,blob,blob/source-history,amber-go-s3,0,true,21,ingest_payload,setup,ok,,205318874,2325262000,801939000,363995136,,,,,
standard-1789242092913944754,blob,blob/source-history,amber-go-s3,0,true,21,ingest_payload,setup,ok,,214222348,2080261000,765079000,376225792,,,,,
standard-1789242092913944754,blob,blob/source-history,amber-go-s3,0,true,21,ingest_payload,setup,ok,,216546884,2376613000,719515000,378515456,,,,,
standard-1789242092913944754,blob,blob/source-history,amber-go-s3,0,true,21,push_incremental,measured,ok,,170692394,61080000,37279000,84893696,49698000,291155328.2215961,,,
standard-1789242092913944754,blob,blob/source-history,amber-go-s3,0,true,21,pull_incremental,measured,ok,,64683178,22195000,55514000,84893696,49621405,767145439.2670687,,,
standard-1789242092913944754,blob,blob/source-history,amber-go-s3,0,true,21,retention_local,setup,ok,,52772935,7474000,27817000,84893696,,,,,
standard-1789242092913944754,blob,blob/source-history,amber-go-s3,0,true,21,retention_local,setup,ok,,55553032,13884000,22850000,84893696,,,,,
standard-1789242092913944754,blob,blob/source-history,amber-go-s3,0,true,21,retention_local,setup,ok,,26872801,7854000,20617000,84893696,,,,,
standard-1789242092913944754,blob,blob/source-history,amber-go-s3,0,true,21,retention_local,setup,ok,,36044277,8386000,28284000,84893696,,,,,
standard-1789242092913944754,blob,blob/source-history,amber-go-s3,0,true,21,retention_local,setup,ok,,25983564,8293000,19740000,84893696,,,,,
standard-1789242092913944754,blob,blob/source-history,amber-go-s3,0,true,21,retention_local,setup,ok,,26085809,7012000,21032000,84893696,,,,,
standard-1789242092913944754,blob,blob/source-history,amber-go-s3,0,true,21,retention_local,setup,ok,,27636359,8441000,21115000,84893696,,,,,
standard-1789242092913944754,blob,blob/source-history,amber-go-s3,0,true,21,retention_local,setup,ok,,27345363,8322000,20831000,84893696,,,,,
standard-1789242092913944754,blob,blob/source-history,amber-go-s3,0,true,21,retention_local,setup,ok,,26920442,11826000,17174000,84893696,,,,,
standard-1789242092913944754,blob,blob/source-history,amber-go-s3,0,true,21,retention_local,setup,ok,,27607845,10808000,18696000,84893696,,,,,
standard-1789242092913944754,blob,blob/source-history,amber-go-s3,0,true,21,retention_local,setup,ok,,26753804,6907000,21656000,84893696,,,,,
standard-1789242092913944754,blob,blob/source-history,amber-go-s3,0,true,21,retention_local,setup,ok,,26449393,6096000,22307000,84893696,,,,,
standard-1789242092913944754,blob,blob/source-history,amber-go-s3,0,true,21,retention_local,setup,ok,,29539651,8705000,21743000,84893696,,,,,
standard-1789242092913944754,blob,blob/source-history,amber-go-s3,0,true,21,retention_local,setup,ok,,28127155,10827000,19130000,84893696,,,,,
standard-1789242092913944754,blob,blob/source-history,amber-go-s3,0,true,21,retention_local,setup,ok,,27428742,8415000,21033000,84893696,,,,,
standard-1789242092913944754,blob,blob/source-history,amber-go-s3,0,true,21,retention_local,setup,ok,,26730058,8169000,20455000,84893696,,,,,
standard-1789242092913944754,blob,blob/source-history,amber-go-s3,0,true,21,retention_local,setup,ok,,24745010,7438000,19113000,84893696,,,,,
standard-1789242092913944754,blob,blob/source-history,amber-go-s3,0,true,21,retention_local,setup,ok,,27250883,8978000,20208000,84893696,,,,,
standard-1789242092913944754,blob,blob/source-history,amber-go-s3,0,true,21,retention_local,setup,ok,,26548161,9219000,19409000,84893696,,,,,
standard-1789242092913944754,blob,blob/source-history,amber-go-s3,0,true,21,retention_local,setup,ok,,28384727,9731000,20625000,84893696,,,,,
standard-1789242092913944754,blob,blob/source-history,amber-go-s3,0,true,21,retention_local,setup,ok,,28227437,9010000,21070000,84893696,,,,,
standard-1789242092913944754,blob,blob/source-history,amber-go-s3,0,true,21,retention_local,setup,ok,,26139822,6465000,21548000,84893696,,,,,
standard-1789242092913944754,blob,blob/source-history,amber-go-s3,0,true,21,retention_local,setup,ok,,26786576,8348000,20429000,84893696,,,,,
standard-1789242092913944754,blob,blob/source-history,amber-go-s3,0,true,21,retention_local,setup,ok,,28553128,10732000,19883000,84893696,,,,,
standard-1789242092913944754,blob,blob/source-history,amber-go-s3,0,true,21,retention_local,setup,ok,,27367425,8390000,20932000,84893696,,,,,
standard-1789242092913944754,blob,blob/source-history,amber-go-s3,0,true,21,retention_local,setup,ok,,29346813,7345000,24113000,84893696,,,,,
standard-1789242092913944754,blob,blob/source-history,amber-go-s3,0,true,21,retention_local,setup,ok,,26564974,6614000,22003000,84893696,,,,,
standard-1789242092913944754,blob,blob/source-history,amber-go-s3,0,true,21,retention_local,setup,ok,,26273347,8063000,20176000,84893696,,,,,
standard-1789242092913944754,blob,blob/source-history,amber-go-s3,0,true,21,retention_local,setup,ok,,28504395,10652000,19673000,84893696,,,,,
standard-1789242092913944754,blob,blob/source-history,amber-go-s3,0,true,21,retention_local,setup,ok,,25902619,7840000,20178000,84893696,,,,,
standard-1789242092913944754,blob,blob/source-history,amber-go-s3,0,true,21,retention_local,setup,ok,,27345053,6078000,23074000,84893696,,,,,
standard-1789242092913944754,blob,blob/source-history,amber-go-s3,0,true,21,retention_local,setup,ok,,26969466,8957000,19946000,84893696,,,,,
standard-1789242092913944754,blob,blob/source-history,amber-go-s3,0,true,21,retention_local,setup,ok,,27916553,8335000,21267000,84893696,,,,,
standard-1789242092913944754,blob,blob/source-history,amber-go-s3,0,true,21,retention_local,setup,ok,,29758759,8204000,23481000,84893696,,,,,
standard-1789242092913944754,blob,blob/source-history,amber-go-s3,0,true,21,retention_local,setup,ok,,27790573,10606000,19127000,84893696,,,,,
standard-1789242092913944754,blob,blob/source-history,amber-go-s3,0,true,21,retention_local,setup,ok,,26119143,7888000,20272000,84893696,,,,,
standard-1789242092913944754,blob,blob/source-history,amber-go-s3,0,true,21,retention_local,setup,ok,,27308112,4327000,24899000,84893696,,,,,
standard-1789242092913944754,blob,blob/source-history,amber-go-s3,0,true,21,retention_local,setup,ok,,28406008,9868000,20717000,84893696,,,,,
standard-1789242092913944754,blob,blob/source-history,amber-go-s3,0,true,21,retention_local,setup,ok,,26907187,8661000,20160000,84893696,,,,,
standard-1789242092913944754,blob,blob/source-history,amber-go-s3,0,true,21,age_sealed_segments,setup,ok,,0,0,0,0,,,,,
standard-1789242092913944754,blob,blob/source-history,amber-go-s3,0,true,21,retention_local,setup,ok,,77793010,100286000,77308000,173600768,,,,,
standard-1789242092913944754,blob,blob/source-history,amber-go-s3,0,true,21,retention_cleanup,measured,ok,,205930652,155187000,64050000,84893696,108119857,525030421.4061343,,,
standard-1789242092913944754,blob,blob/source-history,amber-go-s3,0,true,21,inject_missing_object,verify,ok,,0,0,0,0,,,,,
standard-1789242092913944754,tree,tree/lifecycle,restic,0,true,22,restic_init,setup,ok,,3328435504,3299662000,40762000,101957632,,,,,
standard-1789242092913944754,tree,tree/lifecycle,restic,0,true,22,ingest_fresh,measured,ok,,1725670706,20142240000,3096044000,982929408,2179569013,1263027184.3995712,737958700,739123200,
standard-1789242092913944754,tree,tree/lifecycle,restic,0,true,22,ingest_repeat,measured,ok,,819260463,594449000,53415000,98422784,2179569013,2660410347.4232955,737959152,739127296,
standard-1789242092913944754,tree,tree/lifecycle,restic,0,true,22,ingest_changed,measured,ok,,1004370717,4969558000,798523000,447180800,2179966963,2170480407.3852744,744163483,745345024,
standard-1789242092913944754,tree,tree/lifecycle,restic,0,true,22,list_recursive,measured,ok,,764956786,557226000,20913000,85401600,,,,,
standard-1789242092913944754,tree,tree/lifecycle,restic,0,true,22,read_full,measured,ok,,2031588603,2991140000,414815000,246149120,2179569013,1072839751.9957932,,,
standard-1789242092913944754,tree,tree/lifecycle,restic,0,true,22,restore_full,measured,ok,,1808487578,1848141000,712367000,258359296,2179569013,1205188821.5955443,,,
standard-1789242092913944754,tree,tree/lifecycle,restic,0,true,22,integrity_check,verify,ok,,1544747588,2069319000,161992000,156852224,,,,,
standard-1789242092913944754,tree,tree/lifecycle,restic,0,true,22,ref_delete,measured,ok,,729368351,511943000,26116000,85401600,,,744162616,745336832,
standard-1789242092913944754,tree,tree/lifecycle,restic,0,true,22,gc,measured,ok,,5313773434,5059862000,838251000,335659008,,,738354347,739532800,5804032
standard-1789242092913944754,tree,tree/lifecycle,restic,0,true,22,restore_full,verify,ok,,1785840125,1868962000,670732000,275206144,,,,,
standard-1789242092913944754,tree,tree/lifecycle,restic,0,true,22,post_gc_integrity_check,verify,ok,,1560397992,2067133000,141667000,153657344,,,,,
standard-1789242092913944754,git,git/history,amber-rust,1,true,0,materialise_states,setup,ok,,1052498662,0,0,0,,,,,
standard-1789242092913944754,git,git/history,amber-rust,1,true,0,history_store,measured,ok,,2241872009,5081227000,5123463000,85401600,4314044416,1924304509.2142904,119705046,117669888,
standard-1789242092913944754,git,git/history,amber-rust,1,true,0,clone_full,measured,unsupported,these cores ship no repository-to-repository transfer command; what they can do to publish a store is measured in the blob scenario group as a file-level object-storage transport,,,,,,,,,
standard-1789242092913944754,git,git/history,amber-rust,1,true,0,materialise_states,setup,ok,,175501464,0,0,0,,,,,
standard-1789242092913944754,git,git/history,amber-rust,1,true,0,history_store_incremental,measured,ok,,792091961,1706600000,1653616000,85401600,1438015488,1815465323.2240038,120527190,118501376,
standard-1789242092913944754,git,git/history,amber-rust,1,true,0,fetch_incremental,measured,unsupported,these cores ship no incremental fetch command; see the blob scenario group for incremental object-storage publication,,,,,,,,,
standard-1789242092913944754,git,git/history,amber-rust,1,true,0,gc,measured,ok,,49674782,23347000,25424000,85401600,,,120641576,118616064,-114688
standard-1789242092913944754,git,git/history,amber-rust,1,true,0,list_head,measured,ok,,116316389,32687000,73901000,85401600,,,,,
standard-1789242092913944754,git,git/history,amber-rust,1,true,0,read_all_versions,measured,ok,,1378930985,987431000,366945000,122642432,5752059904,4171390712.494578,,,
standard-1789242092913944754,git,git/history,amber-rust,1,true,0,checkout_version,measured,ok,,160290081,31792000,127370000,122380288,,,,,
standard-1789242092913944754,git,git/history,amber-rust,1,true,0,retained_version_restore,verify,ok,,160950501,34757000,125025000,113827840,,,,,
standard-1789242092913944754,git,git/history,amber-rust,1,true,0,retained_version_restore,verify,ok,,162610049,29891000,131546000,113815552,,,,,
standard-1789242092913944754,git,git/history,amber-rust,1,true,0,retained_version_restore,verify,ok,,160480424,41334000,117868000,113930240,,,,,
standard-1789242092913944754,git,git/history,amber-rust,1,true,0,retained_version_restore,verify,ok,,161719469,25728000,134248000,113942528,,,,,
standard-1789242092913944754,git,git/history,amber-rust,1,true,0,retained_version_restore,verify,ok,,161559704,40489000,119292000,114233344,,,,,
standard-1789242092913944754,git,git/history,amber-rust,1,true,0,retained_version_restore,verify,ok,,162794832,31722000,129825000,113700864,,,,,
standard-1789242092913944754,git,git/history,amber-rust,1,true,0,retained_version_restore,verify,ok,,162766838,32664000,128873000,113930240,,,,,
standard-1789242092913944754,git,git/history,amber-rust,1,true,0,retained_version_restore,verify,ok,,160830392,31723000,127909000,114298880,,,,,
standard-1789242092913944754,git,git/history,amber-rust,1,true,0,retained_version_restore,verify,ok,,161592306,39083000,121280000,114221056,,,,,
standard-1789242092913944754,git,git/history,amber-rust,1,true,0,retained_version_restore,verify,ok,,166398400,41321000,123003000,114335744,,,,,
standard-1789242092913944754,git,git/history,amber-rust,1,true,0,retained_version_restore,verify,ok,,166109538,31390000,133564000,114020352,,,,,
standard-1789242092913944754,git,git/history,amber-rust,1,true,0,retained_version_restore,verify,ok,,164701221,30651000,132381000,114638848,,,,,
standard-1789242092913944754,git,git/history,amber-rust,1,true,0,retained_version_restore,verify,ok,,163676053,35699000,126762000,114544640,,,,,
standard-1789242092913944754,git,git/history,amber-rust,1,true,0,retained_version_restore,verify,ok,,165240389,30830000,133140000,114618368,,,,,
standard-1789242092913944754,git,git/history,amber-rust,1,true,0,retained_version_restore,verify,ok,,166103797,34771000,129780000,114720768,,,,,
standard-1789242092913944754,git,git/history,amber-rust,1,true,0,retained_version_restore,verify,ok,,164588886,28573000,134215000,114450432,,,,,
standard-1789242092913944754,git,git/history,amber-rust,1,true,0,retained_version_restore,verify,ok,,163057062,33592000,127356000,114753536,,,,,
standard-1789242092913944754,git,git/history,amber-rust,1,true,0,retained_version_restore,verify,ok,,163481332,34855000,127413000,114585600,,,,,
standard-1789242092913944754,git,git/history,amber-rust,1,true,0,retained_version_restore,verify,ok,,163050670,32655000,128241000,114925568,,,,,
standard-1789242092913944754,git,git/history,amber-rust,1,true,0,retained_version_restore,verify,ok,,163511229,32799000,129017000,114872320,,,,,
standard-1789242092913944754,git,git/history,amber-rust,1,true,0,retained_version_restore,verify,ok,,164524944,27600000,135258000,114761728,,,,,
standard-1789242092913944754,git,git/history,amber-rust,1,true,0,retained_version_restore,verify,ok,,164159165,39612000,122676000,114737152,,,,,
standard-1789242092913944754,git,git/history,amber-rust,1,true,0,retained_version_restore,verify,ok,,164737800,35457000,127144000,114929664,,,,,
standard-1789242092913944754,git,git/history,amber-rust,1,true,0,retained_version_restore,verify,ok,,163304274,31675000,130449000,114737152,,,,,
standard-1789242092913944754,git,git/history,amber-rust,1,true,0,retained_version_restore,verify,ok,,167016650,40622000,124623000,114769920,,,,,
standard-1789242092913944754,git,git/history,amber-rust,1,true,0,retained_version_restore,verify,ok,,164150048,50554000,111868000,114798592,,,,,
standard-1789242092913944754,git,git/history,amber-rust,1,true,0,retained_version_restore,verify,ok,,165649921,34853000,129512000,121122816,,,,,
standard-1789242092913944754,git,git/history,amber-rust,1,true,0,retained_version_restore,verify,ok,,165590357,33699000,130658000,121163776,,,,,
standard-1789242092913944754,git,git/history,amber-rust,1,true,0,retained_version_restore,verify,ok,,165972987,36943000,127822000,121450496,,,,,
standard-1789242092913944754,git,git/history,amber-rust,1,true,0,retained_version_restore,verify,ok,,164230752,33736000,129227000,121032704,,,,,
standard-1789242092913944754,git,git/history,amber-rust,1,true,0,retained_version_restore,verify,ok,,165682583,36691000,127778000,121524224,,,,,
standard-1789242092913944754,git,git/history,amber-rust,1,true,0,retained_version_restore,verify,ok,,165377751,35053000,129058000,121499648,,,,,
standard-1789242092913944754,git,git/history,amber-rust,1,true,0,retained_version_restore,verify,ok,,167667031,37885000,128451000,121749504,,,,,
standard-1789242092913944754,git,git/history,amber-rust,1,true,0,retained_version_restore,verify,ok,,167969298,35729000,130962000,121192448,,,,,
standard-1789242092913944754,git,git/history,amber-rust,1,true,0,retained_version_restore,verify,ok,,165429491,31686000,132536000,121622528,,,,,
standard-1789242092913944754,git,git/history,amber-rust,1,true,0,retained_version_restore,verify,ok,,166552855,35114000,130247000,121622528,,,,,
standard-1789242092913944754,git,git/history,amber-rust,1,true,0,retained_version_restore,verify,ok,,163457807,34827000,127429000,122007552,,,,,
standard-1789242092913944754,git,git/history,amber-rust,1,true,0,retained_version_restore,verify,ok,,163263076,30804000,131211000,121516032,,,,,
standard-1789242092913944754,git,git/history,amber-rust,1,true,0,retained_version_restore,verify,ok,,166192086,40710000,124167000,121614336,,,,,
standard-1789242092913944754,git,git/history,amber-rust,1,true,0,retained_version_restore,verify,ok,,164709917,29695000,133772000,121749504,,,,,
standard-1789242092913944754,git,git/history,amber-rust,1,true,0,retained_version_restore,verify,ok,,165592111,41799000,122577000,122056704,,,,,
standard-1789242092913944754,git,git/history,amber-rust,1,true,0,retained_version_restore,verify,ok,,167709091,29871000,136512000,122105856,,,,,
standard-1789242092913944754,git,git/history,amber-rust,1,true,0,retained_version_restore,verify,ok,,163953743,39922000,122851000,122298368,,,,,
standard-1789242092913944754,git,git/history,amber-rust,1,true,0,retained_version_restore,verify,ok,,165215663,39978000,123960000,121835520,,,,,
standard-1789242092913944754,git,git/history,amber-rust,1,true,0,retained_version_restore,verify,ok,,165975523,29803000,134983000,122376192,,,,,
standard-1789242092913944754,git,git/history,amber-rust,1,true,0,retained_version_restore,verify,ok,,165819054,33669000,130857000,122114048,,,,,
standard-1789242092913944754,git,git/history,amber-rust,1,true,0,retained_version_restore,verify,ok,,164120663,28819000,134023000,121950208,,,,,
standard-1789242092913944754,git,git/history,amber-rust,1,true,0,retained_version_restore,verify,ok,,167204759,34872000,131162000,122671104,,,,,
standard-1789242092913944754,git,git/history,amber-rust,1,true,0,retained_version_restore,verify,ok,,169727975,34726000,133833000,122396672,,,,,
standard-1789242092913944754,git,git/history,amber-rust,1,true,0,retained_version_restore,verify,ok,,168349093,40823000,126327000,122093568,,,,,
standard-1789242092913944754,git,git/history,amber-rust,1,true,0,retained_version_restore,verify,ok,,170405668,32861000,136319000,122286080,,,,,
standard-1789242092913944754,git,git/history,amber-rust,1,true,0,retained_version_restore,verify,ok,,165556443,35710000,127980000,122712064,,,,,
standard-1789242092913944754,git,git/history,amber-rust,1,true,0,retained_version_coverage,verify,ok,,0,0,0,0,,,,,
standard-1789242092913944754,git,git/history,amber-rust,1,true,0,ref_delete,measured,ok,,4798068,3295000,1100000,85401600,,,,,
standard-1789242092913944754,git,git/history,amber-rust,1,true,0,integrity_check,verify,ok,,27903489,18678000,8815000,122515456,,,,,
standard-1789242092913944754,blob,blob/source-history,amber-go-s3,1,true,1,ingest_payload,setup,ok,,307698927,3747513000,1226535000,880959488,,,,,
standard-1789242092913944754,blob,blob/source-history,amber-go-s3,1,true,1,ingest_payload,setup,ok,,201471343,2235990000,731998000,357527552,,,,,
standard-1789242092913944754,blob,blob/source-history,amber-go-s3,1,true,1,ingest_payload,setup,ok,,208711412,2583808000,752921000,354131968,,,,,
standard-1789242092913944754,blob,blob/source-history,amber-go-s3,1,true,1,ingest_payload,setup,ok,,197132502,2440446000,783707000,347463680,,,,,
standard-1789242092913944754,blob,blob/source-history,amber-go-s3,1,true,1,ingest_payload,setup,ok,,194346734,2420467000,778348000,352993280,,,,,
standard-1789242092913944754,blob,blob/source-history,amber-go-s3,1,true,1,ingest_payload,setup,ok,,210680860,2385429000,845971000,358948864,,,,,
standard-1789242092913944754,blob,blob/source-history,amber-go-s3,1,true,1,ingest_payload,setup,ok,,205548194,2447949000,770239000,398360576,,,,,
standard-1789242092913944754,blob,blob/source-history,amber-go-s3,1,true,1,ingest_payload,setup,ok,,198584172,2129468000,640940000,346710016,,,,,
standard-1789242092913944754,blob,blob/source-history,amber-go-s3,1,true,1,ingest_payload,setup,ok,,204801559,2371740000,689230000,359698432,,,,,
standard-1789242092913944754,blob,blob/source-history,amber-go-s3,1,true,1,ingest_payload,setup,ok,,198240847,2192756000,746193000,377942016,,,,,
standard-1789242092913944754,blob,blob/source-history,amber-go-s3,1,true,1,ingest_payload,setup,ok,,197060093,2410778000,766593000,363257856,,,,,
standard-1789242092913944754,blob,blob/source-history,amber-go-s3,1,true,1,ingest_payload,setup,ok,,201230684,2337339000,813990000,404873216,,,,,
standard-1789242092913944754,blob,blob/source-history,amber-go-s3,1,true,1,ingest_payload,setup,ok,,204073229,2504099000,797479000,370929664,,,,,
standard-1789242092913944754,blob,blob/source-history,amber-go-s3,1,true,1,ingest_payload,setup,ok,,210994419,2475510000,810468000,374374400,,,,,
standard-1789242092913944754,blob,blob/source-history,amber-go-s3,1,true,1,ingest_payload,setup,ok,,196101443,2043891000,671664000,371113984,,,,,
standard-1789242092913944754,blob,blob/source-history,amber-go-s3,1,true,1,ingest_payload,setup,ok,,199138590,1994330000,765333000,362721280,,,,,
standard-1789242092913944754,blob,blob/source-history,amber-go-s3,1,true,1,ingest_payload,setup,ok,,193804541,2048558000,643000000,346501120,,,,,
standard-1789242092913944754,blob,blob/source-history,amber-go-s3,1,true,1,ingest_payload,setup,ok,,208402593,2208128000,735986000,387952640,,,,,
standard-1789242092913944754,blob,blob/source-history,amber-go-s3,1,true,1,ingest_payload,setup,ok,,191408567,1704252000,659397000,368828416,,,,,
standard-1789242092913944754,blob,blob/source-history,amber-go-s3,1,true,1,ingest_payload,setup,ok,,205300842,2163261000,782433000,386899968,,,,,
standard-1789242092913944754,blob,blob/source-history,amber-go-s3,1,true,1,ingest_payload,setup,ok,,202977748,2316470000,757933000,387981312,,,,,
standard-1789242092913944754,blob,blob/source-history,amber-go-s3,1,true,1,ingest_payload,setup,ok,,190092114,2137613000,784780000,354598912,,,,,
standard-1789242092913944754,blob,blob/source-history,amber-go-s3,1,true,1,ingest_payload,setup,ok,,193268817,1934465000,765194000,363384832,,,,,
standard-1789242092913944754,blob,blob/source-history,amber-go-s3,1,true,1,ingest_payload,setup,ok,,203532868,2417407000,840337000,384188416,,,,,
standard-1789242092913944754,blob,blob/source-history,amber-go-s3,1,true,1,ingest_payload,setup,ok,,208171050,2418847000,782264000,362459136,,,,,
standard-1789242092913944754,blob,blob/source-history,amber-go-s3,1,true,1,ingest_payload,setup,ok,,201901394,2127228000,710303000,380043264,,,,,
standard-1789242092913944754,blob,blob/source-history,amber-go-s3,1,true,1,ingest_payload,setup,ok,,248641355,2653420000,1236329000,821608448,,,,,
standard-1789242092913944754,blob,blob/source-history,amber-go-s3,1,true,1,ingest_payload,setup,ok,,212381297,2373182000,828743000,365473792,,,,,
standard-1789242092913944754,blob,blob/source-history,amber-go-s3,1,true,1,ingest_payload,setup,ok,,193533331,1968296000,648175000,347357184,,,,,
standard-1789242092913944754,blob,blob/source-history,amber-go-s3,1,true,1,ingest_payload,setup,ok,,204878847,2534947000,782678000,378101760,,,,,
standard-1789242092913944754,blob,blob/source-history,amber-go-s3,1,true,1,ingest_payload,setup,ok,,205340207,2226903000,732890000,357179392,,,,,
standard-1789242092913944754,blob,blob/source-history,amber-go-s3,1,true,1,ingest_payload,setup,ok,,199038990,2293179000,788287000,368930816,,,,,
standard-1789242092913944754,blob,blob/source-history,amber-go-s3,1,true,1,ingest_payload,setup,ok,,202852138,2235126000,742337000,367022080,,,,,
standard-1789242092913944754,blob,blob/source-history,amber-go-s3,1,true,1,ingest_payload,setup,ok,,204411395,1916971000,721047000,334254080,,,,,
standard-1789242092913944754,blob,blob/source-history,amber-go-s3,1,true,1,ingest_payload,setup,ok,,197519310,1798346000,839668000,408739840,,,,,
standard-1789242092913944754,blob,blob/source-history,amber-go-s3,1,true,1,ingest_payload,setup,ok,,211954982,2239464000,775979000,342130688,,,,,
standard-1789242092913944754,blob,blob/source-history,amber-go-s3,1,true,1,ingest_payload,setup,ok,,207596033,2090412000,721499000,364126208,,,,,
standard-1789242092913944754,blob,blob/source-history,amber-go-s3,1,true,1,ingest_payload,setup,ok,,208857511,2149209000,774362000,363573248,,,,,
standard-1789242092913944754,blob,blob/source-history,amber-go-s3,1,true,1,ingest_payload,setup,ok,,177816233,1260076000,620197000,223195136,,,,,
standard-1789242092913944754,blob,blob/source-history,amber-go-s3,1,true,1,push_initial,measured,ok,,194242155,116094000,73195000,85401600,116268032,598572601.2975917,,,
standard-1789242092913944754,blob,blob/source-history,amber-go-s3,1,true,1,push_noop,measured,ok,,19182253,14598000,12307000,85401600,16111,839890.9137524148,,,
standard-1789242092913944754,blob,blob/source-history,amber-go-s3,1,true,1,pull_fresh,measured,ok,,75100963,49407000,76722000,85401600,116103881,1545970602.2677765,,,
standard-1789242092913944754,blob,blob/source-history,amber-go-s3,1,true,1,ingest_payload,setup,ok,,200593508,1981711000,805533000,398168064,,,,,
standard-1789242092913944754,blob,blob/source-history,amber-go-s3,1,true,1,ingest_payload,setup,ok,,215501072,2294188000,782985000,377724928,,,,,
standard-1789242092913944754,blob,blob/source-history,amber-go-s3,1,true,1,ingest_payload,setup,ok,,211458075,2485428000,818980000,370184192,,,,,
standard-1789242092913944754,blob,blob/source-history,amber-go-s3,1,true,1,ingest_payload,setup,ok,,196209370,1845752000,684624000,331177984,,,,,
standard-1789242092913944754,blob,blob/source-history,amber-go-s3,1,true,1,ingest_payload,setup,ok,,202256723,1837402000,778053000,363532288,,,,,
standard-1789242092913944754,blob,blob/source-history,amber-go-s3,1,true,1,ingest_payload,setup,ok,,214973154,2255803000,743764000,350478336,,,,,
standard-1789242092913944754,blob,blob/source-history,amber-go-s3,1,true,1,ingest_payload,setup,ok,,209710650,2111187000,783556000,364048384,,,,,
standard-1789242092913944754,blob,blob/source-history,amber-go-s3,1,true,1,ingest_payload,setup,ok,,207934059,2442620000,874443000,359329792,,,,,
standard-1789242092913944754,blob,blob/source-history,amber-go-s3,1,true,1,ingest_payload,setup,ok,,210322798,2427856000,755777000,350961664,,,,,
standard-1789242092913944754,blob,blob/source-history,amber-go-s3,1,true,1,ingest_payload,setup,ok,,216626400,2313988000,790030000,392093696,,,,,
standard-1789242092913944754,blob,blob/source-history,amber-go-s3,1,true,1,ingest_payload,setup,ok,,198365726,1943471000,636555000,339341312,,,,,
standard-1789242092913944754,blob,blob/source-history,amber-go-s3,1,true,1,ingest_payload,setup,ok,,203053483,2141981000,730792000,374194176,,,,,
standard-1789242092913944754,blob,blob/source-history,amber-go-s3,1,true,1,ingest_payload,setup,ok,,206104176,2489836000,749362000,345829376,,,,,
standard-1789242092913944754,blob,blob/source-history,amber-go-s3,1,true,1,push_incremental,measured,ok,,167976001,64696000,34023000,85401600,49672524,295712028.5295993,,,
standard-1789242092913944754,blob,blob/source-history,amber-go-s3,1,true,1,pull_incremental,measured,ok,,108846793,25303000,50876000,85401600,49596019,455649795.7638495,,,
standard-1789242092913944754,blob,blob/source-history,amber-go-s3,1,true,1,retention_local,setup,ok,,29811631,7656000,24073000,85663744,,,,,
standard-1789242092913944754,blob,blob/source-history,amber-go-s3,1,true,1,retention_local,setup,ok,,31000139,7167000,26618000,85663744,,,,,
standard-1789242092913944754,blob,blob/source-history,amber-go-s3,1,true,1,retention_local,setup,ok,,26137338,6251000,21864000,85663744,,,,,
standard-1789242092913944754,blob,blob/source-history,amber-go-s3,1,true,1,retention_local,setup,ok,,26911215,6381000,22799000,85663744,,,,,
standard-1789242092913944754,blob,blob/source-history,amber-go-s3,1,true,1,retention_local,setup,ok,,27272715,5196000,23922000,85663744,,,,,
standard-1789242092913944754,blob,blob/source-history,amber-go-s3,1,true,1,retention_local,setup,ok,,25650639,6092000,21345000,85663744,,,,,
standard-1789242092913944754,blob,blob/source-history,amber-go-s3,1,true,1,retention_local,setup,ok,,25584432,9117000,18240000,85663744,,,,,
standard-1789242092913944754,blob,blob/source-history,amber-go-s3,1,true,1,retention_local,setup,ok,,25038771,8577000,18233000,85663744,,,,,
standard-1789242092913944754,blob,blob/source-history,amber-go-s3,1,true,1,retention_local,setup,ok,,28283965,6309000,24143000,85663744,,,,,
standard-1789242092913944754,blob,blob/source-history,amber-go-s3,1,true,1,retention_local,setup,ok,,28200196,8018000,21947000,85663744,,,,,
standard-1789242092913944754,blob,blob/source-history,amber-go-s3,1,true,1,retention_local,setup,ok,,26816054,4256000,24457000,85663744,,,,,
standard-1789242092913944754,blob,blob/source-history,amber-go-s3,1,true,1,retention_local,setup,ok,,27458629,8403000,21014000,85663744,,,,,
standard-1789242092913944754,blob,blob/source-history,amber-go-s3,1,true,1,retention_local,setup,ok,,26903911,8842000,19908000,85663744,,,,,
standard-1789242092913944754,blob,blob/source-history,amber-go-s3,1,true,1,retention_local,setup,ok,,28531968,9356000,20944000,85663744,,,,,
standard-1789242092913944754,blob,blob/source-history,amber-go-s3,1,true,1,retention_local,setup,ok,,26739477,10182000,18363000,85663744,,,,,
standard-1789242092913944754,blob,blob/source-history,amber-go-s3,1,true,1,retention_local,setup,ok,,27587927,9129000,20334000,85663744,,,,,
standard-1789242092913944754,blob,blob/source-history,amber-go-s3,1,true,1,retention_local,setup,ok,,28838323,6373000,24696000,85663744,,,,,
standard-1789242092913944754,blob,blob/source-history,amber-go-s3,1,true,1,retention_local,setup,ok,,27961370,4420000,25354000,85663744,,,,,
standard-1789242092913944754,blob,blob/source-history,amber-go-s3,1,true,1,retention_local,setup,ok,,28168265,7565000,22632000,85663744,,,,,
standard-1789242092913944754,blob,blob/source-history,amber-go-s3,1,true,1,retention_local,setup,ok,,28241254,8922000,21186000,85663744,,,,,
standard-1789242092913944754,blob,blob/source-history,amber-go-s3,1,true,1,retention_local,setup,ok,,27167514,8298000,20723000,85663744,,,,,
standard-1789242092913944754,blob,blob/source-history,amber-go-s3,1,true,1,retention_local,setup,ok,,28246083,6207000,23823000,85663744,,,,,
standard-1789242092913944754,blob,blob/source-history,amber-go-s3,1,true,1,retention_local,setup,ok,,27677297,7913000,21783000,85663744,,,,,
standard-1789242092913944754,blob,blob/source-history,amber-go-s3,1,true,1,retention_local,setup,ok,,27479029,7798000,21466000,85663744,,,,,
standard-1789242092913944754,blob,blob/source-history,amber-go-s3,1,true,1,retention_local,setup,ok,,26166914,9334000,18642000,85663744,,,,,
standard-1789242092913944754,blob,blob/source-history,amber-go-s3,1,true,1,retention_local,setup,ok,,27240042,5872000,23417000,85663744,,,,,
standard-1789242092913944754,blob,blob/source-history,amber-go-s3,1,true,1,retention_local,setup,ok,,27311929,7796000,21187000,85663744,,,,,
standard-1789242092913944754,blob,blob/source-history,amber-go-s3,1,true,1,retention_local,setup,ok,,27958524,8633000,21568000,85663744,,,,,
standard-1789242092913944754,blob,blob/source-history,amber-go-s3,1,true,1,retention_local,setup,ok,,27643032,6924000,22719000,85663744,,,,,
standard-1789242092913944754,blob,blob/source-history,amber-go-s3,1,true,1,retention_local,setup,ok,,27098613,6711000,22412000,85925888,,,,,
standard-1789242092913944754,blob,blob/source-history,amber-go-s3,1,true,1,retention_local,setup,ok,,26662450,8605000,20094000,85925888,,,,,
standard-1789242092913944754,blob,blob/source-history,amber-go-s3,1,true,1,retention_local,setup,ok,,27678048,10254000,19480000,85925888,,,,,
standard-1789242092913944754,blob,blob/source-history,amber-go-s3,1,true,1,retention_local,setup,ok,,27501111,8680000,20606000,85925888,,,,,
standard-1789242092913944754,blob,blob/source-history,amber-go-s3,1,true,1,retention_local,setup,ok,,26171923,9000000,18963000,85925888,,,,,
standard-1789242092913944754,blob,blob/source-history,amber-go-s3,1,true,1,retention_local,setup,ok,,26572538,8100000,20259000,85925888,,,,,
standard-1789242092913944754,blob,blob/source-history,amber-go-s3,1,true,1,retention_local,setup,ok,,27238178,6704000,22310000,85925888,,,,,
standard-1789242092913944754,blob,blob/source-history,amber-go-s3,1,true,1,retention_local,setup,ok,,26111930,8688000,19583000,85925888,,,,,
standard-1789242092913944754,blob,blob/source-history,amber-go-s3,1,true,1,retention_local,setup,ok,,29227626,9684000,21534000,85925888,,,,,
standard-1789242092913944754,blob,blob/source-history,amber-go-s3,1,true,1,retention_local,setup,ok,,27735879,11256000,18752000,85925888,,,,,
standard-1789242092913944754,blob,blob/source-history,amber-go-s3,1,true,1,age_sealed_segments,setup,ok,,0,0,0,0,,,,,
standard-1789242092913944754,blob,blob/source-history,amber-go-s3,1,true,1,retention_local,setup,ok,,82548389,85729000,96267000,173932544,,,,,
standard-1789242092913944754,blob,blob/source-history,amber-go-s3,1,true,1,retention_cleanup,measured,ok,,216717765,160023000,63440000,85925888,108119857,498897065.49899125,,,
standard-1789242092913944754,blob,blob/source-history,amber-go-s3,1,true,1,inject_missing_object,verify,ok,,0,0,0,0,,,,,
standard-1789242092913944754,nix,nix/closure,nix,1,true,2,import_initial,measured,ok,,94787559,81984000,71992000,86188032,184550399,1946989678.2551389,193049601,193241088,
standard-1789242092913944754,nix,nix/closure,nix,1,true,2,import_repeat,measured,ok,,20779622,12537000,5199000,86188032,184550399,8881316464.75571,193049601,193241088,
standard-1789242092913944754,nix,nix/closure,nix,1,true,2,import_incremental,measured,ok,,73321577,47108000,29431000,86188032,192939113,2631409755.4121075,276936186,277172224,
standard-1789242092913944754,nix,nix/closure,nix,1,true,2,catalog_list,measured,ok,,16933221,7715000,9918000,86188032,,,,,
standard-1789242092913944754,nix,nix/closure,nix,1,true,2,closure_query,measured,ok,,14980733,8373000,7315000,86188032,,,,,
standard-1789242092913944754,nix,nix/closure,nix,1,true,2,nar_and_reference_registration,setup,ok,,0,0,0,0,,,,,
standard-1789242092913944754,nix,nix/closure,nix,1,true,2,read_closure,measured,ok,,149696572,73127000,81680000,86188032,192939113,1288867944.1503844,,,
standard-1789242092913944754,nix,nix/closure,nix,1,true,2,cache_export,measured,ok,,19123764186,29077727000,567679000,489357312,,,,,
standard-1789242092913944754,nix,nix/closure,nix,1,true,2,materialize_closure,measured,ok,,74301148,88291000,68729000,86188032,192939113,2596717792.3011365,,,
standard-1789242092913944754,nix,nix/closure,nix,1,true,2,cache_substitute,measured,ok,,112203150,164473000,82159000,132329472,,,,,
standard-1789242092913944754,nix,nix/closure,nix,1,true,2,delete_path,measured,ok,,23325951,12711000,10795000,86188032,,,260158571,260378624,
standard-1789242092913944754,nix,nix/closure,nix,1,true,2,register_gc_root,setup,ok,,0,0,0,0,,,,,
standard-1789242092913944754,nix,nix/closure,nix,1,true,2,gc,measured,ok,,24446801,15568000,9336000,86188032,,,193049707,193265664,67117056
standard-1789242092913944754,nix,nix/closure,nix,1,true,2,post_gc_materialize,verify,ok,,70086142,88346000,65072000,86188032,,,,,
standard-1789242092913944754,nix,nix/closure,nix,1,true,2,integrity_check,verify,ok,,47858186,81114000,26708000,86188032,,,,,
standard-1789242092913944754,tree,tree/lifecycle,amber-go,1,true,3,ingest_fresh,measured,ok,,1385342870,25028338000,3312039000,1129041920,2179569013,1573306551.178915,723790493,728498176,
standard-1789242092913944754,tree,tree/lifecycle,amber-go,1,true,3,ingest_repeat,measured,ok,,665762609,8271310000,2030010000,322019328,2179569013,3273793066.0807056,723791216,728506368,
standard-1789242092913944754,tree,tree/lifecycle,amber-go,1,true,3,ingest_changed,measured,ok,,802016715,12241644000,2535543000,466845696,2179966963,2718106645.695034,729744700,734461952,
standard-1789242092913944754,tree,tree/lifecycle,amber-go,1,true,3,list_recursive,measured,ok,,5041438893,1488137000,3858171000,89354240,,,,,
standard-1789242092913944754,tree,tree/lifecycle,amber-go,1,true,3,read_full,measured,ok,,784183419,1012987000,161862000,705228800,2179569013,2779412265.282799,,,
standard-1789242092913944754,tree,tree/lifecycle,amber-go,1,true,3,restore_full,measured,ok,,1727387005,1349040000,952364000,703844352,2179569013,1261772264.5192645,,,
standard-1789242092913944754,tree,tree/lifecycle,amber-go,1,true,3,integrity_check,verify,ok,,784996871,1012086000,169317000,706023424,,,,,
standard-1789242092913944754,tree,tree/lifecycle,amber-go,1,true,3,ref_delete,measured,ok,,66670533,17198000,53792000,86712320,,,729744362,734457856,
standard-1789242092913944754,tree,tree/lifecycle,amber-go,1,true,3,age_sealed_segments,setup,ok,,0,0,0,0,,,,,
standard-1789242092913944754,tree,tree/lifecycle,amber-go,1,true,3,gc,measured,ok,,431687936,1199202000,409947000,712294400,,,725322744,725413888,9043968
standard-1789242092913944754,tree,tree/lifecycle,amber-go,1,true,3,restore_full,verify,ok,,1723622912,1349259000,960091000,691077120,,,,,
standard-1789242092913944754,tree,tree/lifecycle,amber-go,1,true,3,post_gc_integrity_check,verify,ok,,761082527,952844000,187865000,690188288,,,,,
standard-1789242092913944754,git,git/history,git,1,true,4,git_init,setup,ok,,2320940,0,2154000,86712320,,,,,
standard-1789242092913944754,git,git/history,git,1,true,4,git_init,setup,ok,,1035516,0,924000,86712320,,,,,
standard-1789242092913944754,git,git/history,git,1,true,4,git_init,setup,ok,,1333084,0,1225000,86712320,,,,,
standard-1789242092913944754,git,git/history,git,1,true,4,git_init,setup,ok,,1066656,967000,0,86712320,,,,,
standard-1789242092913944754,git,git/history,git,1,true,4,git_init,setup,ok,,926328,844000,0,86712320,,,,,
standard-1789242092913944754,git,git/history,git,1,true,4,git_init,setup,ok,,869980,0,798000,86712320,,,,,
standard-1789242092913944754,git,git/history,git,1,true,4,git_init,setup,ok,,870000,0,797000,86712320,,,,,
standard-1789242092913944754,git,git/history,git,1,true,4,git_init,setup,ok,,905939,0,794000,86712320,,,,,
standard-1789242092913944754,git,git/history,git,1,true,4,git_init,setup,ok,,859600,796000,0,86712320,,,,,
standard-1789242092913944754,git,git/history,git,1,true,4,git_init,setup,ok,,867195,793000,0,86712320,,,,,
standard-1789242092913944754,git,git/history,git,1,true,4,git_init,setup,ok,,865692,0,792000,86712320,,,,,
standard-1789242092913944754,git,git/history,git,1,true,4,git_init,setup,ok,,879389,801000,0,86712320,,,,,
standard-1789242092913944754,git,git/history,git,1,true,4,materialise_states,setup,ok,,637170398,0,0,0,,,,,
standard-1789242092913944754,git,git/history,git,1,true,4,history_store,measured,ok,,1978491083,1498673000,572977000,86974464,4314044416,2180472003.673923,123551065,131485696,
standard-1789242092913944754,git,git/history,git,1,true,4,clone_full,measured,ok,,6644420041,6768922000,475409000,259981312,,,,,
standard-1789242092913944754,git,git/history,git,1,true,4,materialise_states,setup,ok,,50162575,0,0,0,,,,,
standard-1789242092913944754,git,git/history,git,1,true,4,history_store_incremental,measured,ok,,163063725,79411000,116697000,87236608,1438015488,8818733216.109224,124385521,133283840,
standard-1789242092913944754,git,git/history,git,1,true,4,fetch_incremental,measured,ok,,49241787,47522000,27653000,87236608,,,,,
standard-1789242092913944754,git,git/history,git,1,true,4,gc,measured,ok,,6347449805,6358819000,314358000,262086656,,,114578983,114728960,18554880
standard-1789242092913944754,git,git/history,git,1,true,4,list_head,measured,ok,,2335768,0,2231000,87236608,,,,,
standard-1789242092913944754,git,git/history,git,1,true,4,read_all_versions,measured,ok,,1839430879,1368808000,455548000,122818560,5752059904,3127086736.2665386,,,
standard-1789242092913944754,git,git/history,git,1,true,4,checkout_version,measured,ok,,90966025,30771000,59468000,119332864,,,,,
standard-1789242092913944754,git,git/history,git,1,true,4,retained_version_restore,verify,ok,,93286415,27882000,64745000,122634240,,,,,
standard-1789242092913944754,git,git/history,git,1,true,4,retained_version_restore,verify,ok,,93461077,33210000,58607000,122822656,,,,,
standard-1789242092913944754,git,git/history,git,1,true,4,retained_version_restore,verify,ok,,92651252,31672000,60344000,122490880,,,,,
standard-1789242092913944754,git,git/history,git,1,true,4,retained_version_restore,verify,ok,,98448628,32948000,64888000,122433536,,,,,
standard-1789242092913944754,git,git/history,git,1,true,4,retained_version_restore,verify,ok,,96359240,38498000,57288000,122753024,,,,,
standard-1789242092913944754,git,git/history,git,1,true,4,retained_version_restore,verify,ok,,96826452,48121000,48107000,122396672,,,,,
standard-1789242092913944754,git,git/history,git,1,true,4,retained_version_restore,verify,ok,,96868192,39473000,56190000,122281984,,,,,
standard-1789242092913944754,git,git/history,git,1,true,4,retained_version_restore,verify,ok,,93359414,26677000,65010000,122183680,,,,,
standard-1789242092913944754,git,git/history,git,1,true,4,retained_version_restore,verify,ok,,93512777,38685000,53508000,121974784,,,,,
standard-1789242092913944754,git,git/history,git,1,true,4,retained_version_restore,verify,ok,,94388318,34539000,58205000,121831424,,,,,
standard-1789242092913944754,git,git/history,git,1,true,4,retained_version_restore,verify,ok,,93997482,39317000,53004000,122073088,,,,,
standard-1789242092913944754,git,git/history,git,1,true,4,retained_version_restore,verify,ok,,93669646,34676000,57398000,122093568,,,,,
standard-1789242092913944754,git,git/history,git,1,true,4,retained_version_restore,verify,ok,,93765419,33375000,58844000,121909248,,,,,
standard-1789242092913944754,git,git/history,git,1,true,4,retained_version_restore,verify,ok,,93977434,38349000,54002000,121802752,,,,,
standard-1789242092913944754,git,git/history,git,1,true,4,retained_version_restore,verify,ok,,93769787,38165000,53992000,121466880,,,,,
standard-1789242092913944754,git,git/history,git,1,true,4,retained_version_restore,verify,ok,,93693040,38256000,53910000,121794560,,,,,
standard-1789242092913944754,git,git/history,git,1,true,4,retained_version_restore,verify,ok,,93504401,33269000,58714000,121724928,,,,,
standard-1789242092913944754,git,git/history,git,1,true,4,retained_version_restore,verify,ok,,98052843,36796000,60620000,121692160,,,,,
standard-1789242092913944754,git,git/history,git,1,true,4,retained_version_restore,verify,ok,,96348539,34900000,60859000,121540608,,,,,
standard-1789242092913944754,git,git/history,git,1,true,4,retained_version_restore,verify,ok,,95595402,38150000,55853000,121679872,,,,,
standard-1789242092913944754,git,git/history,git,1,true,4,retained_version_restore,verify,ok,,96884793,41207000,53988000,121372672,,,,,
standard-1789242092913944754,git,git/history,git,1,true,4,retained_version_restore,verify,ok,,96066330,37886000,56849000,121569280,,,,,
standard-1789242092913944754,git,git/history,git,1,true,4,retained_version_restore,verify,ok,,95717024,34669000,60318000,121049088,,,,,
standard-1789242092913944754,git,git/history,git,1,true,4,retained_version_restore,verify,ok,,96540846,28975000,66924000,121442304,,,,,
standard-1789242092913944754,git,git/history,git,1,true,4,retained_version_restore,verify,ok,,97043616,36762000,59645000,121638912,,,,,
standard-1789242092913944754,git,git/history,git,1,true,4,retained_version_restore,verify,ok,,97973260,38317000,57954000,120905728,,,,,
standard-1789242092913944754,git,git/history,git,1,true,4,retained_version_restore,verify,ok,,94213814,33883000,59714000,120893440,,,,,
standard-1789242092913944754,git,git/history,git,1,true,4,retained_version_restore,verify,ok,,98530443,38573000,59327000,121073664,,,,,
standard-1789242092913944754,git,git/history,git,1,true,4,retained_version_restore,verify,ok,,96986196,29796000,66599000,120934400,,,,,
standard-1789242092913944754,git,git/history,git,1,true,4,retained_version_restore,verify,ok,,95148118,43783000,50736000,120655872,,,,,
standard-1789242092913944754,git,git/history,git,1,true,4,retained_version_restore,verify,ok,,97834175,36723000,60501000,121057280,,,,,
standard-1789242092913944754,git,git/history,git,1,true,4,retained_version_restore,verify,ok,,95314075,25914000,68806000,120881152,,,,,
standard-1789242092913944754,git,git/history,git,1,true,4,retained_version_restore,verify,ok,,96700250,36651000,59405000,121077760,,,,,
standard-1789242092913944754,git,git/history,git,1,true,4,retained_version_restore,verify,ok,,95002670,31790000,62643000,120991744,,,,,
standard-1789242092913944754,git,git/history,git,1,true,4,retained_version_restore,verify,ok,,94274711,33869000,59820000,120340480,,,,,
standard-1789242092913944754,git,git/history,git,1,true,4,retained_version_restore,verify,ok,,92103237,36779000,54695000,120606720,,,,,
standard-1789242092913944754,git,git/history,git,1,true,4,retained_version_restore,verify,ok,,95093173,36747000,57638000,120586240,,,,,
standard-1789242092913944754,git,git/history,git,1,true,4,retained_version_restore,verify,ok,,96370892,30899000,64834000,120164352,,,,,
standard-1789242092913944754,git,git/history,git,1,true,4,retained_version_restore,verify,ok,,96537410,28672000,67236000,120360960,,,,,
standard-1789242092913944754,git,git/history,git,1,true,4,retained_version_restore,verify,ok,,97771425,35642000,61462000,119595008,,,,,
standard-1789242092913944754,git,git/history,git,1,true,4,retained_version_restore,verify,ok,,93808451,31428000,60806000,120008704,,,,,
standard-1789242092913944754,git,git/history,git,1,true,4,retained_version_restore,verify,ok,,93324527,29606000,62241000,120266752,,,,,
standard-1789242092913944754,git,git/history,git,1,true,4,retained_version_restore,verify,ok,,93475425,37209000,54624000,120107008,,,,,
standard-1789242092913944754,git,git/history,git,1,true,4,retained_version_restore,verify,ok,,92016191,35774000,55651000,119967744,,,,,
standard-1789242092913944754,git,git/history,git,1,true,4,retained_version_restore,verify,ok,,94715322,30691000,63342000,119934976,,,,,
standard-1789242092913944754,git,git/history,git,1,true,4,retained_version_restore,verify,ok,,96250652,41824000,53802000,119676928,,,,,
standard-1789242092913944754,git,git/history,git,1,true,4,retained_version_restore,verify,ok,,94934210,26638000,67038000,119885824,,,,,
standard-1789242092913944754,git,git/history,git,1,true,4,retained_version_restore,verify,ok,,94638205,33297000,59766000,119427072,,,,,
standard-1789242092913944754,git,git/history,git,1,true,4,retained_version_restore,verify,ok,,93935984,35362000,56983000,119644160,,,,,
standard-1789242092913944754,git,git/history,git,1,true,4,retained_version_restore,verify,ok,,93680046,38230000,53778000,119644160,,,,,
standard-1789242092913944754,git,git/history,git,1,true,4,retained_version_restore,verify,ok,,94693981,20825000,72323000,119549952,,,,,
standard-1789242092913944754,git,git/history,git,1,true,4,retained_version_restore,verify,ok,,93190332,25631000,66043000,119578624,,,,,
standard-1789242092913944754,git,git/history,git,1,true,4,retained_version_coverage,verify,ok,,0,0,0,0,,,,,
standard-1789242092913944754,git,git/history,git,1,true,4,ref_delete,measured,ok,,1420171,0,1277000,87498752,,,,,
standard-1789242092913944754,git,git/history,git,1,true,4,integrity_check,verify,ok,,385574161,370463000,12786000,131411968,,,,,
standard-1789242092913944754,git,git/history,amber-go,1,true,5,materialise_states,setup,ok,,1038426096,0,0,0,,,,,
standard-1789242092913944754,git,git/history,amber-go,1,true,5,history_store,measured,ok,,8098769104,90242286000,30406482000,914882560,4314044416,532679023.26901555,116044675,120823808,
standard-1789242092913944754,git,git/history,amber-go,1,true,5,clone_full,measured,unsupported,these cores ship no repository-to-repository transfer command; what they can do to publish a store is measured in the blob scenario group as a file-level object-storage transport,,,,,,,,,
standard-1789242092913944754,git,git/history,amber-go,1,true,5,materialise_states,setup,ok,,174758570,0,0,0,,,,,
standard-1789242092913944754,git,git/history,amber-go,1,true,5,history_store_incremental,measured,ok,,2689812703,28993141000,10162260000,409161728,1438015488,534615472.072146,116877233,121700352,
standard-1789242092913944754,git,git/history,amber-go,1,true,5,fetch_incremental,measured,unsupported,these cores ship no incremental fetch command; see the blob scenario group for incremental object-storage publication,,,,,,,,,
standard-1789242092913944754,git,git/history,amber-go,1,true,5,gc,measured,ok,,93546190,38095000,39045000,107372544,,,116991653,117202944,4497408
standard-1789242092913944754,git,git/history,amber-go,1,true,5,list_head,measured,ok,,745335532,116390000,143007000,87498752,,,,,
standard-1789242092913944754,git,git/history,amber-go,1,true,5,read_all_versions,measured,ok,,3530987261,4719979000,1433954000,140161024,5752059904,1629023125.495779,,,
standard-1789242092913944754,git,git/history,amber-go,1,true,5,checkout_version,measured,ok,,199257341,176801000,105087000,137084928,,,,,
standard-1789242092913944754,git,git/history,amber-go,1,true,5,retained_version_restore,verify,ok,,188932744,194105000,111156000,129847296,,,,,
standard-1789242092913944754,git,git/history,amber-go,1,true,5,retained_version_restore,verify,ok,,201619900,175351000,126851000,129671168,,,,,
standard-1789242092913944754,git,git/history,amber-go,1,true,5,retained_version_restore,verify,ok,,195712154,180392000,136320000,130117632,,,,,
standard-1789242092913944754,git,git/history,amber-go,1,true,5,retained_version_restore,verify,ok,,192222874,182253000,121660000,130666496,,,,,
standard-1789242092913944754,git,git/history,amber-go,1,true,5,retained_version_restore,verify,ok,,189165950,178710000,115569000,130514944,,,,,
standard-1789242092913944754,git,git/history,amber-go,1,true,5,retained_version_restore,verify,ok,,178403577,165641000,116310000,130560000,,,,,
standard-1789242092913944754,git,git/history,amber-go,1,true,5,retained_version_restore,verify,ok,,193588340,183352000,130639000,131305472,,,,,
standard-1789242092913944754,git,git/history,amber-go,1,true,5,retained_version_restore,verify,ok,,196759843,179485000,123597000,130621440,,,,,
standard-1789242092913944754,git,git/history,amber-go,1,true,5,retained_version_restore,verify,ok,,188026194,161749000,136586000,131436544,,,,,
standard-1789242092913944754,git,git/history,amber-go,1,true,5,retained_version_restore,verify,ok,,209584502,185789000,124276000,131006464,,,,,
standard-1789242092913944754,git,git/history,amber-go,1,true,5,retained_version_restore,verify,ok,,194571697,213320000,100261000,131239936,,,,,
standard-1789242092913944754,git,git/history,amber-go,1,true,5,retained_version_restore,verify,ok,,206978519,180612000,132639000,131829760,,,,,
standard-1789242092913944754,git,git/history,amber-go,1,true,5,retained_version_restore,verify,ok,,191471500,192405000,115661000,130564096,,,,,
standard-1789242092913944754,git,git/history,amber-go,1,true,5,retained_version_restore,verify,ok,,194222351,177181000,140010000,131117056,,,,,
standard-1789242092913944754,git,git/history,amber-go,1,true,5,retained_version_restore,verify,ok,,188105495,176128000,120204000,130248704,,,,,
standard-1789242092913944754,git,git/history,amber-go,1,true,5,retained_version_restore,verify,ok,,175519502,143234000,124603000,130625536,,,,,
standard-1789242092913944754,git,git/history,amber-go,1,true,5,retained_version_restore,verify,ok,,188318072,195450000,108246000,130375680,,,,,
standard-1789242092913944754,git,git/history,amber-go,1,true,5,retained_version_restore,verify,ok,,201697268,205339000,111029000,130981888,,,,,
standard-1789242092913944754,git,git/history,amber-go,1,true,5,retained_version_restore,verify,ok,,180569221,171320000,111313000,131653632,,,,,
standard-1789242092913944754,git,git/history,amber-go,1,true,5,retained_version_restore,verify,ok,,187477617,176236000,124256000,131575808,,,,,
standard-1789242092913944754,git,git/history,amber-go,1,true,5,retained_version_restore,verify,ok,,182547798,178556000,116521000,131366912,,,,,
standard-1789242092913944754,git,git/history,amber-go,1,true,5,retained_version_restore,verify,ok,,190596390,172829000,134472000,130830336,,,,,
standard-1789242092913944754,git,git/history,amber-go,1,true,5,retained_version_restore,verify,ok,,186293597,177830000,120862000,131141632,,,,,
standard-1789242092913944754,git,git/history,amber-go,1,true,5,retained_version_restore,verify,ok,,203656378,167947000,141888000,131911680,,,,,
standard-1789242092913944754,git,git/history,amber-go,1,true,5,retained_version_restore,verify,ok,,182912684,186383000,102873000,131796992,,,,,
standard-1789242092913944754,git,git/history,amber-go,1,true,5,retained_version_restore,verify,ok,,179792218,143610000,135472000,131522560,,,,,
standard-1789242092913944754,git,git/history,amber-go,1,true,5,retained_version_restore,verify,ok,,210734518,176293000,120464000,136843264,,,,,
standard-1789242092913944754,git,git/history,amber-go,1,true,5,retained_version_restore,verify,ok,,184321343,176958000,104805000,136962048,,,,,
standard-1789242092913944754,git,git/history,amber-go,1,true,5,retained_version_restore,verify,ok,,191451652,209296000,103537000,137285632,,,,,
standard-1789242092913944754,git,git/history,amber-go,1,true,5,retained_version_restore,verify,ok,,204195075,187649000,123924000,137011200,,,,,
standard-1789242092913944754,git,git/history,amber-go,1,true,5,retained_version_restore,verify,ok,,199175254,184936000,104042000,137437184,,,,,
standard-1789242092913944754,git,git/history,amber-go,1,true,5,retained_version_restore,verify,ok,,193126619,180382000,130975000,136826880,,,,,
standard-1789242092913944754,git,git/history,amber-go,1,true,5,retained_version_restore,verify,ok,,189310806,165868000,133234000,136638464,,,,,
standard-1789242092913944754,git,git/history,amber-go,1,true,5,retained_version_restore,verify,ok,,195046654,183277000,131023000,137359360,,,,,
standard-1789242092913944754,git,git/history,amber-go,1,true,5,retained_version_restore,verify,ok,,193146207,171634000,120200000,137875456,,,,,
standard-1789242092913944754,git,git/history,amber-go,1,true,5,retained_version_restore,verify,ok,,201459293,183667000,125234000,136396800,,,,,
standard-1789242092913944754,git,git/history,amber-go,1,true,5,retained_version_restore,verify,ok,,203445955,198596000,99615000,137342976,,,,,
standard-1789242092913944754,git,git/history,amber-go,1,true,5,retained_version_restore,verify,ok,,196579981,204792000,108062000,136634368,,,,,
standard-1789242092913944754,git,git/history,amber-go,1,true,5,retained_version_restore,verify,ok,,208415441,164035000,144352000,136814592,,,,,
standard-1789242092913944754,git,git/history,amber-go,1,true,5,retained_version_restore,verify,ok,,200657033,198356000,114712000,137011200,,,,,
standard-1789242092913944754,git,git/history,amber-go,1,true,5,retained_version_restore,verify,ok,,190083120,179753000,122402000,137027584,,,,,
standard-1789242092913944754,git,git/history,amber-go,1,true,5,retained_version_restore,verify,ok,,194423365,155865000,147786000,138018816,,,,,
standard-1789242092913944754,git,git/history,amber-go,1,true,5,retained_version_restore,verify,ok,,202696035,192275000,112724000,137064448,,,,,
standard-1789242092913944754,git,git/history,amber-go,1,true,5,retained_version_restore,verify,ok,,183077810,193180000,96310000,137306112,,,,,
standard-1789242092913944754,git,git/history,amber-go,1,true,5,retained_version_restore,verify,ok,,199817780,207641000,100776000,137670656,,,,,
standard-1789242092913944754,git,git/history,amber-go,1,true,5,retained_version_restore,verify,ok,,200972405,199800000,115210000,139395072,,,,,
standard-1789242092913944754,git,git/history,amber-go,1,true,5,retained_version_restore,verify,ok,,200452352,191352000,117126000,137510912,,,,,
standard-1789242092913944754,git,git/history,amber-go,1,true,5,retained_version_restore,verify,ok,,193389641,182348000,128172000,137449472,,,,,
standard-1789242092913944754,git,git/history,amber-go,1,true,5,retained_version_restore,verify,ok,,191235019,197951000,111088000,138674176,,,,,
standard-1789242092913944754,git,git/history,amber-go,1,true,5,retained_version_restore,verify,ok,,206013677,192876000,111575000,136294400,,,,,
standard-1789242092913944754,git,git/history,amber-go,1,true,5,retained_version_restore,verify,ok,,184831757,181389000,108691000,137404416,,,,,
standard-1789242092913944754,git,git/history,amber-go,1,true,5,retained_version_restore,verify,ok,,186282025,182037000,111920000,138244096,,,,,
standard-1789242092913944754,git,git/history,amber-go,1,true,5,retained_version_coverage,verify,ok,,0,0,0,0,,,,,
standard-1789242092913944754,git,git/history,amber-go,1,true,5,ref_delete,measured,ok,,28817194,1146000,9142000,87498752,,,,,
standard-1789242092913944754,git,git/history,amber-go,1,true,5,integrity_check,verify,ok,,78618078,83972000,26953000,136880128,,,,,
standard-1789242092913944754,blob,blob/backup-corpus,restic-s3,1,true,6,repo_init,setup,ok,,2992821188,2962576000,40752000,104439808,,,,,
standard-1789242092913944754,blob,blob/backup-corpus,restic-s3,1,true,6,push_initial,measured,ok,,2960964023,21080048000,2959307000,1159401472,734416543,248032916.7444261,,,
standard-1789242092913944754,blob,blob/backup-corpus,restic-s3,1,true,6,push_noop,measured,ok,,824697654,600009000,48333000,99852288,14536,17625.853462170755,,,
standard-1789242092913944754,blob,blob/backup-corpus,restic-s3,1,true,6,pull_fresh,measured,ok,,1588353891,2092223000,887585000,399265792,733138097,461571002.00033444,,,
standard-1789242092913944754,blob,blob/backup-corpus,restic-s3,1,true,6,push_incremental,measured,ok,,1078041312,5009660000,891816000,459243520,6229964,5778965.917773659,,,
standard-1789242092913944754,blob,blob/backup-corpus,restic-s3,1,true,6,pull_incremental,measured,ok,,1600868287,2077579000,929614000,380440576,738515982,461322138.7400749,,,
standard-1789242092913944754,blob,blob/backup-corpus,restic-s3,1,true,6,retention_cleanup,measured,ok,,3501400509,7576760000,1137780000,577921024,1145583268,327178586.12729186,,,
standard-1789242092913944754,blob,blob/backup-corpus,restic-s3,1,true,6,inject_missing_object,verify,ok,,0,0,0,0,,,,,
standard-1789242092913944754,blob,blob/nix-closure,amber-rust-s3,1,true,7,ingest_payload,setup,ok,,30841684,58713000,19154000,87498752,,,,,
standard-1789242092913944754,blob,blob/nix-closure,amber-rust-s3,1,true,7,ingest_payload,setup,ok,,16480596,18537000,18486000,87498752,,,,,
standard-1789242092913944754,blob,blob/nix-closure,amber-rust-s3,1,true,7,ingest_payload,setup,ok,,19636816,15222000,23612000,87498752,,,,,
standard-1789242092913944754,blob,blob/nix-closure,amber-rust-s3,1,true,7,ingest_payload,setup,ok,,56676354,104165000,75873000,87498752,,,,,
standard-1789242092913944754,blob,blob/nix-closure,amber-rust-s3,1,true,7,ingest_payload,setup,ok,,20716022,9752000,27226000,87498752,,,,,
standard-1789242092913944754,blob,blob/nix-closure,amber-rust-s3,1,true,7,ingest_payload,setup,ok,,26757637,17411000,29220000,87498752,,,,,
standard-1789242092913944754,blob,blob/nix-closure,amber-rust-s3,1,true,7,ingest_payload,setup,ok,,26465500,13119000,28138000,87498752,,,,,
standard-1789242092913944754,blob,blob/nix-closure,amber-rust-s3,1,true,7,ingest_payload,setup,ok,,33235142,25447000,39851000,87498752,,,,,
standard-1789242092913944754,blob,blob/nix-closure,amber-rust-s3,1,true,7,push_initial,measured,ok,,193342559,89431000,56119000,87498752,113076149,584848724.3825091,,,
standard-1789242092913944754,blob,blob/nix-closure,amber-rust-s3,1,true,7,push_noop,measured,ok,,18736983,16388000,8202000,87498752,2984,159257.22940560922,,,
standard-1789242092913944754,blob,blob/nix-closure,amber-rust-s3,1,true,7,pull_fresh,measured,ok,,69899666,23225000,58777000,87498752,112913553,1615366130.6478918,,,
standard-1789242092913944754,blob,blob/nix-closure,amber-rust-s3,1,true,7,ingest_payload,setup,ok,,39898402,14785000,46093000,87498752,,,,,
standard-1789242092913944754,blob,blob/nix-closure,amber-rust-s3,1,true,7,ingest_payload,setup,ok,,42923043,25226000,38382000,87498752,,,,,
standard-1789242092913944754,blob,blob/nix-closure,amber-rust-s3,1,true,7,ingest_payload,setup,ok,,45583288,17111000,35131000,87498752,,,,,
standard-1789242092913944754,blob,blob/nix-closure,amber-rust-s3,1,true,7,ingest_payload,setup,ok,,43802748,14247000,35445000,87498752,,,,,
standard-1789242092913944754,blob,blob/nix-closure,amber-rust-s3,1,true,7,ingest_payload,setup,ok,,51159758,53551000,47643000,87498752,,,,,
standard-1789242092913944754,blob,blob/nix-closure,amber-rust-s3,1,true,7,ingest_payload,setup,ok,,52655577,57030000,55952000,87498752,,,,,
standard-1789242092913944754,blob,blob/nix-closure,amber-rust-s3,1,true,7,ingest_payload,setup,ok,,40372405,11760000,34262000,87498752,,,,,
standard-1789242092913944754,blob,blob/nix-closure,amber-rust-s3,1,true,7,ingest_payload,setup,ok,,40650976,12737000,33427000,87498752,,,,,
standard-1789242092913944754,blob,blob/nix-closure,amber-rust-s3,1,true,7,ingest_payload,setup,ok,,48672241,23779000,39153000,87498752,,,,,
standard-1789242092913944754,blob,blob/nix-closure,amber-rust-s3,1,true,7,push_incremental,measured,ok,,170360724,57263000,27095000,87498752,62610503,367517239.47827315,,,
standard-1789242092913944754,blob,blob/nix-closure,amber-rust-s3,1,true,7,pull_incremental,measured,ok,,103122617,21776000,40035000,87498752,62522201,606289898.5583347,,,
standard-1789242092913944754,blob,blob/nix-closure,amber-rust-s3,1,true,7,retention_local,setup,ok,,33421408,7947000,24807000,87498752,,,,,
standard-1789242092913944754,blob,blob/nix-closure,amber-rust-s3,1,true,7,retention_local,setup,ok,,30364557,7204000,22580000,87498752,,,,,
standard-1789242092913944754,blob,blob/nix-closure,amber-rust-s3,1,true,7,age_sealed_segments,setup,ok,,0,0,0,0,,,,,
standard-1789242092913944754,blob,blob/nix-closure,amber-rust-s3,1,true,7,retention_local,setup,ok,,71047804,30396000,67719000,87498752,,,,,
standard-1789242092913944754,blob,blob/nix-closure,amber-rust-s3,1,true,7,retention_cleanup,measured,ok,,198975463,98268000,74551000,87498752,129940523,653047974.0610027,,,
standard-1789242092913944754,blob,blob/nix-closure,amber-rust-s3,1,true,7,inject_missing_object,verify,ok,,0,0,0,0,,,,,
standard-1789242092913944754,blob,blob/source-history,amber-rust-s3,1,true,8,ingest_payload,setup,ok,,83874062,275940000,197392000,87498752,,,,,
standard-1789242092913944754,blob,blob/source-history,amber-rust-s3,1,true,8,ingest_payload,setup,ok,,55317187,111342000,139196000,87498752,,,,,
standard-1789242092913944754,blob,blob/source-history,amber-rust-s3,1,true,8,ingest_payload,setup,ok,,54437994,128071000,133368000,87498752,,,,,
standard-1789242092913944754,blob,blob/source-history,amber-rust-s3,1,true,8,ingest_payload,setup,ok,,53051012,130615000,110118000,87498752,,,,,
standard-1789242092913944754,blob,blob/source-history,amber-rust-s3,1,true,8,ingest_payload,setup,ok,,54841933,100427000,141500000,87498752,,,,,
standard-1789242092913944754,blob,blob/source-history,amber-rust-s3,1,true,8,ingest_payload,setup,ok,,56936301,114728000,137621000,87498752,,,,,
standard-1789242092913944754,blob,blob/source-history,amber-rust-s3,1,true,8,ingest_payload,setup,ok,,53966625,137150000,107360000,87498752,,,,,
standard-1789242092913944754,blob,blob/source-history,amber-rust-s3,1,true,8,ingest_payload,setup,ok,,56664664,120672000,138731000,87498752,,,,,
standard-1789242092913944754,blob,blob/source-history,amber-rust-s3,1,true,8,ingest_payload,setup,ok,,57973907,130312000,125939000,87498752,,,,,
standard-1789242092913944754,blob,blob/source-history,amber-rust-s3,1,true,8,ingest_payload,setup,ok,,55755673,136466000,116431000,87498752,,,,,
standard-1789242092913944754,blob,blob/source-history,amber-rust-s3,1,true,8,ingest_payload,setup,ok,,55179395,126392000,126973000,87498752,,,,,
standard-1789242092913944754,blob,blob/source-history,amber-rust-s3,1,true,8,ingest_payload,setup,ok,,54490804,133970000,110838000,87498752,,,,,
standard-1789242092913944754,blob,blob/source-history,amber-rust-s3,1,true,8,ingest_payload,setup,ok,,53353959,112721000,131533000,87498752,,,,,
standard-1789242092913944754,blob,blob/source-history,amber-rust-s3,1,true,8,ingest_payload,setup,ok,,56011320,159936000,103351000,87498752,,,,,
standard-1789242092913944754,blob,blob/source-history,amber-rust-s3,1,true,8,ingest_payload,setup,ok,,54959867,139184000,106401000,87498752,,,,,
standard-1789242092913944754,blob,blob/source-history,amber-rust-s3,1,true,8,ingest_payload,setup,ok,,54643986,129764000,119397000,87498752,,,,,
standard-1789242092913944754,blob,blob/source-history,amber-rust-s3,1,true,8,ingest_payload,setup,ok,,59898633,149963000,140540000,87498752,,,,,
standard-1789242092913944754,blob,blob/source-history,amber-rust-s3,1,true,8,ingest_payload,setup,ok,,50797801,94853000,136769000,87498752,,,,,
standard-1789242092913944754,blob,blob/source-history,amber-rust-s3,1,true,8,ingest_payload,setup,ok,,51042517,106250000,134131000,87498752,,,,,
standard-1789242092913944754,blob,blob/source-history,amber-rust-s3,1,true,8,ingest_payload,setup,ok,,54783522,141712000,114472000,87498752,,,,,
standard-1789242092913944754,blob,blob/source-history,amber-rust-s3,1,true,8,ingest_payload,setup,ok,,54571689,126265000,123982000,87498752,,,,,
standard-1789242092913944754,blob,blob/source-history,amber-rust-s3,1,true,8,ingest_payload,setup,ok,,53860153,113849000,136767000,87498752,,,,,
standard-1789242092913944754,blob,blob/source-history,amber-rust-s3,1,true,8,ingest_payload,setup,ok,,54527735,131093000,116146000,87498752,,,,,
standard-1789242092913944754,blob,blob/source-history,amber-rust-s3,1,true,8,ingest_payload,setup,ok,,56086965,132074000,123242000,87498752,,,,,
standard-1789242092913944754,blob,blob/source-history,amber-rust-s3,1,true,8,ingest_payload,setup,ok,,56518516,111746000,166890000,87498752,,,,,
standard-1789242092913944754,blob,blob/source-history,amber-rust-s3,1,true,8,ingest_payload,setup,ok,,54664105,150872000,104874000,87498752,,,,,
standard-1789242092913944754,blob,blob/source-history,amber-rust-s3,1,true,8,ingest_payload,setup,ok,,62013170,156908000,129376000,87498752,,,,,
standard-1789242092913944754,blob,blob/source-history,amber-rust-s3,1,true,8,ingest_payload,setup,ok,,58945027,109946000,141524000,87498752,,,,,
standard-1789242092913944754,blob,blob/source-history,amber-rust-s3,1,true,8,ingest_payload,setup,ok,,61349377,139851000,129109000,87498752,,,,,
standard-1789242092913944754,blob,blob/source-history,amber-rust-s3,1,true,8,ingest_payload,setup,ok,,59350710,104532000,140510000,87498752,,,,,
standard-1789242092913944754,blob,blob/source-history,amber-rust-s3,1,true,8,ingest_payload,setup,ok,,61883393,141107000,120836000,87498752,,,,,
standard-1789242092913944754,blob,blob/source-history,amber-rust-s3,1,true,8,ingest_payload,setup,ok,,59862895,103631000,141775000,87498752,,,,,
standard-1789242092913944754,blob,blob/source-history,amber-rust-s3,1,true,8,ingest_payload,setup,ok,,60975794,140128000,108519000,87498752,,,,,
standard-1789242092913944754,blob,blob/source-history,amber-rust-s3,1,true,8,ingest_payload,setup,ok,,60231328,122189000,134000000,87498752,,,,,
standard-1789242092913944754,blob,blob/source-history,amber-rust-s3,1,true,8,ingest_payload,setup,ok,,60138841,138548000,121483000,87498752,,,,,
standard-1789242092913944754,blob,blob/source-history,amber-rust-s3,1,true,8,ingest_payload,setup,ok,,59471991,139878000,117564000,87498752,,,,,
standard-1789242092913944754,blob,blob/source-history,amber-rust-s3,1,true,8,ingest_payload,setup,ok,,59950923,140789000,112218000,87498752,,,,,
standard-1789242092913944754,blob,blob/source-history,amber-rust-s3,1,true,8,ingest_payload,setup,ok,,59255429,124232000,122678000,87498752,,,,,
standard-1789242092913944754,blob,blob/source-history,amber-rust-s3,1,true,8,ingest_payload,setup,ok,,60800522,125859000,117457000,87498752,,,,,
standard-1789242092913944754,blob,blob/source-history,amber-rust-s3,1,true,8,push_initial,measured,ok,,192644862,84779000,69162000,87498752,119887196,622322312.4424673,,,
standard-1789242092913944754,blob,blob/source-history,amber-rust-s3,1,true,8,push_noop,measured,ok,,18343374,15110000,9576000,87498752,2999,163492.27792008166,,,
standard-1789242092913944754,blob,blob/source-history,amber-rust-s3,1,true,8,pull_fresh,measured,ok,,67817716,27159000,47459000,87498752,119715320,1765251427.8127563,,,
standard-1789242092913944754,blob,blob/source-history,amber-rust-s3,1,true,8,ingest_payload,setup,ok,,60335381,140154000,128156000,87498752,,,,,
standard-1789242092913944754,blob,blob/source-history,amber-rust-s3,1,true,8,ingest_payload,setup,ok,,61856699,122110000,158140000,87498752,,,,,
standard-1789242092913944754,blob,blob/source-history,amber-rust-s3,1,true,8,ingest_payload,setup,ok,,57295702,129644000,122925000,87498752,,,,,
standard-1789242092913944754,blob,blob/source-history,amber-rust-s3,1,true,8,ingest_payload,setup,ok,,60478975,141817000,107472000,87498752,,,,,
standard-1789242092913944754,blob,blob/source-history,amber-rust-s3,1,true,8,ingest_payload,setup,ok,,55558604,148244000,133354000,87498752,,,,,
standard-1789242092913944754,blob,blob/source-history,amber-rust-s3,1,true,8,ingest_payload,setup,ok,,61538272,141883000,131330000,87498752,,,,,
standard-1789242092913944754,blob,blob/source-history,amber-rust-s3,1,true,8,ingest_payload,setup,ok,,57136438,117748000,129447000,87498752,,,,,
standard-1789242092913944754,blob,blob/source-history,amber-rust-s3,1,true,8,ingest_payload,setup,ok,,58913734,132046000,117251000,87498752,,,,,
standard-1789242092913944754,blob,blob/source-history,amber-rust-s3,1,true,8,ingest_payload,setup,ok,,55752974,127148000,109667000,87498752,,,,,
standard-1789242092913944754,blob,blob/source-history,amber-rust-s3,1,true,8,ingest_payload,setup,ok,,61537672,103559000,156401000,87498752,,,,,
standard-1789242092913944754,blob,blob/source-history,amber-rust-s3,1,true,8,ingest_payload,setup,ok,,52901162,139357000,109149000,87498752,,,,,
standard-1789242092913944754,blob,blob/source-history,amber-rust-s3,1,true,8,ingest_payload,setup,ok,,61075541,107923000,148185000,87498752,,,,,
standard-1789242092913944754,blob,blob/source-history,amber-rust-s3,1,true,8,ingest_payload,setup,ok,,58704445,118448000,127152000,87498752,,,,,
standard-1789242092913944754,blob,blob/source-history,amber-rust-s3,1,true,8,push_incremental,measured,ok,,164351204,47430000,27761000,87498752,53248264,323990714.4215384,,,
standard-1789242092913944754,blob,blob/source-history,amber-rust-s3,1,true,8,pull_incremental,measured,ok,,63493957,16116000,39070000,87498752,53173905,837464028.2696509,,,
standard-1789242092913944754,blob,blob/source-history,amber-rust-s3,1,true,8,retention_local,setup,ok,,31418712,7618000,22863000,87498752,,,,,
standard-1789242092913944754,blob,blob/source-history,amber-rust-s3,1,true,8,retention_local,setup,ok,,30208317,6916000,22633000,87498752,,,,,
standard-1789242092913944754,blob,blob/source-history,amber-rust-s3,1,true,8,retention_local,setup,ok,,33759180,6210000,26922000,87498752,,,,,
standard-1789242092913944754,blob,blob/source-history,amber-rust-s3,1,true,8,retention_local,setup,ok,,28990857,8124000,20342000,87498752,,,,,
standard-1789242092913944754,blob,blob/source-history,amber-rust-s3,1,true,8,retention_local,setup,ok,,26861633,8076000,18191000,87498752,,,,,
standard-1789242092913944754,blob,blob/source-history,amber-rust-s3,1,true,8,retention_local,setup,ok,,29270109,4954000,23743000,87498752,,,,,
standard-1789242092913944754,blob,blob/source-history,amber-rust-s3,1,true,8,retention_local,setup,ok,,28285995,7924000,19819000,87498752,,,,,
standard-1789242092913944754,blob,blob/source-history,amber-rust-s3,1,true,8,retention_local,setup,ok,,31129351,7847000,22667000,87498752,,,,,
standard-1789242092913944754,blob,blob/source-history,amber-rust-s3,1,true,8,retention_local,setup,ok,,31145753,6902000,23669000,87498752,,,,,
standard-1789242092913944754,blob,blob/source-history,amber-rust-s3,1,true,8,retention_local,setup,ok,,28920163,5892000,22472000,87498752,,,,,
standard-1789242092913944754,blob,blob/source-history,amber-rust-s3,1,true,8,retention_local,setup,ok,,30278060,7917000,21743000,87498752,,,,,
standard-1789242092913944754,blob,blob/source-history,amber-rust-s3,1,true,8,retention_local,setup,ok,,30224237,5921000,23632000,87498752,,,,,
standard-1789242092913944754,blob,blob/source-history,amber-rust-s3,1,true,8,retention_local,setup,ok,,30511464,6985000,22866000,87498752,,,,,
standard-1789242092913944754,blob,blob/source-history,amber-rust-s3,1,true,8,retention_local,setup,ok,,30330910,6131000,23571000,87498752,,,,,
standard-1789242092913944754,blob,blob/source-history,amber-rust-s3,1,true,8,retention_local,setup,ok,,31071421,6909000,23617000,87498752,,,,,
standard-1789242092913944754,blob,blob/source-history,amber-rust-s3,1,true,8,retention_local,setup,ok,,31246784,6937000,23724000,87498752,,,,,
standard-1789242092913944754,blob,blob/source-history,amber-rust-s3,1,true,8,retention_local,setup,ok,,32493419,6755000,25061000,87498752,,,,,
standard-1789242092913944754,blob,blob/source-history,amber-rust-s3,1,true,8,retention_local,setup,ok,,31148908,8145000,22421000,87498752,,,,,
standard-1789242092913944754,blob,blob/source-history,amber-rust-s3,1,true,8,retention_local,setup,ok,,30666369,7267000,22856000,87498752,,,,,
standard-1789242092913944754,blob,blob/source-history,amber-rust-s3,1,true,8,retention_local,setup,ok,,32047549,7099000,24376000,87498752,,,,,
standard-1789242092913944754,blob,blob/source-history,amber-rust-s3,1,true,8,retention_local,setup,ok,,31395377,6976000,23859000,87498752,,,,,
standard-1789242092913944754,blob,blob/source-history,amber-rust-s3,1,true,8,retention_local,setup,ok,,31187241,5903000,24671000,87498752,,,,,
standard-1789242092913944754,blob,blob/source-history,amber-rust-s3,1,true,8,retention_local,setup,ok,,31087491,5893000,24619000,87498752,,,,,
standard-1789242092913944754,blob,blob/source-history,amber-rust-s3,1,true,8,retention_local,setup,ok,,30807197,7051000,23206000,87498752,,,,,
standard-1789242092913944754,blob,blob/source-history,amber-rust-s3,1,true,8,retention_local,setup,ok,,30981380,4914000,25506000,87498752,,,,,
standard-1789242092913944754,blob,blob/source-history,amber-rust-s3,1,true,8,retention_local,setup,ok,,31663419,7028000,24094000,87498752,,,,,
standard-1789242092913944754,blob,blob/source-history,amber-rust-s3,1,true,8,retention_local,setup,ok,,31401590,5953000,24893000,87498752,,,,,
standard-1789242092913944754,blob,blob/source-history,amber-rust-s3,1,true,8,retention_local,setup,ok,,29822792,4886000,24335000,87498752,,,,,
standard-1789242092913944754,blob,blob/source-history,amber-rust-s3,1,true,8,retention_local,setup,ok,,29040653,5899000,22562000,87498752,,,,,
standard-1789242092913944754,blob,blob/source-history,amber-rust-s3,1,true,8,retention_local,setup,ok,,29253387,8164000,20456000,87498752,,,,,
standard-1789242092913944754,blob,blob/source-history,amber-rust-s3,1,true,8,retention_local,setup,ok,,29693246,5210000,23903000,87498752,,,,,
standard-1789242092913944754,blob,blob/source-history,amber-rust-s3,1,true,8,retention_local,setup,ok,,32228865,6912000,24755000,87498752,,,,,
standard-1789242092913944754,blob,blob/source-history,amber-rust-s3,1,true,8,retention_local,setup,ok,,33729954,7799000,25347000,87498752,,,,,
standard-1789242092913944754,blob,blob/source-history,amber-rust-s3,1,true,8,retention_local,setup,ok,,29813855,6059000,23175000,87498752,,,,,
standard-1789242092913944754,blob,blob/source-history,amber-rust-s3,1,true,8,retention_local,setup,ok,,30406454,8929000,20875000,87498752,,,,,
standard-1789242092913944754,blob,blob/source-history,amber-rust-s3,1,true,8,retention_local,setup,ok,,30594733,6958000,22971000,87498752,,,,,
standard-1789242092913944754,blob,blob/source-history,amber-rust-s3,1,true,8,retention_local,setup,ok,,29974552,8805000,20524000,87498752,,,,,
standard-1789242092913944754,blob,blob/source-history,amber-rust-s3,1,true,8,retention_local,setup,ok,,30704652,7018000,23082000,87498752,,,,,
standard-1789242092913944754,blob,blob/source-history,amber-rust-s3,1,true,8,retention_local,setup,ok,,31220414,6924000,23719000,87498752,,,,,
standard-1789242092913944754,blob,blob/source-history,amber-rust-s3,1,true,8,age_sealed_segments,setup,ok,,0,0,0,0,,,,,
standard-1789242092913944754,blob,blob/source-history,amber-rust-s3,1,true,8,retention_local,setup,ok,,79076615,44279000,72517000,87498752,,,,,
standard-1789242092913944754,blob,blob/source-history,amber-rust-s3,1,true,8,retention_cleanup,measured,ok,,194562045,92390000,49954000,87498752,111643434,573819184.5177203,,,
standard-1789242092913944754,blob,blob/source-history,amber-rust-s3,1,true,8,inject_missing_object,verify,ok,,0,0,0,0,,,,,
standard-1789242092913944754,backup,backup/retention,restic,1,true,9,restic_init,setup,ok,,3320566141,3291395000,42960000,102957056,,,,,
standard-1789242092913944754,backup,backup/retention,restic,1,true,9,backup_initial,measured,ok,,1727304662,19617803000,2996034000,1042042880,2179569013,1261832414.9466112,745794695,746987520,
standard-1789242092913944754,backup,backup/retention,restic,1,true,9,backup_unchanged,measured,ok,,816591815,591798000,52548000,98676736,2179569013,2669104652.9776936,745795148,746991616,
standard-1789242092913944754,backup,backup/retention,restic,1,true,9,backup_changed,measured,ok,,1014948745,5159073000,893984000,455700480,2179966963,2147859164.060546,751996728,753205248,
standard-1789242092913944754,backup,backup/retention,restic,1,true,9,backup_changed_again,measured,ok,,1012752415,5120971000,913080000,454463488,2180393091,2152937933.0090265,758129477,759349248,
standard-1789242092913944754,backup,backup/retention,restic,1,true,9,list_snapshot,measured,ok,,751704337,541847000,21703000,87498752,,,,,
standard-1789242092913944754,backup,backup/retention,restic,1,true,9,restore_latest,measured,ok,,1790995657,1857932000,681384000,275726336,2180393091,1217419530.0128524,,,
standard-1789242092913944754,backup,backup/retention,restic,1,true,9,forget_oldest,measured,ok,,716210438,504302000,19922000,87498752,,,758128607,759341056,
standard-1789242092913944754,backup,backup/retention,restic,1,true,9,prune,measured,ok,,5417011357,5210315000,860829000,331026432,,,752321224,753524736,5816320
standard-1789242092913944754,backup,backup/retention,restic,1,true,9,integrity_check,verify,ok,,1572240095,2136837000,154133000,166760448,,,,,
standard-1789242092913944754,backup,backup/retention,restic,1,true,9,post_retention_restore,verify,ok,,1795152005,1831729000,720283000,288403456,,,,,
standard-1789242092913944754,backup,backup/retention,restic,1,true,9,post_retention_restore,verify,ok,,1799955582,1893264000,656211000,284237824,,,,,
standard-1789242092913944754,backup,backup/retention,restic,1,true,9,forgotten_snapshot_probe,verify,ok,,0,0,0,0,,,,,
standard-1789242092913944754,backup,backup/retention,restic,1,true,9,forgotten_snapshot_probe,verify,ok,,0,0,0,0,,,,,
standard-1789242092913944754,backup,backup/retention,amber-rust,1,true,10,backup_initial,measured,ok,,542942797,5748160000,1239263000,175763456,2179569013,4014362148.3572235,726628918,724635648,
standard-1789242092913944754,backup,backup/retention,amber-rust,1,true,10,backup_unchanged,measured,ok,,265026622,2610116000,742231000,87498752,2179569013,8223962545.921142,726628918,724643840,
standard-1789242092913944754,backup,backup/retention,amber-rust,1,true,10,backup_changed,measured,ok,,204712108,2363694000,695677000,87498752,2179966963,10648940037.29374,732581046,730595328,
standard-1789242092913944754,backup,backup/retention,amber-rust,1,true,10,backup_changed_again,measured,ok,,212465408,2508833000,667115000,87498752,2180393091,10262343934.12409,738467971,736485376,
standard-1789242092913944754,backup,backup/retention,amber-rust,1,true,10,list_snapshot,measured,ok,,6122500197,1487789000,4528706000,87498752,,,,,
standard-1789242092913944754,backup,backup/retention,amber-rust,1,true,10,restore_latest,measured,ok,,2141767973,568865000,1559436000,681271296,2180393091,1018034221.4875393,,,
standard-1789242092913944754,backup,backup/retention,amber-rust,1,true,10,forget_oldest,measured,ok,,75890689,15852000,58214000,87498752,,,738467971,736485376,
standard-1789242092913944754,backup,backup/retention,amber-rust,1,true,10,age_sealed_segments,setup,ok,,0,0,0,0,,,,,
standard-1789242092913944754,backup,backup/retention,amber-rust,1,true,10,prune,measured,ok,,299434366,638077000,279143000,515407872,,,732943056,730959872,5525504
standard-1789242092913944754,backup,backup/retention,amber-rust,1,true,10,integrity_check,verify,ok,,452430441,381223000,68497000,672579584,,,,,
standard-1789242092913944754,backup,backup/retention,amber-rust,1,true,10,post_retention_restore,verify,ok,,2148449831,555365000,1579914000,670535680,,,,,
standard-1789242092913944754,backup,backup/retention,amber-rust,1,true,10,post_retention_restore,verify,ok,,2141364612,564488000,1563567000,672296960,,,,,
standard-1789242092913944754,backup,backup/retention,amber-rust,1,true,10,forgotten_snapshot_probe,verify,ok,,0,0,0,0,,,,,
standard-1789242092913944754,backup,backup/retention,amber-rust,1,true,10,forgotten_snapshot_probe,verify,ok,,0,0,0,0,,,,,
standard-1789242092913944754,blob,blob/source-history,git-bundle-s3,1,true,11,git_init,setup,ok,,2058682,0,1953000,87498752,,,,,
standard-1789242092913944754,blob,blob/source-history,git-bundle-s3,1,true,11,git_init,setup,ok,,936874,0,845000,87498752,,,,,
standard-1789242092913944754,blob,blob/source-history,git-bundle-s3,1,true,11,git_init,setup,ok,,877561,0,802000,87498752,,,,,
standard-1789242092913944754,blob,blob/source-history,git-bundle-s3,1,true,11,git_init,setup,ok,,869647,0,799000,87498752,,,,,
standard-1789242092913944754,blob,blob/source-history,git-bundle-s3,1,true,11,git_init,setup,ok,,849648,0,784000,87498752,,,,,
standard-1789242092913944754,blob,blob/source-history,git-bundle-s3,1,true,11,git_init,setup,ok,,846142,786000,0,87498752,,,,,
standard-1789242092913944754,blob,blob/source-history,git-bundle-s3,1,true,11,git_init,setup,ok,,1120544,0,1036000,87498752,,,,,
standard-1789242092913944754,blob,blob/source-history,git-bundle-s3,1,true,11,git_init,setup,ok,,973264,888000,0,87498752,,,,,
standard-1789242092913944754,blob,blob/source-history,git-bundle-s3,1,true,11,git_init,setup,ok,,851922,785000,0,87498752,,,,,
standard-1789242092913944754,blob,blob/source-history,git-bundle-s3,1,true,11,git_init,setup,ok,,1034932,0,969000,87498752,,,,,
standard-1789242092913944754,blob,blob/source-history,git-bundle-s3,1,true,11,git_init,setup,ok,,976070,0,899000,87498752,,,,,
standard-1789242092913944754,blob,blob/source-history,git-bundle-s3,1,true,11,git_init,setup,ok,,1013651,0,919000,87498752,,,,,
standard-1789242092913944754,blob,blob/source-history,git-bundle-s3,1,true,11,replay_history,setup,ok,,1075973806,981163000,89515000,87498752,,,,,
standard-1789242092913944754,blob,blob/source-history,git-bundle-s3,1,true,11,replay_history,setup,ok,,7471724,4440000,4446000,87498752,,,,,
standard-1789242092913944754,blob,blob/source-history,git-bundle-s3,1,true,11,replay_history,setup,ok,,3989771,0,5221000,87498752,,,,,
standard-1789242092913944754,blob,blob/source-history,git-bundle-s3,1,true,11,replay_history,setup,ok,,6555719,2595000,5193000,87498752,,,,,
standard-1789242092913944754,blob,blob/source-history,git-bundle-s3,1,true,11,replay_history,setup,ok,,4467791,4249000,1421000,87498752,,,,,
standard-1789242092913944754,blob,blob/source-history,git-bundle-s3,1,true,11,replay_history,setup,ok,,6227454,1858000,5561000,87498752,,,,,
standard-1789242092913944754,blob,blob/source-history,git-bundle-s3,1,true,11,replay_history,setup,ok,,4478181,934000,4741000,87498752,,,,,
standard-1789242092913944754,blob,blob/source-history,git-bundle-s3,1,true,11,replay_history,setup,ok,,6107334,2789000,4637000,87498752,,,,,
standard-1789242092913944754,blob,blob/source-history,git-bundle-s3,1,true,11,replay_history,setup,ok,,4462010,2435000,3248000,87498752,,,,,
standard-1789242092913944754,blob,blob/source-history,git-bundle-s3,1,true,11,replay_history,setup,ok,,6306845,0,7579000,87498752,,,,,
standard-1789242092913944754,blob,blob/source-history,git-bundle-s3,1,true,11,replay_history,setup,ok,,4984375,861000,5238000,87498752,,,,,
standard-1789242092913944754,blob,blob/source-history,git-bundle-s3,1,true,11,replay_history,setup,ok,,6430140,4823000,2901000,87498752,,,,,
standard-1789242092913944754,blob,blob/source-history,git-bundle-s3,1,true,11,replay_history,setup,ok,,5052806,2693000,3577000,87498752,,,,,
standard-1789242092913944754,blob,blob/source-history,git-bundle-s3,1,true,11,replay_history,setup,ok,,6835121,902000,7197000,87498752,,,,,
standard-1789242092913944754,blob,blob/source-history,git-bundle-s3,1,true,11,replay_history,setup,ok,,5731228,2295000,4599000,87498752,,,,,
standard-1789242092913944754,blob,blob/source-history,git-bundle-s3,1,true,11,replay_history,setup,ok,,6734870,1779000,6230000,87498752,,,,,
standard-1789242092913944754,blob,blob/source-history,git-bundle-s3,1,true,11,replay_history,setup,ok,,6036270,4120000,3089000,87498752,,,,,
standard-1789242092913944754,blob,blob/source-history,git-bundle-s3,1,true,11,replay_history,setup,ok,,6599352,4468000,3352000,87498752,,,,,
standard-1789242092913944754,blob,blob/source-history,git-bundle-s3,1,true,11,replay_history,setup,ok,,5744944,3460000,3460000,87498752,,,,,
standard-1789242092913944754,blob,blob/source-history,git-bundle-s3,1,true,11,replay_history,setup,ok,,6774155,4639000,3463000,87498752,,,,,
standard-1789242092913944754,blob,blob/source-history,git-bundle-s3,1,true,11,replay_history,setup,ok,,5766255,4927000,1974000,87498752,,,,,
standard-1789242092913944754,blob,blob/source-history,git-bundle-s3,1,true,11,replay_history,setup,ok,,7201879,2118000,6370000,87498752,,,,,
standard-1789242092913944754,blob,blob/source-history,git-bundle-s3,1,true,11,replay_history,setup,ok,,6201154,2110000,5280000,87498752,,,,,
standard-1789242092913944754,blob,blob/source-history,git-bundle-s3,1,true,11,replay_history,setup,ok,,6991609,5531000,2762000,87498752,,,,,
standard-1789242092913944754,blob,blob/source-history,git-bundle-s3,1,true,11,replay_history,setup,ok,,6123987,1825000,5469000,87498752,,,,,
standard-1789242092913944754,blob,blob/source-history,git-bundle-s3,1,true,11,replay_history,setup,ok,,7739303,2721000,6332000,87498752,,,,,
standard-1789242092913944754,blob,blob/source-history,git-bundle-s3,1,true,11,replay_history,setup,ok,,6415793,3797000,3788000,87498752,,,,,
standard-1789242092913944754,blob,blob/source-history,git-bundle-s3,1,true,11,replay_history,setup,ok,,7529003,3540000,5317000,87498752,,,,,
standard-1789242092913944754,blob,blob/source-history,git-bundle-s3,1,true,11,replay_history,setup,ok,,6588041,3446000,4312000,87498752,,,,,
standard-1789242092913944754,blob,blob/source-history,git-bundle-s3,1,true,11,replay_history,setup,ok,,7560694,1778000,7078000,87498752,,,,,
standard-1789242092913944754,blob,blob/source-history,git-bundle-s3,1,true,11,replay_history,setup,ok,,7198143,3123000,5200000,87498752,,,,,
standard-1789242092913944754,blob,blob/source-history,git-bundle-s3,1,true,11,replay_history,setup,ok,,7599658,3952000,4958000,87498752,,,,,
standard-1789242092913944754,blob,blob/source-history,git-bundle-s3,1,true,11,replay_history,setup,ok,,7265140,3866000,4835000,87498752,,,,,
standard-1789242092913944754,blob,blob/source-history,git-bundle-s3,1,true,11,replay_history,setup,ok,,7951769,2773000,6461000,87498752,,,,,
standard-1789242092913944754,blob,blob/source-history,git-bundle-s3,1,true,11,replay_history,setup,ok,,7557408,6212000,2477000,87498752,,,,,
standard-1789242092913944754,blob,blob/source-history,git-bundle-s3,1,true,11,replay_history,setup,ok,,7838733,3678000,5523000,87498752,,,,,
standard-1789242092913944754,blob,blob/source-history,git-bundle-s3,1,true,11,replay_history,setup,ok,,8287017,1887000,7543000,87498752,,,,,
standard-1789242092913944754,blob,blob/source-history,git-bundle-s3,1,true,11,replay_history,setup,ok,,8077098,2839000,6642000,87498752,,,,,
standard-1789242092913944754,blob,blob/source-history,git-bundle-s3,1,true,11,replay_history,setup,ok,,7838883,1798000,7177000,87498752,,,,,
standard-1789242092913944754,blob,blob/source-history,git-bundle-s3,1,true,11,replay_history,setup,ok,,8209319,4802000,4789000,87498752,,,,,
standard-1789242092913944754,blob,blob/source-history,git-bundle-s3,1,true,11,replay_history,setup,ok,,8347953,3811000,5725000,87498752,,,,,
standard-1789242092913944754,blob,blob/source-history,git-bundle-s3,1,true,11,replay_history,setup,ok,,8653886,3659000,6393000,87498752,,,,,
standard-1789242092913944754,blob,blob/source-history,git-bundle-s3,1,true,11,replay_history,setup,ok,,8582450,5345000,4451000,87498752,,,,,
standard-1789242092913944754,blob,blob/source-history,git-bundle-s3,1,true,11,replay_history,setup,ok,,8278972,2415000,7255000,87498752,,,,,
standard-1789242092913944754,blob,blob/source-history,git-bundle-s3,1,true,11,replay_history,setup,ok,,8377058,2395000,7168000,87498752,,,,,
standard-1789242092913944754,blob,blob/source-history,git-bundle-s3,1,true,11,replay_history,setup,ok,,8336782,4868000,4869000,87498752,,,,,
standard-1789242092913944754,blob,blob/source-history,git-bundle-s3,1,true,11,replay_history,setup,ok,,8886169,5508000,4589000,87498752,,,,,
standard-1789242092913944754,blob,blob/source-history,git-bundle-s3,1,true,11,replay_history,setup,ok,,8492819,3964000,5935000,87498752,,,,,
standard-1789242092913944754,blob,blob/source-history,git-bundle-s3,1,true,11,replay_history,setup,ok,,8532655,5312000,4418000,87498752,,,,,
standard-1789242092913944754,blob,blob/source-history,git-bundle-s3,1,true,11,replay_history,setup,ok,,9306509,5821000,4852000,87498752,,,,,
standard-1789242092913944754,blob,blob/source-history,git-bundle-s3,1,true,11,replay_history,setup,ok,,8989966,1853000,8342000,87498752,,,,,
standard-1789242092913944754,blob,blob/source-history,git-bundle-s3,1,true,11,replay_history,setup,ok,,9389868,5389000,5399000,87498752,,,,,
standard-1789242092913944754,blob,blob/source-history,git-bundle-s3,1,true,11,replay_history,setup,ok,,91890335,82839000,9979000,87498752,,,,,
standard-1789242092913944754,blob,blob/source-history,git-bundle-s3,1,true,11,replay_history,setup,ok,,6437013,2867000,4775000,87498752,,,,,
standard-1789242092913944754,blob,blob/source-history,git-bundle-s3,1,true,11,replay_history,setup,ok,,4371337,2390000,3175000,87498752,,,,,
standard-1789242092913944754,blob,blob/source-history,git-bundle-s3,1,true,11,replay_history,setup,ok,,6187648,2455000,4907000,87498752,,,,,
standard-1789242092913944754,blob,blob/source-history,git-bundle-s3,1,true,11,replay_history,setup,ok,,4556090,1169000,4673000,87498752,,,,,
standard-1789242092913944754,blob,blob/source-history,git-bundle-s3,1,true,11,replay_history,setup,ok,,6299702,1698000,5941000,87498752,,,,,
standard-1789242092913944754,blob,blob/source-history,git-bundle-s3,1,true,11,replay_history,setup,ok,,4541541,1642000,4119000,87498752,,,,,
standard-1789242092913944754,blob,blob/source-history,git-bundle-s3,1,true,11,replay_history,setup,ok,,6337092,1917000,5758000,87498752,,,,,
standard-1789242092913944754,blob,blob/source-history,git-bundle-s3,1,true,11,replay_history,setup,ok,,4673694,0,5866000,87498752,,,,,
standard-1789242092913944754,blob,blob/source-history,git-bundle-s3,1,true,11,replay_history,setup,ok,,6128004,3704000,3687000,87498752,,,,,
standard-1789242092913944754,blob,blob/source-history,git-bundle-s3,1,true,11,replay_history,setup,ok,,5030414,1773000,4424000,87498752,,,,,
standard-1789242092913944754,blob,blob/source-history,git-bundle-s3,1,true,11,replay_history,setup,ok,,6378220,1264000,6353000,87498752,,,,,
standard-1789242092913944754,blob,blob/source-history,git-bundle-s3,1,true,11,replay_history,setup,ok,,5755495,1371000,5497000,87498752,,,,,
standard-1789242092913944754,blob,blob/source-history,git-bundle-s3,1,true,11,replay_history,setup,ok,,6641252,3509000,4396000,87498752,,,,,
standard-1789242092913944754,blob,blob/source-history,git-bundle-s3,1,true,11,replay_history,setup,ok,,5538621,4017000,2671000,87498752,,,,,
standard-1789242092913944754,blob,blob/source-history,git-bundle-s3,1,true,11,replay_history,setup,ok,,6551421,4384000,3500000,87498752,,,,,
standard-1789242092913944754,blob,blob/source-history,git-bundle-s3,1,true,11,replay_history,setup,ok,,5445985,2497000,4151000,87498752,,,,,
standard-1789242092913944754,blob,blob/source-history,git-bundle-s3,1,true,11,replay_history,setup,ok,,6747103,3419000,4558000,87498752,,,,,
standard-1789242092913944754,blob,blob/source-history,git-bundle-s3,1,true,11,replay_history,setup,ok,,5680111,2281000,4572000,87498752,,,,,
standard-1789242092913944754,blob,blob/source-history,git-bundle-s3,1,true,11,replay_history,setup,ok,,7131997,935000,7494000,87498752,,,,,
standard-1789242092913944754,blob,blob/source-history,git-bundle-s3,1,true,11,replay_history,setup,ok,,6123225,4879000,2440000,87498752,,,,,
standard-1789242092913944754,blob,blob/source-history,git-bundle-s3,1,true,11,replay_history,setup,ok,,7420777,5008000,3753000,87498752,,,,,
standard-1789242092913944754,blob,blob/source-history,git-bundle-s3,1,true,11,replay_history,setup,ok,,6381217,4393000,3307000,87498752,,,,,
standard-1789242092913944754,blob,blob/source-history,git-bundle-s3,1,true,11,replay_history,setup,ok,,7257576,6738000,1926000,87498752,,,,,
standard-1789242092913944754,blob,blob/source-history,git-bundle-s3,1,true,11,replay_history,setup,ok,,7151684,4603000,3672000,87498752,,,,,
standard-1789242092913944754,blob,blob/source-history,git-bundle-s3,1,true,11,replay_history,setup,ok,,7870183,5537000,3701000,87498752,,,,,
standard-1789242092913944754,blob,blob/source-history,git-bundle-s3,1,true,11,mark_basis,setup,ok,,1310967,0,1196000,87498752,,,,,
standard-1789242092913944754,blob,blob/source-history,git-bundle-s3,1,true,11,push_initial,measured,ok,,6564698223,6384707000,277776000,259596288,114186429,17394010.375060007,,,
standard-1789242092913944754,blob,blob/source-history,git-bundle-s3,1,true,11,push_noop,measured,ok,,18654138,17210000,7896000,87498752,2354,126191.84011611794,,,
standard-1789242092913944754,blob,blob/source-history,git-bundle-s3,1,true,11,pull_fresh,measured,ok,,664929568,434152000,222498000,119709696,114023386,171481900.47099847,,,
standard-1789242092913944754,blob,blob/source-history,git-bundle-s3,1,true,11,replay_history,setup,ok,,8119228,2890000,6735000,87498752,,,,,
standard-1789242092913944754,blob,blob/source-history,git-bundle-s3,1,true,11,replay_history,setup,ok,,6826956,3528000,4693000,87498752,,,,,
standard-1789242092913944754,blob,blob/source-history,git-bundle-s3,1,true,11,replay_history,setup,ok,,4469645,4545000,1135000,87498752,,,,,
standard-1789242092913944754,blob,blob/source-history,git-bundle-s3,1,true,11,replay_history,setup,ok,,6299551,2899000,4828000,87498752,,,,,
standard-1789242092913944754,blob,blob/source-history,git-bundle-s3,1,true,11,replay_history,setup,ok,,4447874,2816000,2818000,87498752,,,,,
standard-1789242092913944754,blob,blob/source-history,git-bundle-s3,1,true,11,replay_history,setup,ok,,6882993,3591000,4483000,87498752,,,,,
standard-1789242092913944754,blob,blob/source-history,git-bundle-s3,1,true,11,replay_history,setup,ok,,4627526,1458000,4370000,87498752,,,,,
standard-1789242092913944754,blob,blob/source-history,git-bundle-s3,1,true,11,replay_history,setup,ok,,6212916,1649000,5761000,87498752,,,,,
standard-1789242092913944754,blob,blob/source-history,git-bundle-s3,1,true,11,replay_history,setup,ok,,4708971,841000,5049000,87498752,,,,,
standard-1789242092913944754,blob,blob/source-history,git-bundle-s3,1,true,11,replay_history,setup,ok,,6346731,2851000,4757000,87498752,,,,,
standard-1789242092913944754,blob,blob/source-history,git-bundle-s3,1,true,11,replay_history,setup,ok,,4933078,3645000,2429000,87498752,,,,,
standard-1789242092913944754,blob,blob/source-history,git-bundle-s3,1,true,11,replay_history,setup,ok,,6335269,1082000,6483000,87498752,,,,,
standard-1789242092913944754,blob,blob/source-history,git-bundle-s3,1,true,11,replay_history,setup,ok,,5399337,2640000,3962000,87498752,,,,,
standard-1789242092913944754,blob,blob/source-history,git-bundle-s3,1,true,11,replay_history,setup,ok,,6627696,871000,7076000,87498752,,,,,
standard-1789242092913944754,blob,blob/source-history,git-bundle-s3,1,true,11,replay_history,setup,ok,,5631779,4805000,1921000,87498752,,,,,
standard-1789242092913944754,blob,blob/source-history,git-bundle-s3,1,true,11,replay_history,setup,ok,,6588351,1306000,6482000,87498752,,,,,
standard-1789242092913944754,blob,blob/source-history,git-bundle-s3,1,true,11,replay_history,setup,ok,,5836258,1406000,5617000,87498752,,,,,
standard-1789242092913944754,blob,blob/source-history,git-bundle-s3,1,true,11,replay_history,setup,ok,,7065190,6678000,1918000,87498752,,,,,
standard-1789242092913944754,blob,blob/source-history,git-bundle-s3,1,true,11,replay_history,setup,ok,,6026891,1013000,6163000,87498752,,,,,
standard-1789242092913944754,blob,blob/source-history,git-bundle-s3,1,true,11,replay_history,setup,ok,,7288746,2874000,5745000,87498752,,,,,
standard-1789242092913944754,blob,blob/source-history,git-bundle-s3,1,true,11,replay_history,setup,ok,,6697630,3934000,3933000,87498752,,,,,
standard-1789242092913944754,blob,blob/source-history,git-bundle-s3,1,true,11,replay_history,setup,ok,,7396541,3869000,4821000,87498752,,,,,
standard-1789242092913944754,blob,blob/source-history,git-bundle-s3,1,true,11,replay_history,setup,ok,,6708260,1165000,6999000,87498752,,,,,
standard-1789242092913944754,blob,blob/source-history,git-bundle-s3,1,true,11,replay_history,setup,ok,,7689189,3584000,5368000,87498752,,,,,
standard-1789242092913944754,blob,blob/source-history,git-bundle-s3,1,true,11,replay_history,setup,ok,,6708220,4396000,3520000,87498752,,,,,
standard-1789242092913944754,blob,blob/source-history,git-bundle-s3,1,true,11,replay_history,setup,ok,,7398585,3710000,4953000,87498752,,,,,
standard-1789242092913944754,blob,blob/source-history,git-bundle-s3,1,true,11,push_incremental,measured,ok,,59129377,56173000,27114000,87498752,248017,4194480.181991432,,,
standard-1789242092913944754,blob,blob/source-history,git-bundle-s3,1,true,11,pull_incremental,measured,ok,,37291003,24101000,16589000,87498752,251985,6757259.921381037,,,
standard-1789242092913944754,blob,blob/source-history,git-bundle-s3,1,true,11,retention_cleanup,measured,ok,,6586776476,6445538000,299071000,259153920,114433587,17373230.656445917,,,
standard-1789242092913944754,blob,blob/source-history,git-bundle-s3,1,true,11,inject_missing_object,verify,ok,,0,0,0,0,,,,,
standard-1789242092913944754,blob,blob/backup-corpus,amber-go-s3,1,true,12,ingest_payload,setup,ok,,1370144353,22526083000,2606382000,1074876416,,,,,
standard-1789242092913944754,blob,blob/backup-corpus,amber-go-s3,1,true,12,push_initial,measured,ok,,675706168,634649000,603296000,87498752,724994502,1072943442.4816439,,,
standard-1789242092913944754,blob,blob/backup-corpus,amber-go-s3,1,true,12,push_noop,measured,ok,,21147439,22905000,5721000,87760896,7370,348505.5566302851,,,
standard-1789242092913944754,blob,blob/backup-corpus,amber-go-s3,1,true,12,pull_fresh,measured,ok,,256491387,178499000,687948000,87760896,723931791,2822440938.338409,,,
standard-1789242092913944754,blob,blob/backup-corpus,amber-go-s3,1,true,12,ingest_payload,setup,ok,,783048928,12995848000,2829205000,458690560,,,,,
standard-1789242092913944754,blob,blob/backup-corpus,amber-go-s3,1,true,12,push_incremental,measured,ok,,173021810,58923000,27290000,87760896,57674743,333337993.6321323,,,
standard-1789242092913944754,blob,blob/backup-corpus,amber-go-s3,1,true,12,pull_incremental,measured,ok,,66525183,25925000,36044000,87760896,57588671,865667231.6106218,,,
standard-1789242092913944754,blob,blob/backup-corpus,amber-go-s3,1,true,12,retention_local,setup,ok,,37168375,8239000,29962000,88023040,,,,,
standard-1789242092913944754,blob,blob/backup-corpus,amber-go-s3,1,true,12,age_sealed_segments,setup,ok,,0,0,0,0,,,,,
standard-1789242092913944754,blob,blob/backup-corpus,amber-go-s3,1,true,12,retention_local,setup,ok,,459561937,1167228000,409812000,710393856,,,,,
standard-1789242092913944754,blob,blob/backup-corpus,amber-go-s3,1,true,12,retention_cleanup,measured,ok,,697322633,623277000,666359000,88023040,725637851,1040605620.21081,,,
standard-1789242092913944754,blob,blob/backup-corpus,amber-go-s3,1,true,12,inject_missing_object,verify,ok,,0,0,0,0,,,,,
standard-1789242092913944754,nix,nix/closure,amber-rust,1,true,13,import_initial,measured,ok,,218265486,254604000,267133000,88023040,184550399,845531753.0138503,112904392,110870528,
standard-1789242092913944754,nix,nix/closure,amber-rust,1,true,13,import_repeat,measured,ok,,289903819,202005000,237916000,88023040,184550399,636591817.3709881,112904392,110870528,
standard-1789242092913944754,nix,nix/closure,amber-rust,1,true,13,import_incremental,measured,ok,,401350759,244787000,342518000,88285184,192939113,480724425.3897126,129702330,127672320,
standard-1789242092913944754,nix,nix/closure,amber-rust,1,true,13,catalog_list,measured,ok,,34467911,9674000,24238000,88285184,,,,,
standard-1789242092913944754,nix,nix/closure,amber-rust,1,true,13,closure_query,measured,unsupported,"these cores store trees keyed by content and record no references between roots, so there is no closure to query. The harness keeps the reference graph itself and verifies completeness separately; see the closure_is_complete check.",,,,,,,,,
standard-1789242092913944754,nix,nix/closure,amber-rust,1,true,13,nar_and_reference_registration,measured,unsupported,these cores record no NAR hash and no reference list for a stored tree: they address content by their own key and model no edges between roots. The harness therefore recomputes the NAR hash of every restored path with `nix hash path` and compares it with the source store's — see the nar_hashes_match_recomputed check — but nothing in the store under test would have noticed a mismatch.,,,,,,,,,
standard-1789242092913944754,nix,nix/closure,amber-rust,1,true,13,read_closure,measured,ok,,306620320,79263000,222242000,88285184,192939113,629244379.4983972,,,
standard-1789242092913944754,nix,nix/closure,amber-rust,1,true,13,cache_export,measured,unsupported,"these cores have no binary-cache publication format; the blob scenario group measures what they can do, which is to publish their on-disk pack segments to object storage",,,,,,,,,
standard-1789242092913944754,nix,nix/closure,amber-rust,1,true,13,materialize_closure,measured,ok,,460201438,91863000,361361000,88285184,192939113,419249261.45059115,,,
standard-1789242092913944754,nix,nix/closure,amber-rust,1,true,13,cache_substitute,measured,unsupported,these cores have no binary-cache client; see the blob scenario group,,,,,,,,,
standard-1789242092913944754,nix,nix/closure,amber-rust,1,true,13,delete_path,measured,ok,,34154665,7089000,26433000,88285184,,,129702330,127672320,
standard-1789242092913944754,nix,nix/closure,amber-rust,1,true,13,register_gc_root,setup,ok,,0,0,0,0,,,,,
standard-1789242092913944754,nix,nix/closure,amber-rust,1,true,13,age_sealed_segments,setup,ok,,0,0,0,0,,,,,
standard-1789242092913944754,nix,nix/closure,amber-rust,1,true,13,gc,measured,ok,,34941324,6828000,27381000,88285184,,,129742792,127713280,-40960
standard-1789242092913944754,nix,nix/closure,amber-rust,1,true,13,post_gc_materialize,verify,ok,,196267870,27766000,164502000,88285184,,,,,
standard-1789242092913944754,nix,nix/closure,amber-rust,1,true,13,integrity_check,verify,ok,,5406772,0,5017000,88285184,,,,,
standard-1789242092913944754,nix,nix/closure,amber-rust,1,true,13,integrity_check,verify,ok,,5016969,940000,3749000,88285184,,,,,
standard-1789242092913944754,nix,nix/closure,amber-rust,1,true,13,integrity_check,verify,ok,,4529871,2097000,2131000,88285184,,,,,
standard-1789242092913944754,nix,nix/closure,amber-rust,1,true,13,integrity_check,verify,ok,,4421283,1669000,2429000,88285184,,,,,
standard-1789242092913944754,nix,nix/closure,amber-rust,1,true,13,integrity_check,verify,ok,,6711157,5322000,1074000,88285184,,,,,
standard-1789242092913944754,nix,nix/closure,amber-rust,1,true,13,integrity_check,verify,ok,,11027992,5827000,4780000,88285184,,,,,
standard-1789242092913944754,nix,nix/closure,amber-rust,1,true,13,integrity_check,verify,ok,,4796238,1125000,3332000,88547328,,,,,
standard-1789242092913944754,nix,nix/closure,amber-rust,1,true,13,integrity_check,verify,ok,,5245224,1926000,2947000,88547328,,,,,
standard-1789242092913944754,nix,nix/closure,amber-rust,1,true,13,integrity_check,verify,ok,,5245785,2977000,1922000,88547328,,,,,
standard-1789242092913944754,blob,blob/nix-closure,nix-binary-cache,1,true,14,push_initial,measured,ok,,19483431756,27701668000,465599000,412303360,109112729,5600282.864254563,,,
standard-1789242092913944754,blob,blob/nix-closure,nix-binary-cache,1,true,14,push_noop,measured,ok,,21481722,13388000,5579000,88547328,0,0,,,
standard-1789242092913944754,blob,blob/nix-closure,nix-binary-cache,1,true,14,pull_fresh,measured,ok,,146064744,184668000,119003000,88547328,109099703,746927013.4071505,,,
standard-1789242092913944754,blob,blob/nix-closure,nix-binary-cache,1,true,14,push_incremental,measured,ok,,3272989701,3824202000,152312000,189820928,16803307,5133932.133934326,,,
standard-1789242092913944754,blob,blob/nix-closure,nix-binary-cache,1,true,14,pull_incremental,measured,ok,,127990167,97864000,49150000,88547328,16793755,131211290.62984972,,,
standard-1789242092913944754,blob,blob/nix-closure,nix-binary-cache,1,true,14,retention_cleanup,measured,ok,,37754950,31649000,17556000,88547328,8002,211945.71837600102,,,
standard-1789242092913944754,blob,blob/nix-closure,nix-binary-cache,1,true,14,retention_cleanup_note,verify,ok,,0,0,0,0,,,,,
standard-1789242092913944754,blob,blob/nix-closure,nix-binary-cache,1,true,14,inject_missing_object,verify,ok,,0,0,0,0,,,,,
standard-1789242092913944754,backup,backup/retention,amber-go,1,true,15,backup_initial,measured,ok,,1378170331,25254015000,3223909000,1020567552,2179569013,1581494655.6123476,723804611,728510464,
standard-1789242092913944754,backup,backup/retention,amber-go,1,true,15,backup_unchanged,measured,ok,,705884816,9442545000,2361842000,290349056,2179569013,3087711994.360281,723805338,728518656,
standard-1789242092913944754,backup,backup/retention,amber-go,1,true,15,backup_changed,measured,ok,,823652408,12815406000,2754953000,448528384,2179966963,2646707448.222503,729758828,734478336,
standard-1789242092913944754,backup,backup/retention,amber-go,1,true,15,backup_changed_again,measured,ok,,800090687,12796950000,2770101000,440635392,2180393091,2725182440.4750257,735647099,740368384,
standard-1789242092913944754,backup,backup/retention,amber-go,1,true,15,list_snapshot,measured,ok,,5514878213,1636900000,4179836000,95604736,,,,,
standard-1789242092913944754,backup,backup/retention,amber-go,1,true,15,restore_latest,measured,ok,,1742947001,1361558000,969959000,704380928,2180393091,1250980718.1451986,,,
standard-1789242092913944754,backup,backup/retention,amber-go,1,true,15,forget_oldest,measured,ok,,71674036,19658000,55920000,89333760,,,735646206,740360192,
standard-1789242092913944754,backup,backup/retention,amber-go,1,true,15,age_sealed_segments,setup,ok,,0,0,0,0,,,,,
standard-1789242092913944754,backup,backup/retention,amber-go,1,true,15,prune,measured,ok,,432259292,1244090000,424267000,709623808,,,731168042,731267072,9093120
standard-1789242092913944754,backup,backup/retention,amber-go,1,true,15,integrity_check,verify,ok,,777596226,1000388000,151748000,693968896,,,,,
standard-1789242092913944754,backup,backup/retention,amber-go,1,true,15,post_retention_restore,verify,ok,,1721894577,1365614000,959289000,690044928,,,,,
standard-1789242092913944754,backup,backup/retention,amber-go,1,true,15,post_retention_restore,verify,ok,,1770693894,1410538000,977086000,693813248,,,,,
standard-1789242092913944754,backup,backup/retention,amber-go,1,true,15,forgotten_snapshot_probe,verify,ok,,0,0,0,0,,,,,
standard-1789242092913944754,backup,backup/retention,amber-go,1,true,15,forgotten_snapshot_probe,verify,ok,,0,0,0,0,,,,,
standard-1789242092913944754,nix,nix/closure,amber-go,1,true,16,import_initial,measured,ok,,335834669,527757000,1145206000,271400960,184550399,549527538.5043705,109229906,113901568,
standard-1789242092913944754,nix,nix/closure,amber-go,1,true,16,import_repeat,measured,ok,,305747616,252955000,243729000,104620032,184550399,603603721.9665517,109230590,113901568,
standard-1789242092913944754,nix,nix/closure,amber-go,1,true,16,import_incremental,measured,ok,,434670477,352845000,637832000,158154752,192939113,443874436.40438455,126027925,130699264,
standard-1789242092913944754,nix,nix/closure,amber-go,1,true,16,catalog_list,measured,ok,,30047417,8224000,23614000,89333760,,,,,
standard-1789242092913944754,nix,nix/closure,amber-go,1,true,16,closure_query,measured,unsupported,"these cores store trees keyed by content and record no references between roots, so there is no closure to query. The harness keeps the reference graph itself and verifies completeness separately; see the closure_is_complete check.",,,,,,,,,
standard-1789242092913944754,nix,nix/closure,amber-go,1,true,16,nar_and_reference_registration,measured,unsupported,these cores record no NAR hash and no reference list for a stored tree: they address content by their own key and model no edges between roots. The harness therefore recomputes the NAR hash of every restored path with `nix hash path` and compares it with the source store's — see the nar_hashes_match_recomputed check — but nothing in the store under test would have noticed a mismatch.,,,,,,,,,
standard-1789242092913944754,nix,nix/closure,amber-go,1,true,16,read_closure,measured,ok,,363981385,133257000,266127000,180920320,192939113,530079616.5716002,,,
standard-1789242092913944754,nix,nix/closure,amber-go,1,true,16,cache_export,measured,unsupported,"these cores have no binary-cache publication format; the blob scenario group measures what they can do, which is to publish their on-disk pack segments to object storage",,,,,,,,,
standard-1789242092913944754,nix,nix/closure,amber-go,1,true,16,materialize_closure,measured,ok,,431515364,170119000,332228000,180994048,192939113,447119915.2946035,,,
standard-1789242092913944754,nix,nix/closure,amber-go,1,true,16,cache_substitute,measured,unsupported,these cores have no binary-cache client; see the blob scenario group,,,,,,,,,
standard-1789242092913944754,nix,nix/closure,amber-go,1,true,16,delete_path,measured,ok,,31574587,10842000,22725000,89595904,,,126029025,130703360,
standard-1789242092913944754,nix,nix/closure,amber-go,1,true,16,register_gc_root,setup,ok,,0,0,0,0,,,,,
standard-1789242092913944754,nix,nix/closure,amber-go,1,true,16,age_sealed_segments,setup,ok,,0,0,0,0,,,,,
standard-1789242092913944754,nix,nix/closure,amber-go,1,true,16,gc,measured,ok,,31235320,8725000,25042000,89595904,,,126065345,126107648,4595712
standard-1789242092913944754,nix,nix/closure,amber-go,1,true,16,post_gc_materialize,verify,ok,,180456382,137527000,151218000,92143616,,,,,
standard-1789242092913944754,nix,nix/closure,amber-go,1,true,16,integrity_check,verify,ok,,8681594,6421000,9048000,89595904,,,,,
standard-1789242092913944754,nix,nix/closure,amber-go,1,true,16,integrity_check,verify,ok,,8808936,6961000,8078000,89595904,,,,,
standard-1789242092913944754,nix,nix/closure,amber-go,1,true,16,integrity_check,verify,ok,,8169187,6205000,7968000,89595904,,,,,
standard-1789242092913944754,nix,nix/closure,amber-go,1,true,16,integrity_check,verify,ok,,8214714,6036000,7572000,89595904,,,,,
standard-1789242092913944754,nix,nix/closure,amber-go,1,true,16,integrity_check,verify,ok,,25452200,27489000,11776000,89595904,,,,,
standard-1789242092913944754,nix,nix/closure,amber-go,1,true,16,integrity_check,verify,ok,,21505210,41540000,10879000,91938816,,,,,
standard-1789242092913944754,nix,nix/closure,amber-go,1,true,16,integrity_check,verify,ok,,6788145,5190000,5182000,89595904,,,,,
standard-1789242092913944754,nix,nix/closure,amber-go,1,true,16,integrity_check,verify,ok,,7194709,5303000,5299000,89595904,,,,,
standard-1789242092913944754,nix,nix/closure,amber-go,1,true,16,integrity_check,verify,ok,,11995358,16243000,4244000,89595904,,,,,
standard-1789242092913944754,tree,tree/lifecycle,fs-sha256,1,true,17,ingest_fresh,measured,ok,,2740311784,965964000,1199729000,89595904,2179569013,795372638.1523308,1643647743,1654947840,
standard-1789242092913944754,tree,tree/lifecycle,fs-sha256,1,true,17,ingest_repeat,measured,ok,,1034367319,895183000,133486000,89595904,2179569013,2107151853.0836337,1644597385,1655898112,
standard-1789242092913944754,tree,tree/lifecycle,fs-sha256,1,true,17,ingest_changed,measured,ok,,1143434722,909197000,164015000,89595904,2179966963,1906507578.4885952,1651210741,1663840256,
standard-1789242092913944754,tree,tree/lifecycle,fs-sha256,1,true,17,list_recursive,measured,ok,,3510279,1138000,2281000,89595904,,,,,
standard-1789242092913944754,tree,tree/lifecycle,fs-sha256,1,true,17,read_full,measured,ok,,146274389,3938000,141518000,89595904,2179569013,14900551134.758116,,,
standard-1789242092913944754,tree,tree/lifecycle,fs-sha256,1,true,17,restore_full,measured,ok,,606463892,21881000,581417000,89595904,2179569013,3593897413.763918,,,
standard-1789242092913944754,tree,tree/lifecycle,fs-sha256,1,true,17,integrity_check,verify,ok,,816897540,706342000,106445000,89595904,,,,,
standard-1789242092913944754,tree,tree/lifecycle,fs-sha256,1,true,17,ref_delete,measured,ok,,1601802,580000,855000,89858048,,,1649311457,1661939712,
standard-1789242092913944754,tree,tree/lifecycle,fs-sha256,1,true,17,gc,measured,ok,,23130968,3128000,19832000,89858048,,,1644046008,1654947840,6991872
standard-1789242092913944754,tree,tree/lifecycle,fs-sha256,1,true,17,restore_full,verify,ok,,606704049,21868000,581772000,89858048,,,,,
standard-1789242092913944754,tree,tree/lifecycle,fs-sha256,1,true,17,post_gc_integrity_check,verify,ok,,784378473,676949000,103316000,89858048,,,,,
standard-1789242092913944754,blob,blob/nix-closure,amber-go-s3,1,true,18,ingest_payload,setup,ok,,44224385,77249000,51845000,89858048,,,,,
standard-1789242092913944754,blob,blob/nix-closure,amber-go-s3,1,true,18,ingest_payload,setup,ok,,26130495,44492000,151554000,96817152,,,,,
standard-1789242092913944754,blob,blob/nix-closure,amber-go-s3,1,true,18,ingest_payload,setup,ok,,30193778,37482000,145513000,104034304,,,,,
standard-1789242092913944754,blob,blob/nix-closure,amber-go-s3,1,true,18,ingest_payload,setup,ok,,87341860,216198000,310383000,227758080,,,,,
standard-1789242092913944754,blob,blob/nix-closure,amber-go-s3,1,true,18,ingest_payload,setup,ok,,31666975,24553000,119983000,118345728,,,,,
standard-1789242092913944754,blob,blob/nix-closure,amber-go-s3,1,true,18,ingest_payload,setup,ok,,33630517,47147000,99742000,97087488,,,,,
standard-1789242092913944754,blob,blob/nix-closure,amber-go-s3,1,true,18,ingest_payload,setup,ok,,30843065,39778000,114336000,93147136,,,,,
standard-1789242092913944754,blob,blob/nix-closure,amber-go-s3,1,true,18,ingest_payload,setup,ok,,39993603,51038000,125759000,124395520,,,,,
standard-1789242092913944754,blob,blob/nix-closure,amber-go-s3,1,true,18,push_initial,measured,ok,,191772776,87258000,70786000,89858048,109410138,570519654.9900284,,,
standard-1789242092913944754,blob,blob/nix-closure,amber-go-s3,1,true,18,push_noop,measured,ok,,18852286,14798000,9231000,89858048,6849,363298.11673767306,,,
standard-1789242092913944754,blob,blob/nix-closure,amber-go-s3,1,true,18,pull_fresh,measured,ok,,74839346,33582000,47368000,89858048,109253612,1459841885.8443792,,,
standard-1789242092913944754,blob,blob/nix-closure,amber-go-s3,1,true,18,ingest_payload,setup,ok,,44177556,50323000,160274000,121982976,,,,,
standard-1789242092913944754,blob,blob/nix-closure,amber-go-s3,1,true,18,ingest_payload,setup,ok,,56222650,46947000,196332000,138035200,,,,,
standard-1789242092913944754,blob,blob/nix-closure,amber-go-s3,1,true,18,ingest_payload,setup,ok,,43288051,17232000,29648000,92405760,,,,,
standard-1789242092913944754,blob,blob/nix-closure,amber-go-s3,1,true,18,ingest_payload,setup,ok,,41236662,13581000,30763000,92360704,,,,,
standard-1789242092913944754,blob,blob/nix-closure,amber-go-s3,1,true,18,ingest_payload,setup,ok,,63965895,91791000,71448000,157155328,,,,,
standard-1789242092913944754,blob,blob/nix-closure,amber-go-s3,1,true,18,ingest_payload,setup,ok,,54727380,85745000,44422000,136384512,,,,,
standard-1789242092913944754,blob,blob/nix-closure,amber-go-s3,1,true,18,ingest_payload,setup,ok,,37375364,16898000,23459000,89858048,,,,,
standard-1789242092913944754,blob,blob/nix-closure,amber-go-s3,1,true,18,ingest_payload,setup,ok,,38310626,13578000,28224000,89858048,,,,,
standard-1789242092913944754,blob,blob/nix-closure,amber-go-s3,1,true,18,ingest_payload,setup,ok,,43005773,28367000,29349000,104742912,,,,,
standard-1789242092913944754,blob,blob/nix-closure,amber-go-s3,1,true,18,push_incremental,measured,ok,,178991031,65991000,38741000,89858048,58996602,329606470.6169551,,,
standard-1789242092913944754,blob,blob/nix-closure,amber-go-s3,1,true,18,pull_incremental,measured,ok,,62644768,28597000,41350000,89858048,58894703,940137618.5158831,,,
standard-1789242092913944754,blob,blob/nix-closure,amber-go-s3,1,true,18,retention_local,setup,ok,,33714377,8850000,25419000,89858048,,,,,
standard-1789242092913944754,blob,blob/nix-closure,amber-go-s3,1,true,18,retention_local,setup,ok,,32673995,8612000,25846000,89858048,,,,,
standard-1789242092913944754,blob,blob/nix-closure,amber-go-s3,1,true,18,age_sealed_segments,setup,ok,,0,0,0,0,,,,,
standard-1789242092913944754,blob,blob/nix-closure,amber-go-s3,1,true,18,retention_local,setup,ok,,76056907,47179000,100615000,202756096,,,,,
standard-1789242092913944754,blob,blob/nix-closure,amber-go-s3,1,true,18,retention_cleanup,measured,ok,,200083387,113462000,61091000,89858048,126281210,631142904.4331402,,,
standard-1789242092913944754,blob,blob/nix-closure,amber-go-s3,1,true,18,inject_missing_object,verify,ok,,0,0,0,0,,,,,
standard-1789242092913944754,tree,tree/lifecycle,restic,1,true,19,restic_init,setup,ok,,2970011862,2940430000,38970000,102858752,,,,,
standard-1789242092913944754,tree,tree/lifecycle,restic,1,true,19,ingest_fresh,measured,ok,,1764027906,19939751000,3154783000,1037328384,2179569013,1235563794.419928,741826877,743002112,
standard-1789242092913944754,tree,tree/lifecycle,restic,1,true,19,ingest_repeat,measured,ok,,823393571,598693000,54681000,99704832,2179569013,2647056146.3735304,741827330,743006208,
standard-1789242092913944754,tree,tree/lifecycle,restic,1,true,19,ingest_changed,measured,ok,,1009810920,5063506000,865009000,457588736,2179966963,2158787273.7601213,748029050,749219840,
standard-1789242092913944754,tree,tree/lifecycle,restic,1,true,19,list_recursive,measured,ok,,760864213,540540000,35325000,89858048,,,,,
standard-1789242092913944754,tree,tree/lifecycle,restic,1,true,19,read_full,measured,ok,,2050430333,3016734000,447166000,248446976,2179569013,1062981257.1154546,,,
standard-1789242092913944754,tree,tree/lifecycle,restic,1,true,19,restore_full,measured,ok,,1804073277,1879753000,701783000,276860928,2179569013,1208137740.7376785,,,
standard-1789242092913944754,tree,tree/lifecycle,restic,1,true,19,integrity_check,verify,ok,,1540600416,2068569000,160800000,151207936,,,,,
standard-1789242092913944754,tree,tree/lifecycle,restic,1,true,19,ref_delete,measured,ok,,715363770,499317000,24041000,89858048,,,748028181,749211648,
standard-1789242092913944754,tree,tree/lifecycle,restic,1,true,19,gc,measured,ok,,5580005584,5326724000,873294000,339275776,,,742222098,743407616,5804032
standard-1789242092913944754,tree,tree/lifecycle,restic,1,true,19,restore_full,verify,ok,,1780461353,1865508000,644476000,273510400,,,,,
standard-1789242092913944754,tree,tree/lifecycle,restic,1,true,19,post_gc_integrity_check,verify,ok,,1563219392,2053278000,162761000,156631040,,,,,
standard-1789242092913944754,tree,tree/lifecycle,amber-rust,1,true,20,ingest_fresh,measured,ok,,623653701,5815102000,1320690000,192004096,2179569013,3494838577.0903974,726627914,724647936,
standard-1789242092913944754,tree,tree/lifecycle,amber-rust,1,true,20,ingest_repeat,measured,ok,,210367816,2553248000,728558000,89858048,2179569013,10360753153.419628,726627914,724656128,
standard-1789242092913944754,tree,tree/lifecycle,amber-rust,1,true,20,ingest_changed,measured,ok,,208637509,2343640000,728683000,89858048,2179966963,10448586035.409386,732580042,730607616,
standard-1789242092913944754,tree,tree/lifecycle,amber-rust,1,true,20,list_recursive,measured,ok,,5670648053,1325193000,4243162000,90382336,,,,,
standard-1789242092913944754,tree,tree/lifecycle,amber-rust,1,true,20,read_full,measured,ok,,452195903,388781000,60650000,680878080,2179569013,4819966298.987012,,,
standard-1789242092913944754,tree,tree/lifecycle,amber-rust,1,true,20,restore_full,measured,ok,,2135325466,545756000,1576051000,681431040,2179569013,1020719814.2411889,,,
standard-1789242092913944754,tree,tree/lifecycle,amber-rust,1,true,20,integrity_check,verify,ok,,451836917,382700000,66455000,681447424,,,,,
standard-1789242092913944754,tree,tree/lifecycle,amber-rust,1,true,20,ref_delete,measured,ok,,71834134,16086000,54349000,90382336,,,732580042,730607616,
standard-1789242092913944754,tree,tree/lifecycle,amber-rust,1,true,20,age_sealed_segments,setup,ok,,0,0,0,0,,,,,
standard-1789242092913944754,tree,tree/lifecycle,amber-rust,1,true,20,gc,measured,ok,,394934752,714226000,350152000,712757248,,,727014951,725032960,5574656
standard-1789242092913944754,tree,tree/lifecycle,amber-rust,1,true,20,restore_full,verify,ok,,2167822205,553816000,1600184000,670208000,,,,,
standard-1789242092913944754,tree,tree/lifecycle,amber-rust,1,true,20,post_gc_integrity_check,verify,ok,,454807619,380084000,71846000,669794304,,,,,
standard-1789242092913944754,blob,blob/backup-corpus,amber-rust-s3,1,true,21,ingest_payload,setup,ok,,571879634,5858749000,1268985000,184471552,,,,,
standard-1789242092913944754,blob,blob/backup-corpus,amber-rust-s3,1,true,21,push_initial,measured,ok,,681428150,636633000,601899000,90644480,727716179,1067927967.1671914,,,
standard-1789242092913944754,blob,blob/backup-corpus,amber-rust-s3,1,true,21,push_noop,measured,ok,,21105614,13326000,14715000,90644480,5875,278361.9562074811,,,
standard-1789242092913944754,blob,blob/backup-corpus,amber-rust-s3,1,true,21,pull_fresh,measured,ok,,261682613,140408000,713168000,90644480,726649092,2776833675.2277846,,,
standard-1789242092913944754,blob,blob/backup-corpus,amber-rust-s3,1,true,21,ingest_payload,setup,ok,,204883386,2420071000,755002000,91672576,,,,,
standard-1789242092913944754,blob,blob/backup-corpus,amber-rust-s3,1,true,21,push_incremental,measured,ok,,172313060,45784000,42765000,90902528,60287524,349872052.64650285,,,
standard-1789242092913944754,blob,blob/backup-corpus,amber-rust-s3,1,true,21,pull_incremental,measured,ok,,68413048,26267000,43826000,90902528,60202366,879983683.8142338,,,
standard-1789242092913944754,blob,blob/backup-corpus,amber-rust-s3,1,true,21,retention_local,setup,ok,,38278786,9231000,26688000,90902528,,,,,
standard-1789242092913944754,blob,blob/backup-corpus,amber-rust-s3,1,true,21,age_sealed_segments,setup,ok,,0,0,0,0,,,,,
standard-1789242092913944754,blob,blob/backup-corpus,amber-rust-s3,1,true,21,retention_local,setup,ok,,364895627,705688000,329411000,645902336,,,,,
standard-1789242092913944754,blob,blob/backup-corpus,amber-rust-s3,1,true,21,retention_cleanup,measured,ok,,591601466,549307000,530494000,90902528,660834956,1117027245.5004363,,,
standard-1789242092913944754,blob,blob/backup-corpus,amber-rust-s3,1,true,21,inject_missing_object,verify,ok,,0,0,0,0,,,,,
standard-1789242092913944754,tree,tree/lifecycle,git,1,true,22,git_init,setup,ok,,2119841,0,1929000,91164672,,,,,
standard-1789242092913944754,tree,tree/lifecycle,git,1,true,22,git_init,setup,ok,,1182884,0,1045000,91164672,,,,,
standard-1789242092913944754,tree,tree/lifecycle,git,1,true,22,git_init,setup,ok,,979837,0,876000,91164672,,,,,
standard-1789242092913944754,tree,tree/lifecycle,git,1,true,22,git_init,setup,ok,,892652,797000,0,91164672,,,,,
standard-1789242092913944754,tree,tree/lifecycle,git,1,true,22,git_init,setup,ok,,890367,807000,0,91164672,,,,,
standard-1789242092913944754,tree,tree/lifecycle,git,1,true,22,git_init,setup,ok,,879346,0,807000,91164672,,,,,
standard-1789242092913944754,tree,tree/lifecycle,git,1,true,22,git_init,setup,ok,,876059,803000,0,91164672,,,,,
standard-1789242092913944754,tree,tree/lifecycle,git,1,true,22,git_init,setup,ok,,867784,791000,0,91164672,,,,,
standard-1789242092913944754,tree,tree/lifecycle,git,1,true,22,git_init,setup,ok,,873295,0,797000,91164672,,,,,
standard-1789242092913944754,tree,tree/lifecycle,git,1,true,22,git_init,setup,ok,,1011017,0,942000,91164672,,,,,
standard-1789242092913944754,tree,tree/lifecycle,git,1,true,22,git_init,setup,ok,,1011668,0,947000,91164672,,,,,
standard-1789242092913944754,tree,tree/lifecycle,git,1,true,22,git_init,setup,ok,,1038649,960000,0,91164672,,,,,
standard-1789242092913944754,tree,tree/lifecycle,git,1,true,22,ingest_fresh,measured,ok,,13838603581,13000517000,772505000,91164672,2179569013,157499201.4362262,1360451243,1374408704,
standard-1789242092913944754,tree,tree/lifecycle,git,1,true,22,ingest_repeat,measured,ok,,3141780808,3056049000,69886000,91164672,2179569013,693736815.5824574,1360451552,1374420992,
standard-1789242092913944754,tree,tree/lifecycle,git,1,true,22,ingest_changed,measured,ok,,3185822926,3078494000,92047000,91164672,2179966963,684271227.1322263,1366605120,1383510016,
standard-1789242092913944754,tree,tree/lifecycle,git,1,true,22,list_recursive,measured,ok,,56388459,11800000,44230000,91164672,,,,,
standard-1789242092913944754,tree,tree/lifecycle,git,1,true,22,read_full,measured,ok,,3966889967,3116813000,829182000,144187392,2179569013,549440249.4476852,,,
standard-1789242092913944754,tree,tree/lifecycle,git,1,true,22,restore_prepare,setup,ok,,1357959,0,1212000,91164672,,,,,
standard-1789242092913944754,tree,tree/lifecycle,git,1,true,22,restore_full,measured,ok,,3943356469,3213668000,709588000,91164672,2179569013,552719245.681768,,,
standard-1789242092913944754,tree,tree/lifecycle,git,1,true,22,integrity_check,verify,ok,,5124472440,4552667000,545401000,143699968,,,,,
standard-1789242092913944754,tree,tree/lifecycle,git,1,true,22,ref_delete,measured,ok,,2403993,0,2163000,91164672,,,1366600912,1383489536,
standard-1789242092913944754,tree,tree/lifecycle,git,1,true,22,gc,measured,ok,,101177712153,171925110000,3419269000,2800332800,,,722425242,722554880,660934656
standard-1789242092913944754,tree,tree/lifecycle,git,1,true,22,post_gc_restore_prepare,setup,ok,,1053459,0,974000,91164672,,,,,
standard-1789242092913944754,tree,tree/lifecycle,git,1,true,22,restore_full,verify,ok,,2246047877,898263000,1335851000,918253568,,,,,
standard-1789242092913944754,tree,tree/lifecycle,git,1,true,22,post_gc_integrity_check,verify,ok,,4569440560,3923326000,623293000,928821248,,,,,
standard-1789242092913944754,backup,backup/retention,restic,2,true,0,restic_init,setup,ok,,2954233190,2926568000,38645000,102572032,,,,,
standard-1789242092913944754,backup,backup/retention,restic,2,true,0,backup_initial,measured,ok,,1710679620,20367076000,3131149000,990322688,2179569013,1274095387.3057773,737973267,739168256,
standard-1789242092913944754,backup,backup/retention,restic,2,true,0,backup_unchanged,measured,ok,,818368998,590329000,61131000,100626432,2179569013,2663308383.2923985,737973719,739172352,
standard-1789242092913944754,backup,backup/retention,restic,2,true,0,backup_changed,measured,ok,,1010809271,4960849000,812322000,438759424,2179966963,2156655093.6393223,744178913,745390080,
standard-1789242092913944754,backup,backup/retention,restic,2,true,0,backup_changed_again,measured,ok,,1009577738,4942757000,892446000,460513280,2180393091,2159707973.8697643,750315101,751538176,
standard-1789242092913944754,backup,backup/retention,restic,2,true,0,list_snapshot,measured,ok,,757584784,534019000,38080000,91164672,,,,,
standard-1789242092913944754,backup,backup/retention,restic,2,true,0,restore_latest,measured,ok,,1792518617,1875788000,686361000,321794048,2180393091,1216385185.8058555,,,
standard-1789242092913944754,backup,backup/retention,restic,2,true,0,forget_oldest,measured,ok,,715838610,503871000,19116000,91164672,,,750314230,751529984,
standard-1789242092913944754,backup,backup/retention,restic,2,true,0,prune,measured,ok,,5475059935,5257496000,861185000,345305088,,,744505932,745689088,5840896
standard-1789242092913944754,backup,backup/retention,restic,2,true,0,integrity_check,verify,ok,,1533958813,2067432000,159452000,156819456,,,,,
standard-1789242092913944754,backup,backup/retention,restic,2,true,0,post_retention_restore,verify,ok,,1808380725,1893454000,660644000,269471744,,,,,
standard-1789242092913944754,backup,backup/retention,restic,2,true,0,post_retention_restore,verify,ok,,1784999172,1840922000,673019000,295596032,,,,,
standard-1789242092913944754,backup,backup/retention,restic,2,true,0,forgotten_snapshot_probe,verify,ok,,0,0,0,0,,,,,
standard-1789242092913944754,backup,backup/retention,restic,2,true,0,forgotten_snapshot_probe,verify,ok,,0,0,0,0,,,,,
standard-1789242092913944754,blob,blob/nix-closure,nix-binary-cache,2,true,1,push_initial,measured,ok,,19376159104,27560889000,482729000,414699520,109112729,5631287.832348303,,,
standard-1789242092913944754,blob,blob/nix-closure,nix-binary-cache,2,true,1,push_noop,measured,ok,,21384874,10969000,7970000,91164672,0,0,,,
standard-1789242092913944754,blob,blob/nix-closure,nix-binary-cache,2,true,1,pull_fresh,measured,ok,,150386871,192531000,122126000,93478912,109099703,725460289.6818035,,,
standard-1789242092913944754,blob,blob/nix-closure,nix-binary-cache,2,true,1,push_incremental,measured,ok,,3024408801,3620235000,141701000,188465152,16803307,5555898.06326582,,,
standard-1789242092913944754,blob,blob/nix-closure,nix-binary-cache,2,true,1,pull_incremental,measured,ok,,128758123,103064000,44201000,91164672,16793755,130428703.12733589,,,
standard-1789242092913944754,blob,blob/nix-closure,nix-binary-cache,2,true,1,retention_cleanup,measured,ok,,38017197,32693000,16907000,91164672,8002,210483.69241951214,,,
standard-1789242092913944754,blob,blob/nix-closure,nix-binary-cache,2,true,1,retention_cleanup_note,verify,ok,,0,0,0,0,,,,,
standard-1789242092913944754,blob,blob/nix-closure,nix-binary-cache,2,true,1,inject_missing_object,verify,ok,,0,0,0,0,,,,,
standard-1789242092913944754,blob,blob/backup-corpus,amber-rust-s3,2,true,2,ingest_payload,setup,ok,,549134787,5806401000,1279414000,180310016,,,,,
standard-1789242092913944754,blob,blob/backup-corpus,amber-rust-s3,2,true,2,push_initial,measured,ok,,691911742,618229000,591106000,91164672,727716082,1051746975.555735,,,
standard-1789242092913944754,blob,blob/backup-corpus,amber-rust-s3,2,true,2,push_noop,measured,ok,,20737240,16897000,8093000,91426816,5875,283306.7467030328,,,
standard-1789242092913944754,blob,blob/backup-corpus,amber-rust-s3,2,true,2,pull_fresh,measured,ok,,287430686,163117000,684509000,91426816,726648996,2528084270.0281487,,,
standard-1789242092913944754,blob,blob/backup-corpus,amber-rust-s3,2,true,2,ingest_payload,setup,ok,,252725827,2446987000,658115000,91688960,,,,,
standard-1789242092913944754,blob,blob/backup-corpus,amber-rust-s3,2,true,2,push_incremental,measured,ok,,175652270,49779000,36552000,91688960,60543024,344675443.13546306,,,
standard-1789242092913944754,blob,blob/backup-corpus,amber-rust-s3,2,true,2,pull_incremental,measured,ok,,76209691,24618000,34084000,91688960,60457506,793304699.2671838,,,
standard-1789242092913944754,blob,blob/backup-corpus,amber-rust-s3,2,true,2,retention_local,setup,ok,,37674376,7293000,28098000,91688960,,,,,
standard-1789242092913944754,blob,blob/backup-corpus,amber-rust-s3,2,true,2,age_sealed_segments,setup,ok,,0,0,0,0,,,,,
standard-1789242092913944754,blob,blob/backup-corpus,amber-rust-s3,2,true,2,retention_local,setup,ok,,315497926,688256000,275513000,581492736,,,,,
standard-1789242092913944754,blob,blob/backup-corpus,amber-rust-s3,2,true,2,retention_cleanup,measured,ok,,521703970,503697000,485714000,91688960,593569496,1137751541.3578317,,,
standard-1789242092913944754,blob,blob/backup-corpus,amber-rust-s3,2,true,2,inject_missing_object,verify,ok,,0,0,0,0,,,,,
standard-1789242092913944754,nix,nix/closure,nix,2,true,3,import_initial,measured,ok,,81324346,89303000,67487000,91688960,184550399,2269313041.8780127,193049601,193241088,
standard-1789242092913944754,nix,nix/closure,nix,2,true,3,import_repeat,measured,ok,,22284020,11165000,7823000,91688960,184550399,8281737271.820793,193049601,193241088,
standard-1789242092913944754,nix,nix/closure,nix,2,true,3,import_incremental,measured,ok,,72165673,46078000,29713000,91688960,192939113,2673558008.6670847,276936186,277172224,
standard-1789242092913944754,nix,nix/closure,nix,2,true,3,catalog_list,measured,ok,,14992728,10478000,5224000,91688960,,,,,
standard-1789242092913944754,nix,nix/closure,nix,2,true,3,closure_query,measured,ok,,14518703,9768000,5427000,91688960,,,,,
standard-1789242092913944754,nix,nix/closure,nix,2,true,3,nar_and_reference_registration,setup,ok,,0,0,0,0,,,,,
standard-1789242092913944754,nix,nix/closure,nix,2,true,3,read_closure,measured,ok,,148179976,62591000,90961000,91688960,192939113,1302059280.938202,,,
standard-1789242092913944754,nix,nix/closure,nix,2,true,3,cache_export,measured,ok,,19344105702,29909747000,441319000,500862976,,,,,
standard-1789242092913944754,nix,nix/closure,nix,2,true,3,materialize_closure,measured,ok,,74828515,88398000,68278000,91688960,192939113,2578416971.123909,,,
standard-1789242092913944754,nix,nix/closure,nix,2,true,3,cache_substitute,measured,ok,,108238882,145598000,89868000,132153344,,,,,
standard-1789242092913944754,nix,nix/closure,nix,2,true,3,delete_path,measured,ok,,23160574,8167000,15279000,91688960,,,260158571,260378624,
standard-1789242092913944754,nix,nix/closure,nix,2,true,3,register_gc_root,setup,ok,,0,0,0,0,,,,,
standard-1789242092913944754,nix,nix/closure,nix,2,true,3,gc,measured,ok,,23032369,13255000,10196000,91688960,,,193049707,193265664,67117056
standard-1789242092913944754,nix,nix/closure,nix,2,true,3,post_gc_materialize,verify,ok,,71344662,89918000,64079000,91688960,,,,,
standard-1789242092913944754,nix,nix/closure,nix,2,true,3,integrity_check,verify,ok,,48156086,88798000,20638000,91688960,,,,,
standard-1789242092913944754,tree,tree/lifecycle,restic,2,true,4,restic_init,setup,ok,,2942410511,2912202000,41695000,102920192,,,,,
standard-1789242092913944754,tree,tree/lifecycle,restic,2,true,4,ingest_fresh,measured,ok,,1732672665,20543329000,3095639000,1000751104,2179569013,1257923124.792876,734980965,736133120,
standard-1789242092913944754,tree,tree/lifecycle,restic,2,true,4,ingest_repeat,measured,ok,,815641721,598441000,44508000,99880960,2179569013,2672213739.0517325,734981417,736137216,
standard-1789242092913944754,tree,tree/lifecycle,restic,2,true,4,ingest_changed,measured,ok,,1012210421,5002994000,843154000,438812672,2179966963,2153669748.6737294,741184363,742350848,
standard-1789242092913944754,tree,tree/lifecycle,restic,2,true,4,list_recursive,measured,ok,,757640740,547866000,23012000,91688960,,,,,
standard-1789242092913944754,tree,tree/lifecycle,restic,2,true,4,read_full,measured,ok,,2070534101,3005036000,422741000,250626048,2179569013,1052660283.1353223,,,
standard-1789242092913944754,tree,tree/lifecycle,restic,2,true,4,restore_full,measured,ok,,1782277746,1845457000,670800000,268800000,2179569013,1222912095.4304953,,,
standard-1789242092913944754,tree,tree/lifecycle,restic,2,true,4,integrity_check,verify,ok,,1536948269,2083771000,148181000,152686592,,,,,
standard-1789242092913944754,tree,tree/lifecycle,restic,2,true,4,ref_delete,measured,ok,,714199256,501974000,20281000,91688960,,,741183496,742342656,
standard-1789242092913944754,tree,tree/lifecycle,restic,2,true,4,gc,measured,ok,,5640760663,5454699000,805268000,345075712,,,735376013,736550912,5791744
standard-1789242092913944754,tree,tree/lifecycle,restic,2,true,4,restore_full,verify,ok,,1790258211,1881187000,650855000,270970880,,,,,
standard-1789242092913944754,tree,tree/lifecycle,restic,2,true,4,post_gc_integrity_check,verify,ok,,1544353338,2015971000,175394000,161071104,,,,,
standard-1789242092913944754,tree,tree/lifecycle,fs-sha256,2,true,5,ingest_fresh,measured,ok,,2775442330,950295000,1235555000,91688960,2179569013,785305098.7371804,1643647743,1654947840,
standard-1789242092913944754,tree,tree/lifecycle,fs-sha256,2,true,5,ingest_repeat,measured,ok,,1034137189,907861000,120476000,91688960,2179569013,2107620764.6179137,1644597385,1655898112,
standard-1789242092913944754,tree,tree/lifecycle,fs-sha256,2,true,5,ingest_changed,measured,ok,,1140457335,912836000,157273000,91688960,2179966963,1911484889.5246046,1651210741,1663840256,
standard-1789242092913944754,tree,tree/lifecycle,fs-sha256,2,true,5,list_recursive,measured,ok,,3495766,2549000,848000,91688960,,,,,
standard-1789242092913944754,tree,tree/lifecycle,fs-sha256,2,true,5,read_full,measured,ok,,146270606,8973000,136467000,91688960,2179569013,14900936508.050018,,,
standard-1789242092913944754,tree,tree/lifecycle,fs-sha256,2,true,5,restore_full,measured,ok,,605670814,16908000,585643000,91688960,2179569013,3598603338.0172086,,,
standard-1789242092913944754,tree,tree/lifecycle,fs-sha256,2,true,5,integrity_check,verify,ok,,820674382,714055000,102442000,91688960,,,,,
standard-1789242092913944754,tree,tree/lifecycle,fs-sha256,2,true,5,ref_delete,measured,ok,,1715491,639000,898000,91688960,,,1649311457,1661939712,
standard-1789242092913944754,tree,tree/lifecycle,fs-sha256,2,true,5,gc,measured,ok,,22267572,8022000,14040000,91688960,,,1644046008,1654947840,6991872
standard-1789242092913944754,tree,tree/lifecycle,fs-sha256,2,true,5,restore_full,verify,ok,,605767814,20862000,581806000,91688960,,,,,
standard-1789242092913944754,tree,tree/lifecycle,fs-sha256,2,true,5,post_gc_integrity_check,verify,ok,,786850799,690383000,92681000,91688960,,,,,
standard-1789242092913944754,backup,backup/retention,amber-go,2,true,6,backup_initial,measured,ok,,1422790698,23660011000,3106071000,1072267264,2179569013,1531897148.374525,723814567,728518656,
standard-1789242092913944754,backup,backup/retention,amber-go,2,true,6,backup_unchanged,measured,ok,,709252309,9233373000,2232708000,276000768,2179569013,3073051698.729119,723815294,728526848,
standard-1789242092913944754,backup,backup/retention,amber-go,2,true,6,backup_changed,measured,ok,,808532161,12648552000,2671883000,439398400,2179966963,2696203154.496411,729768784,734482432,
standard-1789242092913944754,backup,backup/retention,amber-go,2,true,6,backup_changed_again,measured,ok,,777572925,12681933000,2540213000,441131008,2180393091,2804101095.726809,735657055,740372480,
standard-1789242092913944754,backup,backup/retention,amber-go,2,true,6,list_snapshot,measured,ok,,5535677011,1630358000,4209180000,95436800,,,,,
standard-1789242092913944754,backup,backup/retention,amber-go,2,true,6,restore_latest,measured,ok,,1720942906,1299619000,986972000,704499712,2180393091,1266975844.1132154,,,
standard-1789242092913944754,backup,backup/retention,amber-go,2,true,6,forget_oldest,measured,ok,,72818822,19691000,57090000,92737536,,,735656162,740364288,
standard-1789242092913944754,backup,backup/retention,amber-go,2,true,6,age_sealed_segments,setup,ok,,0,0,0,0,,,,,
standard-1789242092913944754,backup,backup/retention,amber-go,2,true,6,prune,measured,ok,,453450615,1151661000,414265000,707403776,,,731090592,731197440,9166848
standard-1789242092913944754,backup,backup/retention,amber-go,2,true,6,integrity_check,verify,ok,,785263201,1020877000,194790000,693915648,,,,,
standard-1789242092913944754,backup,backup/retention,amber-go,2,true,6,post_retention_restore,verify,ok,,1805083608,1437742000,1065190000,692326400,,,,,
standard-1789242092913944754,backup,backup/retention,amber-go,2,true,6,post_retention_restore,verify,ok,,1750259374,1397213000,981214000,693485568,,,,,
standard-1789242092913944754,backup,backup/retention,amber-go,2,true,6,forgotten_snapshot_probe,verify,ok,,0,0,0,0,,,,,
standard-1789242092913944754,backup,backup/retention,amber-go,2,true,6,forgotten_snapshot_probe,verify,ok,,0,0,0,0,,,,,
standard-1789242092913944754,tree,tree/lifecycle,amber-rust,2,true,7,ingest_fresh,measured,ok,,573839964,5534712000,1232566000,179400704,2179569013,3798217534.044039,726627950,724643840,
standard-1789242092913944754,tree,tree/lifecycle,amber-rust,2,true,7,ingest_repeat,measured,ok,,213199178,2630810000,569378000,92737536,2179569013,10223158613.679083,726627950,724652032,
standard-1789242092913944754,tree,tree/lifecycle,amber-rust,2,true,7,ingest_changed,measured,ok,,212220731,2379098000,677925000,92737536,2179966963,10272167816.630507,732580078,730603520,
standard-1789242092913944754,tree,tree/lifecycle,amber-rust,2,true,7,list_recursive,measured,ok,,5453804558,1355582000,3996992000,92999680,,,,,
standard-1789242092913944754,tree,tree/lifecycle,amber-rust,2,true,7,read_full,measured,ok,,452852680,377637000,72391000,680337408,2179569013,4812975851.21943,,,
standard-1789242092913944754,tree,tree/lifecycle,amber-rust,2,true,7,restore_full,measured,ok,,2152851214,564147000,1574975000,680894464,2179569013,1012410425.2194736,,,
standard-1789242092913944754,tree,tree/lifecycle,amber-rust,2,true,7,integrity_check,verify,ok,,454419543,386058000,65425000,681328640,,,,,
standard-1789242092913944754,tree,tree/lifecycle,amber-rust,2,true,7,ref_delete,measured,ok,,71494290,15241000,54809000,92999680,,,732580078,730603520,
standard-1789242092913944754,tree,tree/lifecycle,amber-rust,2,true,7,age_sealed_segments,setup,ok,,0,0,0,0,,,,,
standard-1789242092913944754,tree,tree/lifecycle,amber-rust,2,true,7,gc,measured,ok,,355404631,697697000,309687000,646012928,,,727003315,725024768,5578752
standard-1789242092913944754,tree,tree/lifecycle,amber-rust,2,true,7,restore_full,verify,ok,,2142076060,546131000,1582758000,670146560,,,,,
standard-1789242092913944754,tree,tree/lifecycle,amber-rust,2,true,7,post_gc_integrity_check,verify,ok,,456641504,381035000,71773000,670797824,,,,,
standard-1789242092913944754,blob,blob/source-history,amber-rust-s3,2,true,8,ingest_payload,setup,ok,,85118233,259416000,208461000,92999680,,,,,
standard-1789242092913944754,blob,blob/source-history,amber-rust-s3,2,true,8,ingest_payload,setup,ok,,52054369,117046000,119508000,92999680,,,,,
standard-1789242092913944754,blob,blob/source-history,amber-rust-s3,2,true,8,ingest_payload,setup,ok,,51527384,124680000,116790000,92999680,,,,,
standard-1789242092913944754,blob,blob/source-history,amber-rust-s3,2,true,8,ingest_payload,setup,ok,,47777783,136967000,116924000,92999680,,,,,
standard-1789242092913944754,blob,blob/source-history,amber-rust-s3,2,true,8,ingest_payload,setup,ok,,54622707,105705000,136463000,92999680,,,,,
standard-1789242092913944754,blob,blob/source-history,amber-rust-s3,2,true,8,ingest_payload,setup,ok,,51871981,125553000,109472000,92999680,,,,,
standard-1789242092913944754,blob,blob/source-history,amber-rust-s3,2,true,8,ingest_payload,setup,ok,,57536624,116122000,151320000,92999680,,,,,
standard-1789242092913944754,blob,blob/source-history,amber-rust-s3,2,true,8,ingest_payload,setup,ok,,55002180,123908000,129021000,92999680,,,,,
standard-1789242092913944754,blob,blob/source-history,amber-rust-s3,2,true,8,ingest_payload,setup,ok,,52386072,107472000,132586000,92999680,,,,,
standard-1789242092913944754,blob,blob/source-history,amber-rust-s3,2,true,8,ingest_payload,setup,ok,,53362033,133952000,112147000,92999680,,,,,
standard-1789242092913944754,blob,blob/source-history,amber-rust-s3,2,true,8,ingest_payload,setup,ok,,54179832,108970000,135197000,92999680,,,,,
standard-1789242092913944754,blob,blob/source-history,amber-rust-s3,2,true,8,ingest_payload,setup,ok,,51669354,118793000,126212000,92999680,,,,,
standard-1789242092913944754,blob,blob/source-history,amber-rust-s3,2,true,8,ingest_payload,setup,ok,,53532207,108838000,134077000,92999680,,,,,
standard-1789242092913944754,blob,blob/source-history,amber-rust-s3,2,true,8,ingest_payload,setup,ok,,54618639,127297000,122253000,92999680,,,,,
standard-1789242092913944754,blob,blob/source-history,amber-rust-s3,2,true,8,ingest_payload,setup,ok,,57147060,122068000,134203000,92999680,,,,,
standard-1789242092913944754,blob,blob/source-history,amber-rust-s3,2,true,8,ingest_payload,setup,ok,,56390197,114684000,134104000,92999680,,,,,
standard-1789242092913944754,blob,blob/source-history,amber-rust-s3,2,true,8,ingest_payload,setup,ok,,53670240,141723000,109691000,92999680,,,,,
standard-1789242092913944754,blob,blob/source-history,amber-rust-s3,2,true,8,ingest_payload,setup,ok,,55574282,117015000,133167000,92999680,,,,,
standard-1789242092913944754,blob,blob/source-history,amber-rust-s3,2,true,8,ingest_payload,setup,ok,,51426712,134410000,100137000,92999680,,,,,
standard-1789242092913944754,blob,blob/source-history,amber-rust-s3,2,true,8,ingest_payload,setup,ok,,55894623,136868000,124419000,92999680,,,,,
standard-1789242092913944754,blob,blob/source-history,amber-rust-s3,2,true,8,ingest_payload,setup,ok,,53520906,98011000,138830000,92999680,,,,,
standard-1789242092913944754,blob,blob/source-history,amber-rust-s3,2,true,8,ingest_payload,setup,ok,,56011556,114637000,133059000,92999680,,,,,
standard-1789242092913944754,blob,blob/source-history,amber-rust-s3,2,true,8,ingest_payload,setup,ok,,54883655,117300000,135682000,92999680,,,,,
standard-1789242092913944754,blob,blob/source-history,amber-rust-s3,2,true,8,ingest_payload,setup,ok,,55761518,115346000,138721000,92999680,,,,,
standard-1789242092913944754,blob,blob/source-history,amber-rust-s3,2,true,8,ingest_payload,setup,ok,,51240277,123362000,112531000,92999680,,,,,
standard-1789242092913944754,blob,blob/source-history,amber-rust-s3,2,true,8,ingest_payload,setup,ok,,53939625,120847000,121210000,92999680,,,,,
standard-1789242092913944754,blob,blob/source-history,amber-rust-s3,2,true,8,ingest_payload,setup,ok,,61275895,133357000,152850000,92999680,,,,,
standard-1789242092913944754,blob,blob/source-history,amber-rust-s3,2,true,8,ingest_payload,setup,ok,,60175416,101796000,144844000,92999680,,,,,
standard-1789242092913944754,blob,blob/source-history,amber-rust-s3,2,true,8,ingest_payload,setup,ok,,51125437,129932000,118670000,92999680,,,,,
standard-1789242092913944754,blob,blob/source-history,amber-rust-s3,2,true,8,ingest_payload,setup,ok,,58294669,140001000,120096000,92999680,,,,,
standard-1789242092913944754,blob,blob/source-history,amber-rust-s3,2,true,8,ingest_payload,setup,ok,,59999130,114509000,131347000,92999680,,,,,
standard-1789242092913944754,blob,blob/source-history,amber-rust-s3,2,true,8,ingest_payload,setup,ok,,62083245,117219000,137031000,92999680,,,,,
standard-1789242092913944754,blob,blob/source-history,amber-rust-s3,2,true,8,ingest_payload,setup,ok,,63196818,131501000,138899000,92999680,,,,,
standard-1789242092913944754,blob,blob/source-history,amber-rust-s3,2,true,8,ingest_payload,setup,ok,,63002799,125393000,141920000,92999680,,,,,
standard-1789242092913944754,blob,blob/source-history,amber-rust-s3,2,true,8,ingest_payload,setup,ok,,61989566,128047000,125541000,92999680,,,,,
standard-1789242092913944754,blob,blob/source-history,amber-rust-s3,2,true,8,ingest_payload,setup,ok,,64227464,122864000,142546000,92999680,,,,,
standard-1789242092913944754,blob,blob/source-history,amber-rust-s3,2,true,8,ingest_payload,setup,ok,,63421737,130834000,154345000,92999680,,,,,
standard-1789242092913944754,blob,blob/source-history,amber-rust-s3,2,true,8,ingest_payload,setup,ok,,60284003,123630000,130059000,92999680,,,,,
standard-1789242092913944754,blob,blob/source-history,amber-rust-s3,2,true,8,ingest_payload,setup,ok,,63050219,120757000,141831000,92999680,,,,,
standard-1789242092913944754,blob,blob/source-history,amber-rust-s3,2,true,8,push_initial,measured,ok,,191966986,90823000,67158000,92999680,119887108,624519405.6440518,,,
standard-1789242092913944754,blob,blob/source-history,amber-rust-s3,2,true,8,push_noop,measured,ok,,19120714,15873000,9539000,92999680,2999,156845.6073345378,,,
standard-1789242092913944754,blob,blob/source-history,amber-rust-s3,2,true,8,pull_fresh,measured,ok,,67483954,26255000,47854000,92999680,119715232,1773980700.6566331,,,
standard-1789242092913944754,blob,blob/source-history,amber-rust-s3,2,true,8,ingest_payload,setup,ok,,60792113,120862000,132704000,92999680,,,,,
standard-1789242092913944754,blob,blob/source-history,amber-rust-s3,2,true,8,ingest_payload,setup,ok,,58376538,131749000,102425000,92999680,,,,,
standard-1789242092913944754,blob,blob/source-history,amber-rust-s3,2,true,8,ingest_payload,setup,ok,,59312182,134158000,109277000,92999680,,,,,
standard-1789242092913944754,blob,blob/source-history,amber-rust-s3,2,true,8,ingest_payload,setup,ok,,60913916,141541000,111583000,92999680,,,,,
standard-1789242092913944754,blob,blob/source-history,amber-rust-s3,2,true,8,ingest_payload,setup,ok,,66127258,132426000,137302000,92999680,,,,,
standard-1789242092913944754,blob,blob/source-history,amber-rust-s3,2,true,8,ingest_payload,setup,ok,,54792222,137169000,125820000,92999680,,,,,
standard-1789242092913944754,blob,blob/source-history,amber-rust-s3,2,true,8,ingest_payload,setup,ok,,60332718,130521000,129865000,92999680,,,,,
standard-1789242092913944754,blob,blob/source-history,amber-rust-s3,2,true,8,ingest_payload,setup,ok,,59224184,105972000,143569000,92999680,,,,,
standard-1789242092913944754,blob,blob/source-history,amber-rust-s3,2,true,8,ingest_payload,setup,ok,,59718647,136327000,103623000,92999680,,,,,
standard-1789242092913944754,blob,blob/source-history,amber-rust-s3,2,true,8,ingest_payload,setup,ok,,62426040,124913000,125430000,92999680,,,,,
standard-1789242092913944754,blob,blob/source-history,amber-rust-s3,2,true,8,ingest_payload,setup,ok,,60850525,129383000,134251000,92999680,,,,,
standard-1789242092913944754,blob,blob/source-history,amber-rust-s3,2,true,8,ingest_payload,setup,ok,,59954867,114012000,136840000,92999680,,,,,
standard-1789242092913944754,blob,blob/source-history,amber-rust-s3,2,true,8,ingest_payload,setup,ok,,62758774,125934000,142816000,92999680,,,,,
standard-1789242092913944754,blob,blob/source-history,amber-rust-s3,2,true,8,push_incremental,measured,ok,,172674039,50385000,24453000,92999680,53322353,308803531.25926477,,,
standard-1789242092913944754,blob,blob/source-history,amber-rust-s3,2,true,8,pull_incremental,measured,ok,,96686207,22698000,36400000,92999680,53247814,550728130.2285444,,,
standard-1789242092913944754,blob,blob/source-history,amber-rust-s3,2,true,8,retention_local,setup,ok,,32599580,5764000,25845000,92999680,,,,,
standard-1789242092913944754,blob,blob/source-history,amber-rust-s3,2,true,8,retention_local,setup,ok,,31472902,5974000,24885000,92999680,,,,,
standard-1789242092913944754,blob,blob/source-history,amber-rust-s3,2,true,8,retention_local,setup,ok,,31006011,5901000,24500000,92999680,,,,,
standard-1789242092913944754,blob,blob/source-history,amber-rust-s3,2,true,8,retention_local,setup,ok,,30350561,6927000,22789000,92999680,,,,,
standard-1789242092913944754,blob,blob/source-history,amber-rust-s3,2,true,8,retention_local,setup,ok,,32406933,9255000,22590000,92999680,,,,,
standard-1789242092913944754,blob,blob/source-history,amber-rust-s3,2,true,8,retention_local,setup,ok,,30831318,7315000,22973000,92999680,,,,,
standard-1789242092913944754,blob,blob/source-history,amber-rust-s3,2,true,8,retention_local,setup,ok,,30393604,8208000,21634000,92999680,,,,,
standard-1789242092913944754,blob,blob/source-history,amber-rust-s3,2,true,8,retention_local,setup,ok,,31086515,5915000,24578000,92999680,,,,,
standard-1789242092913944754,blob,blob/source-history,amber-rust-s3,2,true,8,retention_local,setup,ok,,31033744,5069000,25363000,92999680,,,,,
standard-1789242092913944754,blob,blob/source-history,amber-rust-s3,2,true,8,retention_local,setup,ok,,30074635,5861000,23627000,92999680,,,,,
standard-1789242092913944754,blob,blob/source-history,amber-rust-s3,2,true,8,retention_local,setup,ok,,32617235,7226000,24831000,92999680,,,,,
standard-1789242092913944754,blob,blob/source-history,amber-rust-s3,2,true,8,retention_local,setup,ok,,29922405,8086000,21331000,92999680,,,,,
standard-1789242092913944754,blob,blob/source-history,amber-rust-s3,2,true,8,retention_local,setup,ok,,29949537,9112000,20258000,92999680,,,,,
standard-1789242092913944754,blob,blob/source-history,amber-rust-s3,2,true,8,retention_local,setup,ok,,31111953,7134000,23413000,92999680,,,,,
standard-1789242092913944754,blob,blob/source-history,amber-rust-s3,2,true,8,retention_local,setup,ok,,31479675,6746000,24149000,92999680,,,,,
standard-1789242092913944754,blob,blob/source-history,amber-rust-s3,2,true,8,retention_local,setup,ok,,30927822,7075000,23305000,92999680,,,,,
standard-1789242092913944754,blob,blob/source-history,amber-rust-s3,2,true,8,retention_local,setup,ok,,30577965,6007000,24006000,92999680,,,,,
standard-1789242092913944754,blob,blob/source-history,amber-rust-s3,2,true,8,retention_local,setup,ok,,29083626,6884000,21598000,92999680,,,,,
standard-1789242092913944754,blob,blob/source-history,amber-rust-s3,2,true,8,retention_local,setup,ok,,28883614,7083000,21218000,92999680,,,,,
standard-1789242092913944754,blob,blob/source-history,amber-rust-s3,2,true,8,retention_local,setup,ok,,29263288,6916000,21746000,92999680,,,,,
standard-1789242092913944754,blob,blob/source-history,amber-rust-s3,2,true,8,retention_local,setup,ok,,30853461,7821000,22467000,92999680,,,,,
standard-1789242092913944754,blob,blob/source-history,amber-rust-s3,2,true,8,retention_local,setup,ok,,29774183,7307000,21970000,92999680,,,,,
standard-1789242092913944754,blob,blob/source-history,amber-rust-s3,2,true,8,retention_local,setup,ok,,28655008,5848000,22291000,92999680,,,,,
standard-1789242092913944754,blob,blob/source-history,amber-rust-s3,2,true,8,retention_local,setup,ok,,30319642,5322000,24468000,92999680,,,,,
standard-1789242092913944754,blob,blob/source-history,amber-rust-s3,2,true,8,retention_local,setup,ok,,30288914,6915000,22838000,92999680,,,,,
standard-1789242092913944754,blob,blob/source-history,amber-rust-s3,2,true,8,retention_local,setup,ok,,30908876,6061000,24326000,92999680,,,,,
standard-1789242092913944754,blob,blob/source-history,amber-rust-s3,2,true,8,retention_local,setup,ok,,30904828,7844000,22535000,92999680,,,,,
standard-1789242092913944754,blob,blob/source-history,amber-rust-s3,2,true,8,retention_local,setup,ok,,31109188,6913000,23668000,92999680,,,,,
standard-1789242092913944754,blob,blob/source-history,amber-rust-s3,2,true,8,retention_local,setup,ok,,30681142,7281000,22844000,92999680,,,,,
standard-1789242092913944754,blob,blob/source-history,amber-rust-s3,2,true,8,retention_local,setup,ok,,31200883,7931000,22776000,92999680,,,,,
standard-1789242092913944754,blob,blob/source-history,amber-rust-s3,2,true,8,retention_local,setup,ok,,30793727,8365000,21897000,92999680,,,,,
standard-1789242092913944754,blob,blob/source-history,amber-rust-s3,2,true,8,retention_local,setup,ok,,30450302,5991000,23904000,92999680,,,,,
standard-1789242092913944754,blob,blob/source-history,amber-rust-s3,2,true,8,retention_local,setup,ok,,30654692,9720000,20343000,92999680,,,,,
standard-1789242092913944754,blob,blob/source-history,amber-rust-s3,2,true,8,retention_local,setup,ok,,31412887,7932000,22871000,92999680,,,,,
standard-1789242092913944754,blob,blob/source-history,amber-rust-s3,2,true,8,retention_local,setup,ok,,28716315,6770000,21311000,92999680,,,,,
standard-1789242092913944754,blob,blob/source-history,amber-rust-s3,2,true,8,retention_local,setup,ok,,29316460,8168000,20519000,92999680,,,,,
standard-1789242092913944754,blob,blob/source-history,amber-rust-s3,2,true,8,retention_local,setup,ok,,28513568,7997000,19926000,92999680,,,,,
standard-1789242092913944754,blob,blob/source-history,amber-rust-s3,2,true,8,retention_local,setup,ok,,29048989,6109000,22367000,92999680,,,,,
standard-1789242092913944754,blob,blob/source-history,amber-rust-s3,2,true,8,retention_local,setup,ok,,29915983,5867000,23436000,92999680,,,,,
standard-1789242092913944754,blob,blob/source-history,amber-rust-s3,2,true,8,age_sealed_segments,setup,ok,,0,0,0,0,,,,,
standard-1789242092913944754,blob,blob/source-history,amber-rust-s3,2,true,8,retention_local,setup,ok,,72961364,45090000,69064000,92999680,,,,,
standard-1789242092913944754,blob,blob/source-history,amber-rust-s3,2,true,8,retention_cleanup,measured,ok,,190663705,78466000,65070000,92999680,111643529,585552079.7731272,,,
standard-1789242092913944754,blob,blob/source-history,amber-rust-s3,2,true,8,inject_missing_object,verify,ok,,0,0,0,0,,,,,
standard-1789242092913944754,blob,blob/nix-closure,amber-rust-s3,2,true,9,ingest_payload,setup,ok,,23967148,49607000,26116000,92999680,,,,,
standard-1789242092913944754,blob,blob/nix-closure,amber-rust-s3,2,true,9,ingest_payload,setup,ok,,17538558,16402000,23507000,92999680,,,,,
standard-1789242092913944754,blob,blob/nix-closure,amber-rust-s3,2,true,9,ingest_payload,setup,ok,,19993790,17269000,22623000,92999680,,,,,
standard-1789242092913944754,blob,blob/nix-closure,amber-rust-s3,2,true,9,ingest_payload,setup,ok,,53142258,112210000,64447000,92999680,,,,,
standard-1789242092913944754,blob,blob/nix-closure,amber-rust-s3,2,true,9,ingest_payload,setup,ok,,18644878,9845000,25163000,92999680,,,,,
standard-1789242092913944754,blob,blob/nix-closure,amber-rust-s3,2,true,9,ingest_payload,setup,ok,,25667410,17571000,26324000,92999680,,,,,
standard-1789242092913944754,blob,blob/nix-closure,amber-rust-s3,2,true,9,ingest_payload,setup,ok,,25564665,14105000,27274000,92999680,,,,,
standard-1789242092913944754,blob,blob/nix-closure,amber-rust-s3,2,true,9,ingest_payload,setup,ok,,34513632,25453000,39083000,92999680,,,,,
standard-1789242092913944754,blob,blob/nix-closure,amber-rust-s3,2,true,9,push_initial,measured,ok,,188952142,93200000,52560000,92999680,113076191,598438259.5673354,,,
standard-1789242092913944754,blob,blob/nix-closure,amber-rust-s3,2,true,9,push_noop,measured,ok,,20540373,14150000,10866000,92999680,2984,145274.86915646566,,,
standard-1789242092913944754,blob,blob/nix-closure,amber-rust-s3,2,true,9,pull_fresh,measured,ok,,74228282,26750000,43816000,92999680,112913685,1521167969.373183,,,
standard-1789242092913944754,blob,blob/nix-closure,amber-rust-s3,2,true,9,ingest_payload,setup,ok,,40109173,18336000,41463000,92999680,,,,,
standard-1789242092913944754,blob,blob/nix-closure,amber-rust-s3,2,true,9,ingest_payload,setup,ok,,42832056,22029000,40964000,92999680,,,,,
standard-1789242092913944754,blob,blob/nix-closure,amber-rust-s3,2,true,9,ingest_payload,setup,ok,,43701304,13804000,36829000,92999680,,,,,
standard-1789242092913944754,blob,blob/nix-closure,amber-rust-s3,2,true,9,ingest_payload,setup,ok,,44991083,12715000,38076000,92999680,,,,,
standard-1789242092913944754,blob,blob/nix-closure,amber-rust-s3,2,true,9,ingest_payload,setup,ok,,50768842,60916000,40953000,92999680,,,,,
standard-1789242092913944754,blob,blob/nix-closure,amber-rust-s3,2,true,9,ingest_payload,setup,ok,,52665128,66167000,47580000,92999680,,,,,
standard-1789242092913944754,blob,blob/nix-closure,amber-rust-s3,2,true,9,ingest_payload,setup,ok,,40678729,10275000,34877000,92999680,,,,,
standard-1789242092913944754,blob,blob/nix-closure,amber-rust-s3,2,true,9,ingest_payload,setup,ok,,40290028,10037000,36060000,92999680,,,,,
standard-1789242092913944754,blob,blob/nix-closure,amber-rust-s3,2,true,9,ingest_payload,setup,ok,,47220395,24204000,36803000,92999680,,,,,
standard-1789242092913944754,blob,blob/nix-closure,amber-rust-s3,2,true,9,push_incremental,measured,ok,,174302135,55590000,31232000,92999680,62636237,359354387.71303636,,,
standard-1789242092913944754,blob,blob/nix-closure,amber-rust-s3,2,true,9,pull_incremental,measured,ok,,65774469,24602000,35450000,92999680,62547846,950944142.171638,,,
standard-1789242092913944754,blob,blob/nix-closure,amber-rust-s3,2,true,9,retention_local,setup,ok,,38008427,8056000,29206000,92999680,,,,,
standard-1789242092913944754,blob,blob/nix-closure,amber-rust-s3,2,true,9,retention_local,setup,ok,,39029684,7088000,31282000,92999680,,,,,
standard-1789242092913944754,blob,blob/nix-closure,amber-rust-s3,2,true,9,age_sealed_segments,setup,ok,,0,0,0,0,,,,,
standard-1789242092913944754,blob,blob/nix-closure,amber-rust-s3,2,true,9,retention_local,setup,ok,,72929285,27400000,71093000,92999680,,,,,
standard-1789242092913944754,blob,blob/nix-closure,amber-rust-s3,2,true,9,retention_cleanup,measured,ok,,196394127,87971000,77764000,92999680,129940433,661630950.9092398,,,
standard-1789242092913944754,blob,blob/nix-closure,amber-rust-s3,2,true,9,inject_missing_object,verify,ok,,0,0,0,0,,,,,
standard-1789242092913944754,git,git/history,amber-go,2,true,10,materialise_states,setup,ok,,1042348422,0,0,0,,,,,
standard-1789242092913944754,git,git/history,amber-go,2,true,10,history_store,measured,ok,,8011101160,88271298000,30024342000,1010974720,4314044416,538508293.6588458,115990387,120766464,
standard-1789242092913944754,git,git/history,amber-go,2,true,10,clone_full,measured,unsupported,these cores ship no repository-to-repository transfer command; what they can do to publish a store is measured in the blob scenario group as a file-level object-storage transport,,,,,,,,,
standard-1789242092913944754,git,git/history,amber-go,2,true,10,materialise_states,setup,ok,,173845899,0,0,0,,,,,
standard-1789242092913944754,git,git/history,amber-go,2,true,10,history_store_incremental,measured,ok,,2718504433,29338805000,9844009000,387002368,1438015488,528973015.6566568,116822945,121643008,
standard-1789242092913944754,git,git/history,amber-go,2,true,10,fetch_incremental,measured,unsupported,these cores ship no incremental fetch command; see the blob scenario group for incremental object-storage publication,,,,,,,,,
standard-1789242092913944754,git,git/history,amber-go,2,true,10,gc,measured,ok,,97660864,37197000,37166000,105021440,,,116992165,117202944,4440064
standard-1789242092913944754,git,git/history,amber-go,2,true,10,list_head,measured,ok,,733202540,105931000,148312000,92999680,,,,,
standard-1789242092913944754,git,git/history,amber-go,2,true,10,read_all_versions,measured,ok,,3665302306,4743138000,1389801000,146903040,5752059904,1569327554.3968186,,,
standard-1789242092913944754,git,git/history,amber-go,2,true,10,checkout_version,measured,ok,,185439693,186742000,110372000,138993664,,,,,
standard-1789242092913944754,git,git/history,amber-go,2,true,10,retained_version_restore,verify,ok,,191231298,176166000,128684000,129802240,,,,,
standard-1789242092913944754,git,git/history,amber-go,2,true,10,retained_version_restore,verify,ok,,210478335,169508000,133989000,131186688,,,,,
standard-1789242092913944754,git,git/history,amber-go,2,true,10,retained_version_restore,verify,ok,,208222102,206911000,106010000,131297280,,,,,
standard-1789242092913944754,git,git/history,amber-go,2,true,10,retained_version_restore,verify,ok,,192009944,198476000,111113000,130048000,,,,,
standard-1789242092913944754,git,git/history,amber-go,2,true,10,retained_version_restore,verify,ok,,191847443,204999000,99405000,130940928,,,,,
standard-1789242092913944754,git,git/history,amber-go,2,true,10,retained_version_restore,verify,ok,,190736095,173600000,127158000,130539520,,,,,
standard-1789242092913944754,git,git/history,amber-go,2,true,10,retained_version_restore,verify,ok,,196013760,182700000,136479000,129667072,,,,,
standard-1789242092913944754,git,git/history,amber-go,2,true,10,retained_version_restore,verify,ok,,197171017,184019000,108765000,130113536,,,,,
standard-1789242092913944754,git,git/history,amber-go,2,true,10,retained_version_restore,verify,ok,,189728533,187329000,116191000,131121152,,,,,
standard-1789242092913944754,git,git/history,amber-go,2,true,10,retained_version_restore,verify,ok,,194763135,142372000,139141000,130097152,,,,,
standard-1789242092913944754,git,git/history,amber-go,2,true,10,retained_version_restore,verify,ok,,191831103,169557000,140466000,129798144,,,,,
standard-1789242092913944754,git,git/history,amber-go,2,true,10,retained_version_restore,verify,ok,,184498790,176524000,113192000,131710976,,,,,
standard-1789242092913944754,git,git/history,amber-go,2,true,10,retained_version_restore,verify,ok,,193337877,189459000,114333000,130854912,,,,,
standard-1789242092913944754,git,git/history,amber-go,2,true,10,retained_version_restore,verify,ok,,192108553,193373000,112828000,130953216,,,,,
standard-1789242092913944754,git,git/history,amber-go,2,true,10,retained_version_restore,verify,ok,,185148680,167916000,124412000,130224128,,,,,
standard-1789242092913944754,git,git/history,amber-go,2,true,10,retained_version_restore,verify,ok,,193097700,181245000,133567000,131436544,,,,,
standard-1789242092913944754,git,git/history,amber-go,2,true,10,retained_version_restore,verify,ok,,187204220,175405000,123056000,130355200,,,,,
standard-1789242092913944754,git,git/history,amber-go,2,true,10,retained_version_restore,verify,ok,,190378614,181186000,122017000,130899968,,,,,
standard-1789242092913944754,git,git/history,amber-go,2,true,10,retained_version_restore,verify,ok,,200736950,184725000,118132000,131506176,,,,,
standard-1789242092913944754,git,git/history,amber-go,2,true,10,retained_version_restore,verify,ok,,186778188,184540000,108757000,131395584,,,,,
standard-1789242092913944754,git,git/history,amber-go,2,true,10,retained_version_restore,verify,ok,,201897292,159026000,142819000,131358720,,,,,
standard-1789242092913944754,git,git/history,amber-go,2,true,10,retained_version_restore,verify,ok,,184889085,143482000,120314000,129814528,,,,,
standard-1789242092913944754,git,git/history,amber-go,2,true,10,retained_version_restore,verify,ok,,193101508,195329000,117975000,131108864,,,,,
standard-1789242092913944754,git,git/history,amber-go,2,true,10,retained_version_restore,verify,ok,,204286480,186095000,119234000,132395008,,,,,
standard-1789242092913944754,git,git/history,amber-go,2,true,10,retained_version_restore,verify,ok,,199216401,167551000,109576000,132104192,,,,,
standard-1789242092913944754,git,git/history,amber-go,2,true,10,retained_version_restore,verify,ok,,186511040,161772000,128045000,130736128,,,,,
standard-1789242092913944754,git,git/history,amber-go,2,true,10,retained_version_restore,verify,ok,,191113217,189849000,114377000,137154560,,,,,
standard-1789242092913944754,git,git/history,amber-go,2,true,10,retained_version_restore,verify,ok,,196355705,186741000,114519000,137637888,,,,,
standard-1789242092913944754,git,git/history,amber-go,2,true,10,retained_version_restore,verify,ok,,190247065,179403000,119500000,138706944,,,,,
standard-1789242092913944754,git,git/history,amber-go,2,true,10,retained_version_restore,verify,ok,,191791491,193546000,113181000,138473472,,,,,
standard-1789242092913944754,git,git/history,amber-go,2,true,10,retained_version_restore,verify,ok,,199268321,157556000,135974000,138317824,,,,,
standard-1789242092913944754,git,git/history,amber-go,2,true,10,retained_version_restore,verify,ok,,200801404,189913000,123395000,138645504,,,,,
standard-1789242092913944754,git,git/history,amber-go,2,true,10,retained_version_restore,verify,ok,,191261290,194805000,113701000,138772480,,,,,
standard-1789242092913944754,git,git/history,amber-go,2,true,10,retained_version_restore,verify,ok,,191033145,165020000,143706000,138207232,,,,,
standard-1789242092913944754,git,git/history,amber-go,2,true,10,retained_version_restore,verify,ok,,193663522,156057000,121669000,138031104,,,,,
standard-1789242092913944754,git,git/history,amber-go,2,true,10,retained_version_restore,verify,ok,,200668101,162842000,130712000,138743808,,,,,
standard-1789242092913944754,git,git/history,amber-go,2,true,10,retained_version_restore,verify,ok,,194931170,154018000,143354000,138424320,,,,,
standard-1789242092913944754,git,git/history,amber-go,2,true,10,retained_version_restore,verify,ok,,186237088,186284000,112458000,138821632,,,,,
standard-1789242092913944754,git,git/history,amber-go,2,true,10,retained_version_restore,verify,ok,,183761356,144948000,143601000,139059200,,,,,
standard-1789242092913944754,git,git/history,amber-go,2,true,10,retained_version_restore,verify,ok,,197228792,182808000,118966000,139259904,,,,,
standard-1789242092913944754,git,git/history,amber-go,2,true,10,retained_version_restore,verify,ok,,185932458,179937000,112659000,139337728,,,,,
standard-1789242092913944754,git,git/history,amber-go,2,true,10,retained_version_restore,verify,ok,,200875737,179276000,116562000,138850304,,,,,
standard-1789242092913944754,git,git/history,amber-go,2,true,10,retained_version_restore,verify,ok,,186424146,183996000,113021000,139685888,,,,,
standard-1789242092913944754,git,git/history,amber-go,2,true,10,retained_version_restore,verify,ok,,195535933,192013000,124943000,139358208,,,,,
standard-1789242092913944754,git,git/history,amber-go,2,true,10,retained_version_restore,verify,ok,,192653686,204343000,109171000,138383360,,,,,
standard-1789242092913944754,git,git/history,amber-go,2,true,10,retained_version_restore,verify,ok,,192723711,216491000,96468000,138858496,,,,,
standard-1789242092913944754,git,git/history,amber-go,2,true,10,retained_version_restore,verify,ok,,191222216,183094000,121097000,138686464,,,,,
standard-1789242092913944754,git,git/history,amber-go,2,true,10,retained_version_restore,verify,ok,,183927645,189479000,97461000,139735040,,,,,
standard-1789242092913944754,git,git/history,amber-go,2,true,10,retained_version_restore,verify,ok,,206626146,174514000,125092000,138297344,,,,,
standard-1789242092913944754,git,git/history,amber-go,2,true,10,retained_version_restore,verify,ok,,199134738,195552000,119862000,138321920,,,,,
standard-1789242092913944754,git,git/history,amber-go,2,true,10,retained_version_restore,verify,ok,,200390493,190728000,112967000,139251712,,,,,
standard-1789242092913944754,git,git/history,amber-go,2,true,10,retained_version_restore,verify,ok,,204498788,178518000,135273000,139284480,,,,,
standard-1789242092913944754,git,git/history,amber-go,2,true,10,retained_version_coverage,verify,ok,,0,0,0,0,,,,,
standard-1789242092913944754,git,git/history,amber-go,2,true,10,ref_delete,measured,ok,,29388118,2105000,6008000,92999680,,,,,
standard-1789242092913944754,git,git/history,amber-go,2,true,10,integrity_check,verify,ok,,81090705,93033000,34163000,140242944,,,,,
standard-1789242092913944754,blob,blob/backup-corpus,restic-s3,2,true,11,repo_init,setup,ok,,2953116372,2930101000,32885000,103079936,,,,,
standard-1789242092913944754,blob,blob/backup-corpus,restic-s3,2,true,11,push_initial,measured,ok,,3014730400,19736509000,2801883000,1118670848,754349979,250221372.69720703,,,
standard-1789242092913944754,blob,blob/backup-corpus,restic-s3,2,true,11,push_noop,measured,ok,,831894635,604488000,50799000,102256640,14535,17472.1646089231,,,
standard-1789242092913944754,blob,blob/backup-corpus,restic-s3,2,true,11,pull_fresh,measured,ok,,1608892208,2073563000,925152000,372981760,753044851,468051773.2981649,,,
standard-1789242092913944754,blob,blob/backup-corpus,restic-s3,2,true,11,push_incremental,measured,ok,,1079304698,4963755000,861025000,478662656,6228487,5770832.844090891,,,
standard-1789242092913944754,blob,blob/backup-corpus,restic-s3,2,true,11,pull_incremental,measured,ok,,1591448884,2113014000,931709000,386510848,758410441,476553440.46852845,,,
standard-1789242092913944754,blob,blob/backup-corpus,restic-s3,2,true,11,retention_cleanup,measured,ok,,3790987036,8420110000,1204442000,589287424,1257055710,331590611.6435477,,,
standard-1789242092913944754,blob,blob/backup-corpus,restic-s3,2,true,11,inject_missing_object,verify,ok,,0,0,0,0,,,,,
standard-1789242092913944754,blob,blob/nix-closure,amber-go-s3,2,true,12,ingest_payload,setup,ok,,51726315,75574000,68067000,107364352,,,,,
standard-1789242092913944754,blob,blob/nix-closure,amber-go-s3,2,true,12,ingest_payload,setup,ok,,27314977,45655000,177464000,102584320,,,,,
standard-1789242092913944754,blob,blob/nix-closure,amber-go-s3,2,true,12,ingest_payload,setup,ok,,31428933,35360000,147589000,104689664,,,,,
standard-1789242092913944754,blob,blob/nix-closure,amber-go-s3,2,true,12,ingest_payload,setup,ok,,87474315,219213000,265785000,265113600,,,,,
standard-1789242092913944754,blob,blob/nix-closure,amber-go-s3,2,true,12,ingest_payload,setup,ok,,27251515,39109000,93939000,92999680,,,,,
standard-1789242092913944754,blob,blob/nix-closure,amber-go-s3,2,true,12,ingest_payload,setup,ok,,32217797,31047000,91232000,95768576,,,,,
standard-1789242092913944754,blob,blob/nix-closure,amber-go-s3,2,true,12,ingest_payload,setup,ok,,45768231,32161000,117565000,120942592,,,,,
standard-1789242092913944754,blob,blob/nix-closure,amber-go-s3,2,true,12,ingest_payload,setup,ok,,39083041,51278000,124456000,121196544,,,,,
standard-1789242092913944754,blob,blob/nix-closure,amber-go-s3,2,true,12,push_initial,measured,ok,,194164990,92303000,65512000,92999680,109410183,563490786.8818164,,,
standard-1789242092913944754,blob,blob/nix-closure,amber-go-s3,2,true,12,push_noop,measured,ok,,20368568,18593000,9277000,92999680,6849,336253.3880634122,,,
standard-1789242092913944754,blob,blob/nix-closure,amber-go-s3,2,true,12,pull_fresh,measured,ok,,72730655,28453000,54834000,92999680,109253568,1502166699.8599145,,,
standard-1789242092913944754,blob,blob/nix-closure,amber-go-s3,2,true,12,ingest_payload,setup,ok,,49351185,33002000,192944000,125128704,,,,,
standard-1789242092913944754,blob,blob/nix-closure,amber-go-s3,2,true,12,ingest_payload,setup,ok,,61893777,55318000,210090000,155074560,,,,,
standard-1789242092913944754,blob,blob/nix-closure,amber-go-s3,2,true,12,ingest_payload,setup,ok,,43032734,14544000,31937000,92999680,,,,,
standard-1789242092913944754,blob,blob/nix-closure,amber-go-s3,2,true,12,ingest_payload,setup,ok,,43671011,20181000,26545000,92999680,,,,,
standard-1789242092913944754,blob,blob/nix-closure,amber-go-s3,2,true,12,ingest_payload,setup,ok,,70994574,95994000,74434000,158945280,,,,,
standard-1789242092913944754,blob,blob/nix-closure,amber-go-s3,2,true,12,ingest_payload,setup,ok,,53968852,71044000,52814000,135938048,,,,,
standard-1789242092913944754,blob,blob/nix-closure,amber-go-s3,2,true,12,ingest_payload,setup,ok,,34334565,14711000,22601000,92999680,,,,,
standard-1789242092913944754,blob,blob/nix-closure,amber-go-s3,2,true,12,ingest_payload,setup,ok,,36233677,14684000,24183000,92999680,,,,,
standard-1789242092913944754,blob,blob/nix-closure,amber-go-s3,2,true,12,ingest_payload,setup,ok,,48723939,24886000,38328000,102977536,,,,,
standard-1789242092913944754,blob,blob/nix-closure,amber-go-s3,2,true,12,push_incremental,measured,ok,,178787282,64489000,30681000,92999680,58943490,329685027.59609044,,,
standard-1789242092913944754,blob,blob/nix-closure,amber-go-s3,2,true,12,pull_incremental,measured,ok,,71226256,31620000,38826000,92999680,58841700,826123726.059671,,,
standard-1789242092913944754,blob,blob/nix-closure,amber-go-s3,2,true,12,retention_local,setup,ok,,30980067,5493000,27462000,92999680,,,,,
standard-1789242092913944754,blob,blob/nix-closure,amber-go-s3,2,true,12,retention_local,setup,ok,,28678377,6606000,24268000,92999680,,,,,
standard-1789242092913944754,blob,blob/nix-closure,amber-go-s3,2,true,12,age_sealed_segments,setup,ok,,0,0,0,0,,,,,
standard-1789242092913944754,blob,blob/nix-closure,amber-go-s3,2,true,12,retention_local,setup,ok,,72514824,51023000,95202000,198893568,,,,,
standard-1789242092913944754,blob,blob/nix-closure,amber-go-s3,2,true,12,retention_cleanup,measured,ok,,198574431,114391000,59933000,92999680,126281210,635938924.0803112,,,
standard-1789242092913944754,blob,blob/nix-closure,amber-go-s3,2,true,12,inject_missing_object,verify,ok,,0,0,0,0,,,,,
standard-1789242092913944754,git,git/history,git,2,true,13,git_init,setup,ok,,1999554,0,1880000,92999680,,,,,
standard-1789242092913944754,git,git/history,git,2,true,13,git_init,setup,ok,,898324,822000,0,92999680,,,,,
standard-1789242092913944754,git,git/history,git,2,true,13,git_init,setup,ok,,859118,0,791000,92999680,,,,,
standard-1789242092913944754,git,git/history,git,2,true,13,git_init,setup,ok,,875830,0,798000,92999680,,,,,
standard-1789242092913944754,git,git/history,git,2,true,13,git_init,setup,ok,,987182,0,910000,92999680,,,,,
standard-1789242092913944754,git,git/history,git,2,true,13,git_init,setup,ok,,981302,0,911000,92999680,,,,,
standard-1789242092913944754,git,git/history,git,2,true,13,git_init,setup,ok,,912400,843000,0,92999680,,,,,
standard-1789242092913944754,git,git/history,git,2,true,13,git_init,setup,ok,,919363,848000,0,92999680,,,,,
standard-1789242092913944754,git,git/history,git,2,true,13,git_init,setup,ok,,872354,0,800000,92999680,,,,,
standard-1789242092913944754,git,git/history,git,2,true,13,git_init,setup,ok,,879247,816000,0,92999680,,,,,
standard-1789242092913944754,git,git/history,git,2,true,13,git_init,setup,ok,,921929,853000,0,92999680,,,,,
standard-1789242092913944754,git,git/history,git,2,true,13,git_init,setup,ok,,875710,0,810000,92999680,,,,,
standard-1789242092913944754,git,git/history,git,2,true,13,materialise_states,setup,ok,,637721409,0,0,0,,,,,
standard-1789242092913944754,git,git/history,git,2,true,13,history_store,measured,ok,,1921621569,1496916000,520493000,92999680,4314044416,2245002078.242181,123551065,131485696,
standard-1789242092913944754,git,git/history,git,2,true,13,clone_full,measured,ok,,6609955064,6771902000,432907000,260562944,,,,,
standard-1789242092913944754,git,git/history,git,2,true,13,materialise_states,setup,ok,,49584730,0,0,0,,,,,
standard-1789242092913944754,git,git/history,git,2,true,13,history_store_incremental,measured,ok,,162336840,61762000,133484000,92999680,1438015488,8858220278.280642,124385521,133283840,
standard-1789242092913944754,git,git/history,git,2,true,13,fetch_incremental,measured,ok,,50359971,45663000,30764000,92999680,,,,,
standard-1789242092913944754,git,git/history,git,2,true,13,gc,measured,ok,,6388841690,6426235000,288976000,261591040,,,114576723,114724864,18558976
standard-1789242092913944754,git,git/history,git,2,true,13,list_head,measured,ok,,2339332,1122000,1124000,92999680,,,,,
standard-1789242092913944754,git,git/history,git,2,true,13,read_all_versions,measured,ok,,1840611157,1336647000,488410000,122875904,5752059904,3125081515.5196843,,,
standard-1789242092913944754,git,git/history,git,2,true,13,checkout_version,measured,ok,,89930143,33782000,55567000,119615488,,,,,
standard-1789242092913944754,git,git/history,git,2,true,13,retained_version_restore,verify,ok,,93433656,35894000,56909000,122990592,,,,,
standard-1789242092913944754,git,git/history,git,2,true,13,retained_version_restore,verify,ok,,94863412,38650000,55596000,122667008,,,,,
standard-1789242092913944754,git,git/history,git,2,true,13,retained_version_restore,verify,ok,,94711753,28714000,65375000,122888192,,,,,
standard-1789242092913944754,git,git/history,git,2,true,13,retained_version_restore,verify,ok,,95508633,31662000,63331000,123187200,,,,,
standard-1789242092913944754,git,git/history,git,2,true,13,retained_version_restore,verify,ok,,95344941,36549000,58289000,122933248,,,,,
standard-1789242092913944754,git,git/history,git,2,true,13,retained_version_restore,verify,ok,,94775204,39620000,54476000,122781696,,,,,
standard-1789242092913944754,git,git/history,git,2,true,13,retained_version_restore,verify,ok,,95705839,45591000,49521000,122785792,,,,,
standard-1789242092913944754,git,git/history,git,2,true,13,retained_version_restore,verify,ok,,94399287,43902000,49912000,122642432,,,,,
standard-1789242092913944754,git,git/history,git,2,true,13,retained_version_restore,verify,ok,,94450946,35901000,57873000,122351616,,,,,
standard-1789242092913944754,git,git/history,git,2,true,13,retained_version_restore,verify,ok,,92998937,37732000,54714000,122359808,,,,,
standard-1789242092913944754,git,git/history,git,2,true,13,retained_version_restore,verify,ok,,95409855,26632000,68144000,121974784,,,,,
standard-1789242092913944754,git,git/history,git,2,true,13,retained_version_restore,verify,ok,,95090796,27823000,66597000,122363904,,,,,
standard-1789242092913944754,git,git/history,git,2,true,13,retained_version_restore,verify,ok,,94775315,28746000,65400000,121823232,,,,,
standard-1789242092913944754,git,git/history,git,2,true,13,retained_version_restore,verify,ok,,94716603,32678000,61403000,122277888,,,,,
standard-1789242092913944754,git,git/history,git,2,true,13,retained_version_restore,verify,ok,,94051634,34451000,58099000,121528320,,,,,
standard-1789242092913944754,git,git/history,git,2,true,13,retained_version_restore,verify,ok,,93200731,38431000,53124000,121864192,,,,,
standard-1789242092913944754,git,git/history,git,2,true,13,retained_version_restore,verify,ok,,93551851,38152000,53816000,121999360,,,,,
standard-1789242092913944754,git,git/history,git,2,true,13,retained_version_restore,verify,ok,,93237111,23626000,67969000,121577472,,,,,
standard-1789242092913944754,git,git/history,git,2,true,13,retained_version_restore,verify,ok,,93426782,31628000,60399000,121667584,,,,,
standard-1789242092913944754,git,git/history,git,2,true,13,retained_version_restore,verify,ok,,93149002,39386000,52107000,121843712,,,,,
standard-1789242092913944754,git,git/history,git,2,true,13,retained_version_restore,verify,ok,,93176526,37443000,54117000,121733120,,,,,
standard-1789242092913944754,git,git/history,git,2,true,13,retained_version_restore,verify,ok,,94046335,28524000,63909000,121868288,,,,,
standard-1789242092913944754,git,git/history,git,2,true,13,retained_version_restore,verify,ok,,93917138,38677000,54544000,121339904,,,,,
standard-1789242092913944754,git,git/history,git,2,true,13,retained_version_restore,verify,ok,,93471979,34085000,57658000,121503744,,,,,
standard-1789242092913944754,git,git/history,git,2,true,13,retained_version_restore,verify,ok,,93572611,36607000,55465000,121171968,,,,,
standard-1789242092913944754,git,git/history,git,2,true,13,retained_version_restore,verify,ok,,93595815,38611000,53329000,121331712,,,,,
standard-1789242092913944754,git,git/history,git,2,true,13,retained_version_restore,verify,ok,,93242582,45303000,46269000,121282560,,,,,
standard-1789242092913944754,git,git/history,git,2,true,13,retained_version_restore,verify,ok,,93287107,39413000,52244000,121184256,,,,,
standard-1789242092913944754,git,git/history,git,2,true,13,retained_version_restore,verify,ok,,92722069,32705000,58401000,121151488,,,,,
standard-1789242092913944754,git,git/history,git,2,true,13,retained_version_restore,verify,ok,,93637125,30988000,61993000,120623104,,,,,
standard-1789242092913944754,git,git/history,git,2,true,13,retained_version_restore,verify,ok,,92971304,35146000,57213000,121241600,,,,,
standard-1789242092913944754,git,git/history,git,2,true,13,retained_version_restore,verify,ok,,91725459,30997000,60049000,121012224,,,,,
standard-1789242092913944754,git,git/history,git,2,true,13,retained_version_restore,verify,ok,,92320594,33455000,57994000,121065472,,,,,
standard-1789242092913944754,git,git/history,git,2,true,13,retained_version_restore,verify,ok,,93829131,36635000,55449000,120836096,,,,,
standard-1789242092913944754,git,git/history,git,2,true,13,retained_version_restore,verify,ok,,96825366,33060000,63150000,120770560,,,,,
standard-1789242092913944754,git,git/history,git,2,true,13,retained_version_restore,verify,ok,,96710686,26765000,69369000,120389632,,,,,
standard-1789242092913944754,git,git/history,git,2,true,13,retained_version_restore,verify,ok,,94342990,30896000,62811000,120512512,,,,,
standard-1789242092913944754,git,git/history,git,2,true,13,retained_version_restore,verify,ok,,96944573,36757000,59588000,120569856,,,,,
standard-1789242092913944754,git,git/history,git,2,true,13,retained_version_restore,verify,ok,,94713778,33663000,60423000,120184832,,,,,
standard-1789242092913944754,git,git/history,git,2,true,13,retained_version_restore,verify,ok,,96514833,32932000,62914000,120053760,,,,,
standard-1789242092913944754,git,git/history,git,2,true,13,retained_version_restore,verify,ok,,96321635,30895000,64821000,120004608,,,,,
standard-1789242092913944754,git,git/history,git,2,true,13,retained_version_restore,verify,ok,,96327035,38885000,56898000,120283136,,,,,
standard-1789242092913944754,git,git/history,git,2,true,13,retained_version_restore,verify,ok,,96735635,31056000,65121000,119713792,,,,,
standard-1789242092913944754,git,git/history,git,2,true,13,retained_version_restore,verify,ok,,96785881,31412000,63666000,119902208,,,,,
standard-1789242092913944754,git,git/history,git,2,true,13,retained_version_restore,verify,ok,,92636977,38624000,52487000,120156160,,,,,
standard-1789242092913944754,git,git/history,git,2,true,13,retained_version_restore,verify,ok,,93620623,27005000,66043000,119832576,,,,,
standard-1789242092913944754,git,git/history,git,2,true,13,retained_version_restore,verify,ok,,95828926,38686000,56572000,119386112,,,,,
standard-1789242092913944754,git,git/history,git,2,true,13,retained_version_restore,verify,ok,,96262062,35651000,59481000,119681024,,,,,
standard-1789242092913944754,git,git/history,git,2,true,13,retained_version_restore,verify,ok,,94424566,32574000,61276000,119783424,,,,,
standard-1789242092913944754,git,git/history,git,2,true,13,retained_version_restore,verify,ok,,95878420,29430000,64783000,119734272,,,,,
standard-1789242092913944754,git,git/history,git,2,true,13,retained_version_restore,verify,ok,,94254763,40794000,52817000,119250944,,,,,
standard-1789242092913944754,git,git/history,git,2,true,13,retained_version_restore,verify,ok,,96515404,26605000,68000000,119382016,,,,,
standard-1789242092913944754,git,git/history,git,2,true,13,retained_version_coverage,verify,ok,,0,0,0,0,,,,,
standard-1789242092913944754,git,git/history,git,2,true,13,ref_delete,measured,ok,,1452490,1316000,0,92999680,,,,,
standard-1789242092913944754,git,git/history,git,2,true,13,integrity_check,verify,ok,,385089736,373132000,10049000,131170304,,,,,
standard-1789242092913944754,tree,tree/lifecycle,git,2,true,14,git_init,setup,ok,,2151182,0,1994000,92999680,,,,,
standard-1789242092913944754,tree,tree/lifecycle,git,2,true,14,git_init,setup,ok,,1257148,0,1150000,92999680,,,,,
standard-1789242092913944754,tree,tree/lifecycle,git,2,true,14,git_init,setup,ok,,886941,0,806000,92999680,,,,,
standard-1789242092913944754,tree,tree/lifecycle,git,2,true,14,git_init,setup,ok,,947066,0,871000,92999680,,,,,
standard-1789242092913944754,tree,tree/lifecycle,git,2,true,14,git_init,setup,ok,,887272,0,800000,92999680,,,,,
standard-1789242092913944754,tree,tree/lifecycle,git,2,true,14,git_init,setup,ok,,859119,0,785000,92999680,,,,,
standard-1789242092913944754,tree,tree/lifecycle,git,2,true,14,git_init,setup,ok,,844581,777000,0,92999680,,,,,
standard-1789242092913944754,tree,tree/lifecycle,git,2,true,14,git_init,setup,ok,,890879,0,810000,92999680,,,,,
standard-1789242092913944754,tree,tree/lifecycle,git,2,true,14,git_init,setup,ok,,876442,0,801000,92999680,,,,,
standard-1789242092913944754,tree,tree/lifecycle,git,2,true,14,git_init,setup,ok,,974829,0,907000,92999680,,,,,
standard-1789242092913944754,tree,tree/lifecycle,git,2,true,14,git_init,setup,ok,,911098,803000,0,92999680,,,,,
standard-1789242092913944754,tree,tree/lifecycle,git,2,true,14,git_init,setup,ok,,1220858,0,1124000,92999680,,,,,
standard-1789242092913944754,tree,tree/lifecycle,git,2,true,14,ingest_fresh,measured,ok,,13834805094,12870551000,898810000,92999680,2179569013,157542444.45013934,1360451243,1374408704,
standard-1789242092913944754,tree,tree/lifecycle,git,2,true,14,ingest_repeat,measured,ok,,3145452119,3063420000,67245000,92999680,2179569013,692927099.3617691,1360451552,1374420992,
standard-1789242092913944754,tree,tree/lifecycle,git,2,true,14,ingest_changed,measured,ok,,3188882003,3076359000,97139000,92999680,2179966963,683614809.500369,1366605120,1383510016,
standard-1789242092913944754,tree,tree/lifecycle,git,2,true,14,list_recursive,measured,ok,,55318481,14927000,39854000,92999680,,,,,
standard-1789242092913944754,tree,tree/lifecycle,git,2,true,14,read_full,measured,ok,,3964737262,3154214000,789564000,143843328,2179569013,549738575.0854328,,,
standard-1789242092913944754,tree,tree/lifecycle,git,2,true,14,restore_prepare,setup,ok,,1268359,1113000,0,92999680,,,,,
standard-1789242092913944754,tree,tree/lifecycle,git,2,true,14,restore_full,measured,ok,,3946944512,3222932000,704169000,92999680,2179569013,552216786.0159671,,,
standard-1789242092913944754,tree,tree/lifecycle,git,2,true,14,integrity_check,verify,ok,,5137164459,4545638000,565175000,143360000,,,,,
standard-1789242092913944754,tree,tree/lifecycle,git,2,true,14,ref_delete,measured,ok,,2181220,0,1913000,92999680,,,1366600912,1383489536,
standard-1789242092913944754,tree,tree/lifecycle,git,2,true,14,gc,measured,ok,,100976294798,171596720000,3409279000,2800377856,,,722425242,722554880,660934656
standard-1789242092913944754,tree,tree/lifecycle,git,2,true,14,post_gc_restore_prepare,setup,ok,,1191202,0,1089000,92999680,,,,,
standard-1789242092913944754,tree,tree/lifecycle,git,2,true,14,restore_full,verify,ok,,2207556257,857999000,1337461000,918335488,,,,,
standard-1789242092913944754,tree,tree/lifecycle,git,2,true,14,post_gc_integrity_check,verify,ok,,4569118585,3912173000,634500000,929140736,,,,,
standard-1789242092913944754,blob,blob/backup-corpus,amber-go-s3,2,true,15,ingest_payload,setup,ok,,1429156129,23326412000,3253741000,1110540288,,,,,
standard-1789242092913944754,blob,blob/backup-corpus,amber-go-s3,2,true,15,push_initial,measured,ok,,686988442,663837000,550535000,92999680,724913917,1055205404.7511909,,,
standard-1789242092913944754,blob,blob/backup-corpus,amber-go-s3,2,true,15,push_noop,measured,ok,,21814452,18290000,7535000,92999680,7370,337849.4220253619,,,
standard-1789242092913944754,blob,blob/backup-corpus,amber-go-s3,2,true,15,pull_fresh,measured,ok,,285565459,154996000,713227000,92999680,723851119,2534799276.967177,,,
standard-1789242092913944754,blob,blob/backup-corpus,amber-go-s3,2,true,15,ingest_payload,setup,ok,,772447706,13017665000,2745580000,463773696,,,,,
standard-1789242092913944754,blob,blob/backup-corpus,amber-go-s3,2,true,15,push_incremental,measured,ok,,180074732,55076000,37567000,92999680,57496866,319294469.3650856,,,
standard-1789242092913944754,blob,blob/backup-corpus,amber-go-s3,2,true,15,pull_incremental,measured,ok,,109414123,20537000,45797000,92999680,57411083,524713642.3147129,,,
standard-1789242092913944754,blob,blob/backup-corpus,amber-go-s3,2,true,15,retention_local,setup,ok,,34834560,10289000,25661000,92999680,,,,,
standard-1789242092913944754,blob,blob/backup-corpus,amber-go-s3,2,true,15,age_sealed_segments,setup,ok,,0,0,0,0,,,,,
standard-1789242092913944754,blob,blob/backup-corpus,amber-go-s3,2,true,15,retention_local,setup,ok,,458076782,1203098000,389588000,711458816,,,,,
standard-1789242092913944754,blob,blob/backup-corpus,amber-go-s3,2,true,15,retention_cleanup,measured,ok,,635094165,639229000,603352000,92999680,726188870,1143434958.1845078,,,
standard-1789242092913944754,blob,blob/backup-corpus,amber-go-s3,2,true,15,inject_missing_object,verify,ok,,0,0,0,0,,,,,
standard-1789242092913944754,nix,nix/closure,amber-rust,2,true,16,import_initial,measured,ok,,220826574,257886000,263303000,92999680,184550399,835725500.1384027,112904436,110874624,
standard-1789242092913944754,nix,nix/closure,amber-rust,2,true,16,import_repeat,measured,ok,,295354141,206465000,246099000,92999680,184550399,624844460.8738362,112904436,110874624,
standard-1789242092913944754,nix,nix/closure,amber-rust,2,true,16,import_incremental,measured,ok,,398372736,237782000,355493000,92999680,192939113,484318065.8829022,129702374,127676416,
standard-1789242092913944754,nix,nix/closure,amber-rust,2,true,16,catalog_list,measured,ok,,34545818,8247000,25722000,92999680,,,,,
standard-1789242092913944754,nix,nix/closure,amber-rust,2,true,16,closure_query,measured,unsupported,"these cores store trees keyed by content and record no references between roots, so there is no closure to query. The harness keeps the reference graph itself and verifies completeness separately; see the closure_is_complete check.",,,,,,,,,
standard-1789242092913944754,nix,nix/closure,amber-rust,2,true,16,nar_and_reference_registration,measured,unsupported,these cores record no NAR hash and no reference list for a stored tree: they address content by their own key and model no edges between roots. The harness therefore recomputes the NAR hash of every restored path with `nix hash path` and compares it with the source store's — see the nar_hashes_match_recomputed check — but nothing in the store under test would have noticed a mismatch.,,,,,,,,,
standard-1789242092913944754,nix,nix/closure,amber-rust,2,true,16,read_closure,measured,ok,,322011592,78153000,238447000,92999680,192939113,599168221.8694786,,,
standard-1789242092913944754,nix,nix/closure,amber-rust,2,true,16,cache_export,measured,unsupported,"these cores have no binary-cache publication format; the blob scenario group measures what they can do, which is to publish their on-disk pack segments to object storage",,,,,,,,,
standard-1789242092913944754,nix,nix/closure,amber-rust,2,true,16,materialize_closure,measured,ok,,469186469,88471000,373711000,92999680,192939113,411220539.69548726,,,
standard-1789242092913944754,nix,nix/closure,amber-rust,2,true,16,cache_substitute,measured,unsupported,these cores have no binary-cache client; see the blob scenario group,,,,,,,,,
standard-1789242092913944754,nix,nix/closure,amber-rust,2,true,16,delete_path,measured,ok,,32462104,9263000,22596000,92999680,,,129702374,127676416,
standard-1789242092913944754,nix,nix/closure,amber-rust,2,true,16,register_gc_root,setup,ok,,0,0,0,0,,,,,
standard-1789242092913944754,nix,nix/closure,amber-rust,2,true,16,age_sealed_segments,setup,ok,,0,0,0,0,,,,,
standard-1789242092913944754,nix,nix/closure,amber-rust,2,true,16,gc,measured,ok,,34286314,6721000,26755000,92999680,,,129742792,127717376,-40960
standard-1789242092913944754,nix,nix/closure,amber-rust,2,true,16,post_gc_materialize,verify,ok,,193298394,27641000,161548000,92999680,,,,,
standard-1789242092913944754,nix,nix/closure,amber-rust,2,true,16,integrity_check,verify,ok,,5080953,2415000,2353000,92999680,,,,,
standard-1789242092913944754,nix,nix/closure,amber-rust,2,true,16,integrity_check,verify,ok,,5469213,1301000,3857000,92999680,,,,,
standard-1789242092913944754,nix,nix/closure,amber-rust,2,true,16,integrity_check,verify,ok,,5087274,1907000,2849000,92999680,,,,,
standard-1789242092913944754,nix,nix/closure,amber-rust,2,true,16,integrity_check,verify,ok,,4633609,1086000,3235000,92999680,,,,,
standard-1789242092913944754,nix,nix/closure,amber-rust,2,true,16,integrity_check,verify,ok,,6106809,1167000,4627000,92999680,,,,,
standard-1789242092913944754,nix,nix/closure,amber-rust,2,true,16,integrity_check,verify,ok,,10415769,6293000,3792000,92999680,,,,,
standard-1789242092913944754,nix,nix/closure,amber-rust,2,true,16,integrity_check,verify,ok,,4640532,869000,3420000,92999680,,,,,
standard-1789242092913944754,nix,nix/closure,amber-rust,2,true,16,integrity_check,verify,ok,,4928421,926000,3665000,92999680,,,,,
standard-1789242092913944754,nix,nix/closure,amber-rust,2,true,16,integrity_check,verify,ok,,5125958,1945000,2857000,92999680,,,,,
standard-1789242092913944754,blob,blob/source-history,git-bundle-s3,2,true,17,git_init,setup,ok,,2056823,971000,969000,92999680,,,,,
standard-1789242092913944754,blob,blob/source-history,git-bundle-s3,2,true,17,git_init,setup,ok,,989657,0,872000,92999680,,,,,
standard-1789242092913944754,blob,blob/source-history,git-bundle-s3,2,true,17,git_init,setup,ok,,920777,0,816000,92999680,,,,,
standard-1789242092913944754,blob,blob/source-history,git-bundle-s3,2,true,17,git_init,setup,ok,,916017,0,841000,92999680,,,,,
standard-1789242092913944754,blob,blob/source-history,git-bundle-s3,2,true,17,git_init,setup,ok,,867004,0,796000,92999680,,,,,
standard-1789242092913944754,blob,blob/source-history,git-bundle-s3,2,true,17,git_init,setup,ok,,868286,800000,0,92999680,,,,,
standard-1789242092913944754,blob,blob/source-history,git-bundle-s3,2,true,17,git_init,setup,ok,,867084,0,800000,92999680,,,,,
standard-1789242092913944754,blob,blob/source-history,git-bundle-s3,2,true,17,git_init,setup,ok,,862135,0,795000,92999680,,,,,
standard-1789242092913944754,blob,blob/source-history,git-bundle-s3,2,true,17,git_init,setup,ok,,856695,0,789000,92999680,,,,,
standard-1789242092913944754,blob,blob/source-history,git-bundle-s3,2,true,17,git_init,setup,ok,,860041,798000,0,92999680,,,,,
standard-1789242092913944754,blob,blob/source-history,git-bundle-s3,2,true,17,git_init,setup,ok,,875670,0,810000,92999680,,,,,
standard-1789242092913944754,blob,blob/source-history,git-bundle-s3,2,true,17,git_init,setup,ok,,859379,0,796000,92999680,,,,,
standard-1789242092913944754,blob,blob/source-history,git-bundle-s3,2,true,17,replay_history,setup,ok,,1068506842,971688000,91508000,92999680,,,,,
standard-1789242092913944754,blob,blob/source-history,git-bundle-s3,2,true,17,replay_history,setup,ok,,7156952,1922000,6750000,92999680,,,,,
standard-1789242092913944754,blob,blob/source-history,git-bundle-s3,2,true,17,replay_history,setup,ok,,4448556,1162000,4651000,92999680,,,,,
standard-1789242092913944754,blob,blob/source-history,git-bundle-s3,2,true,17,replay_history,setup,ok,,6141716,3707000,3711000,92999680,,,,,
standard-1789242092913944754,blob,blob/source-history,git-bundle-s3,2,true,17,replay_history,setup,ok,,4455990,1407000,4226000,92999680,,,,,
standard-1789242092913944754,blob,blob/source-history,git-bundle-s3,2,true,17,replay_history,setup,ok,,6450375,3409000,4242000,92999680,,,,,
standard-1789242092913944754,blob,blob/source-history,git-bundle-s3,2,true,17,replay_history,setup,ok,,4476409,2428000,3239000,92999680,,,,,
standard-1789242092913944754,blob,blob/source-history,git-bundle-s3,2,true,17,replay_history,setup,ok,,5946033,2351000,4760000,92999680,,,,,
standard-1789242092913944754,blob,blob/source-history,git-bundle-s3,2,true,17,replay_history,setup,ok,,4557934,2440000,3258000,92999680,,,,,
standard-1789242092913944754,blob,blob/source-history,git-bundle-s3,2,true,17,replay_history,setup,ok,,6322842,4726000,2835000,92999680,,,,,
standard-1789242092913944754,blob,blob/source-history,git-bundle-s3,2,true,17,replay_history,setup,ok,,5021640,3528000,2633000,92999680,,,,,
standard-1789242092913944754,blob,blob/source-history,git-bundle-s3,2,true,17,replay_history,setup,ok,,6396241,2537000,5082000,92999680,,,,,
standard-1789242092913944754,blob,blob/source-history,git-bundle-s3,2,true,17,replay_history,setup,ok,,5198957,2527000,3791000,92999680,,,,,
standard-1789242092913944754,blob,blob/source-history,git-bundle-s3,2,true,17,replay_history,setup,ok,,6862551,2725000,5433000,92999680,,,,,
standard-1789242092913944754,blob,blob/source-history,git-bundle-s3,2,true,17,replay_history,setup,ok,,5411272,1670000,5018000,92999680,,,,,
standard-1789242092913944754,blob,blob/source-history,git-bundle-s3,2,true,17,replay_history,setup,ok,,6832704,0,8095000,92999680,,,,,
standard-1789242092913944754,blob,blob/source-history,git-bundle-s3,2,true,17,replay_history,setup,ok,,5292906,2419000,4026000,92999680,,,,,
standard-1789242092913944754,blob,blob/source-history,git-bundle-s3,2,true,17,replay_history,setup,ok,,6817625,4059000,4059000,92999680,,,,,
standard-1789242092913944754,blob,blob/source-history,git-bundle-s3,2,true,17,replay_history,setup,ok,,5906387,2644000,4413000,92999680,,,,,
standard-1789242092913944754,blob,blob/source-history,git-bundle-s3,2,true,17,replay_history,setup,ok,,6930199,2741000,5494000,92999680,,,,,
standard-1789242092913944754,blob,blob/source-history,git-bundle-s3,2,true,17,replay_history,setup,ok,,6086641,2736000,4547000,92999680,,,,,
standard-1789242092913944754,blob,blob/source-history,git-bundle-s3,2,true,17,replay_history,setup,ok,,7751326,2540000,5924000,92999680,,,,,
standard-1789242092913944754,blob,blob/source-history,git-bundle-s3,2,true,17,replay_history,setup,ok,,6086630,1037000,6235000,92999680,,,,,
standard-1789242092913944754,blob,blob/source-history,git-bundle-s3,2,true,17,replay_history,setup,ok,,7353798,3754000,5024000,92999680,,,,,
standard-1789242092913944754,blob,blob/source-history,git-bundle-s3,2,true,17,replay_history,setup,ok,,6864234,904000,7219000,92999680,,,,,
standard-1789242092913944754,blob,blob/source-history,git-bundle-s3,2,true,17,replay_history,setup,ok,,7543961,5102000,3826000,92999680,,,,,
standard-1789242092913944754,blob,blob/source-history,git-bundle-s3,2,true,17,replay_history,setup,ok,,6637491,3882000,3876000,92999680,,,,,
standard-1789242092913944754,blob,blob/source-history,git-bundle-s3,2,true,17,replay_history,setup,ok,,7271040,4906000,3668000,92999680,,,,,
standard-1789242092913944754,blob,blob/source-history,git-bundle-s3,2,true,17,replay_history,setup,ok,,6542450,3862000,3864000,92999680,,,,,
standard-1789242092913944754,blob,blob/source-history,git-bundle-s3,2,true,17,replay_history,setup,ok,,7792084,2022000,7050000,92999680,,,,,
standard-1789242092913944754,blob,blob/source-history,git-bundle-s3,2,true,17,replay_history,setup,ok,,7027225,1373000,6837000,92999680,,,,,
standard-1789242092913944754,blob,blob/source-history,git-bundle-s3,2,true,17,replay_history,setup,ok,,7630195,993000,7958000,92999680,,,,,
standard-1789242092913944754,blob,blob/source-history,git-bundle-s3,2,true,17,replay_history,setup,ok,,7298142,3645000,4863000,92999680,,,,,
standard-1789242092913944754,blob,blob/source-history,git-bundle-s3,2,true,17,replay_history,setup,ok,,8129257,1900000,7609000,92999680,,,,,
standard-1789242092913944754,blob,blob/source-history,git-bundle-s3,2,true,17,replay_history,setup,ok,,7612952,982000,7820000,92999680,,,,,
standard-1789242092913944754,blob,blob/source-history,git-bundle-s3,2,true,17,replay_history,setup,ok,,8299242,3228000,6465000,92999680,,,,,
standard-1789242092913944754,blob,blob/source-history,git-bundle-s3,2,true,17,replay_history,setup,ok,,7454901,3733000,4978000,92999680,,,,,
standard-1789242092913944754,blob,blob/source-history,git-bundle-s3,2,true,17,replay_history,setup,ok,,8206324,3173000,6349000,92999680,,,,,
standard-1789242092913944754,blob,blob/source-history,git-bundle-s3,2,true,17,replay_history,setup,ok,,8423609,3877000,5813000,92999680,,,,,
standard-1789242092913944754,blob,blob/source-history,git-bundle-s3,2,true,17,replay_history,setup,ok,,8668867,2236000,7795000,92999680,,,,,
standard-1789242092913944754,blob,blob/source-history,git-bundle-s3,2,true,17,replay_history,setup,ok,,7900881,4602000,4603000,92999680,,,,,
standard-1789242092913944754,blob,blob/source-history,git-bundle-s3,2,true,17,replay_history,setup,ok,,8626385,4586000,5484000,92999680,,,,,
standard-1789242092913944754,blob,blob/source-history,git-bundle-s3,2,true,17,replay_history,setup,ok,,8687362,3582000,6299000,92999680,,,,,
standard-1789242092913944754,blob,blob/source-history,git-bundle-s3,2,true,17,replay_history,setup,ok,,9371607,3580000,7179000,92999680,,,,,
standard-1789242092913944754,blob,blob/source-history,git-bundle-s3,2,true,17,replay_history,setup,ok,,8331242,7098000,2368000,92999680,,,,,
standard-1789242092913944754,blob,blob/source-history,git-bundle-s3,2,true,17,replay_history,setup,ok,,8976974,2824000,7525000,92999680,,,,,
standard-1789242092913944754,blob,blob/source-history,git-bundle-s3,2,true,17,replay_history,setup,ok,,8520624,0,9647000,92999680,,,,,
standard-1789242092913944754,blob,blob/source-history,git-bundle-s3,2,true,17,replay_history,setup,ok,,8495676,5372000,4501000,92999680,,,,,
standard-1789242092913944754,blob,blob/source-history,git-bundle-s3,2,true,17,replay_history,setup,ok,,9410562,2355000,8233000,92999680,,,,,
standard-1789242092913944754,blob,blob/source-history,git-bundle-s3,2,true,17,replay_history,setup,ok,,8788625,4629000,5540000,92999680,,,,,
standard-1789242092913944754,blob,blob/source-history,git-bundle-s3,2,true,17,replay_history,setup,ok,,9198968,5736000,4583000,92999680,,,,,
standard-1789242092913944754,blob,blob/source-history,git-bundle-s3,2,true,17,replay_history,setup,ok,,9124045,5876000,4694000,92999680,,,,,
standard-1789242092913944754,blob,blob/source-history,git-bundle-s3,2,true,17,replay_history,setup,ok,,93215967,84134000,9905000,92999680,,,,,
standard-1789242092913944754,blob,blob/source-history,git-bundle-s3,2,true,17,replay_history,setup,ok,,6308073,957000,6691000,92999680,,,,,
standard-1789242092913944754,blob,blob/source-history,git-bundle-s3,2,true,17,replay_history,setup,ok,,4402829,4249000,1416000,92999680,,,,,
standard-1789242092913944754,blob,blob/source-history,git-bundle-s3,2,true,17,replay_history,setup,ok,,6067885,1828000,5482000,92999680,,,,,
standard-1789242092913944754,blob,blob/source-history,git-bundle-s3,2,true,17,replay_history,setup,ok,,4087878,2624000,2621000,92999680,,,,,
standard-1789242092913944754,blob,blob/source-history,git-bundle-s3,2,true,17,replay_history,setup,ok,,6334573,1891000,5681000,92999680,,,,,
standard-1789242092913944754,blob,blob/source-history,git-bundle-s3,2,true,17,replay_history,setup,ok,,4400794,4661000,935000,92999680,,,,,
standard-1789242092913944754,blob,blob/source-history,git-bundle-s3,2,true,17,replay_history,setup,ok,,6192443,2478000,4964000,92999680,,,,,
standard-1789242092913944754,blob,blob/source-history,git-bundle-s3,2,true,17,replay_history,setup,ok,,4609483,1912000,3844000,92999680,,,,,
standard-1789242092913944754,blob,blob/source-history,git-bundle-s3,2,true,17,replay_history,setup,ok,,6260072,3759000,3757000,92999680,,,,,
standard-1789242092913944754,blob,blob/source-history,git-bundle-s3,2,true,17,replay_history,setup,ok,,4757596,4219000,1692000,92999680,,,,,
standard-1789242092913944754,blob,blob/source-history,git-bundle-s3,2,true,17,replay_history,setup,ok,,6492916,2219000,5542000,92999680,,,,,
standard-1789242092913944754,blob,blob/source-history,git-bundle-s3,2,true,17,replay_history,setup,ok,,5314247,3749000,2813000,92999680,,,,,
standard-1789242092913944754,blob,blob/source-history,git-bundle-s3,2,true,17,replay_history,setup,ok,,6949536,3998000,3999000,92999680,,,,,
standard-1789242092913944754,blob,blob/source-history,git-bundle-s3,2,true,17,replay_history,setup,ok,,5095610,5047000,1258000,92999680,,,,,
standard-1789242092913944754,blob,blob/source-history,git-bundle-s3,2,true,17,replay_history,setup,ok,,6732062,3539000,4452000,92999680,,,,,
standard-1789242092913944754,blob,blob/source-history,git-bundle-s3,2,true,17,replay_history,setup,ok,,5628948,4653000,2332000,92999680,,,,,
standard-1789242092913944754,blob,blob/source-history,git-bundle-s3,2,true,17,replay_history,setup,ok,,6925221,1019000,7175000,92999680,,,,,
standard-1789242092913944754,blob,blob/source-history,git-bundle-s3,2,true,17,replay_history,setup,ok,,6109243,2066000,5174000,92999680,,,,,
standard-1789242092913944754,blob,blob/source-history,git-bundle-s3,2,true,17,replay_history,setup,ok,,7522290,4402000,4400000,92999680,,,,,
standard-1789242092913944754,blob,blob/source-history,git-bundle-s3,2,true,17,replay_history,setup,ok,,5763164,869000,6097000,92999680,,,,,
standard-1789242092913944754,blob,blob/source-history,git-bundle-s3,2,true,17,replay_history,setup,ok,,7408763,3869000,4841000,92999680,,,,,
standard-1789242092913944754,blob,blob/source-history,git-bundle-s3,2,true,17,replay_history,setup,ok,,6258949,1855000,5562000,92999680,,,,,
standard-1789242092913944754,blob,blob/source-history,git-bundle-s3,2,true,17,replay_history,setup,ok,,7013429,2763000,5523000,92999680,,,,,
standard-1789242092913944754,blob,blob/source-history,git-bundle-s3,2,true,17,replay_history,setup,ok,,6636660,3470000,4323000,92999680,,,,,
standard-1789242092913944754,blob,blob/source-history,git-bundle-s3,2,true,17,replay_history,setup,ok,,8431524,4887000,4886000,92999680,,,,,
standard-1789242092913944754,blob,blob/source-history,git-bundle-s3,2,true,17,mark_basis,setup,ok,,1067607,979000,0,92999680,,,,,
standard-1789242092913944754,blob,blob/source-history,git-bundle-s3,2,true,17,push_initial,measured,ok,,6561068249,6376142000,280694000,259067904,114186584,17403657.402497474,,,
standard-1789242092913944754,blob,blob/source-history,git-bundle-s3,2,true,17,push_noop,measured,ok,,19454060,17791000,7813000,92999680,2354,121003.01942113883,,,
standard-1789242092913944754,blob,blob/source-history,git-bundle-s3,2,true,17,pull_fresh,measured,ok,,660119117,456322000,205641000,119058432,114023541,172731766.2275792,,,
standard-1789242092913944754,blob,blob/source-history,git-bundle-s3,2,true,17,replay_history,setup,ok,,8213769,1920000,7646000,92999680,,,,,
standard-1789242092913944754,blob,blob/source-history,git-bundle-s3,2,true,17,replay_history,setup,ok,,6825060,3092000,5166000,92999680,,,,,
standard-1789242092913944754,blob,blob/source-history,git-bundle-s3,2,true,17,replay_history,setup,ok,,4350068,2795000,2795000,92999680,,,,,
standard-1789242092913944754,blob,blob/source-history,git-bundle-s3,2,true,17,replay_history,setup,ok,,6001328,4528000,2703000,92999680,,,,,
standard-1789242092913944754,blob,blob/source-history,git-bundle-s3,2,true,17,replay_history,setup,ok,,4677122,2549000,3407000,92999680,,,,,
standard-1789242092913944754,blob,blob/source-history,git-bundle-s3,2,true,17,replay_history,setup,ok,,6260983,0,7588000,92999680,,,,,
standard-1789242092913944754,blob,blob/source-history,git-bundle-s3,2,true,17,replay_history,setup,ok,,5052188,0,6322000,92999680,,,,,
standard-1789242092913944754,blob,blob/source-history,git-bundle-s3,2,true,17,replay_history,setup,ok,,6307282,1931000,5782000,92999680,,,,,
standard-1789242092913944754,blob,blob/source-history,git-bundle-s3,2,true,17,replay_history,setup,ok,,5211442,1283000,5141000,92999680,,,,,
standard-1789242092913944754,blob,blob/source-history,git-bundle-s3,2,true,17,replay_history,setup,ok,,6311540,1888000,5652000,92999680,,,,,
standard-1789242092913944754,blob,blob/source-history,git-bundle-s3,2,true,17,replay_history,setup,ok,,5017101,2646000,3527000,92999680,,,,,
standard-1789242092913944754,blob,blob/source-history,git-bundle-s3,2,true,17,replay_history,setup,ok,,6520588,2603000,5198000,92999680,,,,,
standard-1789242092913944754,blob,blob/source-history,git-bundle-s3,2,true,17,replay_history,setup,ok,,5805134,3474000,3479000,92999680,,,,,
standard-1789242092913944754,blob,blob/source-history,git-bundle-s3,2,true,17,replay_history,setup,ok,,6888801,2760000,5534000,92999680,,,,,
standard-1789242092913944754,blob,blob/source-history,git-bundle-s3,2,true,17,replay_history,setup,ok,,5792740,3547000,3529000,92999680,,,,,
standard-1789242092913944754,blob,blob/source-history,git-bundle-s3,2,true,17,replay_history,setup,ok,,7089133,3590000,4797000,92999680,,,,,
standard-1789242092913944754,blob,blob/source-history,git-bundle-s3,2,true,17,replay_history,setup,ok,,6059048,2059000,5152000,92999680,,,,,
standard-1789242092913944754,blob,blob/source-history,git-bundle-s3,2,true,17,replay_history,setup,ok,,7050610,1050000,7325000,92999680,,,,,
standard-1789242092913944754,blob,blob/source-history,git-bundle-s3,2,true,17,replay_history,setup,ok,,6164380,2134000,5329000,92999680,,,,,
standard-1789242092913944754,blob,blob/source-history,git-bundle-s3,2,true,17,replay_history,setup,ok,,7015222,1047000,7316000,92999680,,,,,
standard-1789242092913944754,blob,blob/source-history,git-bundle-s3,2,true,17,replay_history,setup,ok,,6250283,4233000,3174000,92999680,,,,,
standard-1789242092913944754,blob,blob/source-history,git-bundle-s3,2,true,17,replay_history,setup,ok,,7370099,3460000,5179000,92999680,,,,,
standard-1789242092913944754,blob,blob/source-history,git-bundle-s3,2,true,17,replay_history,setup,ok,,6338180,1505000,6024000,92999680,,,,,
standard-1789242092913944754,blob,blob/source-history,git-bundle-s3,2,true,17,replay_history,setup,ok,,7268846,1061000,7456000,92999680,,,,,
standard-1789242092913944754,blob,blob/source-history,git-bundle-s3,2,true,17,replay_history,setup,ok,,6861308,3034000,5049000,92999680,,,,,
standard-1789242092913944754,blob,blob/source-history,git-bundle-s3,2,true,17,replay_history,setup,ok,,7577134,3551000,5327000,92999680,,,,,
standard-1789242092913944754,blob,blob/source-history,git-bundle-s3,2,true,17,push_incremental,measured,ok,,59213846,52620000,30280000,92999680,248017,4188496.724228992,,,
standard-1789242092913944754,blob,blob/source-history,git-bundle-s3,2,true,17,pull_incremental,measured,ok,,79950112,26946000,16571000,92999680,251985,3151777.9487288273,,,
standard-1789242092913944754,blob,blob/source-history,git-bundle-s3,2,true,17,retention_cleanup,measured,ok,,6613152219,6484328000,281093000,259698688,114438189,17304635.552046105,,,
standard-1789242092913944754,blob,blob/source-history,git-bundle-s3,2,true,17,inject_missing_object,verify,ok,,0,0,0,0,,,,,
standard-1789242092913944754,blob,blob/source-history,amber-go-s3,2,true,18,ingest_payload,setup,ok,,319605971,3676897000,1206202000,952070144,,,,,
standard-1789242092913944754,blob,blob/source-history,amber-go-s3,2,true,18,ingest_payload,setup,ok,,192489484,2108955000,691616000,349786112,,,,,
standard-1789242092913944754,blob,blob/source-history,amber-go-s3,2,true,18,ingest_payload,setup,ok,,209987323,2677825000,746235000,353492992,,,,,
standard-1789242092913944754,blob,blob/source-history,amber-go-s3,2,true,18,ingest_payload,setup,ok,,205494863,2371333000,721200000,359161856,,,,,
standard-1789242092913944754,blob,blob/source-history,amber-go-s3,2,true,18,ingest_payload,setup,ok,,209664758,2507671000,829578000,375148544,,,,,
standard-1789242092913944754,blob,blob/source-history,amber-go-s3,2,true,18,ingest_payload,setup,ok,,197931927,2384515000,728799000,367611904,,,,,
standard-1789242092913944754,blob,blob/source-history,amber-go-s3,2,true,18,ingest_payload,setup,ok,,198084648,2154857000,744232000,416301056,,,,,
standard-1789242092913944754,blob,blob/source-history,amber-go-s3,2,true,18,ingest_payload,setup,ok,,205821597,2267305000,755729000,355524608,,,,,
standard-1789242092913944754,blob,blob/source-history,amber-go-s3,2,true,18,ingest_payload,setup,ok,,202260463,2403867000,858249000,384339968,,,,,
standard-1789242092913944754,blob,blob/source-history,amber-go-s3,2,true,18,ingest_payload,setup,ok,,213732869,2576825000,831955000,346005504,,,,,
standard-1789242092913944754,blob,blob/source-history,amber-go-s3,2,true,18,ingest_payload,setup,ok,,203047665,2218046000,938513000,595353600,,,,,
standard-1789242092913944754,blob,blob/source-history,amber-go-s3,2,true,18,ingest_payload,setup,ok,,202165272,2301181000,733101000,416882688,,,,,
standard-1789242092913944754,blob,blob/source-history,amber-go-s3,2,true,18,ingest_payload,setup,ok,,208745795,2316011000,853471000,377634816,,,,,
standard-1789242092913944754,blob,blob/source-history,amber-go-s3,2,true,18,ingest_payload,setup,ok,,203956790,2549417000,796043000,353341440,,,,,
standard-1789242092913944754,blob,blob/source-history,amber-go-s3,2,true,18,ingest_payload,setup,ok,,203860426,2626006000,846598000,346349568,,,,,
standard-1789242092913944754,blob,blob/source-history,amber-go-s3,2,true,18,ingest_payload,setup,ok,,201215892,2501424000,673372000,365531136,,,,,
standard-1789242092913944754,blob,blob/source-history,amber-go-s3,2,true,18,ingest_payload,setup,ok,,208460622,2423335000,814013000,344752128,,,,,
standard-1789242092913944754,blob,blob/source-history,amber-go-s3,2,true,18,ingest_payload,setup,ok,,212780051,2354138000,870316000,496168960,,,,,
standard-1789242092913944754,blob,blob/source-history,amber-go-s3,2,true,18,ingest_payload,setup,ok,,185529488,1636524000,608066000,273494016,,,,,
standard-1789242092913944754,blob,blob/source-history,amber-go-s3,2,true,18,ingest_payload,setup,ok,,200044136,2287954000,729518000,369770496,,,,,
standard-1789242092913944754,blob,blob/source-history,amber-go-s3,2,true,18,ingest_payload,setup,ok,,202729148,2282328000,773261000,367751168,,,,,
standard-1789242092913944754,blob,blob/source-history,amber-go-s3,2,true,18,ingest_payload,setup,ok,,200554750,2328768000,795374000,378445824,,,,,
standard-1789242092913944754,blob,blob/source-history,amber-go-s3,2,true,18,ingest_payload,setup,ok,,206375805,2502465000,779786000,346886144,,,,,
standard-1789242092913944754,blob,blob/source-history,amber-go-s3,2,true,18,ingest_payload,setup,ok,,195645986,2398193000,736477000,360194048,,,,,
standard-1789242092913944754,blob,blob/source-history,amber-go-s3,2,true,18,ingest_payload,setup,ok,,207663150,2546423000,862307000,348360704,,,,,
standard-1789242092913944754,blob,blob/source-history,amber-go-s3,2,true,18,ingest_payload,setup,ok,,206388088,2331058000,867467000,356212736,,,,,
standard-1789242092913944754,blob,blob/source-history,amber-go-s3,2,true,18,ingest_payload,setup,ok,,243463032,2577487000,1108759000,773607424,,,,,
standard-1789242092913944754,blob,blob/source-history,amber-go-s3,2,true,18,ingest_payload,setup,ok,,212296719,2156636000,791686000,414355456,,,,,
standard-1789242092913944754,blob,blob/source-history,amber-go-s3,2,true,18,ingest_payload,setup,ok,,222412677,2178765000,750320000,347697152,,,,,
standard-1789242092913944754,blob,blob/source-history,amber-go-s3,2,true,18,ingest_payload,setup,ok,,218134045,2459440000,855395000,347754496,,,,,
standard-1789242092913944754,blob,blob/source-history,amber-go-s3,2,true,18,ingest_payload,setup,ok,,200816029,2029808000,669830000,347152384,,,,,
standard-1789242092913944754,blob,blob/source-history,amber-go-s3,2,true,18,ingest_payload,setup,ok,,202675306,2332445000,790528000,372277248,,,,,
standard-1789242092913944754,blob,blob/source-history,amber-go-s3,2,true,18,ingest_payload,setup,ok,,204184194,2024494000,673078000,334114816,,,,,
standard-1789242092913944754,blob,blob/source-history,amber-go-s3,2,true,18,ingest_payload,setup,ok,,204710108,1758841000,669555000,327987200,,,,,
standard-1789242092913944754,blob,blob/source-history,amber-go-s3,2,true,18,ingest_payload,setup,ok,,208279356,1986015000,758661000,373747712,,,,,
standard-1789242092913944754,blob,blob/source-history,amber-go-s3,2,true,18,ingest_payload,setup,ok,,194084278,1674491000,738704000,320237568,,,,,
standard-1789242092913944754,blob,blob/source-history,amber-go-s3,2,true,18,ingest_payload,setup,ok,,188708653,1557256000,631362000,312111104,,,,,
standard-1789242092913944754,blob,blob/source-history,amber-go-s3,2,true,18,ingest_payload,setup,ok,,210402697,2134977000,701996000,360734720,,,,,
standard-1789242092913944754,blob,blob/source-history,amber-go-s3,2,true,18,ingest_payload,setup,ok,,200764432,1881622000,674433000,333590528,,,,,
standard-1789242092913944754,blob,blob/source-history,amber-go-s3,2,true,18,push_initial,measured,ok,,196084243,122839000,75752000,93257728,116233598,592773780.4000906,,,
standard-1789242092913944754,blob,blob/source-history,amber-go-s3,2,true,18,push_noop,measured,ok,,19700200,20743000,6928000,93257728,16111,817808.9562542512,,,
standard-1789242092913944754,blob,blob/source-history,amber-go-s3,2,true,18,pull_fresh,measured,ok,,69798008,47232000,59937000,93257728,116069537,1662934807.5377738,,,
standard-1789242092913944754,blob,blob/source-history,amber-go-s3,2,true,18,ingest_payload,setup,ok,,207702300,2439733000,783419000,387596288,,,,,
standard-1789242092913944754,blob,blob/source-history,amber-go-s3,2,true,18,ingest_payload,setup,ok,,211981874,2291578000,746483000,375177216,,,,,
standard-1789242092913944754,blob,blob/source-history,amber-go-s3,2,true,18,ingest_payload,setup,ok,,206622280,2434638000,830302000,365404160,,,,,
standard-1789242092913944754,blob,blob/source-history,amber-go-s3,2,true,18,ingest_payload,setup,ok,,211078099,2182402000,690915000,356425728,,,,,
standard-1789242092913944754,blob,blob/source-history,amber-go-s3,2,true,18,ingest_payload,setup,ok,,210292110,2027940000,756036000,374415360,,,,,
standard-1789242092913944754,blob,blob/source-history,amber-go-s3,2,true,18,ingest_payload,setup,ok,,212272819,2292543000,767966000,366563328,,,,,
standard-1789242092913944754,blob,blob/source-history,amber-go-s3,2,true,18,ingest_payload,setup,ok,,206530905,2455700000,741143000,377978880,,,,,
standard-1789242092913944754,blob,blob/source-history,amber-go-s3,2,true,18,ingest_payload,setup,ok,,216846664,2449665000,792060000,440672256,,,,,
standard-1789242092913944754,blob,blob/source-history,amber-go-s3,2,true,18,ingest_payload,setup,ok,,219111915,2282684000,817998000,393891840,,,,,
standard-1789242092913944754,blob,blob/source-history,amber-go-s3,2,true,18,ingest_payload,setup,ok,,214627581,2228232000,825228000,362254336,,,,,
standard-1789242092913944754,blob,blob/source-history,amber-go-s3,2,true,18,ingest_payload,setup,ok,,211839682,2369872000,766613000,396505088,,,,,
standard-1789242092913944754,blob,blob/source-history,amber-go-s3,2,true,18,ingest_payload,setup,ok,,211613151,2316019000,756145000,375164928,,,,,
standard-1789242092913944754,blob,blob/source-history,amber-go-s3,2,true,18,ingest_payload,setup,ok,,220272871,2358087000,770667000,353234944,,,,,
standard-1789242092913944754,blob,blob/source-history,amber-go-s3,2,true,18,push_incremental,measured,ok,,173459738,68546000,29956000,93257728,49696546,286501908.5869944,,,
standard-1789242092913944754,blob,blob/source-history,amber-go-s3,2,true,18,pull_incremental,measured,ok,,103074058,35555000,35368000,93257728,49619951,481400965.1196618,,,
standard-1789242092913944754,blob,blob/source-history,amber-go-s3,2,true,18,retention_local,setup,ok,,49502584,9499000,25584000,93257728,,,,,
standard-1789242092913944754,blob,blob/source-history,amber-go-s3,2,true,18,retention_local,setup,ok,,58538502,8762000,29640000,93257728,,,,,
standard-1789242092913944754,blob,blob/source-history,amber-go-s3,2,true,18,retention_local,setup,ok,,28207500,9331000,20787000,93257728,,,,,
standard-1789242092913944754,blob,blob/source-history,amber-go-s3,2,true,18,retention_local,setup,ok,,26819382,8505000,20224000,93257728,,,,,
standard-1789242092913944754,blob,blob/source-history,amber-go-s3,2,true,18,retention_local,setup,ok,,26797500,7432000,21218000,93257728,,,,,
standard-1789242092913944754,blob,blob/source-history,amber-go-s3,2,true,18,retention_local,setup,ok,,26606376,8415000,19877000,93257728,,,,,
standard-1789242092913944754,blob,blob/source-history,amber-go-s3,2,true,18,retention_local,setup,ok,,26977824,6192000,22627000,93257728,,,,,
standard-1789242092913944754,blob,blob/source-history,amber-go-s3,2,true,18,retention_local,setup,ok,,27633745,9528000,20119000,93257728,,,,,
standard-1789242092913944754,blob,blob/source-history,amber-go-s3,2,true,18,retention_local,setup,ok,,26022813,7992000,20025000,93257728,,,,,
standard-1789242092913944754,blob,blob/source-history,amber-go-s3,2,true,18,retention_local,setup,ok,,25640403,8913000,18846000,93257728,,,,,
standard-1789242092913944754,blob,blob/source-history,amber-go-s3,2,true,18,retention_local,setup,ok,,26631895,4768000,23881000,93257728,,,,,
standard-1789242092913944754,blob,blob/source-history,amber-go-s3,2,true,18,retention_local,setup,ok,,27094137,10367000,18632000,93257728,,,,,
standard-1789242092913944754,blob,blob/source-history,amber-go-s3,2,true,18,retention_local,setup,ok,,26450358,8144000,20332000,93257728,,,,,
standard-1789242092913944754,blob,blob/source-history,amber-go-s3,2,true,18,retention_local,setup,ok,,25502470,7478000,20154000,93257728,,,,,
standard-1789242092913944754,blob,blob/source-history,amber-go-s3,2,true,18,retention_local,setup,ok,,27852723,6597000,23068000,93257728,,,,,
standard-1789242092913944754,blob,blob/source-history,amber-go-s3,2,true,18,retention_local,setup,ok,,27919992,8760000,20859000,93257728,,,,,
standard-1789242092913944754,blob,blob/source-history,amber-go-s3,2,true,18,retention_local,setup,ok,,25606378,6599000,20927000,93257728,,,,,
standard-1789242092913944754,blob,blob/source-history,amber-go-s3,2,true,18,retention_local,setup,ok,,27048950,10707000,18212000,93257728,,,,,
standard-1789242092913944754,blob,blob/source-history,amber-go-s3,2,true,18,retention_local,setup,ok,,29181128,11901000,19236000,93257728,,,,,
standard-1789242092913944754,blob,blob/source-history,amber-go-s3,2,true,18,retention_local,setup,ok,,27642082,8207000,21553000,93257728,,,,,
standard-1789242092913944754,blob,blob/source-history,amber-go-s3,2,true,18,retention_local,setup,ok,,27394530,7562000,21601000,93257728,,,,,
standard-1789242092913944754,blob,blob/source-history,amber-go-s3,2,true,18,retention_local,setup,ok,,26905586,10613000,18094000,93257728,,,,,
standard-1789242092913944754,blob,blob/source-history,amber-go-s3,2,true,18,retention_local,setup,ok,,27595473,6928000,22709000,93257728,,,,,
standard-1789242092913944754,blob,blob/source-history,amber-go-s3,2,true,18,retention_local,setup,ok,,26571900,8698000,19598000,93257728,,,,,
standard-1789242092913944754,blob,blob/source-history,amber-go-s3,2,true,18,retention_local,setup,ok,,27237991,10878000,18502000,93257728,,,,,
standard-1789242092913944754,blob,blob/source-history,amber-go-s3,2,true,18,retention_local,setup,ok,,26437053,7142000,21361000,93257728,,,,,
standard-1789242092913944754,blob,blob/source-history,amber-go-s3,2,true,18,retention_local,setup,ok,,27628896,6349000,23213000,93257728,,,,,
standard-1789242092913944754,blob,blob/source-history,amber-go-s3,2,true,18,retention_local,setup,ok,,27247108,8425000,21062000,93257728,,,,,
standard-1789242092913944754,blob,blob/source-history,amber-go-s3,2,true,18,retention_local,setup,ok,,25637678,8074000,19709000,93257728,,,,,
standard-1789242092913944754,blob,blob/source-history,amber-go-s3,2,true,18,retention_local,setup,ok,,30115059,10679000,21345000,93257728,,,,,
standard-1789242092913944754,blob,blob/source-history,amber-go-s3,2,true,18,retention_local,setup,ok,,25980532,7800000,20073000,93257728,,,,,
standard-1789242092913944754,blob,blob/source-history,amber-go-s3,2,true,18,retention_local,setup,ok,,26621836,10285000,18296000,93257728,,,,,
standard-1789242092913944754,blob,blob/source-history,amber-go-s3,2,true,18,retention_local,setup,ok,,26671029,7710000,20939000,93257728,,,,,
standard-1789242092913944754,blob,blob/source-history,amber-go-s3,2,true,18,retention_local,setup,ok,,26348885,10282000,18001000,93257728,,,,,
standard-1789242092913944754,blob,blob/source-history,amber-go-s3,2,true,18,retention_local,setup,ok,,28157525,5324000,24857000,93257728,,,,,
standard-1789242092913944754,blob,blob/source-history,amber-go-s3,2,true,18,retention_local,setup,ok,,29200074,11131000,20282000,93257728,,,,,
standard-1789242092913944754,blob,blob/source-history,amber-go-s3,2,true,18,retention_local,setup,ok,,29513742,13114000,18378000,93257728,,,,,
standard-1789242092913944754,blob,blob/source-history,amber-go-s3,2,true,18,retention_local,setup,ok,,27221550,7028000,22113000,93257728,,,,,
standard-1789242092913944754,blob,blob/source-history,amber-go-s3,2,true,18,retention_local,setup,ok,,28675503,10190000,20390000,93257728,,,,,
standard-1789242092913944754,blob,blob/source-history,amber-go-s3,2,true,18,age_sealed_segments,setup,ok,,0,0,0,0,,,,,
standard-1789242092913944754,blob,blob/source-history,amber-go-s3,2,true,18,retention_local,setup,ok,,83160923,82318000,84284000,171757568,,,,,
standard-1789242092913944754,blob,blob/source-history,amber-go-s3,2,true,18,retention_cleanup,measured,ok,,210158270,138253000,80162000,93257728,108197963,514840377.20714015,,,
standard-1789242092913944754,blob,blob/source-history,amber-go-s3,2,true,18,inject_missing_object,verify,ok,,0,0,0,0,,,,,
standard-1789242092913944754,nix,nix/closure,amber-go,2,true,19,import_initial,measured,ok,,332641008,551479000,1065593000,262754304,184550399,554803510.5761825,109229598,113897472,
standard-1789242092913944754,nix,nix/closure,amber-go,2,true,19,import_repeat,measured,ok,,306499178,254646000,232308000,103108608,184550399,602123634.4066149,109230281,113897472,
standard-1789242092913944754,nix,nix/closure,amber-go,2,true,19,import_incremental,measured,ok,,443726711,355547000,678107000,158420992,192939113,434815187.40484387,126027617,130699264,
standard-1789242092913944754,nix,nix/closure,amber-go,2,true,19,catalog_list,measured,ok,,30977745,11547000,21175000,93257728,,,,,
standard-1789242092913944754,nix,nix/closure,amber-go,2,true,19,closure_query,measured,unsupported,"these cores store trees keyed by content and record no references between roots, so there is no closure to query. The harness keeps the reference graph itself and verifies completeness separately; see the closure_is_complete check.",,,,,,,,,
standard-1789242092913944754,nix,nix/closure,amber-go,2,true,19,nar_and_reference_registration,measured,unsupported,these cores record no NAR hash and no reference list for a stored tree: they address content by their own key and model no edges between roots. The harness therefore recomputes the NAR hash of every restored path with `nix hash path` and compares it with the source store's — see the nar_hashes_match_recomputed check — but nothing in the store under test would have noticed a mismatch.,,,,,,,,,
standard-1789242092913944754,nix,nix/closure,amber-go,2,true,19,read_closure,measured,ok,,384096826,127974000,291393000,182353920,192939113,502318946.52521807,,,
standard-1789242092913944754,nix,nix/closure,amber-go,2,true,19,cache_export,measured,unsupported,"these cores have no binary-cache publication format; the blob scenario group measures what they can do, which is to publish their on-disk pack segments to object storage",,,,,,,,,
standard-1789242092913944754,nix,nix/closure,amber-go,2,true,19,materialize_closure,measured,ok,,457958081,159425000,371439000,180617216,192939113,421302999.12755555,,,
standard-1789242092913944754,nix,nix/closure,amber-go,2,true,19,cache_substitute,measured,unsupported,these cores have no binary-cache client; see the blob scenario group,,,,,,,,,
standard-1789242092913944754,nix,nix/closure,amber-go,2,true,19,delete_path,measured,ok,,32485471,8642000,25866000,93257728,,,126028717,130703360,
standard-1789242092913944754,nix,nix/closure,amber-go,2,true,19,register_gc_root,setup,ok,,0,0,0,0,,,,,
standard-1789242092913944754,nix,nix/closure,amber-go,2,true,19,age_sealed_segments,setup,ok,,0,0,0,0,,,,,
standard-1789242092913944754,nix,nix/closure,amber-go,2,true,19,gc,measured,ok,,32610540,9153000,25495000,93257728,,,126065349,126103552,4599808
standard-1789242092913944754,nix,nix/closure,amber-go,2,true,19,post_gc_materialize,verify,ok,,181940392,162193000,130895000,93257728,,,,,
standard-1789242092913944754,nix,nix/closure,amber-go,2,true,19,integrity_check,verify,ok,,8448858,7343000,7325000,93257728,,,,,
standard-1789242092913944754,nix,nix/closure,amber-go,2,true,19,integrity_check,verify,ok,,8773798,12199000,2454000,93257728,,,,,
standard-1789242092913944754,nix,nix/closure,amber-go,2,true,19,integrity_check,verify,ok,,8291147,8436000,4821000,93257728,,,,,
standard-1789242092913944754,nix,nix/closure,amber-go,2,true,19,integrity_check,verify,ok,,8195283,5787000,8081000,93257728,,,,,
standard-1789242092913944754,nix,nix/closure,amber-go,2,true,19,integrity_check,verify,ok,,24618524,28365000,9430000,93257728,,,,,
standard-1789242092913944754,nix,nix/closure,amber-go,2,true,19,integrity_check,verify,ok,,23223192,46286000,13513000,93257728,,,,,
standard-1789242092913944754,nix,nix/closure,amber-go,2,true,19,integrity_check,verify,ok,,7378075,9007000,2009000,93257728,,,,,
standard-1789242092913944754,nix,nix/closure,amber-go,2,true,19,integrity_check,verify,ok,,7117989,3223000,7534000,93257728,,,,,
standard-1789242092913944754,nix,nix/closure,amber-go,2,true,19,integrity_check,verify,ok,,12928914,13487000,7557000,93257728,,,,,
standard-1789242092913944754,tree,tree/lifecycle,amber-go,2,true,20,ingest_fresh,measured,ok,,1374278577,23907985000,3312839000,1163538432,2179569013,1585973214.948835,723801449,728510464,
standard-1789242092913944754,tree,tree/lifecycle,amber-go,2,true,20,ingest_repeat,measured,ok,,753364901,8990782000,2342905000,340484096,2179569013,2893111970.184552,723802172,728518656,
standard-1789242092913944754,tree,tree/lifecycle,amber-go,2,true,20,ingest_changed,measured,ok,,837070165,13002450000,2851542000,446652416,2179966963,2604282238.395153,729755656,734474240,
standard-1789242092913944754,tree,tree/lifecycle,amber-go,2,true,20,list_recursive,measured,ok,,5068757093,1501313000,3858804000,93515776,,,,,
standard-1789242092913944754,tree,tree/lifecycle,amber-go,2,true,20,read_full,measured,ok,,780717407,1006477000,166413000,704389120,2179569013,2791751526.8107758,,,
standard-1789242092913944754,tree,tree/lifecycle,amber-go,2,true,20,restore_full,measured,ok,,1742898600,1331613000,980227000,703303680,2179569013,1250542637.9939716,,,
standard-1789242092913944754,tree,tree/lifecycle,amber-go,2,true,20,integrity_check,verify,ok,,812372298,1038923000,188106000,705556480,,,,,
standard-1789242092913944754,tree,tree/lifecycle,amber-go,2,true,20,ref_delete,measured,ok,,59266591,20280000,43149000,93515776,,,729755318,734470144,
standard-1789242092913944754,tree,tree/lifecycle,amber-go,2,true,20,age_sealed_segments,setup,ok,,0,0,0,0,,,,,
standard-1789242092913944754,tree,tree/lifecycle,amber-go,2,true,20,gc,measured,ok,,443625366,1212732000,432531000,715608064,,,725246781,725348352,9121792
standard-1789242092913944754,tree,tree/lifecycle,amber-go,2,true,20,restore_full,verify,ok,,1732591747,1367357000,983497000,691097600,,,,,
standard-1789242092913944754,tree,tree/lifecycle,amber-go,2,true,20,post_gc_integrity_check,verify,ok,,783247129,1014607000,196873000,690450432,,,,,
standard-1789242092913944754,backup,backup/retention,amber-rust,2,true,21,backup_initial,measured,ok,,552674391,5692767000,1224665000,171220992,2179569013,3943676509.1581745,726629358,724643840,
standard-1789242092913944754,backup,backup/retention,amber-rust,2,true,21,backup_unchanged,measured,ok,,256459695,2426214000,715433000,93515776,2179569013,8498680515.860396,726629358,724652032,
standard-1789242092913944754,backup,backup/retention,amber-rust,2,true,21,backup_changed,measured,ok,,256895747,2399406000,718948000,93515776,2179966963,8485804021.50449,732581486,730607616,
standard-1789242092913944754,backup,backup/retention,amber-rust,2,true,21,backup_changed_again,measured,ok,,211962759,2446889000,690619000,93515776,2180393091,10286680081.381655,738468411,736493568,
standard-1789242092913944754,backup,backup/retention,amber-rust,2,true,21,list_snapshot,measured,ok,,6485499693,1505278000,4871448000,93515776,,,,,
standard-1789242092913944754,backup,backup/retention,amber-rust,2,true,21,restore_latest,measured,ok,,2147007059,579293000,1554819000,679854080,2180393091,1015550033.6433686,,,
standard-1789242092913944754,backup,backup/retention,amber-rust,2,true,21,forget_oldest,measured,ok,,79113114,19633000,58034000,93515776,,,738468411,736493568,
standard-1789242092913944754,backup,backup/retention,amber-rust,2,true,21,age_sealed_segments,setup,ok,,0,0,0,0,,,,,
standard-1789242092913944754,backup,backup/retention,amber-rust,2,true,21,prune,measured,ok,,333848012,673693000,301596000,580063232,,,732958512,730984448,5509120
standard-1789242092913944754,backup,backup/retention,amber-rust,2,true,21,integrity_check,verify,ok,,456839623,391630000,62580000,673046528,,,,,
standard-1789242092913944754,backup,backup/retention,amber-rust,2,true,21,post_retention_restore,verify,ok,,2159320620,572225000,1573961000,670396416,,,,,
standard-1789242092913944754,backup,backup/retention,amber-rust,2,true,21,post_retention_restore,verify,ok,,2183939644,553613000,1614276000,672976896,,,,,
standard-1789242092913944754,backup,backup/retention,amber-rust,2,true,21,forgotten_snapshot_probe,verify,ok,,0,0,0,0,,,,,
standard-1789242092913944754,backup,backup/retention,amber-rust,2,true,21,forgotten_snapshot_probe,verify,ok,,0,0,0,0,,,,,
standard-1789242092913944754,git,git/history,amber-rust,2,true,22,materialise_states,setup,ok,,1047122634,0,0,0,,,,,
standard-1789242092913944754,git,git/history,amber-rust,2,true,22,history_store,measured,ok,,2278209114,5047186000,5173858000,93515776,4314044416,1893612131.3401084,119705750,117673984,
standard-1789242092913944754,git,git/history,amber-rust,2,true,22,clone_full,measured,unsupported,these cores ship no repository-to-repository transfer command; what they can do to publish a store is measured in the blob scenario group as a file-level object-storage transport,,,,,,,,,
standard-1789242092913944754,git,git/history,amber-rust,2,true,22,materialise_states,setup,ok,,178646146,0,0,0,,,,,
standard-1789242092913944754,git,git/history,amber-rust,2,true,22,history_store_incremental,measured,ok,,782023605,1656937000,1691916000,93515776,1438015488,1838838979.802918,120527894,118505472,
standard-1789242092913944754,git,git/history,amber-rust,2,true,22,fetch_incremental,measured,unsupported,these cores ship no incremental fetch command; see the blob scenario group for incremental object-storage publication,,,,,,,,,
standard-1789242092913944754,git,git/history,amber-rust,2,true,22,gc,measured,ok,,51924837,24537000,24499000,93515776,,,120641576,118620160,-114688
standard-1789242092913944754,git,git/history,amber-rust,2,true,22,list_head,measured,ok,,132369923,30619000,92165000,93515776,,,,,
standard-1789242092913944754,git,git/history,amber-rust,2,true,22,read_all_versions,measured,ok,,1427177183,977999000,426063000,121884672,5752059904,4030375466.0012665,,,
standard-1789242092913944754,git,git/history,amber-rust,2,true,22,checkout_version,measured,ok,,161975172,33728000,127076000,121790464,,,,,
standard-1789242092913944754,git,git/history,amber-rust,2,true,22,retained_version_restore,verify,ok,,162899356,34915000,126745000,113467392,,,,,
standard-1789242092913944754,git,git/history,amber-rust,2,true,22,retained_version_restore,verify,ok,,162489835,38811000,122457000,113926144,,,,,
standard-1789242092913944754,git,git/history,amber-rust,2,true,22,retained_version_restore,verify,ok,,161718072,36127000,124394000,113885184,,,,,
standard-1789242092913944754,git,git/history,amber-rust,2,true,22,retained_version_restore,verify,ok,,163266136,37716000,124334000,113729536,,,,,
standard-1789242092913944754,git,git/history,amber-rust,2,true,22,retained_version_restore,verify,ok,,164547690,29863000,133460000,113676288,,,,,
standard-1789242092913944754,git,git/history,amber-rust,2,true,22,retained_version_restore,verify,ok,,167397647,32628000,133585000,114085888,,,,,
standard-1789242092913944754,git,git/history,amber-rust,2,true,22,retained_version_restore,verify,ok,,169275250,40786000,127328000,114253824,,,,,
standard-1789242092913944754,git,git/history,amber-rust,2,true,22,retained_version_restore,verify,ok,,166980782,36742000,129008000,113659904,,,,,
standard-1789242092913944754,git,git/history,amber-rust,2,true,22,retained_version_restore,verify,ok,,168513627,25739000,141556000,114032640,,,,,
standard-1789242092913944754,git,git/history,amber-rust,2,true,22,retained_version_restore,verify,ok,,166485808,35045000,130184000,114393088,,,,,
standard-1789242092913944754,git,git/history,amber-rust,2,true,22,retained_version_restore,verify,ok,,165597764,30746000,133650000,114348032,,,,,
standard-1789242092913944754,git,git/history,amber-rust,2,true,22,retained_version_restore,verify,ok,,167085882,24946000,140659000,114327552,,,,,
standard-1789242092913944754,git,git/history,amber-rust,2,true,22,retained_version_restore,verify,ok,,167554887,35606000,130692000,114753536,,,,,
standard-1789242092913944754,git,git/history,amber-rust,2,true,22,retained_version_restore,verify,ok,,164334615,34819000,128268000,114376704,,,,,
standard-1789242092913944754,git,git/history,amber-rust,2,true,22,retained_version_restore,verify,ok,,166384164,35060000,130097000,114221056,,,,,
standard-1789242092913944754,git,git/history,amber-rust,2,true,22,retained_version_restore,verify,ok,,167858517,39950000,126734000,114520064,,,,,
standard-1789242092913944754,git,git/history,amber-rust,2,true,22,retained_version_restore,verify,ok,,168296312,44788000,122302000,114556928,,,,,
standard-1789242092913944754,git,git/history,amber-rust,2,true,22,retained_version_restore,verify,ok,,165150581,38576000,124605000,114999296,,,,,
standard-1789242092913944754,git,git/history,amber-rust,2,true,22,retained_version_restore,verify,ok,,164602105,33533000,129150000,114647040,,,,,
standard-1789242092913944754,git,git/history,amber-rust,2,true,22,retained_version_restore,verify,ok,,164554334,33538000,129143000,114712576,,,,,
standard-1789242092913944754,git,git/history,amber-rust,2,true,22,retained_version_restore,verify,ok,,164519898,33852000,129465000,114622464,,,,,
standard-1789242092913944754,git,git/history,amber-rust,2,true,22,retained_version_restore,verify,ok,,167620323,36693000,129783000,114552832,,,,,
standard-1789242092913944754,git,git/history,amber-rust,2,true,22,retained_version_restore,verify,ok,,168531781,24910000,142354000,113942528,,,,,
standard-1789242092913944754,git,git/history,amber-rust,2,true,22,retained_version_restore,verify,ok,,164407494,32642000,130505000,115093504,,,,,
standard-1789242092913944754,git,git/history,amber-rust,2,true,22,retained_version_restore,verify,ok,,165080077,32013000,131849000,114548736,,,,,
standard-1789242092913944754,git,git/history,amber-rust,2,true,22,retained_version_restore,verify,ok,,167422957,35674000,129886000,115044352,,,,,
standard-1789242092913944754,git,git/history,amber-rust,2,true,22,retained_version_restore,verify,ok,,164471506,34650000,128521000,120471552,,,,,
standard-1789242092913944754,git,git/history,amber-rust,2,true,22,retained_version_restore,verify,ok,,163784696,35891000,126680000,120766464,,,,,
standard-1789242092913944754,git,git/history,amber-rust,2,true,22,retained_version_restore,verify,ok,,164346157,42793000,120320000,120877056,,,,,
standard-1789242092913944754,git,git/history,amber-rust,2,true,22,retained_version_restore,verify,ok,,166296828,38674000,125761000,120860672,,,,,
standard-1789242092913944754,git,git/history,amber-rust,2,true,22,retained_version_restore,verify,ok,,164419146,29658000,133529000,120508416,,,,,
standard-1789242092913944754,git,git/history,amber-rust,2,true,22,retained_version_restore,verify,ok,,164852093,41592000,122057000,120762368,,,,,
standard-1789242092913944754,git,git/history,amber-rust,2,true,22,retained_version_restore,verify,ok,,164718417,34880000,128641000,121032704,,,,,
standard-1789242092913944754,git,git/history,amber-rust,2,true,22,retained_version_restore,verify,ok,,168352771,34995000,132098000,120623104,,,,,
standard-1789242092913944754,git,git/history,amber-rust,2,true,22,retained_version_restore,verify,ok,,167172499,29826000,136169000,120336384,,,,,
standard-1789242092913944754,git,git/history,amber-rust,2,true,22,retained_version_restore,verify,ok,,166703034,33851000,131510000,120582144,,,,,
standard-1789242092913944754,git,git/history,amber-rust,2,true,22,retained_version_restore,verify,ok,,165011647,35962000,127787000,121360384,,,,,
standard-1789242092913944754,git,git/history,amber-rust,2,true,22,retained_version_restore,verify,ok,,166133317,31822000,133094000,121303040,,,,,
standard-1789242092913944754,git,git/history,amber-rust,2,true,22,retained_version_restore,verify,ok,,167071076,36984000,128830000,121282560,,,,,
standard-1789242092913944754,git,git/history,amber-rust,2,true,22,retained_version_restore,verify,ok,,167969089,38847000,127549000,121126912,,,,,
standard-1789242092913944754,git,git/history,amber-rust,2,true,22,retained_version_restore,verify,ok,,165411580,33840000,130228000,121430016,,,,,
standard-1789242092913944754,git,git/history,amber-rust,2,true,22,retained_version_restore,verify,ok,,165991787,30648000,133459000,121298944,,,,,
standard-1789242092913944754,git,git/history,amber-rust,2,true,22,retained_version_restore,verify,ok,,164015486,31600000,130575000,121819136,,,,,
standard-1789242092913944754,git,git/history,amber-rust,2,true,22,retained_version_restore,verify,ok,,166131854,39983000,124972000,121827328,,,,,
standard-1789242092913944754,git,git/history,amber-rust,2,true,22,retained_version_restore,verify,ok,,169049931,36753000,131030000,120655872,,,,,
standard-1789242092913944754,git,git/history,amber-rust,2,true,22,retained_version_restore,verify,ok,,167223006,43044000,123034000,121888768,,,,,
standard-1789242092913944754,git,git/history,amber-rust,2,true,22,retained_version_restore,verify,ok,,169035414,37592000,129540000,122056704,,,,,
standard-1789242092913944754,git,git/history,amber-rust,2,true,22,retained_version_restore,verify,ok,,164859206,30768000,132830000,121905152,,,,,
standard-1789242092913944754,git,git/history,amber-rust,2,true,22,retained_version_restore,verify,ok,,168205651,25796000,140554000,121622528,,,,,
standard-1789242092913944754,git,git/history,amber-rust,2,true,22,retained_version_restore,verify,ok,,163714914,39754000,122274000,121688064,,,,,
standard-1789242092913944754,git,git/history,amber-rust,2,true,22,retained_version_restore,verify,ok,,164811165,39882000,123724000,121589760,,,,,
standard-1789242092913944754,git,git/history,amber-rust,2,true,22,retained_version_restore,verify,ok,,165103022,36014000,127841000,121864192,,,,,
standard-1789242092913944754,git,git/history,amber-rust,2,true,22,retained_version_coverage,verify,ok,,0,0,0,0,,,,,
standard-1789242092913944754,git,git/history,amber-rust,2,true,22,ref_delete,measured,ok,,4687913,1088000,3213000,93515776,,,,,
standard-1789242092913944754,git,git/history,amber-rust,2,true,22,integrity_check,verify,ok,,28089097,16404000,11228000,121962496,,,,,
